id,name,price,age,line,station_name,minutes,layout,area,address,url
20000398,エフグラン室見,5380,7,地下鉄空港線,藤崎,6,2LDK,59.49,福岡県福岡市早良区室見２,https://suumo.jp//ms/chuko/fukuoka/sc_fukuokashisawara/nc_20000398/
20001594,赤坂エクセル,3790,52,地下鉄七隈線,桜坂,13,2LDK,79.5,福岡県福岡市中央区赤坂３-8-26,https://suumo.jp//ms/chuko/fukuoka/sc_fukuokashichuo/nc_20001594/
20001850,レジア赤坂テラス,7800,10,地下鉄空港線,赤坂,6,3LDK,75.44,福岡県福岡市中央区長浜２,https://suumo.jp//ms/chuko/fukuoka/sc_fukuokashichuo/nc_20001850/
20003363,ブリリアタワー西新,16500,5,地下鉄空港線,西新,1,2LDK,79.93,福岡県福岡市早良区西新４-1-1,https://suumo.jp//ms/chuko/fukuoka/sc_fukuokashisawara/nc_20003363/
20003640,ヴェルドミール薬院,2899,46,地下鉄七隈線,薬院大通,6,2LDK,68.26,福岡県福岡市中央区薬院３-12-12,https://suumo.jp//ms/chuko/fukuoka/sc_fukuokashichuo/nc_20003640/
20005198,グランドメゾン大濠公園THE CLASS,12000,2,地下鉄空港線,大濠公園,4,2LDK,60.35,福岡県福岡市中央区荒戸２,https://suumo.jp//ms/chuko/fukuoka/sc_fukuokashichuo/nc_20005198/
20005385,ロワールマンション西公園東◆☆開放感のあるお部屋☆◆,4499,27,地下鉄空港線,大濠公園,6,3LDK,67.8,福岡県福岡市中央区港２,https://suumo.jp//ms/chuko/fukuoka/sc_fukuokashichuo/nc_20005385/
20009984,コープ野村白金,3430,43,地下鉄七隈線,薬院,6,2LDK,64.54,福岡県福岡市中央区白金１,https://suumo.jp//ms/chuko/fukuoka/sc_fukuokashichuo/nc_20009984/
20010345,赤坂エクセル,3450,52,地下鉄七隈線,桜坂,13,2LDK,79.5,福岡県福岡市中央区赤坂３,https://suumo.jp//ms/chuko/fukuoka/sc_fukuokashichuo/nc_20010345/
20011250,ヴェルドミール薬院,2799,46,地下鉄七隈線,薬院大通,6,2LDK,68.26,福岡県福岡市中央区薬院３,https://suumo.jp//ms/chuko/fukuoka/sc_fukuokashichuo/nc_20011250/
20011979,ロイヤルアーク大濠公園,17800,25,地下鉄空港線,大濠公園,2,3LDK,124.77,福岡県福岡市中央区大手門１,https://suumo.jp//ms/chuko/fukuoka/sc_fukuokashichuo/nc_20011979/
20013391,ダイアパレスセントラルコート薬院,6200,29,西鉄天神大牟田線,薬院,6,3LDK,76.78,福岡県福岡市中央区薬院３,https://suumo.jp//ms/chuko/fukuoka/sc_fukuokashichuo/nc_20013391/
20014031,ＭＪＲ博多ザ・レジデンス,8500,1,ＪＲ鹿児島本線,博多,13,3LDK,70.49,福岡県福岡市博多区美野島１,https://suumo.jp//ms/chuko/fukuoka/sc_fukuokashihakata/nc_20014031/
20015800,シティマンション薬院,3150,42,地下鉄七隈線,薬院大通,3,2LDK,56.22,福岡県福岡市中央区薬院１-10-16,https://suumo.jp//ms/chuko/fukuoka/sc_fukuokashichuo/nc_20015800/
20020216,朝日プラザ桜坂,3480,40,地下鉄七隈線,桜坂,6,2LDK,67.26,福岡県福岡市中央区谷１,https://suumo.jp//ms/chuko/fukuoka/sc_fukuokashichuo/nc_20020216/
20023189,MJR博多ザ・レジデンス,8480,1,地下鉄七隈線,博多,12,2LDK+S（納戸）,70.1,福岡県福岡市博多区美野島１,https://suumo.jp//ms/chuko/fukuoka/sc_fukuokashihakata/nc_20023189/
20024816,グランドメゾン福岡The Central Luxe,11000,1,西鉄天神大牟田線,薬院,2,1LDK,51.35,福岡県福岡市中央区渡辺通２,https://suumo.jp//ms/chuko/fukuoka/sc_fukuokashichuo/nc_20024816/
20025395,ビレッタ百道,2480,51,地下鉄空港線,藤崎,11,2LDK,60.5,福岡県福岡市早良区百道１,https://suumo.jp//ms/chuko/fukuoka/sc_fukuokashisawara/nc_20025395/
20027276,ビレッタ百道,2380,51,地下鉄空港線,藤崎,12,2LDK,60.5,福岡県福岡市早良区百道１,https://suumo.jp//ms/chuko/fukuoka/sc_fukuokashisawara/nc_20027276/
20028481,クリオ渡辺通サザンマークス,5980,2,地下鉄七隈線,渡辺通,14,3LDK,67.0,福岡県福岡市中央区清川３,https://suumo.jp//ms/chuko/fukuoka/sc_fukuokashichuo/nc_20028481/
20029312,ビレッタ百道,2480,51,地下鉄空港線,藤崎,12,2LDK,60.5,福岡県福岡市早良区百道１,https://suumo.jp//ms/chuko/fukuoka/sc_fukuokashisawara/nc_20029312/
20030577,レジア赤坂テラス,7800,10,地下鉄空港線,赤坂,6,3LDK,75.44,福岡県福岡市中央区長浜２-3-5,https://suumo.jp//ms/chuko/fukuoka/sc_fukuokashichuo/nc_20030577/
20031460,サーパス桜坂,4900,26,地下鉄七隈線,桜坂,5,3LDK,71.63,福岡県福岡市中央区桜坂３,https://suumo.jp//ms/chuko/fukuoka/sc_fukuokashichuo/nc_20031460/
20032764,CLUB THE 大濠二丁目,12980,7,地下鉄空港線,唐人町,7,2LDK,91.07,福岡県福岡市中央区大濠２,https://suumo.jp//ms/chuko/fukuoka/sc_fukuokashichuo/nc_20032764/
20033456,リファレンス天神南,4499,24,地下鉄七隈線,渡辺通,13,3LDK,65.32,福岡県福岡市中央区清川２,https://suumo.jp//ms/chuko/fukuoka/sc_fukuokashichuo/nc_20033456/
20033645,パーク・サンリヤン博多の森Ⅴ番館,4180,9,地下鉄空港線,福岡空港,12,4LDK,85.36,福岡県糟屋郡志免町別府西２,https://suumo.jp//ms/chuko/fukuoka/sc_kasuyagunshime/nc_20033645/
20035109,ジェネラスマンション百道,6990,22,地下鉄空港線,藤崎,9,4LDK,92.0,福岡県福岡市早良区西新７,https://suumo.jp//ms/chuko/fukuoka/sc_fukuokashisawara/nc_20035109/
20036229,ウェルリバービュー天神,6380,20,地下鉄空港線,中洲川端,7,3LDK,80.29,福岡県福岡市博多区中洲中島町,https://suumo.jp//ms/chuko/fukuoka/sc_fukuokashihakata/nc_20036229/
20036479,グランドメゾン浄水ガーデンシティセントラルフォレスト…,9650,4,地下鉄七隈線,薬院大通,9,2LDK,65.42,福岡県福岡市中央区薬院４-１４番１,https://suumo.jp//ms/chuko/fukuoka/sc_fukuokashichuo/nc_20036479/
20037454,エクセレンス天神,2580,46,地下鉄空港線,天神,10,2LDK,67.8,福岡県福岡市中央区那の津１,https://suumo.jp//ms/chuko/fukuoka/sc_fukuokashichuo/nc_20037454/
20038632,ビレッタ百道,2480,51,地下鉄空港線,藤崎,11,2LDK,60.5,福岡県福岡市早良区百道１,https://suumo.jp//ms/chuko/fukuoka/sc_fukuokashisawara/nc_20038632/
20043788,グランドメゾン西新テラス,10780,12,地下鉄空港線,西新,7,3LDK,96.41,福岡県福岡市早良区城西１,https://suumo.jp//ms/chuko/fukuoka/sc_fukuokashisawara/nc_20043788/
20043799,Ｂｒｉｌｌｉａ　Ｔｏｗｅｒ西新・ＰＲＡＬＩＶＡ,23300,5,地下鉄空港線,西新,1,3LDK,99.1,福岡県福岡市早良区西新４,https://suumo.jp//ms/chuko/fukuoka/sc_fukuokashisawara/nc_20043799/
20044338,藤和城西コープ,1998,52,地下鉄七隈線,別府,8,2LDK,52.82,福岡県福岡市城南区別府４,https://suumo.jp//ms/chuko/fukuoka/sc_fukuokashijonan/nc_20044338/
20044339,シーサイドももちヴェルデコート5番館,6190,35,地下鉄空港線,藤崎,10,3LDK,93.67,福岡県福岡市早良区百道浜３,https://suumo.jp//ms/chuko/fukuoka/sc_fukuokashisawara/nc_20044339/
20045528,103大稲マンション,2080,51,地下鉄七隈線,薬院大通,1,2LDK,55.62,福岡県福岡市中央区薬院２-4-5,https://suumo.jp//ms/chuko/fukuoka/sc_fukuokashichuo/nc_20045528/
20045615,日商岩井新福陵マンション２号棟,1698,48,地下鉄空港線,藤崎,14,4LDK,83.19,福岡県福岡市早良区荒江３,https://suumo.jp//ms/chuko/fukuoka/sc_fukuokashisawara/nc_20045615/
20047336,イトーピア大濠,4980,44,地下鉄空港線,唐人町,8,2LDK,90.31,福岡県福岡市中央区今川１,https://suumo.jp//ms/chuko/fukuoka/sc_fukuokashichuo/nc_20047336/
20050754,グランドメゾン福岡　Ｔｈｅ　Ｃｅｎｔｒａｌ　Ｌｕｘｅ,27000,1,西鉄天神大牟田線,薬院,2,3LDK,110.97,福岡県福岡市中央区渡辺通２,https://suumo.jp//ms/chuko/fukuoka/sc_fukuokashichuo/nc_20050754/
20052456,103大稲マンション,2080,51,地下鉄七隈線,薬院大通,1,2LDK,55.68,福岡県福岡市中央区薬院２-4-5,https://suumo.jp//ms/chuko/fukuoka/sc_fukuokashichuo/nc_20052456/
20052926,西公園ツインタワー,4780,36,地下鉄空港線,大濠公園,7,3LDK,83.05,福岡県福岡市中央区荒戸２,https://suumo.jp//ms/chuko/fukuoka/sc_fukuokashichuo/nc_20052926/
20052927,エクセレンス谷,2590,47,地下鉄七隈線,桜坂,6,2LDK,57.23,福岡県福岡市中央区谷１,https://suumo.jp//ms/chuko/fukuoka/sc_fukuokashichuo/nc_20052927/
20054400,グランドメゾン平尾,5780,28,西鉄天神大牟田線,薬院,12,4LDK,89.17,福岡県福岡市中央区平尾２,https://suumo.jp//ms/chuko/fukuoka/sc_fukuokashichuo/nc_20054400/
20054950,オープンレジデンシア大濠公園,3850,3,地下鉄空港線,大濠公園,5,1LDK,34.78,福岡県福岡市中央区大手門２,https://suumo.jp//ms/chuko/fukuoka/sc_fukuokashichuo/nc_20054950/
20056310,リファレンス天神南,4399,24,地下鉄七隈線,渡辺通,13,3LDK,65.32,福岡県福岡市中央区清川２,https://suumo.jp//ms/chuko/fukuoka/sc_fukuokashichuo/nc_20056310/
20058166,古河平丘台マンション,5780,55,地下鉄七隈線,薬院大通,13,1LDK,139.16,福岡県福岡市中央区平尾３,https://suumo.jp//ms/chuko/fukuoka/sc_fukuokashichuo/nc_20058166/
20058218,モントーレセントラルベイコート,7480,12,地下鉄空港線,大濠公園,10,3LDK,81.79,福岡県福岡市中央区長浜３,https://suumo.jp//ms/chuko/fukuoka/sc_fukuokashichuo/nc_20058218/
20059581,コアマンション桜坂プレジオ弐番館,8490,25,地下鉄七隈線,桜坂,4,3LDK+S（納戸）,103.4,福岡県福岡市中央区六本松３,https://suumo.jp//ms/chuko/fukuoka/sc_fukuokashichuo/nc_20059581/
20059934,ニューライフ西公園,3300,44,地下鉄空港線,唐人町,11,4LDK,87.56,福岡県福岡市中央区荒戸３-6-25,https://suumo.jp//ms/chuko/fukuoka/sc_fukuokashichuo/nc_20059934/
20061154,大濠オドゥール,19800,28,地下鉄空港線,唐人町,9,3LDK,146.0,福岡県福岡市中央区大濠１,https://suumo.jp//ms/chuko/fukuoka/sc_fukuokashichuo/nc_20061154/
20061478,コーポラス東光,990,52,地下鉄空港線,東比恵,7,2LDK,52.22,福岡県福岡市博多区東光２,https://suumo.jp//ms/chuko/fukuoka/sc_fukuokashihakata/nc_20061478/
20061766,シティマンション薬院,3150,42,地下鉄七隈線,薬院大通,4,2LDK,56.22,福岡県福岡市中央区薬院１-10-16,https://suumo.jp//ms/chuko/fukuoka/sc_fukuokashichuo/nc_20061766/
20061958,平尾ビル,1880,54,地下鉄七隈線,薬院,15,2LDK,65.88,福岡県福岡市中央区平尾２,https://suumo.jp//ms/chuko/fukuoka/sc_fukuokashichuo/nc_20061958/
20062723,アーサー大濠倶楽部スカイコート,6499,30,地下鉄空港線,唐人町,4,3LDK,72.12,福岡県福岡市中央区荒戸３,https://suumo.jp//ms/chuko/fukuoka/sc_fukuokashichuo/nc_20062723/
20062724,サンライフ六本松,3980,42,地下鉄七隈線,六本松,2,1LDK+S（納戸）,60.02,福岡県福岡市中央区草香江２,https://suumo.jp//ms/chuko/fukuoka/sc_fukuokashichuo/nc_20062724/
20062726,藤和平尾山荘ホームズ,6999,29,地下鉄七隈線,薬院大通,15,3LDK,90.68,福岡県福岡市中央区平尾４,https://suumo.jp//ms/chuko/fukuoka/sc_fukuokashichuo/nc_20062726/
20066553,ツインタワー空港通り,3599,32,地下鉄空港線,東比恵,12,3LDK,71.7,福岡県福岡市博多区豊１,https://suumo.jp//ms/chuko/fukuoka/sc_fukuokashihakata/nc_20066553/
20066674,ツインタワー空港通り,3599,32,地下鉄空港線,東比恵,12,3LDK,71.7,福岡県福岡市博多区豊１,https://suumo.jp//ms/chuko/fukuoka/sc_fukuokashihakata/nc_20066674/
20069784,グランドメゾン福岡　Ｔｈｅ　Ｃｅｎｔｒａｌ　Ｌｕｘｅ,6900,1,西鉄天神大牟田線,薬院,3,1LDK,44.25,福岡県福岡市中央区渡辺通２,https://suumo.jp//ms/chuko/fukuoka/sc_fukuokashichuo/nc_20069784/
20069809,エトワール博多,870,49,地下鉄空港線,博多,5,ワンルーム,27.72,福岡県福岡市博多区博多駅前１,https://suumo.jp//ms/chuko/fukuoka/sc_fukuokashihakata/nc_20069809/
20073071,≪新着≫アートウィル赤坂,4980,32,地下鉄七隈線,桜坂,11,2LDK,65.61,福岡県福岡市中央区赤坂３,https://suumo.jp//ms/chuko/fukuoka/sc_fukuokashichuo/nc_20073071/
20073152,≪平置き駐車場有≫パストラルハイム薬院,5380,39,地下鉄七隈線,薬院大通,9,3LDK,79.66,福岡県福岡市中央区薬院２,https://suumo.jp//ms/chuko/fukuoka/sc_fukuokashichuo/nc_20073152/
20073244,大濠パークハウス,25000,37,地下鉄空港線,唐人町,9,1LDK,162.59,福岡県福岡市中央区大濠１,https://suumo.jp//ms/chuko/fukuoka/sc_fukuokashichuo/nc_20073244/
20074249,シティマンション平尾Ⅱ,2260,41,西鉄天神大牟田線,薬院,12,3LDK,58.24,福岡県福岡市中央区平尾２,https://suumo.jp//ms/chuko/fukuoka/sc_fukuokashichuo/nc_20074249/
20081686,デュオヴェール薬院,3448,7,西鉄天神大牟田線,薬院,7,1LDK,34.23,福岡県福岡市中央区高砂１,https://suumo.jp//ms/chuko/fukuoka/sc_fukuokashichuo/nc_20081686/
20082171,モントーレ東比恵クレア,4299,7,地下鉄空港線,東比恵,2,1LDK,42.77,福岡県福岡市博多区東比恵３-19-10,https://suumo.jp//ms/chuko/fukuoka/sc_fukuokashihakata/nc_20082171/
20083248,アメックス西新駅前,7699,25,地下鉄空港線,西新,2,3LDK,73.41,福岡県福岡市早良区西新２-6-5,https://suumo.jp//ms/chuko/fukuoka/sc_fukuokashisawara/nc_20083248/
20084891,グランドメゾン　西新ステージ,8980,14,地下鉄空港線,西新,10,4LDK,96.13,福岡県福岡市早良区西新５,https://suumo.jp//ms/chuko/fukuoka/sc_fukuokashisawara/nc_20084891/
20084916,ライオンズマンション西新,2780,44,地下鉄空港線,藤崎,5,2DK,45.97,福岡県福岡市早良区西新７,https://suumo.jp//ms/chuko/fukuoka/sc_fukuokashisawara/nc_20084916/
20086219,グランドメゾン西新ステージ,8980,14,地下鉄空港線,西新,7,4LDK,96.13,福岡県福岡市早良区西新５,https://suumo.jp//ms/chuko/fukuoka/sc_fukuokashisawara/nc_20086219/
20089882,グランフォーレラグゼ博多駅南,3099,10,地下鉄空港線,東比恵,14,1LDK,33.41,福岡県福岡市博多区博多駅南４-2-26,https://suumo.jp//ms/chuko/fukuoka/sc_fukuokashihakata/nc_20089882/
20091063,ダイアパレス・グランデージ博多駅前1004号,5480,28,ＪＲ鹿児島本線,博多,9,3LDK,71.76,福岡県福岡市博多区博多駅前４,https://suumo.jp//ms/chuko/fukuoka/sc_fukuokashihakata/nc_20091063/
20091079,グランドメゾン赤坂けやきレジデンス,7980,8,地下鉄空港線,赤坂,8,ワンルーム,63.59,福岡県福岡市中央区赤坂２,https://suumo.jp//ms/chuko/fukuoka/sc_fukuokashichuo/nc_20091079/
20091081,西公園ツインタワー,4998,36,地下鉄空港線,大濠公園,7,3LDK,83.05,福岡県福岡市中央区荒戸２,https://suumo.jp//ms/chuko/fukuoka/sc_fukuokashichuo/nc_20091081/
20091541,コアマンション桜坂プレジオ弐番館,8590,25,地下鉄七隈線,桜坂,4,3LDK+S（納戸）,103.4,福岡県福岡市中央区六本松３,https://suumo.jp//ms/chuko/fukuoka/sc_fukuokashichuo/nc_20091541/
20093083,プレミスト大濠公園,35000,1,地下鉄空港線,唐人町,3,3LDK,120.71,福岡県福岡市中央区荒戸３,https://suumo.jp//ms/chuko/fukuoka/sc_fukuokashichuo/nc_20093083/
20093087,クリスタージュ壱番館,5980,34,地下鉄空港線,藤崎,11,4LDK,110.37,福岡県福岡市早良区百道浜４,https://suumo.jp//ms/chuko/fukuoka/sc_fukuokashisawara/nc_20093087/
20093505,クリオ渡辺通アーバンマークス,6300,3,地下鉄七隈線,渡辺通,10,3LDK,62.45,福岡県福岡市中央区清川２-17-20,https://suumo.jp//ms/chuko/fukuoka/sc_fukuokashichuo/nc_20093505/
20094571,藤和城西コーポ 301,2699,52,地下鉄七隈線,別府,7,3LDK,84.5,福岡県福岡市城南区別府４-13-29,https://suumo.jp//ms/chuko/fukuoka/sc_fukuokashijonan/nc_20094571/
20095594,レジア赤坂テラス,7800,10,地下鉄空港線,赤坂,6,3LDK,75.44,福岡県福岡市中央区長浜２,https://suumo.jp//ms/chuko/fukuoka/sc_fukuokashichuo/nc_20095594/
20096135,リファレンス天神南,4399,24,地下鉄七隈線,渡辺通,13,3LDK,65.32,福岡県福岡市中央区清川２,https://suumo.jp//ms/chuko/fukuoka/sc_fukuokashichuo/nc_20096135/
20096928,ネクサス室見,6000,13,地下鉄空港線,藤崎,7,2LDK,80.97,福岡県福岡市早良区室見１-３－４,https://suumo.jp//ms/chuko/fukuoka/sc_fukuokashisawara/nc_20096928/
20097897,ロワールマンション博多駅南,2990,41,ＪＲ鹿児島本線,博多,15,3LDK,69.51,福岡県福岡市博多区博多駅南３-20-22,https://suumo.jp//ms/chuko/fukuoka/sc_fukuokashihakata/nc_20097897/
20098723,グリーンハイツ赤坂,2998,52,地下鉄七隈線,六本松,11,2LDK,72.57,福岡県福岡市中央区赤坂２-６番２３号,https://suumo.jp//ms/chuko/fukuoka/sc_fukuokashichuo/nc_20098723/
20100959,Ｂｒｉｌｌｉａ　Ｔｏｗｅｒ西新・ＰＲＡＬＩＶＡ,23500,5,地下鉄空港線,西新,1,4LDK,100.08,福岡県福岡市早良区西新４,https://suumo.jp//ms/chuko/fukuoka/sc_fukuokashisawara/nc_20100959/
20101766,シティマンション薬院 303号室,3150,42,西鉄天神大牟田線,薬院,6,2LDK,56.22,福岡県福岡市中央区薬院１-10-16,https://suumo.jp//ms/chuko/fukuoka/sc_fukuokashichuo/nc_20101766/
20102140,コスモレジデンス西新,6280,20,地下鉄空港線,藤崎,5,4LDK,85.51,福岡県福岡市早良区西新７,https://suumo.jp//ms/chuko/fukuoka/sc_fukuokashisawara/nc_20102140/
20102163,グランドメゾン西新ステージ,8980,14,地下鉄空港線,西新,7,4LDK,96.13,福岡県福岡市早良区西新５,https://suumo.jp//ms/chuko/fukuoka/sc_fukuokashisawara/nc_20102163/
20102772,グランドメゾン福岡The Central Luxe,11000,1,西鉄天神大牟田線,薬院,3,1LDK,51.35,福岡県福岡市中央区渡辺通２-7-28,https://suumo.jp//ms/chuko/fukuoka/sc_fukuokashichuo/nc_20102772/
20104059,エンクレストベイサイド通り,4399,10,地下鉄空港線,中洲川端,15,1LDK,54.02,福岡県福岡市博多区築港本町7-14,https://suumo.jp//ms/chuko/fukuoka/sc_fukuokashihakata/nc_20104059/
20104065,赤坂エクセル,3450,52,地下鉄七隈線,桜坂,13,2LDK,79.5,福岡県福岡市中央区赤坂３-8-26,https://suumo.jp//ms/chuko/fukuoka/sc_fukuokashichuo/nc_20104065/
20104068,RKB別府マンション,2599,48,地下鉄七隈線,別府,12,3LDK,81.46,福岡県福岡市城南区別府５-21-23,https://suumo.jp//ms/chuko/fukuoka/sc_fukuokashijonan/nc_20104068/
20104074,クリオラベルヴィ呉服町,4499,8,地下鉄空港線,中洲川端,13,2LDK,47.0,福岡県福岡市博多区下呉服町3-19,https://suumo.jp//ms/chuko/fukuoka/sc_fukuokashihakata/nc_20104074/
20106814,モントーレ東比恵クレア,4299,7,地下鉄空港線,東比恵,3,1LDK,42.77,福岡県福岡市博多区東比恵３,https://suumo.jp//ms/chuko/fukuoka/sc_fukuokashihakata/nc_20106814/
20109691,ＣＬＵＢ　ＴＨＥ．大濠二丁目,22800,7,地下鉄空港線,唐人町,7,4LDK,133.27,福岡県福岡市中央区大濠２,https://suumo.jp//ms/chuko/fukuoka/sc_fukuokashichuo/nc_20109691/
20111615,ＣＬＵＢ　ＴＨＥ．平尾駅前,5790,4,地下鉄七隈線,薬院,13,2LDK,55.17,福岡県福岡市中央区平尾２,https://suumo.jp//ms/chuko/fukuoka/sc_fukuokashichuo/nc_20111615/
20111756,リファレンス天神南,4399,24,地下鉄七隈線,渡辺通,13,3LDK,65.32,福岡県福岡市中央区清川２-4-9,https://suumo.jp//ms/chuko/fukuoka/sc_fukuokashichuo/nc_20111756/
20111865,ニューライフ薬院,3099,40,地下鉄七隈線,薬院,3,1LDK+S（納戸）,47.29,福岡県福岡市中央区薬院１-6-36,https://suumo.jp//ms/chuko/fukuoka/sc_fukuokashichuo/nc_20111865/
20114577,スコーレ赤坂,3500,44,地下鉄空港線,赤坂,1,2LDK+S（納戸）,74.92,福岡県福岡市中央区赤坂１,https://suumo.jp//ms/chuko/fukuoka/sc_fukuokashichuo/nc_20114577/
20117645,グリーンマンション今泉,2580,46,地下鉄七隈線,薬院大通,7,1LDK,46.86,福岡県福岡市中央区今泉２,https://suumo.jp//ms/chuko/fukuoka/sc_fukuokashichuo/nc_20117645/
20117698,グランドメゾン大濠南,10990,25,地下鉄七隈線,六本松,3,3LDK+S（納戸）,98.79,福岡県福岡市中央区草香江２,https://suumo.jp//ms/chuko/fukuoka/sc_fukuokashichuo/nc_20117698/
20118961,アーバンパレス大濠,5980,34,地下鉄空港線,大濠公園,6,3LDK,82.16,福岡県福岡市中央区荒戸２-2－42,https://suumo.jp//ms/chuko/fukuoka/sc_fukuokashichuo/nc_20118961/
20119060,レジア赤坂テラス,7800,10,地下鉄空港線,赤坂,6,3LDK,75.44,福岡県福岡市中央区長浜２,https://suumo.jp//ms/chuko/fukuoka/sc_fukuokashichuo/nc_20119060/
20119598,コープ野村白金,3510,43,地下鉄七隈線,薬院,6,3LDK,64.54,福岡県福岡市中央区白金１,https://suumo.jp//ms/chuko/fukuoka/sc_fukuokashichuo/nc_20119598/
20120081,グランドメゾン大濠公園THE CLASS,12000,2,地下鉄空港線,大濠公園,6,2LDK,60.35,福岡県福岡市中央区荒戸２-3-9,https://suumo.jp//ms/chuko/fukuoka/sc_fukuokashichuo/nc_20120081/
20120211,秀和警固レジデンス506号室,3480,52,地下鉄空港線,赤坂,8,2LDK,69.43,福岡県福岡市中央区警固２,https://suumo.jp//ms/chuko/fukuoka/sc_fukuokashichuo/nc_20120211/
20121900,モントーレヴェルキューブシティ福岡空港駅,3200,16,地下鉄空港線,福岡空港,9,2LDK,59.19,福岡県糟屋郡志免町別府西３,https://suumo.jp//ms/chuko/fukuoka/sc_kasuyagunshime/nc_20121900/
20122460,アトリーチェ西新,4590,27,地下鉄空港線,西新,3,2LDK,52.86,福岡県福岡市早良区西新１,https://suumo.jp//ms/chuko/fukuoka/sc_fukuokashisawara/nc_20122460/
20123810,アクロス天神センタープラザ,7280,21,地下鉄七隈線,渡辺通,5,2LDK,71.11,福岡県福岡市中央区渡辺通３-10-39,https://suumo.jp//ms/chuko/fukuoka/sc_fukuokashichuo/nc_20123810/
20124462,コーポラス東光 803号,1250,52,地下鉄空港線,東比恵,6,2DK,45.51,福岡県福岡市博多区東光２-１７番１７号,https://suumo.jp//ms/chuko/fukuoka/sc_fukuokashihakata/nc_20124462/
20126908,オープンレジデンシア平尾市崎,7480,4,地下鉄七隈線,薬院,15,3LDK,66.0,福岡県福岡市南区市崎１,https://suumo.jp//ms/chuko/fukuoka/sc_fukuokashiminami/nc_20126908/
20127337,クリオラベルヴィ呉服町,3299,8,地下鉄箱崎線,中洲川端,12,1LDK,34.4,福岡県福岡市博多区下呉服町3,https://suumo.jp//ms/chuko/fukuoka/sc_fukuokashihakata/nc_20127337/
20127359,クリオラベルヴィ呉服町,4499,8,地下鉄箱崎線,中洲川端,12,2LDK,47.0,福岡県福岡市博多区下呉服町3,https://suumo.jp//ms/chuko/fukuoka/sc_fukuokashihakata/nc_20127359/
20127824,ロイヤルマンション六本松,6500,37,地下鉄七隈線,六本松,6,2LDK,87.12,福岡県福岡市中央区梅光園１,https://suumo.jp//ms/chuko/fukuoka/sc_fukuokashichuo/nc_20127824/
20128719,グランドメゾン福岡　The Central Luxe,9500,1,西鉄天神大牟田線,薬院,2,1LDK,63.29,福岡県福岡市中央区渡辺通２-７－２８,https://suumo.jp//ms/chuko/fukuoka/sc_fukuokashichuo/nc_20128719/
20130348,祖原公園ハウス,2585,43,地下鉄空港線,西新,9,2DK,57.04,福岡県福岡市早良区祖原22-25,https://suumo.jp//ms/chuko/fukuoka/sc_fukuokashisawara/nc_20130348/
20130349,サンシャイン別府,2930,47,地下鉄七隈線,別府,6,4LDK,85.62,福岡県福岡市城南区別府４-2-4,https://suumo.jp//ms/chuko/fukuoka/sc_fukuokashijonan/nc_20130349/
20130351,GSハイム博多,2510,46,地下鉄空港線,東比恵,5,3DK,66.15,福岡県福岡市博多区博多駅東２-13-21,https://suumo.jp//ms/chuko/fukuoka/sc_fukuokashihakata/nc_20130351/
20130709,グランドメゾン西新ステージ,8980,14,地下鉄空港線,西新,9,4LDK,96.13,福岡県福岡市早良区西新５,https://suumo.jp//ms/chuko/fukuoka/sc_fukuokashisawara/nc_20130709/
20131070,百道タワー,9300,22,地下鉄空港線,西新,10,1LDK,90.28,福岡県福岡市早良区百道浜１,https://suumo.jp//ms/chuko/fukuoka/sc_fukuokashisawara/nc_20131070/
20131079,ヒューマインド博多駅東ネクスタイル,4480,21,地下鉄空港線,東比恵,5,2LDK,58.3,福岡県福岡市博多区東比恵３,https://suumo.jp//ms/chuko/fukuoka/sc_fukuokashihakata/nc_20131079/
20131682,大濠パークハウス,19800,37,地下鉄空港線,唐人町,9,3LDK,158.78,福岡県福岡市中央区大濠１,https://suumo.jp//ms/chuko/fukuoka/sc_fukuokashichuo/nc_20131682/
20132217,大濠ハイツ,1830,49,地下鉄七隈線,六本松,9,3LDK,71.28,福岡県福岡市中央区六本松３,https://suumo.jp//ms/chuko/fukuoka/sc_fukuokashichuo/nc_20132217/
20133049,三井薬院ハイツ,12800,44,地下鉄七隈線,薬院大通,6,8LDK,172.94,福岡県福岡市中央区薬院２,https://suumo.jp//ms/chuko/fukuoka/sc_fukuokashichuo/nc_20133049/
20133549,ソピア大濠西,5290,27,地下鉄空港線,西新,10,3LDK,69.57,福岡県福岡市中央区鳥飼３,https://suumo.jp//ms/chuko/fukuoka/sc_fukuokashichuo/nc_20133549/
20134569,エクセレンス谷,2590,47,地下鉄七隈線,桜坂,6,2LDK,57.23,福岡県福岡市中央区谷１-16-58,https://suumo.jp//ms/chuko/fukuoka/sc_fukuokashichuo/nc_20134569/
20136494,エンクレスト薬院Ⅱ,4200,19,西鉄天神大牟田線,薬院,2,2K,35.04,福岡県福岡市中央区高砂１,https://suumo.jp//ms/chuko/fukuoka/sc_fukuokashichuo/nc_20136494/
20139075,サヴォイエンポリウム,1450,23,地下鉄七隈線,渡辺通,7,1K,24.66,福岡県福岡市中央区春吉２,https://suumo.jp//ms/chuko/fukuoka/sc_fukuokashichuo/nc_20139075/
20140679,MJR桜坂ザ・レジデンス,8990,7,地下鉄七隈線,桜坂,1,3LDK,89.39,福岡県福岡市中央区桜坂１,https://suumo.jp//ms/chuko/fukuoka/sc_fukuokashichuo/nc_20140679/
20141412,シティマンション薬院,3150,42,地下鉄七隈線,薬院大通,5,2LDK,56.22,福岡県福岡市中央区薬院１,https://suumo.jp//ms/chuko/fukuoka/sc_fukuokashichuo/nc_20141412/
20142502,グランドメゾン大濠公園 THE CLASS,12000,2,地下鉄空港線,大濠公園,4,2LDK,60.35,福岡県福岡市中央区荒戸２,https://suumo.jp//ms/chuko/fukuoka/sc_fukuokashichuo/nc_20142502/
20142596,グランドメゾン福岡 The Central Luxe,11000,1,西鉄天神大牟田線,薬院,2,1LDK,51.35,福岡県福岡市中央区渡辺通２,https://suumo.jp//ms/chuko/fukuoka/sc_fukuokashichuo/nc_20142596/
20143264,エクセレンス谷,2590,47,地下鉄七隈線,桜坂,6,2LDK,57.23,福岡県福岡市中央区谷１-16-58,https://suumo.jp//ms/chuko/fukuoka/sc_fukuokashichuo/nc_20143264/
20144239,アトリーチェ西新,4590,27,地下鉄空港線,西新,3,2LDK,52.86,福岡県福岡市早良区西新１-7-26,https://suumo.jp//ms/chuko/fukuoka/sc_fukuokashisawara/nc_20144239/
20148820,GSハイム博多,2510,46,ＪＲ鹿児島本線,博多,9,4DK,66.15,福岡県福岡市博多区博多駅東２,https://suumo.jp//ms/chuko/fukuoka/sc_fukuokashihakata/nc_20148820/
20148823,パークホームズ警固本通り,7980,17,地下鉄空港線,赤坂,9,3LDK,82.96,福岡県福岡市中央区警固２-16-30,https://suumo.jp//ms/chuko/fukuoka/sc_fukuokashichuo/nc_20148823/
20148847,クリオラベルヴィ博多,2900,7,地下鉄空港線,東比恵,5,1LDK,34.4,福岡県福岡市博多区比恵町,https://suumo.jp//ms/chuko/fukuoka/sc_fukuokashihakata/nc_20148847/
20149469,コープ野村白金,3430,43,西鉄天神大牟田線,薬院,7,2LDK,64.54,福岡県福岡市中央区白金１,https://suumo.jp//ms/chuko/fukuoka/sc_fukuokashichuo/nc_20149469/
20150416,クリオラベルヴィ呉服町,4499,8,地下鉄空港線,中洲川端,12,2LDK,47.0,福岡県福岡市博多区下呉服町,https://suumo.jp//ms/chuko/fukuoka/sc_fukuokashihakata/nc_20150416/
20151634,JQ浄水東通り,9800,20,地下鉄七隈線,薬院大通,6,4LDK,102.31,福岡県福岡市中央区薬院４,https://suumo.jp//ms/chuko/fukuoka/sc_fukuokashichuo/nc_20151634/
20152977,ダイナコートエスパシオ舞鶴,4400,30,地下鉄空港線,赤坂,6,2LDK,52.92,福岡県福岡市中央区舞鶴２,https://suumo.jp//ms/chuko/fukuoka/sc_fukuokashichuo/nc_20152977/
20152980,グランフォーレラグゼ博多駅南,3099,10,地下鉄空港線,東比恵,15,1LDK,33.41,福岡県福岡市博多区博多駅南４,https://suumo.jp//ms/chuko/fukuoka/sc_fukuokashihakata/nc_20152980/
20154625,大濠ハイツ,1830,49,地下鉄七隈線,六本松,9,3LDK,71.28,福岡県福岡市中央区六本松３-16-28,https://suumo.jp//ms/chuko/fukuoka/sc_fukuokashichuo/nc_20154625/
20155173,エンクレストベイサイド通り1303号室,4399,10,地下鉄空港線,中洲川端,14,1LDK,54.02,福岡県福岡市博多区築港本町,https://suumo.jp//ms/chuko/fukuoka/sc_fukuokashihakata/nc_20155173/
20155224,アルファライフ博多,4799,15,地下鉄七隈線,博多,13,1LDK,53.04,福岡県福岡市博多区住吉５,https://suumo.jp//ms/chuko/fukuoka/sc_fukuokashihakata/nc_20155224/
20156687,エンクレストベイサイド通り1408号室,4699,10,地下鉄空港線,中洲川端,14,1LDK+S（納戸）,54.65,福岡県福岡市博多区築港本町,https://suumo.jp//ms/chuko/fukuoka/sc_fukuokashihakata/nc_20156687/
20156809,ジョイナス天神タワー603号室,3999,29,地下鉄空港線,中洲川端,11,2LDK,56.14,福岡県福岡市博多区対馬小路,https://suumo.jp//ms/chuko/fukuoka/sc_fukuokashihakata/nc_20156809/
20160154,弥生パインマンション,3180,44,地下鉄空港線,藤崎,13,3LDK,94.77,福岡県福岡市早良区弥生２-2-3-30,https://suumo.jp//ms/chuko/fukuoka/sc_fukuokashisawara/nc_20160154/
20160182,大蔵マンション東博多,1990,46,地下鉄空港線,東比恵,8,3LDK,66.74,福岡県福岡市博多区東比恵３,https://suumo.jp//ms/chuko/fukuoka/sc_fukuokashihakata/nc_20160182/
20160191,ビレッタ百道,2380,51,地下鉄空港線,藤崎,11,2LDK,60.5,福岡県福岡市早良区百道１-３３－２２,https://suumo.jp//ms/chuko/fukuoka/sc_fukuokashisawara/nc_20160191/
20160194,ニューライフ薬院,3099,40,地下鉄七隈線,薬院,3,1LDK+S（納戸）,47.29,福岡県福岡市中央区薬院１-６－３６,https://suumo.jp//ms/chuko/fukuoka/sc_fukuokashichuo/nc_20160194/
20160990,Ｂｒｉｌｌｉａ平尾浄水,10880,17,地下鉄七隈線,薬院大通,12,3LDK,108.17,福岡県福岡市中央区平尾浄水町,https://suumo.jp//ms/chuko/fukuoka/sc_fukuokashichuo/nc_20160990/
20161225,藤和コープ・サンウェルス,2280,46,地下鉄空港線,赤坂,8,1LDK,66.0,福岡県福岡市中央区警固２,https://suumo.jp//ms/chuko/fukuoka/sc_fukuokashichuo/nc_20161225/
20161264,エンゼルハイム大濠,5980,24,地下鉄空港線,唐人町,7,3LDK,79.51,福岡県福岡市中央区今川１,https://suumo.jp//ms/chuko/fukuoka/sc_fukuokashichuo/nc_20161264/
20162431,グランドメゾン福岡　Ｔｈｅ　Ｃｅｎｔｒａｌ　Ｌｕｘｅ,12000,1,西鉄天神大牟田線,薬院,2,1LDK,69.63,福岡県福岡市中央区渡辺通２,https://suumo.jp//ms/chuko/fukuoka/sc_fukuokashichuo/nc_20162431/
20162432,ＭＪＲ博多ザ・レジデンス,11200,1,ＪＲ鹿児島本線,博多,12,3LDK,97.26,福岡県福岡市博多区美野島１,https://suumo.jp//ms/chuko/fukuoka/sc_fukuokashihakata/nc_20162432/
20163090,アクロス天神センタープラザ,7770,21,地下鉄七隈線,渡辺通,5,4LDK,82.26,福岡県福岡市中央区渡辺通３,https://suumo.jp//ms/chuko/fukuoka/sc_fukuokashichuo/nc_20163090/
20163284,エクセレンス谷,2590,47,地下鉄七隈線,桜坂,6,2LDK,57.23,福岡県福岡市中央区谷１-16-58,https://suumo.jp//ms/chuko/fukuoka/sc_fukuokashichuo/nc_20163284/
20163293,アルファライフ博多,4799,15,ＪＲ篠栗線,博多,14,1LDK,53.04,福岡県福岡市博多区住吉５-5-22,https://suumo.jp//ms/chuko/fukuoka/sc_fukuokashihakata/nc_20163293/
20164538,サンシティ鳥飼,3999,32,地下鉄七隈線,別府,9,3LDK,68.49,福岡県福岡市城南区鳥飼４-9-3,https://suumo.jp//ms/chuko/fukuoka/sc_fukuokashijonan/nc_20164538/
20165386,シーサイドももちアクアコート5番館,6980,33,地下鉄空港線,藤崎,14,3LDK,97.34,福岡県福岡市早良区百道浜３,https://suumo.jp//ms/chuko/fukuoka/sc_fukuokashisawara/nc_20165386/
20169488,ＭＪＲ博多ザ・レジデンス,11200,1,ＪＲ鹿児島本線,博多,13,3LDK,97.26,福岡県福岡市博多区美野島１,https://suumo.jp//ms/chuko/fukuoka/sc_fukuokashihakata/nc_20169488/
20170522,グランドメゾン大濠公園 THE TOWER,11500,3,地下鉄空港線,唐人町,4,3LDK,70.67,福岡県福岡市中央区唐人町１-2-3,https://suumo.jp//ms/chuko/fukuoka/sc_fukuokashichuo/nc_20170522/
20171751,グランドメゾン大濠公園南,10990,25,地下鉄七隈線,六本松,4,3LDK+S（納戸）,98.79,福岡県福岡市中央区草香江２,https://suumo.jp//ms/chuko/fukuoka/sc_fukuokashichuo/nc_20171751/
20171965,サントーア薬院,5480,31,地下鉄七隈線,薬院大通,5,2LDK,73.35,福岡県福岡市中央区薬院２,https://suumo.jp//ms/chuko/fukuoka/sc_fukuokashichuo/nc_20171965/
20172465,モントーレ東比恵クレア205号室,4299,7,地下鉄空港線,東比恵,3,1LDK,42.77,福岡県福岡市博多区東比恵３,https://suumo.jp//ms/chuko/fukuoka/sc_fukuokashihakata/nc_20172465/
20172796,リファレンス天神南,4399,24,地下鉄七隈線,渡辺通,13,3LDK,65.32,福岡県福岡市中央区清川２,https://suumo.jp//ms/chuko/fukuoka/sc_fukuokashichuo/nc_20172796/
20172940,グランドメゾン大濠南,7780,25,地下鉄七隈線,六本松,3,3LDK,87.11,福岡県福岡市中央区草香江２,https://suumo.jp//ms/chuko/fukuoka/sc_fukuokashichuo/nc_20172940/
20173664,藤和今泉コープ,2480,47,地下鉄七隈線,薬院大通,9,3LDK,69.6,福岡県福岡市中央区今泉２,https://suumo.jp//ms/chuko/fukuoka/sc_fukuokashichuo/nc_20173664/
20174879,パークホームズ警固本通り,7980,17,地下鉄空港線,赤坂,9,3LDK,82.96,福岡県福岡市中央区警固２,https://suumo.jp//ms/chuko/fukuoka/sc_fukuokashichuo/nc_20174879/
20174895,サンシャイン別府,2930,47,地下鉄七隈線,別府,5,4LDK,85.62,福岡県福岡市城南区別府４,https://suumo.jp//ms/chuko/fukuoka/sc_fukuokashijonan/nc_20174895/
20175979,アクロス天神センタープラザ,5380,21,地下鉄七隈線,渡辺通,5,1LDK,60.61,福岡県福岡市中央区渡辺通３,https://suumo.jp//ms/chuko/fukuoka/sc_fukuokashichuo/nc_20175979/
20177504,サントーア薬院,5480,31,地下鉄七隈線,薬院大通,5,2LDK,73.35,福岡県福岡市中央区薬院２,https://suumo.jp//ms/chuko/fukuoka/sc_fukuokashichuo/nc_20177504/
20178299,赤坂エクセル,3990,52,地下鉄空港線,赤坂,12,1LDK+S（納戸）,99.0,福岡県福岡市中央区赤坂３,https://suumo.jp//ms/chuko/fukuoka/sc_fukuokashichuo/nc_20178299/
20178360,コーポラス東光,1250,52,九州新幹線,博多,10,2DK,45.51,福岡県福岡市博多区東光２,https://suumo.jp//ms/chuko/fukuoka/sc_fukuokashihakata/nc_20178360/
20178364,ザ・パークハウス桜坂サンリヤン,7980,8,地下鉄七隈線,桜坂,3,3LDK,70.23,福岡県福岡市中央区桜坂３,https://suumo.jp//ms/chuko/fukuoka/sc_fukuokashichuo/nc_20178364/
20178365,コスモ博多古門戸,4499,23,地下鉄空港線,中洲川端,9,1LDK+S（納戸）,54.49,福岡県福岡市博多区古門戸町,https://suumo.jp//ms/chuko/fukuoka/sc_fukuokashihakata/nc_20178365/
20178485,ロマネスク大濠アネックス,3099,39,地下鉄空港線,唐人町,14,2LDK,59.65,福岡県福岡市中央区鳥飼２,https://suumo.jp//ms/chuko/fukuoka/sc_fukuokashichuo/nc_20178485/
20178579,サンシティ鳥飼,3899,32,地下鉄七隈線,別府,11,3LDK,68.48,福岡県福岡市城南区鳥飼４,https://suumo.jp//ms/chuko/fukuoka/sc_fukuokashijonan/nc_20178579/
20179644,グランドメゾン大濠公園ＴＨＥ　ＴＯＷＥＲ,11500,3,地下鉄空港線,唐人町,2,3LDK,70.67,福岡県福岡市中央区唐人町１,https://suumo.jp//ms/chuko/fukuoka/sc_fukuokashichuo/nc_20179644/
20181726,グランドメゾン大濠南,10990,25,地下鉄七隈線,六本松,3,3LDK+S（納戸）,98.79,福岡県福岡市中央区草香江２,https://suumo.jp//ms/chuko/fukuoka/sc_fukuokashichuo/nc_20181726/
20181766,アルファライフ博多プレシャス,4799,15,ＪＲ鹿児島本線,博多,14,1LDK,53.04,福岡県福岡市博多区住吉５-5-22,https://suumo.jp//ms/chuko/fukuoka/sc_fukuokashihakata/nc_20181766/
20181768,秀和警固レジデンス,3380,52,地下鉄空港線,赤坂,9,2LDK,69.43,福岡県福岡市中央区警固２-17-26,https://suumo.jp//ms/chuko/fukuoka/sc_fukuokashichuo/nc_20181768/
20181928,グランドメゾン大濠南,10990,25,地下鉄七隈線,六本松,3,3LDK+S（納戸）,98.79,福岡県福岡市中央区草香江２,https://suumo.jp//ms/chuko/fukuoka/sc_fukuokashichuo/nc_20181928/
20182580,マンション鳥飼,1230,53,地下鉄七隈線,六本松,14,3LDK,65.54,福岡県福岡市中央区鳥飼１-3,https://suumo.jp//ms/chuko/fukuoka/sc_fukuokashichuo/nc_20182580/
20182967,グランドメゾン大濠公園THE TOWER,11500,3,地下鉄空港線,唐人町,2,3LDK,70.67,福岡県福岡市中央区唐人町１,https://suumo.jp//ms/chuko/fukuoka/sc_fukuokashichuo/nc_20182967/
20183804,百道タワー,5940,22,地下鉄空港線,西新,10,2LDK,76.86,福岡県福岡市早良区百道浜１-2-6,https://suumo.jp//ms/chuko/fukuoka/sc_fukuokashisawara/nc_20183804/
20185204,三井薬院ハイツ,3280,44,地下鉄七隈線,薬院大通,6,2LDK,74.24,福岡県福岡市中央区薬院２-11-33,https://suumo.jp//ms/chuko/fukuoka/sc_fukuokashichuo/nc_20185204/
20185389,祖原公園ハウス,2585,43,地下鉄空港線,西新,11,3DK,57.04,福岡県福岡市早良区祖原,https://suumo.jp//ms/chuko/fukuoka/sc_fukuokashisawara/nc_20185389/
20186273,薬院パークホームズ,2700,45,地下鉄七隈線,薬院大通,7,4LDK,82.59,福岡県福岡市中央区薬院２-11-28,https://suumo.jp//ms/chuko/fukuoka/sc_fukuokashichuo/nc_20186273/
20186290,サントーア薬院,5780,31,地下鉄七隈線,薬院大通,5,2LDK,73.35,福岡県福岡市中央区薬院２,https://suumo.jp//ms/chuko/fukuoka/sc_fukuokashichuo/nc_20186290/
20186302,六本松ビル,3080,45,地下鉄七隈線,六本松,3,2LDK,65.65,福岡県福岡市中央区六本松２,https://suumo.jp//ms/chuko/fukuoka/sc_fukuokashichuo/nc_20186302/
20186575,クリオ渡辺通アーバンマークス,6490,3,地下鉄七隈線,渡辺通,10,3LDK,60.15,福岡県福岡市中央区清川２,https://suumo.jp//ms/chuko/fukuoka/sc_fukuokashichuo/nc_20186575/
20186827,ロマネスク西新,3690,42,地下鉄空港線,西新,6,2LDK,67.89,福岡県福岡市早良区祖原,https://suumo.jp//ms/chuko/fukuoka/sc_fukuokashisawara/nc_20186827/
20187670,藤崎ロジュマン,4380,38,地下鉄空港線,藤崎,13,4LDK,82.76,福岡県福岡市早良区昭代３,https://suumo.jp//ms/chuko/fukuoka/sc_fukuokashisawara/nc_20187670/
20187773,弥生パインマンション,3180,44,地下鉄空港線,藤崎,12,3LDK,94.77,福岡県福岡市早良区弥生２,https://suumo.jp//ms/chuko/fukuoka/sc_fukuokashisawara/nc_20187773/
20188314,ロワールマンション西公園ビュー,2398,36,地下鉄空港線,大濠公園,15,2LDK,53.27,福岡県福岡市中央区港３,https://suumo.jp//ms/chuko/fukuoka/sc_fukuokashichuo/nc_20188314/
20199429,オリエントハイツ別府,4790,36,地下鉄七隈線,別府,1,3LDK,84.0,福岡県福岡市城南区別府１,https://suumo.jp//ms/chuko/fukuoka/sc_fukuokashijonan/nc_20199429/
20199483,ＭＪＲ博多ザ・レジデンス,11200,1,地下鉄空港線,博多,12,3LDK,97.26,福岡県福岡市博多区美野島１,https://suumo.jp//ms/chuko/fukuoka/sc_fukuokashihakata/nc_20199483/
20201400,赤坂エクセル,3450,52,地下鉄空港線,赤坂,13,2LDK,79.5,福岡県福岡市中央区赤坂３,https://suumo.jp//ms/chuko/fukuoka/sc_fukuokashichuo/nc_20201400/
20201901,サンシティ鳥飼,3899,32,地下鉄七隈線,別府,10,3LDK,68.48,福岡県福岡市城南区鳥飼４-9-3,https://suumo.jp//ms/chuko/fukuoka/sc_fukuokashijonan/nc_20201901/
20203354,第参参プリンスマンション城南,3099,40,地下鉄七隈線,別府,2,2LDK,65.65,福岡県福岡市城南区別府１,https://suumo.jp//ms/chuko/fukuoka/sc_fukuokashijonan/nc_20203354/
20203357,グランアルト天神タワー,14500,22,地下鉄空港線,天神,9,2LDK,102.07,福岡県福岡市中央区今泉２,https://suumo.jp//ms/chuko/fukuoka/sc_fukuokashichuo/nc_20203357/
20203358,ニューライフ薬院,3099,40,地下鉄七隈線,薬院,3,1DK+S（納戸）,47.29,福岡県福岡市中央区薬院１,https://suumo.jp//ms/chuko/fukuoka/sc_fukuokashichuo/nc_20203358/
20204209,コモダス天神,5699,29,地下鉄七隈線,薬院大通,8,3LDK,66.78,福岡県福岡市中央区今泉２,https://suumo.jp//ms/chuko/fukuoka/sc_fukuokashichuo/nc_20204209/
20205874,藤崎ロジュマン,4380,38,地下鉄空港線,藤崎,11,3LDK,82.76,福岡県福岡市早良区昭代３-9-5,https://suumo.jp//ms/chuko/fukuoka/sc_fukuokashisawara/nc_20205874/
20207719,コアマンション桜坂プレジオ弐番館,8490,25,地下鉄七隈線,桜坂,4,3LDK+S（納戸）,103.4,福岡県福岡市中央区六本松３,https://suumo.jp//ms/chuko/fukuoka/sc_fukuokashichuo/nc_20207719/
20209727,東急ドエルアルス天神,2450,43,地下鉄七隈線,天神南,1,1K,36.62,福岡県福岡市中央区渡辺通５,https://suumo.jp//ms/chuko/fukuoka/sc_fukuokashichuo/nc_20209727/
20211012,パークハイツ桜坂,2480,49,地下鉄七隈線,桜坂,4,2LDK+2S（納戸）,67.2,福岡県福岡市中央区桜坂３-12-78,https://suumo.jp//ms/chuko/fukuoka/sc_fukuokashichuo/nc_20211012/
20211617,エンゼルハイム田島◆☆新規内装リノベーション済み☆◆,2990,37,地下鉄七隈線,別府,13,3LDK,67.86,福岡県福岡市城南区田島２-8-33,https://suumo.jp//ms/chuko/fukuoka/sc_fukuokashijonan/nc_20211617/
20213840,プレサンスロジェ呉服町,5699,7,地下鉄空港線,中洲川端,11,3LDK,62.43,福岡県福岡市博多区下呉服町,https://suumo.jp//ms/chuko/fukuoka/sc_fukuokashihakata/nc_20213840/
20214158,サンシティ鳥飼,3899,32,地下鉄七隈線,別府,10,3LDK,68.48,福岡県福岡市城南区鳥飼４-9-3,https://suumo.jp//ms/chuko/fukuoka/sc_fukuokashijonan/nc_20214158/
20214160,ジョイナス天神タワー,3999,29,地下鉄空港線,中洲川端,12,2LDK,56.14,福岡県福岡市博多区対馬小路12-20,https://suumo.jp//ms/chuko/fukuoka/sc_fukuokashihakata/nc_20214160/
20214163,コスモ博多古門戸,4499,23,地下鉄箱崎線,中洲川端,9,1LDK,54.49,福岡県福岡市博多区古門戸町10-5,https://suumo.jp//ms/chuko/fukuoka/sc_fukuokashihakata/nc_20214163/
20214180,コープ野村白金,3390,43,地下鉄七隈線,薬院,7,2LDK,64.54,福岡県福岡市中央区白金１-12-22,https://suumo.jp//ms/chuko/fukuoka/sc_fukuokashichuo/nc_20214180/
20214490,グランアルト天神タワー,14500,22,地下鉄空港線,天神,9,2LDK,102.07,福岡県福岡市中央区今泉２,https://suumo.jp//ms/chuko/fukuoka/sc_fukuokashichuo/nc_20214490/
20214629,プレミスト天神赤坂タワー,19800,7,地下鉄空港線,赤坂,3,1LDK,62.77,福岡県福岡市中央区大名２-10-8,https://suumo.jp//ms/chuko/fukuoka/sc_fukuokashichuo/nc_20214629/
20214981,藤崎ロジュマン,4380,38,地下鉄空港線,藤崎,13,4LDK,82.76,福岡県福岡市早良区昭代３,https://suumo.jp//ms/chuko/fukuoka/sc_fukuokashisawara/nc_20214981/
20218456,エンクレスト天神南Ⅲ,2499,21,地下鉄七隈線,渡辺通,13,1LDK,37.86,福岡県福岡市中央区清川３,https://suumo.jp//ms/chuko/fukuoka/sc_fukuokashichuo/nc_20218456/
20218973,サントーア薬院,5480,31,地下鉄七隈線,薬院大通,5,2LDK,73.35,福岡県福岡市中央区薬院２,https://suumo.jp//ms/chuko/fukuoka/sc_fukuokashichuo/nc_20218973/
20219569,カーサ第弐博多,1580,45,地下鉄七隈線,櫛田神社前,9,2DK,53.86,福岡県福岡市博多区住吉２,https://suumo.jp//ms/chuko/fukuoka/sc_fukuokashihakata/nc_20219569/
20219578,トーカンマンション今泉,3880,46,地下鉄七隈線,天神南,7,3LDK,78.26,福岡県福岡市中央区今泉１,https://suumo.jp//ms/chuko/fukuoka/sc_fukuokashichuo/nc_20219578/
20219722,ビレッタ百道,2480,51,地下鉄空港線,藤崎,12,2LDK,60.5,福岡県福岡市早良区百道１-33-22,https://suumo.jp//ms/chuko/fukuoka/sc_fukuokashisawara/nc_20219722/
20219897,エクセレンス谷,2590,47,地下鉄七隈線,桜坂,6,2LDK,57.23,福岡県福岡市中央区谷１-１６－５８,https://suumo.jp//ms/chuko/fukuoka/sc_fukuokashichuo/nc_20219897/
20220766,パークホームズ六本松フォレストクロス,8300,4,地下鉄七隈線,六本松,11,4LDK,83.61,福岡県福岡市中央区輝国２,https://suumo.jp//ms/chuko/fukuoka/sc_fukuokashichuo/nc_20220766/
20223509,ル・サンク大手門パークサイド,7800,22,地下鉄空港線,赤坂,9,3LDK,90.69,福岡県福岡市中央区大手門２,https://suumo.jp//ms/chuko/fukuoka/sc_fukuokashichuo/nc_20223509/
20224128,エンクレスト天神南Ⅲ,2499,21,地下鉄七隈線,渡辺通,13,1LDK,37.86,福岡県福岡市中央区清川３,https://suumo.jp//ms/chuko/fukuoka/sc_fukuokashichuo/nc_20224128/
20225032,ダイアパレス平尾２,3140,43,西鉄天神大牟田線,薬院,11,2LDK,64.1,福岡県福岡市中央区大宮２,https://suumo.jp//ms/chuko/fukuoka/sc_fukuokashichuo/nc_20225032/
20225297,エンクレストベイサイド通り,4699,10,地下鉄空港線,中洲川端,15,1LDK+S（納戸）,54.65,福岡県福岡市博多区築港本町,https://suumo.jp//ms/chuko/fukuoka/sc_fukuokashihakata/nc_20225297/
20225587,パソナ―ル博多,1290,53,地下鉄空港線,中洲川端,15,ワンルーム,37.26,福岡県福岡市博多区神屋町,https://suumo.jp//ms/chuko/fukuoka/sc_fukuokashihakata/nc_20225587/
20226715,ロマネスク大濠アネックス,2880,39,地下鉄空港線,唐人町,14,2LDK,61.5,福岡県福岡市中央区鳥飼２-6-15,https://suumo.jp//ms/chuko/fukuoka/sc_fukuokashichuo/nc_20226715/
20228268,ソピア大濠西,6480,27,地下鉄空港線,西新,10,4LDK,83.2,福岡県福岡市中央区鳥飼３,https://suumo.jp//ms/chuko/fukuoka/sc_fukuokashichuo/nc_20228268/
20229053,赤坂エクセル,3499,52,地下鉄空港線,赤坂,12,2LDK,79.5,福岡県福岡市中央区赤坂３,https://suumo.jp//ms/chuko/fukuoka/sc_fukuokashichuo/nc_20229053/
20230046,アーティックス大濠,5598,22,地下鉄七隈線,六本松,11,2LDK,71.43,福岡県福岡市中央区鳥飼１,https://suumo.jp//ms/chuko/fukuoka/sc_fukuokashichuo/nc_20230046/
20230915,シティマンション輝国,950,42,地下鉄七隈線,六本松,15,3DK,55.43,福岡県福岡市中央区輝国２,https://suumo.jp//ms/chuko/fukuoka/sc_fukuokashichuo/nc_20230915/
20232459,リファレンス天神南,4499,24,地下鉄七隈線,渡辺通,13,3LDK,65.32,福岡県福岡市中央区清川２,https://suumo.jp//ms/chuko/fukuoka/sc_fukuokashichuo/nc_20232459/
20236085,ロワールマンション大濠Ⅱ,4880,40,地下鉄空港線,大濠公園,3,2LDK,67.29,福岡県福岡市中央区荒戸２,https://suumo.jp//ms/chuko/fukuoka/sc_fukuokashichuo/nc_20236085/
20236116,シティハウス鳥飼,7680,7,地下鉄七隈線,別府,7,4LDK,83.78,福岡県福岡市城南区鳥飼６,https://suumo.jp//ms/chuko/fukuoka/sc_fukuokashijonan/nc_20236116/
20236709,グランドメゾン大濠南,10990,25,地下鉄七隈線,六本松,2,3LDK+S（納戸）,98.79,福岡県福岡市中央区草香江２-1-38,https://suumo.jp//ms/chuko/fukuoka/sc_fukuokashichuo/nc_20236709/
20237741,鳥飼第二パインマンション,3990,40,地下鉄七隈線,別府,8,4LDK,86.52,福岡県福岡市城南区鳥飼４,https://suumo.jp//ms/chuko/fukuoka/sc_fukuokashijonan/nc_20237741/
20237742,六本松パーク・ホームズ,8400,35,地下鉄七隈線,六本松,5,4LDK,141.91,福岡県福岡市中央区梅光園１,https://suumo.jp//ms/chuko/fukuoka/sc_fukuokashichuo/nc_20237742/
20237744,パークホームズ大濠二丁目,21000,9,地下鉄空港線,唐人町,4,2LDK,101.47,福岡県福岡市中央区大濠２,https://suumo.jp//ms/chuko/fukuoka/sc_fukuokashichuo/nc_20237744/
20237745,ＭＪＲ赤坂タワー,8180,9,地下鉄空港線,赤坂,1,2LDK,55.38,福岡県福岡市中央区赤坂１,https://suumo.jp//ms/chuko/fukuoka/sc_fukuokashichuo/nc_20237745/
20237746,アーバンパレスアクス大濠,6580,31,地下鉄空港線,大濠公園,7,3LDK,72.48,福岡県福岡市中央区荒戸３,https://suumo.jp//ms/chuko/fukuoka/sc_fukuokashichuo/nc_20237746/
20237747,ＣＬＵＢ　ＴＨＥ．薬院ステーションタワー,46000,6,地下鉄七隈線,薬院,2,2LDK+S（納戸）,138.16,福岡県福岡市中央区白金１,https://suumo.jp//ms/chuko/fukuoka/sc_fukuokashichuo/nc_20237747/
20239975,エンクレスト天神南Ⅲ,2499,21,地下鉄七隈線,渡辺通,13,1LDK,37.86,福岡県福岡市中央区清川３-2-9,https://suumo.jp//ms/chuko/fukuoka/sc_fukuokashichuo/nc_20239975/
20240443,藤崎ロジュマン,4380,38,地下鉄空港線,藤崎,10,4LDK,82.76,福岡県福岡市早良区昭代３-9-5,https://suumo.jp//ms/chuko/fukuoka/sc_fukuokashisawara/nc_20240443/
20241317,ロイヤルマンション別府六,3290,32,地下鉄七隈線,別府,6,3LDK,82.27,福岡県福岡市城南区別府６,https://suumo.jp//ms/chuko/fukuoka/sc_fukuokashijonan/nc_20241317/
20243653,藤和城西コーポ,1690,52,地下鉄七隈線,別府,9,2LDK,52.82,福岡県福岡市城南区別府４-13－29,https://suumo.jp//ms/chuko/fukuoka/sc_fukuokashijonan/nc_20243653/
20244439,東カングランドマンシヨン大濠パークサイド,1600,52,地下鉄空港線,唐人町,12,2LDK,55.0,福岡県福岡市中央区鳥飼１-4-58,https://suumo.jp//ms/chuko/fukuoka/sc_fukuokashichuo/nc_20244439/
20245114,フリーディア西新レジデンス,8480,2,地下鉄空港線,藤崎,5,1LDK,72.93,福岡県福岡市早良区西新７,https://suumo.jp//ms/chuko/fukuoka/sc_fukuokashisawara/nc_20245114/
20245193,ＭＪＲ博多ザ・レジデンス,9000,1,地下鉄空港線,博多,12,2LDK,70.1,福岡県福岡市博多区美野島１-1-1,https://suumo.jp//ms/chuko/fukuoka/sc_fukuokashihakata/nc_20245193/
20245678,輝国住宅1号棟,2280,52,地下鉄七隈線,六本松,14,3LDK,64.42,福岡県福岡市中央区輝国２,https://suumo.jp//ms/chuko/fukuoka/sc_fukuokashichuo/nc_20245678/
20245685,エンクレスト天神南Ⅲ,2499,21,地下鉄七隈線,渡辺通,13,1LDK,37.86,福岡県福岡市中央区清川３,https://suumo.jp//ms/chuko/fukuoka/sc_fukuokashichuo/nc_20245685/
20245991,≪価格改定≫サントーア薬院,5480,31,地下鉄七隈線,薬院大通,5,2LDK,73.35,福岡県福岡市中央区薬院２,https://suumo.jp//ms/chuko/fukuoka/sc_fukuokashichuo/nc_20245991/
20247585,ＭＪＲ赤坂タワー,15800,9,地下鉄空港線,赤坂,1,2LDK,69.03,福岡県福岡市中央区赤坂１,https://suumo.jp//ms/chuko/fukuoka/sc_fukuokashichuo/nc_20247585/
20247587,ＣＬＵＢ　ＴＨＥ．薬院ステーションタワー,46000,6,地下鉄七隈線,薬院,2,2LDK+S（納戸）,138.16,福岡県福岡市中央区白金１,https://suumo.jp//ms/chuko/fukuoka/sc_fukuokashichuo/nc_20247587/
20247920,ユーハイム大濠西,2930,41,地下鉄空港線,唐人町,1,1LDK,48.09,福岡県福岡市中央区黒門6-40,https://suumo.jp//ms/chuko/fukuoka/sc_fukuokashichuo/nc_20247920/
20247925,第7プリンスマンション高砂,2830,48,地下鉄七隈線,渡辺通,9,3LDK,74.01,福岡県福岡市中央区高砂１-15-23,https://suumo.jp//ms/chuko/fukuoka/sc_fukuokashichuo/nc_20247925/
20248803,藤崎ロジュマン,4380,38,地下鉄空港線,藤崎,10,4LDK,82.76,福岡県福岡市早良区昭代３,https://suumo.jp//ms/chuko/fukuoka/sc_fukuokashisawara/nc_20248803/
20249037,アルテマインド浄水平丘,10800,16,地下鉄七隈線,薬院大通,10,3LDK,94.63,福岡県福岡市中央区平丘町1-16,https://suumo.jp//ms/chuko/fukuoka/sc_fukuokashichuo/nc_20249037/
20249542,リファレンス天神南,4399,24,地下鉄七隈線,渡辺通,13,3LDK,65.32,福岡県福岡市中央区清川２-4-9,https://suumo.jp//ms/chuko/fukuoka/sc_fukuokashichuo/nc_20249542/
20250627,モントーレヴェルキューブシティ福岡空港駅,4180,16,地下鉄空港線,福岡空港,11,4LDK,79.29,福岡県糟屋郡志免町別府西３,https://suumo.jp//ms/chuko/fukuoka/sc_kasuyagunshime/nc_20250627/
20250868,ライオンズマンション天神南,1380,34,地下鉄七隈線,薬院大通,10,1K,21.0,福岡県福岡市中央区今泉２,https://suumo.jp//ms/chuko/fukuoka/sc_fukuokashichuo/nc_20250868/
20251701,エンクレスト天神南Ⅲ,2499,21,地下鉄七隈線,渡辺通,13,1LDK,37.86,福岡県福岡市中央区清川３,https://suumo.jp//ms/chuko/fukuoka/sc_fukuokashichuo/nc_20251701/
20252654,サヴォイエンポリウム,1450,23,地下鉄七隈線,渡辺通,7,1K,24.66,福岡県福岡市中央区春吉２,https://suumo.jp//ms/chuko/fukuoka/sc_fukuokashichuo/nc_20252654/
20253656,クリオ渡辺通アーバンマークス,5380,3,地下鉄七隈線,渡辺通,10,2LDK,53.94,福岡県福岡市中央区清川２,https://suumo.jp//ms/chuko/fukuoka/sc_fukuokashichuo/nc_20253656/
20255236,西新ビル,1850,54,地下鉄空港線,西新,5,2LDK,60.8,福岡県福岡市早良区高取１,https://suumo.jp//ms/chuko/fukuoka/sc_fukuokashisawara/nc_20255236/
20255968,エンクレスト天神南Ⅲ,2499,21,地下鉄七隈線,渡辺通,13,1LDK,37.86,福岡県福岡市中央区清川３,https://suumo.jp//ms/chuko/fukuoka/sc_fukuokashichuo/nc_20255968/
20264144,シティライフ山王公園南,4299,27,地下鉄空港線,東比恵,15,4LDK,80.16,福岡県福岡市博多区半道橋１,https://suumo.jp//ms/chuko/fukuoka/sc_fukuokashihakata/nc_20264144/
20268205,サントーア薬院,5480,31,地下鉄七隈線,薬院大通,5,2LDK,73.35,福岡県福岡市中央区薬院２,https://suumo.jp//ms/chuko/fukuoka/sc_fukuokashichuo/nc_20268205/
20268504,大濠公園グランドヒルズ,7180,36,地下鉄空港線,大濠公園,4,2LDK+S（納戸）,79.08,福岡県福岡市中央区荒戸２-3-49,https://suumo.jp//ms/chuko/fukuoka/sc_fukuokashichuo/nc_20268504/
20269655,東峰マンション博多駅東,2390,41,地下鉄空港線,東比恵,7,1LDK,42.82,福岡県福岡市博多区比恵町7-27,https://suumo.jp//ms/chuko/fukuoka/sc_fukuokashihakata/nc_20269655/
20270319,ファーネスト西新レジデンス,5880,7,地下鉄空港線,西新,10,2LDK,60.31,福岡県福岡市早良区城西２,https://suumo.jp//ms/chuko/fukuoka/sc_fukuokashisawara/nc_20270319/
20271682,サントーア薬院,5480,31,地下鉄七隈線,薬院大通,3,2LDK,73.35,福岡県福岡市中央区薬院２,https://suumo.jp//ms/chuko/fukuoka/sc_fukuokashichuo/nc_20271682/
20272095,リファレンス天神南,4399,24,地下鉄七隈線,渡辺通,13,3LDK,65.32,福岡県福岡市中央区清川２-4-9,https://suumo.jp//ms/chuko/fukuoka/sc_fukuokashichuo/nc_20272095/
20272288,アダージュ薬院弐番館,4980,23,地下鉄七隈線,薬院大通,3,2LDK,65.11,福岡県福岡市中央区薬院２,https://suumo.jp//ms/chuko/fukuoka/sc_fukuokashichuo/nc_20272288/
20272768,赤坂エクセル,2490,52,地下鉄空港線,赤坂,13,1LDK,52.57,福岡県福岡市中央区赤坂３,https://suumo.jp//ms/chuko/fukuoka/sc_fukuokashichuo/nc_20272768/
20272769,アートウィル赤坂,4980,32,地下鉄七隈線,桜坂,10,2LDK,65.61,福岡県福岡市中央区赤坂３,https://suumo.jp//ms/chuko/fukuoka/sc_fukuokashichuo/nc_20272769/
20273182,コアマンション桜坂プレジオ弐番館,6980,25,地下鉄七隈線,桜坂,4,3LDK,90.59,福岡県福岡市中央区六本松３,https://suumo.jp//ms/chuko/fukuoka/sc_fukuokashichuo/nc_20273182/
20277000,グレイス大濠公園,298,36,地下鉄空港線,大濠公園,9,1K,17.08,福岡県福岡市中央区西公園,https://suumo.jp//ms/chuko/fukuoka/sc_fukuokashichuo/nc_20277000/
20277199,ジョイナス天神タワー,3999,29,地下鉄箱崎線,中洲川端,12,2LDK,56.14,福岡県福岡市博多区対馬小路,https://suumo.jp//ms/chuko/fukuoka/sc_fukuokashihakata/nc_20277199/
20277314,グランドメゾン福岡　ＴＨＥ　ＣＥＮＴＲＡＬ　ＬＵＸＥ,12000,1,西鉄天神大牟田線,薬院,3,1LDK,69.63,福岡県福岡市中央区渡辺通２,https://suumo.jp//ms/chuko/fukuoka/sc_fukuokashichuo/nc_20277314/
20277615,アーサー大濠倶楽部スカイコート,4980,30,地下鉄空港線,唐人町,4,2LDK,72.6,福岡県福岡市中央区荒戸３,https://suumo.jp//ms/chuko/fukuoka/sc_fukuokashichuo/nc_20277615/
20277705,ソレイユ赤坂南,4980,37,地下鉄七隈線,六本松,9,3LDK,75.03,福岡県福岡市中央区六本松３,https://suumo.jp//ms/chuko/fukuoka/sc_fukuokashichuo/nc_20277705/
20279672,ビレッタ百道,2380,51,地下鉄空港線,藤崎,13,2LDK,60.5,福岡県福岡市早良区百道１,https://suumo.jp//ms/chuko/fukuoka/sc_fukuokashisawara/nc_20279672/
20281431,赤坂エクセル,3450,52,地下鉄七隈線,桜坂,13,2LDK,79.5,福岡県福岡市中央区赤坂３,https://suumo.jp//ms/chuko/fukuoka/sc_fukuokashichuo/nc_20281431/
20282820,デュレジア薬院スタンス◆☆上質なデザイン空間☆◆,10980,3,地下鉄七隈線,薬院大通,5,2LDK+S（納戸）,70.33,福岡県福岡市中央区薬院３,https://suumo.jp//ms/chuko/fukuoka/sc_fukuokashichuo/nc_20282820/
20283315,ラフィネスシャトードゥ赤坂,3699,24,地下鉄空港線,赤坂,7,1LDK,32.81,福岡県福岡市中央区大手門１-3-31,https://suumo.jp//ms/chuko/fukuoka/sc_fukuokashichuo/nc_20283315/
20283443,ザ・パークハウス藤崎紅葉山,7200,5,地下鉄空港線,藤崎,9,3LDK,72.66,福岡県福岡市早良区昭代３,https://suumo.jp//ms/chuko/fukuoka/sc_fukuokashisawara/nc_20283443/
20283446,エスポワール城西,5480,32,地下鉄空港線,西新,4,3LDK,65.92,福岡県福岡市早良区城西３,https://suumo.jp//ms/chuko/fukuoka/sc_fukuokashisawara/nc_20283446/
20286449,アルテマインド室見,6450,14,地下鉄空港線,藤崎,7,3LDK,83.52,福岡県福岡市早良区室見２,https://suumo.jp//ms/chuko/fukuoka/sc_fukuokashisawara/nc_20286449/
20286451,グランドメゾン大濠南,10990,25,地下鉄七隈線,六本松,3,3LDK+S（納戸）,98.79,福岡県福岡市中央区草香江２,https://suumo.jp//ms/chuko/fukuoka/sc_fukuokashichuo/nc_20286451/
20286452,朝日プラザ赤坂,1480,44,地下鉄空港線,赤坂,10,2DK,39.26,福岡県福岡市中央区警固２,https://suumo.jp//ms/chuko/fukuoka/sc_fukuokashichuo/nc_20286452/
20288982,プレミスト大濠公園,35000,1,地下鉄空港線,唐人町,3,3LDK,120.71,福岡県福岡市中央区荒戸３,https://suumo.jp//ms/chuko/fukuoka/sc_fukuokashichuo/nc_20288982/
20289797,ザ・パークハウス藤崎紅葉山,6980,5,地下鉄空港線,藤崎,10,3LDK,70.44,福岡県福岡市早良区昭代３,https://suumo.jp//ms/chuko/fukuoka/sc_fukuokashisawara/nc_20289797/
20292231,ラフィネスシャトードゥ赤坂,3699,24,地下鉄空港線,赤坂,7,1LK,32.81,福岡県福岡市中央区大手門１-3番31,https://suumo.jp//ms/chuko/fukuoka/sc_fukuokashichuo/nc_20292231/
20292711,コスモ西新七丁目,5980,26,地下鉄空港線,藤崎,4,2LDK+S（納戸）,70.01,福岡県福岡市早良区西新７-1-17,https://suumo.jp//ms/chuko/fukuoka/sc_fukuokashisawara/nc_20292711/
20293293,デュ・レジア平尾,7180,10,地下鉄七隈線,薬院,14,3LDK,85.01,福岡県福岡市中央区那の川２,https://suumo.jp//ms/chuko/fukuoka/sc_fukuokashichuo/nc_20293293/
20293353,グランドメゾン大濠南,10990,25,地下鉄七隈線,六本松,3,3LDK,98.79,福岡県福岡市中央区草香江２,https://suumo.jp//ms/chuko/fukuoka/sc_fukuokashichuo/nc_20293353/
20293375,ビレッタ百道,2380,51,地下鉄空港線,藤崎,12,2LDK,60.5,福岡県福岡市早良区百道１,https://suumo.jp//ms/chuko/fukuoka/sc_fukuokashisawara/nc_20293375/
20293641,シティマンション輝国,1430,42,地下鉄七隈線,六本松,15,3DK,55.06,福岡県福岡市中央区輝国２,https://suumo.jp//ms/chuko/fukuoka/sc_fukuokashichuo/nc_20293641/
20293908,エクセレンス谷,2590,47,地下鉄七隈線,六本松,7,2LDK,57.23,福岡県福岡市中央区谷１,https://suumo.jp//ms/chuko/fukuoka/sc_fukuokashichuo/nc_20293908/
20294623,ラフィネスシャトードゥ赤坂,3699,24,地下鉄空港線,赤坂,7,1LDK,32.81,福岡県福岡市中央区大手門１,https://suumo.jp//ms/chuko/fukuoka/sc_fukuokashichuo/nc_20294623/
20296003,エンクレスト天神南3,2499,21,地下鉄七隈線,渡辺通,13,1LDK,37.86,福岡県福岡市中央区清川３-2-9,https://suumo.jp//ms/chuko/fukuoka/sc_fukuokashichuo/nc_20296003/
20296660,西新ビル,2000,54,地下鉄空港線,藤崎,6,2LDK,60.8,福岡県福岡市早良区高取１-1 53,https://suumo.jp//ms/chuko/fukuoka/sc_fukuokashisawara/nc_20296660/
20296969,アプローズ薬院デュオウエスト,9480,23,地下鉄七隈線,薬院大通,5,4LDK,110.15,福岡県福岡市中央区薬院２,https://suumo.jp//ms/chuko/fukuoka/sc_fukuokashichuo/nc_20296969/
20298336,第二プリンスビル,880,52,地下鉄空港線,天神,5,ワンルーム,24.33,福岡県福岡市中央区大名２-9-29,https://suumo.jp//ms/chuko/fukuoka/sc_fukuokashichuo/nc_20298336/
20298722,ビレッタ百道,1690,51,地下鉄空港線,藤崎,12,2LDK,55.39,福岡県福岡市早良区百道１,https://suumo.jp//ms/chuko/fukuoka/sc_fukuokashisawara/nc_20298722/
20299417,グランドステイツ大濠公園南,8280,22,地下鉄七隈線,六本松,3,3LDK,80.69,福岡県福岡市中央区六本松３-10-28,https://suumo.jp//ms/chuko/fukuoka/sc_fukuokashichuo/nc_20299417/
20300610,赤坂エクセル,3450,52,地下鉄七隈線,桜坂,13,2LDK,79.5,福岡県福岡市中央区赤坂３-8-26,https://suumo.jp//ms/chuko/fukuoka/sc_fukuokashichuo/nc_20300610/
20301505,パークハイツ桜坂,1820,49,地下鉄七隈線,桜坂,3,ワンルーム,67.2,福岡県福岡市中央区桜坂３,https://suumo.jp//ms/chuko/fukuoka/sc_fukuokashichuo/nc_20301505/
20301800,エンクレストベイサイド通り1408号,4699,10,地下鉄箱崎線,中洲川端,15,1LDK+S（納戸）,54.65,福岡県福岡市博多区築港本町,https://suumo.jp//ms/chuko/fukuoka/sc_fukuokashihakata/nc_20301800/
20301814,アルテマインド浄水平丘,10800,16,地下鉄七隈線,薬院大通,9,3LDK,94.63,福岡県福岡市中央区平丘町,https://suumo.jp//ms/chuko/fukuoka/sc_fukuokashichuo/nc_20301814/
20303490,東急ドエル・アルス博多ステーションサイド,4980,26,地下鉄空港線,東比恵,9,3LDK,78.63,福岡県福岡市博多区比恵町,https://suumo.jp//ms/chuko/fukuoka/sc_fukuokashihakata/nc_20303490/
20306558,アクロス天神センタープラザ,5380,21,地下鉄七隈線,渡辺通,7,1LDK,60.61,福岡県福岡市中央区渡辺通３,https://suumo.jp//ms/chuko/fukuoka/sc_fukuokashichuo/nc_20306558/
20307928,ハイラーク博多駅前,2000,45,地下鉄空港線,祇園,4,ワンルーム,38.52,福岡県福岡市博多区博多駅前２,https://suumo.jp//ms/chuko/fukuoka/sc_fukuokashihakata/nc_20307928/
20308733,アーバンパレスアクス大濠,6580,31,地下鉄空港線,唐人町,7,3LDK,72.48,福岡県福岡市中央区荒戸３-2-45,https://suumo.jp//ms/chuko/fukuoka/sc_fukuokashichuo/nc_20308733/
20308734,ホワイティ薬院,2380,51,地下鉄七隈線,薬院,3,1LDK,38.81,福岡県福岡市中央区薬院１-6-5,https://suumo.jp//ms/chuko/fukuoka/sc_fukuokashichuo/nc_20308734/
20308735,ロマネスク渡辺通第2,1799,37,地下鉄七隈線,渡辺通,12,1LDK,33.29,福岡県福岡市中央区高砂２-6-15,https://suumo.jp//ms/chuko/fukuoka/sc_fukuokashichuo/nc_20308735/
20308899,アトリーチェ西新,4590,27,地下鉄空港線,西新,3,2LDK,52.86,福岡県福岡市早良区西新１,https://suumo.jp//ms/chuko/fukuoka/sc_fukuokashisawara/nc_20308899/
20308901,東峰マンション博多駅・東,2390,41,地下鉄空港線,東比恵,6,1LDK,42.82,福岡県福岡市博多区比恵町,https://suumo.jp//ms/chuko/fukuoka/sc_fukuokashihakata/nc_20308901/
20310107,プレイスポットしんばしビル本館,2480,51,地下鉄七隈線,櫛田神社前,2,1DK,40.63,福岡県福岡市博多区中洲２,https://suumo.jp//ms/chuko/fukuoka/sc_fukuokashihakata/nc_20310107/
20310482,サンシティ鳥飼,3999,32,地下鉄七隈線,別府,11,3LDK,68.48,福岡県福岡市城南区鳥飼４,https://suumo.jp//ms/chuko/fukuoka/sc_fukuokashijonan/nc_20310482/
20310563,シティマンション薬院Ⅱ,2980,41,西鉄天神大牟田線,薬院,5,2LDK,48.8,福岡県福岡市中央区大宮１,https://suumo.jp//ms/chuko/fukuoka/sc_fukuokashichuo/nc_20310563/
20311650,RKB別府マンション2棟,2599,48,地下鉄七隈線,別府,11,3LDK,81.46,福岡県福岡市城南区別府５,https://suumo.jp//ms/chuko/fukuoka/sc_fukuokashijonan/nc_20311650/
20312015,パークホームズ警固本通り,7980,17,地下鉄空港線,赤坂,9,3LDK,82.96,福岡県福岡市中央区警固２,https://suumo.jp//ms/chuko/fukuoka/sc_fukuokashichuo/nc_20312015/
20312519,グランドパレス浄水通り,12850,9,地下鉄七隈線,薬院大通,8,2LDK+S（納戸）,101.74,福岡県福岡市中央区薬院４-15-10,https://suumo.jp//ms/chuko/fukuoka/sc_fukuokashichuo/nc_20312519/
20313163,ヒルズ平尾,6280,28,地下鉄七隈線,薬院大通,13,3LDK,80.79,福岡県福岡市中央区平尾４,https://suumo.jp//ms/chuko/fukuoka/sc_fukuokashichuo/nc_20313163/
20313483,オープンレジデンシア天神今泉,4900,3,地下鉄七隈線,薬院大通,6,2LDK,46.01,福岡県福岡市中央区今泉２,https://suumo.jp//ms/chuko/fukuoka/sc_fukuokashichuo/nc_20313483/
20313985,アーバンパレスアクス大濠,6580,31,地下鉄空港線,大濠公園,7,3LDK,72.48,福岡県福岡市中央区荒戸３,https://suumo.jp//ms/chuko/fukuoka/sc_fukuokashichuo/nc_20313985/
20314213,ソピア大濠西,5280,27,地下鉄空港線,西新,10,3LDK,69.57,福岡県福岡市中央区鳥飼３-16-9,https://suumo.jp//ms/chuko/fukuoka/sc_fukuokashichuo/nc_20314213/
20316237,赤坂エクセル,3450,52,地下鉄空港線,赤坂,12,2LDK,79.5,福岡県福岡市中央区赤坂３-8-26,https://suumo.jp//ms/chuko/fukuoka/sc_fukuokashichuo/nc_20316237/
20316550,トーカンマンシヨン今泉一〇　708,2199,46,地下鉄七隈線,天神南,7,1LDK,38.7,福岡県福岡市中央区今泉１-7-13,https://suumo.jp//ms/chuko/fukuoka/sc_fukuokashichuo/nc_20316550/
20317485,オープンレジデンシア天神今泉,4900,3,地下鉄七隈線,薬院大通,6,2LDK,46.01,福岡県福岡市中央区今泉２,https://suumo.jp//ms/chuko/fukuoka/sc_fukuokashichuo/nc_20317485/
20320416,ジョイナス天神タワー,3999,29,地下鉄空港線,中洲川端,10,2LDK,56.14,福岡県福岡市博多区対馬小路,https://suumo.jp//ms/chuko/fukuoka/sc_fukuokashihakata/nc_20320416/
20320814,ロマネスク渡辺通第2,1799,37,地下鉄七隈線,渡辺通,12,1LDK,33.29,福岡県福岡市中央区高砂２-6-15,https://suumo.jp//ms/chuko/fukuoka/sc_fukuokashichuo/nc_20320814/
20320872,レジデンス西新パークサイド,6350,12,地下鉄空港線,西新,10,3LDK,70.1,福岡県福岡市早良区祖原25,https://suumo.jp//ms/chuko/fukuoka/sc_fukuokashisawara/nc_20320872/
20324467,パークハウス大濠南,4780,30,地下鉄七隈線,六本松,5,3LDK,70.06,福岡県福岡市中央区草香江１,https://suumo.jp//ms/chuko/fukuoka/sc_fukuokashichuo/nc_20324467/
20324824,プレミスト天神赤坂タワー,15480,7,地下鉄空港線,赤坂,2,2LDK,69.76,福岡県福岡市中央区大名２,https://suumo.jp//ms/chuko/fukuoka/sc_fukuokashichuo/nc_20324824/
20325130,ロマネスク渡辺通第2,1799,37,西鉄天神大牟田線,薬院,13,1LDK,33.29,福岡県福岡市中央区高砂２,https://suumo.jp//ms/chuko/fukuoka/sc_fukuokashichuo/nc_20325130/
20326885,ロマネスク渡辺通第２,1799,37,地下鉄七隈線,渡辺通,12,1LDK,33.29,福岡県福岡市中央区高砂２-６－１５,https://suumo.jp//ms/chuko/fukuoka/sc_fukuokashichuo/nc_20326885/
20327626,ロマネスク渡辺通第２,1799,37,地下鉄七隈線,渡辺通,12,1LDK,33.29,福岡県福岡市中央区高砂２-6-15,https://suumo.jp//ms/chuko/fukuoka/sc_fukuokashichuo/nc_20327626/
20329272,グランドパレス浄水通り,12850,9,地下鉄七隈線,薬院大通,6,2LDK+S（納戸）,101.74,福岡県福岡市中央区薬院４,https://suumo.jp//ms/chuko/fukuoka/sc_fukuokashichuo/nc_20329272/
20329550,グランドメゾン大濠プレイス,9500,14,地下鉄七隈線,六本松,11,2LDK+S（納戸）,88.05,福岡県福岡市中央区鳥飼１,https://suumo.jp//ms/chuko/fukuoka/sc_fukuokashichuo/nc_20329550/
20331839,日商岩井レジオン大濠,4799,29,地下鉄空港線,唐人町,1,2LDK,51.05,福岡県福岡市中央区黒門,https://suumo.jp//ms/chuko/fukuoka/sc_fukuokashichuo/nc_20331839/
20332513,朝日プラザ桜坂　中古マンション,2780,40,地下鉄七隈線,桜坂,6,3LDK,62.34,福岡県福岡市中央区谷１,https://suumo.jp//ms/chuko/fukuoka/sc_fukuokashichuo/nc_20332513/
20332850,ロマネスク渡辺通第2,1799,37,地下鉄七隈線,渡辺通,13,1LDK,33.29,福岡県福岡市中央区高砂２,https://suumo.jp//ms/chuko/fukuoka/sc_fukuokashichuo/nc_20332850/
20333444,シティライフ呉服町,4680,26,地下鉄空港線,中洲川端,13,2LDK,64.76,福岡県福岡市博多区下呉服町,https://suumo.jp//ms/chuko/fukuoka/sc_fukuokashihakata/nc_20333444/
20334642,ＲＫＢ別府マンション２棟,2599,48,地下鉄七隈線,別府,14,2LDK+S（納戸）,81.46,福岡県福岡市城南区別府５,https://suumo.jp//ms/chuko/fukuoka/sc_fukuokashijonan/nc_20334642/
20336574,グランドメゾン大濠プレイス,9500,14,地下鉄七隈線,六本松,11,2LDK+S（納戸）,88.05,福岡県福岡市中央区鳥飼１,https://suumo.jp//ms/chuko/fukuoka/sc_fukuokashichuo/nc_20336574/
20336580,グランドパレス浄水通り,12850,9,地下鉄七隈線,薬院大通,6,2LDK,101.74,福岡県福岡市中央区薬院４,https://suumo.jp//ms/chuko/fukuoka/sc_fukuokashichuo/nc_20336580/
20336585,ＭＪＲ博多ザ・レジデンス,7680,1,ＪＲ鹿児島本線,博多,13,3LDK,66.77,福岡県福岡市博多区美野島１,https://suumo.jp//ms/chuko/fukuoka/sc_fukuokashihakata/nc_20336585/
20337457,祖原公園ハウス（居住中）,2590,43,地下鉄空港線,西新,12,2DK,57.04,福岡県福岡市早良区祖原,https://suumo.jp//ms/chuko/fukuoka/sc_fukuokashisawara/nc_20337457/
20337474,GSハイム博多（居住中）,2520,46,地下鉄空港線,東比恵,7,4DK,66.15,福岡県福岡市博多区博多駅東２,https://suumo.jp//ms/chuko/fukuoka/sc_fukuokashihakata/nc_20337474/
20337475,藤和今泉コープ（居住中）,2490,47,地下鉄七隈線,薬院大通,9,3LDK,69.6,福岡県福岡市中央区今泉２,https://suumo.jp//ms/chuko/fukuoka/sc_fukuokashichuo/nc_20337475/
20337661,ロマネスク渡辺通第2　中古マンション,1799,37,地下鉄七隈線,渡辺通,12,1LDK,33.29,福岡県福岡市中央区高砂２,https://suumo.jp//ms/chuko/fukuoka/sc_fukuokashichuo/nc_20337661/
20338605,ロマネスク大濠アネックス,3099,39,地下鉄空港線,唐人町,13,2LDK,59.65,福岡県福岡市中央区鳥飼２-6-15,https://suumo.jp//ms/chuko/fukuoka/sc_fukuokashichuo/nc_20338605/
20338825,朝日プラザ桜坂,2780,40,地下鉄七隈線,桜坂,5,2LDK,65.49,福岡県福岡市中央区谷１,https://suumo.jp//ms/chuko/fukuoka/sc_fukuokashichuo/nc_20338825/
20340114,エバーライフ東平尾公園２,2780,31,地下鉄空港線,福岡空港,15,3LDK,70.01,福岡県福岡市博多区青木１-１７－１,https://suumo.jp//ms/chuko/fukuoka/sc_fukuokashihakata/nc_20340114/
20340256,グランフォーレ六本松スタイル,2580,7,地下鉄七隈線,六本松,5,1LDK,34.12,福岡県福岡市中央区草香江２,https://suumo.jp//ms/chuko/fukuoka/sc_fukuokashichuo/nc_20340256/
20342648,RKB別府マンション　【担当：中尾】　までお気軽にお…,2599,48,地下鉄七隈線,別府,12,2LDK+S（納戸）,81.46,福岡県福岡市城南区別府５,https://suumo.jp//ms/chuko/fukuoka/sc_fukuokashijonan/nc_20342648/
20343509,レジデンス西新パークサイド,6350,12,地下鉄空港線,西新,10,3LDK,70.1,福岡県福岡市早良区祖原,https://suumo.jp//ms/chuko/fukuoka/sc_fukuokashisawara/nc_20343509/
20343537,アルファライフ博多,4899,15,ＪＲ鹿児島本線,博多,13,1LDK,53.04,福岡県福岡市博多区住吉５,https://suumo.jp//ms/chuko/fukuoka/sc_fukuokashihakata/nc_20343537/
20343565,ソピア天神,6480,27,地下鉄空港線,赤坂,10,2LDK+S（納戸）,74.0,福岡県福岡市中央区警固１,https://suumo.jp//ms/chuko/fukuoka/sc_fukuokashichuo/nc_20343565/
20343709,アトリーチェ西新,4120,27,地下鉄空港線,西新,3,2LDK,51.64,福岡県福岡市早良区西新１,https://suumo.jp//ms/chuko/fukuoka/sc_fukuokashisawara/nc_20343709/
20344674,エンクレスト天神ＬＡＲＫ,5830,7,地下鉄空港線,中洲川端,8,1LDK,58.38,福岡県福岡市博多区対馬小路,https://suumo.jp//ms/chuko/fukuoka/sc_fukuokashihakata/nc_20344674/
20344675,アンピール百年橋,4180,31,地下鉄七隈線,渡辺通,14,3LDK,70.11,福岡県福岡市中央区清川３,https://suumo.jp//ms/chuko/fukuoka/sc_fukuokashichuo/nc_20344675/
20345306,ロマネスク呉服町,2490,36,地下鉄空港線,中洲川端,12,1LDK,40.46,福岡県福岡市博多区下呉服町7-205,https://suumo.jp//ms/chuko/fukuoka/sc_fukuokashihakata/nc_20345306/
20346316,ネクサス薬院二丁目,7500,10,地下鉄七隈線,薬院大通,3,3LDK,73.0,福岡県福岡市中央区薬院２-5-15,https://suumo.jp//ms/chuko/fukuoka/sc_fukuokashichuo/nc_20346316/
20346627,グランドメゾン大濠公園ＴＨＥ　ＣＬＡＳＳ,12000,2,地下鉄空港線,大濠公園,4,2LDK,60.35,福岡県福岡市中央区荒戸２,https://suumo.jp//ms/chuko/fukuoka/sc_fukuokashichuo/nc_20346627/
20350288,コモダスパッソ天神,4980,26,地下鉄七隈線,天神南,3,2LDK,60.87,福岡県福岡市中央区渡辺通５-6－18,https://suumo.jp//ms/chuko/fukuoka/sc_fukuokashichuo/nc_20350288/
20351680,プレイスポットしんばしビル本館,2480,51,地下鉄七隈線,櫛田神社前,5,1DK,40.63,福岡県福岡市博多区中洲２-1-11,https://suumo.jp//ms/chuko/fukuoka/sc_fukuokashihakata/nc_20351680/
20352263,日商岩井今泉マンション,3980,52,地下鉄七隈線,薬院大通,7,3LDK,78.75,福岡県福岡市中央区今泉２,https://suumo.jp//ms/chuko/fukuoka/sc_fukuokashichuo/nc_20352263/
20354631,サンメゾン西新,8990,6,地下鉄空港線,西新,12,4LDK,97.16,福岡県福岡市早良区曙１,https://suumo.jp//ms/chuko/fukuoka/sc_fukuokashisawara/nc_20354631/
20354636,グランドステイツ大濠公園南,8280,22,地下鉄七隈線,六本松,5,3LDK,80.69,福岡県福岡市中央区六本松３,https://suumo.jp//ms/chuko/fukuoka/sc_fukuokashichuo/nc_20354636/
20354638,ライオンズマンション南薬院,2380,43,西鉄天神大牟田線,薬院,5,1LDK,47.79,福岡県福岡市中央区薬院３,https://suumo.jp//ms/chuko/fukuoka/sc_fukuokashichuo/nc_20354638/
20354639,東峰マンション空港通り,2200,28,地下鉄空港線,東比恵,12,2LDK,55.56,福岡県福岡市博多区豊１,https://suumo.jp//ms/chuko/fukuoka/sc_fukuokashihakata/nc_20354639/
20354640,アメックス博多ベルテックステージ,5280,16,地下鉄空港線,中洲川端,3,1LDK,42.66,福岡県福岡市博多区下川端町,https://suumo.jp//ms/chuko/fukuoka/sc_fukuokashihakata/nc_20354640/
20355646,第7プリンスマンション（居住中）,2830,48,地下鉄七隈線,渡辺通,10,3LDK,74.01,福岡県福岡市中央区高砂１,https://suumo.jp//ms/chuko/fukuoka/sc_fukuokashichuo/nc_20355646/
20355816,ＣＬＵＢ　ＴＨＥ．薬院ステーションタワー,46000,6,西鉄天神大牟田線,薬院,2,2LDK+S（納戸）,138.16,福岡県福岡市中央区白金１-17-34,https://suumo.jp//ms/chuko/fukuoka/sc_fukuokashichuo/nc_20355816/
20359423,ライオンズマンション平尾,2820,47,地下鉄七隈線,薬院大通,14,3DK,65.71,福岡県福岡市中央区平尾２,https://suumo.jp//ms/chuko/fukuoka/sc_fukuokashichuo/nc_20359423/
20359832,ダイアパレス平尾２,3140,43,西鉄天神大牟田線,薬院,10,2LDK,64.1,福岡県福岡市中央区大宮２,https://suumo.jp//ms/chuko/fukuoka/sc_fukuokashichuo/nc_20359832/
20360375,秀和警固レジデンス,3380,52,地下鉄空港線,赤坂,7,2LDK+S（納戸）,69.43,福岡県福岡市中央区警固２,https://suumo.jp//ms/chuko/fukuoka/sc_fukuokashichuo/nc_20360375/
20361225,ロワールマンション西公園ビュー,2398,36,地下鉄空港線,大濠公園,14,2LDK,53.27,福岡県福岡市中央区港３,https://suumo.jp//ms/chuko/fukuoka/sc_fukuokashichuo/nc_20361225/
20363119,西新七丁目パーク・ホームズ,7280,30,地下鉄空港線,西新,10,4LDK,85.89,福岡県福岡市早良区西新７-14-3,https://suumo.jp//ms/chuko/fukuoka/sc_fukuokashisawara/nc_20363119/
20363942,日商岩井今泉マンション,3490,42,地下鉄七隈線,薬院大通,9,2LDK,68.75,福岡県福岡市中央区今泉２,https://suumo.jp//ms/chuko/fukuoka/sc_fukuokashichuo/nc_20363942/
20364233,エンクレスト天神南Ⅲ,2499,21,地下鉄七隈線,渡辺通,13,1LDK,37.86,福岡県福岡市中央区清川３-２－９,https://suumo.jp//ms/chuko/fukuoka/sc_fukuokashichuo/nc_20364233/
20364460,ライオンズ鳥飼イーストフォート,7580,16,地下鉄七隈線,別府,10,4LDK,100.01,福岡県福岡市城南区鳥飼６,https://suumo.jp//ms/chuko/fukuoka/sc_fukuokashijonan/nc_20364460/
20365400,コスモ博多古門戸,4499,23,地下鉄空港線,中洲川端,8,1LDK+S（納戸）,54.49,福岡県福岡市博多区古門戸町,https://suumo.jp//ms/chuko/fukuoka/sc_fukuokashihakata/nc_20365400/
20365714,グランドステイツ大濠公園南,8280,22,地下鉄七隈線,六本松,4,3LDK,80.69,福岡県福岡市中央区六本松３-10-28,https://suumo.jp//ms/chuko/fukuoka/sc_fukuokashichuo/nc_20365714/
20366657,ロマネスク呉服町,2490,36,地下鉄箱崎線,中洲川端,12,1LDK,40.46,福岡県福岡市博多区下呉服町7-205,https://suumo.jp//ms/chuko/fukuoka/sc_fukuokashihakata/nc_20366657/
20367370,第2住吉ハイツ,1780,47,地下鉄七隈線,渡辺通,10,1LDK,55.55,福岡県福岡市博多区住吉３,https://suumo.jp//ms/chuko/fukuoka/sc_fukuokashihakata/nc_20367370/
20367604,Brillia平尾浄水,11800,17,地下鉄七隈線,薬院大通,12,3LDK,114.43,福岡県福岡市中央区平尾浄水町,https://suumo.jp//ms/chuko/fukuoka/sc_fukuokashichuo/nc_20367604/
20367967,パークハイツ平尾山荘　21棟,2490,45,地下鉄七隈線,薬院大通,15,3LDK,79.44,福岡県福岡市中央区平尾５,https://suumo.jp//ms/chuko/fukuoka/sc_fukuokashichuo/nc_20367967/
20368371,ツインタワー空港通り,3599,32,地下鉄空港線,東比恵,12,3LDK,71.7,福岡県福岡市博多区豊１-1-17,https://suumo.jp//ms/chuko/fukuoka/sc_fukuokashihakata/nc_20368371/
20368645,パークエステート博多,5230,29,地下鉄箱崎線,中洲川端,6,3LDK,60.81,福岡県福岡市博多区店屋町,https://suumo.jp//ms/chuko/fukuoka/sc_fukuokashihakata/nc_20368645/
20369638,ヒルズ平尾,6280,28,地下鉄七隈線,薬院大通,14,3LDK,80.79,福岡県福岡市中央区平尾４,https://suumo.jp//ms/chuko/fukuoka/sc_fukuokashichuo/nc_20369638/
20370112,MJR博多ザ・レジデンス,8200,1,ＪＲ鹿児島本線,博多,13,2LDK,70.1,福岡県福岡市博多区美野島１,https://suumo.jp//ms/chuko/fukuoka/sc_fukuokashihakata/nc_20370112/
20370315,コアマンション城南ネクステージ,4490,22,地下鉄七隈線,別府,13,3LDK,77.02,福岡県福岡市城南区田島１,https://suumo.jp//ms/chuko/fukuoka/sc_fukuokashijonan/nc_20370315/
20370756,ツインタワー空港通り,3599,32,地下鉄空港線,東比恵,13,3LDK,71.7,福岡県福岡市博多区豊１-1-17,https://suumo.jp//ms/chuko/fukuoka/sc_fukuokashihakata/nc_20370756/
20370839,大名サンハイツ,2690,45,地下鉄空港線,赤坂,6,3LDK,62.32,福岡県福岡市中央区大名１-11-5,https://suumo.jp//ms/chuko/fukuoka/sc_fukuokashichuo/nc_20370839/
20372579,チサンマンション祇園,3180,46,地下鉄空港線,祇園,4,2LDK,52.98,福岡県福岡市博多区祇園町,https://suumo.jp//ms/chuko/fukuoka/sc_fukuokashihakata/nc_20372579/
20372624,大名サンハイツ,2690,45,地下鉄空港線,赤坂,5,3LDK,62.32,福岡県福岡市中央区大名１,https://suumo.jp//ms/chuko/fukuoka/sc_fukuokashichuo/nc_20372624/
20375081,エクセレンス谷,2590,47,地下鉄七隈線,桜坂,6,2LDK,57.23,福岡県福岡市中央区谷１,https://suumo.jp//ms/chuko/fukuoka/sc_fukuokashichuo/nc_20375081/
20375808,ロマネスク渡辺通第２,1799,37,地下鉄七隈線,渡辺通,12,1LDK,33.29,福岡県福岡市中央区高砂２,https://suumo.jp//ms/chuko/fukuoka/sc_fukuokashichuo/nc_20375808/
20378847,マンションアベニュー,1999,52,地下鉄空港線,西新,4,1LDK,44.57,福岡県福岡市早良区西新５,https://suumo.jp//ms/chuko/fukuoka/sc_fukuokashisawara/nc_20378847/
20378888,藤崎ロジュマン,4380,38,地下鉄空港線,藤崎,10,3LDK,82.76,福岡県福岡市早良区昭代３,https://suumo.jp//ms/chuko/fukuoka/sc_fukuokashisawara/nc_20378888/
20382033,RKB別府マンション,2599,48,地下鉄七隈線,別府,12,2LDK+S（納戸）,81.46,福岡県福岡市城南区別府５,https://suumo.jp//ms/chuko/fukuoka/sc_fukuokashijonan/nc_20382033/
20382600,東洋マンション大名,2980,47,地下鉄空港線,赤坂,5,3LDK,65.7,福岡県福岡市中央区大名２,https://suumo.jp//ms/chuko/fukuoka/sc_fukuokashichuo/nc_20382600/
20382669,オープンレジデンシア薬院白金,3498,3,西鉄天神大牟田線,薬院,8,1LDK,33.92,福岡県福岡市中央区白金２,https://suumo.jp//ms/chuko/fukuoka/sc_fukuokashichuo/nc_20382669/
20383383,東洋マンション大名,2980,47,地下鉄空港線,赤坂,8,3LDK,65.7,福岡県福岡市中央区大名２-1－43,https://suumo.jp//ms/chuko/fukuoka/sc_fukuokashichuo/nc_20383383/
20383590,サントーア薬院,5480,31,地下鉄七隈線,薬院大通,5,2LDK,73.35,福岡県福岡市中央区薬院２,https://suumo.jp//ms/chuko/fukuoka/sc_fukuokashichuo/nc_20383590/
20384520,シャンボール大名A棟,3490,45,地下鉄七隈線,薬院大通,7,3DK,61.08,福岡県福岡市中央区薬院２,https://suumo.jp//ms/chuko/fukuoka/sc_fukuokashichuo/nc_20384520/
20387762,パーク・エステート博多503号室,5280,29,地下鉄空港線,祇園,6,2LDK,60.81,福岡県福岡市博多区店屋町,https://suumo.jp//ms/chuko/fukuoka/sc_fukuokashihakata/nc_20387762/
20388734,コーポラス東光,1680,52,地下鉄空港線,東比恵,7,1LDK,46.67,福岡県福岡市博多区東光２,https://suumo.jp//ms/chuko/fukuoka/sc_fukuokashihakata/nc_20388734/
20388737,ソレイユ赤坂南,5298,37,地下鉄七隈線,桜坂,6,3LDK,75.03,福岡県福岡市中央区六本松３,https://suumo.jp//ms/chuko/fukuoka/sc_fukuokashichuo/nc_20388737/
20389763,東洋マンション大名,2980,47,地下鉄空港線,赤坂,4,3LDK,65.7,福岡県福岡市中央区大名２-1-43,https://suumo.jp//ms/chuko/fukuoka/sc_fukuokashichuo/nc_20389763/
20389846,グランドメゾン浄水ガーデンシティ　サウスフォレスト,10800,11,地下鉄七隈線,薬院大通,7,3LDK,77.73,福岡県福岡市中央区薬院４,https://suumo.jp//ms/chuko/fukuoka/sc_fukuokashichuo/nc_20389846/
20389892,グランドメゾン福岡Ｔｈｅ　Ｃｅｎｔｒａｌ　Ｌｕｘｅ,11000,1,西鉄天神大牟田線,薬院,3,1LDK,51.35,福岡県福岡市中央区渡辺通２,https://suumo.jp//ms/chuko/fukuoka/sc_fukuokashichuo/nc_20389892/
20389894,アンピール舞鶴,6980,22,地下鉄空港線,赤坂,7,2LDK,69.44,福岡県福岡市中央区舞鶴１,https://suumo.jp//ms/chuko/fukuoka/sc_fukuokashichuo/nc_20389894/
20390570,ジョイナス天神タワー,4298,29,地下鉄空港線,中洲川端,11,3LDK,72.59,福岡県福岡市博多区対馬小路,https://suumo.jp//ms/chuko/fukuoka/sc_fukuokashihakata/nc_20390570/
20392010,エンクレスト天神南III,2499,21,地下鉄七隈線,渡辺通,13,1LDK,37.86,福岡県福岡市中央区清川３,https://suumo.jp//ms/chuko/fukuoka/sc_fukuokashichuo/nc_20392010/
20392184,ダイアパレス平尾2,3140,43,西鉄天神大牟田線,薬院,12,2LDK,64.1,福岡県福岡市中央区大宮２,https://suumo.jp//ms/chuko/fukuoka/sc_fukuokashichuo/nc_20392184/
20392282,ロマネスク渡辺通第2,1799,37,地下鉄七隈線,渡辺通,12,1LDK,33.29,福岡県福岡市中央区高砂２,https://suumo.jp//ms/chuko/fukuoka/sc_fukuokashichuo/nc_20392282/
20392346,シティマンション薬院,3150,42,地下鉄七隈線,薬院大通,3,2LDK,56.22,福岡県福岡市中央区薬院１,https://suumo.jp//ms/chuko/fukuoka/sc_fukuokashichuo/nc_20392346/
20392505,デュオヴェール博多駅,4480,3,ＪＲ鹿児島本線,博多,8,1LDK,43.82,福岡県福岡市博多区博多駅東１,https://suumo.jp//ms/chuko/fukuoka/sc_fukuokashihakata/nc_20392505/
20393142,ロマネスク渡辺通第2,1799,37,地下鉄七隈線,渡辺通,12,1LDK,33.29,福岡県福岡市中央区高砂２,https://suumo.jp//ms/chuko/fukuoka/sc_fukuokashichuo/nc_20393142/
20393888,グランドサンリヤン大濠公園パークビュー,9380,21,地下鉄七隈線,六本松,9,3LDK,96.91,福岡県福岡市中央区草香江１,https://suumo.jp//ms/chuko/fukuoka/sc_fukuokashichuo/nc_20393888/
20393985,パークハウス西新7丁目,8150,21,地下鉄空港線,西新,11,3LDK,91.02,福岡県福岡市早良区西新７-14-40,https://suumo.jp//ms/chuko/fukuoka/sc_fukuokashisawara/nc_20393985/
20394561,グランド・サンリヤン大濠公園パークビュー,13480,21,地下鉄七隈線,六本松,9,3LDK,91.39,福岡県福岡市中央区草香江１,https://suumo.jp//ms/chuko/fukuoka/sc_fukuokashichuo/nc_20394561/
20394805,ツインタワー空港通り,3599,32,地下鉄空港線,東比恵,14,3LDK,71.7,福岡県福岡市博多区豊１,https://suumo.jp//ms/chuko/fukuoka/sc_fukuokashihakata/nc_20394805/
20395081,エンクレスト天神南Ⅲ,2499,21,地下鉄七隈線,渡辺通,15,1LDK,37.86,福岡県福岡市中央区清川３,https://suumo.jp//ms/chuko/fukuoka/sc_fukuokashichuo/nc_20395081/
20395185,アンピール舞鶴,6980,22,地下鉄空港線,赤坂,8,2LDK,69.44,福岡県福岡市中央区舞鶴１,https://suumo.jp//ms/chuko/fukuoka/sc_fukuokashichuo/nc_20395185/
20395435,サンシティ鳥飼,3899,32,地下鉄七隈線,別府,11,3LDK,68.48,福岡県福岡市城南区鳥飼４,https://suumo.jp//ms/chuko/fukuoka/sc_fukuokashijonan/nc_20395435/
20395544,Ｂｒｉｌｌｉａ平尾浄水,11800,17,地下鉄七隈線,薬院大通,12,3LDK,114.43,福岡県福岡市中央区平尾浄水町,https://suumo.jp//ms/chuko/fukuoka/sc_fukuokashichuo/nc_20395544/
20395545,グランドメゾン福岡　Ｔｈｅ　Ｃｅｎｔｒａｌ　Ｌｕｘｅ,7580,1,西鉄天神大牟田線,薬院,2,1LDK,51.35,福岡県福岡市中央区渡辺通２,https://suumo.jp//ms/chuko/fukuoka/sc_fukuokashichuo/nc_20395545/
20395547,アンピール舞鶴,6980,22,地下鉄空港線,天神,7,2LDK,69.44,福岡県福岡市中央区舞鶴１,https://suumo.jp//ms/chuko/fukuoka/sc_fukuokashichuo/nc_20395547/
20397410,シーサイドももちヴェルデコート５番館,6190,35,地下鉄空港線,藤崎,11,3LDK,93.67,福岡県福岡市早良区百道浜３,https://suumo.jp//ms/chuko/fukuoka/sc_fukuokashisawara/nc_20397410/
20400394,ヒューマインド博多駅東ネクスタイル,4480,21,地下鉄空港線,東比恵,5,2LDK,58.3,福岡県福岡市博多区東比恵３,https://suumo.jp//ms/chuko/fukuoka/sc_fukuokashihakata/nc_20400394/
20401001,グランドメゾン浄水ガーデンシティ　フォレストゲートⅢ,19800,8,地下鉄七隈線,薬院大通,5,3LDK,100.07,福岡県福岡市中央区薬院４,https://suumo.jp//ms/chuko/fukuoka/sc_fukuokashichuo/nc_20401001/
20401002,フリーディア赤坂プレミアム,20000,6,地下鉄空港線,赤坂,6,2LDK,103.54,福岡県福岡市中央区舞鶴３,https://suumo.jp//ms/chuko/fukuoka/sc_fukuokashichuo/nc_20401002/
20401003,アメックス西新駅前,7380,25,地下鉄空港線,西新,2,3LDK,88.97,福岡県福岡市早良区西新２,https://suumo.jp//ms/chuko/fukuoka/sc_fukuokashisawara/nc_20401003/
20401004,アクロス大濠公園グランビュー,4380,1,地下鉄空港線,唐人町,3,1LDK,37.11,福岡県福岡市中央区黒門,https://suumo.jp//ms/chuko/fukuoka/sc_fukuokashichuo/nc_20401004/
20401158,リファレンス天神南,4399,24,地下鉄七隈線,渡辺通,13,3LDK,65.32,福岡県福岡市中央区清川２,https://suumo.jp//ms/chuko/fukuoka/sc_fukuokashichuo/nc_20401158/
20401571,ジョイナス天神タワー,3999,29,地下鉄空港線,中洲川端,11,2LDK,56.14,福岡県福岡市博多区対馬小路,https://suumo.jp//ms/chuko/fukuoka/sc_fukuokashihakata/nc_20401571/
20401835,ダイアパレス西公園Ⅱ,5680,41,地下鉄空港線,大濠公園,7,4LDK,116.59,福岡県福岡市中央区荒戸２,https://suumo.jp//ms/chuko/fukuoka/sc_fukuokashichuo/nc_20401835/
20401837,グランドメゾン赤坂１丁目,11580,13,地下鉄空港線,赤坂,6,3LDK,88.11,福岡県福岡市中央区赤坂１,https://suumo.jp//ms/chuko/fukuoka/sc_fukuokashichuo/nc_20401837/
20402146,ラ・レジダンス・ド・パンテール,290,38,地下鉄空港線,大濠公園,9,1K,16.2,福岡県福岡市中央区荒戸２,https://suumo.jp//ms/chuko/fukuoka/sc_fukuokashichuo/nc_20402146/
20402892,ロマネスク渡辺通第2,1799,37,地下鉄七隈線,渡辺通,12,1LDK,33.29,福岡県福岡市中央区高砂２,https://suumo.jp//ms/chuko/fukuoka/sc_fukuokashichuo/nc_20402892/
20407256,ブリリアタワー西新,30000,5,地下鉄空港線,西新,1,2LDK,101.65,福岡県福岡市早良区西新４-1-1,https://suumo.jp//ms/chuko/fukuoka/sc_fukuokashisawara/nc_20407256/
20407524,コスモ博多古門戸,4499,23,地下鉄空港線,中洲川端,9,1LDK+S（納戸）,54.49,福岡県福岡市博多区古門戸町,https://suumo.jp//ms/chuko/fukuoka/sc_fukuokashihakata/nc_20407524/
20407791,ロマネスク大濠アネックス,3099,39,地下鉄空港線,唐人町,14,2LDK,59.65,福岡県福岡市中央区鳥飼２,https://suumo.jp//ms/chuko/fukuoka/sc_fukuokashichuo/nc_20407791/
20407977,シティマンション薬院,2000,42,地下鉄七隈線,薬院大通,3,2DK,43.82,福岡県福岡市中央区薬院１,https://suumo.jp//ms/chuko/fukuoka/sc_fukuokashichuo/nc_20407977/
20408895,オープンレジデンシア博多駅南,4080,2,ＪＲ鹿児島本線,博多,11,1DK,34.58,福岡県福岡市博多区博多駅南２,https://suumo.jp//ms/chuko/fukuoka/sc_fukuokashihakata/nc_20408895/
20408896,グランドメゾン大濠サウスサイドレジデンス,12500,8,地下鉄七隈線,六本松,5,3LDK,100.43,福岡県福岡市中央区草香江１,https://suumo.jp//ms/chuko/fukuoka/sc_fukuokashichuo/nc_20408896/
20408984,ダイアパレスグランデージ大名,6480,28,地下鉄空港線,赤坂,6,2LDK+S（納戸）,70.69,福岡県福岡市中央区大名１,https://suumo.jp//ms/chuko/fukuoka/sc_fukuokashichuo/nc_20408984/
20409313,アルテマインド浄水平丘,10800,16,地下鉄七隈線,薬院大通,9,3LDK,94.63,福岡県福岡市中央区平丘町,https://suumo.jp//ms/chuko/fukuoka/sc_fukuokashichuo/nc_20409313/
20410240,イニシアイオ大名,4280,18,地下鉄空港線,赤坂,5,1LDK,45.0,福岡県福岡市中央区大名１-9-4,https://suumo.jp//ms/chuko/fukuoka/sc_fukuokashichuo/nc_20410240/
20411074,天神南ハイツ,1580,45,地下鉄七隈線,渡辺通,10,ワンルーム,44.77,福岡県福岡市中央区清川２-12-4,https://suumo.jp//ms/chuko/fukuoka/sc_fukuokashichuo/nc_20411074/
20412591,ライオンズマンション六本松第２,1480,38,地下鉄七隈線,桜坂,6,2DK,44.96,福岡県福岡市中央区六本松３,https://suumo.jp//ms/chuko/fukuoka/sc_fukuokashichuo/nc_20412591/
20412861,グランドメゾン大濠南,10990,25,地下鉄七隈線,六本松,3,3LDK+S（納戸）,98.79,福岡県福岡市中央区草香江２-1-38,https://suumo.jp//ms/chuko/fukuoka/sc_fukuokashichuo/nc_20412861/
20413101,ロマネスク呉服町,2490,36,地下鉄空港線,中洲川端,13,1LDK,40.46,福岡県福岡市博多区下呉服町,https://suumo.jp//ms/chuko/fukuoka/sc_fukuokashihakata/nc_20413101/
20414709,ジョイナス天神タワー,3999,29,地下鉄空港線,中洲川端,12,2LDK,56.14,福岡県福岡市博多区対馬小路,https://suumo.jp//ms/chuko/fukuoka/sc_fukuokashihakata/nc_20414709/
20415226,西新パークマンション,2500,38,地下鉄空港線,西新,7,3LDK,70.97,福岡県福岡市早良区西新３,https://suumo.jp//ms/chuko/fukuoka/sc_fukuokashisawara/nc_20415226/
20415519,グランドメゾン大濠公園THE CLASS,12000,2,地下鉄空港線,大濠公園,5,2LDK,60.35,福岡県福岡市中央区荒戸２,https://suumo.jp//ms/chuko/fukuoka/sc_fukuokashichuo/nc_20415519/
20415847,第三住吉ハイツ,2599,46,ＪＲ鹿児島本線,博多,14,2LDK,67.2,福岡県福岡市博多区住吉５,https://suumo.jp//ms/chuko/fukuoka/sc_fukuokashihakata/nc_20415847/
20416506,エンクレスト天神南,1180,26,地下鉄七隈線,渡辺通,9,1K,23.4,福岡県福岡市中央区清川２,https://suumo.jp//ms/chuko/fukuoka/sc_fukuokashichuo/nc_20416506/
20416508,グランドメゾン福岡　Ｔｈｅ　Ｃｅｎｔｒａｌ　Ｌｕｘｅ,18500,1,西鉄天神大牟田線,薬院,2,2LDK,77.39,福岡県福岡市中央区渡辺通２,https://suumo.jp//ms/chuko/fukuoka/sc_fukuokashichuo/nc_20416508/
20416709,グランドメゾン百道浜オーシャン＆フォレスト,25800,16,地下鉄空港線,西新,15,3LDK,155.52,福岡県福岡市早良区百道浜３,https://suumo.jp//ms/chuko/fukuoka/sc_fukuokashisawara/nc_20416709/
20416749,クラブエイリック藤崎南ザ・テラス,5280,13,地下鉄空港線,藤崎,12,3LDK,84.62,福岡県福岡市早良区原１,https://suumo.jp//ms/chuko/fukuoka/sc_fukuokashisawara/nc_20416749/
20416810,ツインタワー空港通り,3599,32,地下鉄空港線,東比恵,14,3LDK,71.7,福岡県福岡市博多区豊１,https://suumo.jp//ms/chuko/fukuoka/sc_fukuokashihakata/nc_20416810/
20417016,ジョイナス天神タワー,3999,1,地下鉄空港線,中洲川端,11,2LDK,56.14,福岡県福岡市博多区対馬小路,https://suumo.jp//ms/chuko/fukuoka/sc_fukuokashihakata/nc_20417016/
20417239,ロマネスク大濠アネックス,3099,39,地下鉄空港線,唐人町,14,2LDK,59.65,福岡県福岡市中央区鳥飼２,https://suumo.jp//ms/chuko/fukuoka/sc_fukuokashichuo/nc_20417239/
20417461,パークホームズ大濠二丁目,17200,9,地下鉄空港線,唐人町,4,3LDK,101.47,福岡県福岡市中央区大濠２,https://suumo.jp//ms/chuko/fukuoka/sc_fukuokashichuo/nc_20417461/
20418122,第三住吉ハイツ 702,2599,46,ＪＲ鹿児島本線,博多,13,2LDK,67.2,福岡県福岡市博多区住吉５-10-7,https://suumo.jp//ms/chuko/fukuoka/sc_fukuokashihakata/nc_20418122/
20418251,祖原公園ハウス,2590,43,地下鉄空港線,西新,9,2DK,57.04,福岡県福岡市早良区祖原22-25,https://suumo.jp//ms/chuko/fukuoka/sc_fukuokashisawara/nc_20418251/
20418728,第三住吉ハイツ,2599,46,地下鉄七隈線,博多,15,2LDK,67.2,福岡県福岡市博多区住吉５-10-7,https://suumo.jp//ms/chuko/fukuoka/sc_fukuokashihakata/nc_20418728/
20420261,グランドメゾン福岡　Ｔｈｅ　Ｃｅｎｔｒａｌ　Ｌｕｘｅ,12000,1,西鉄天神大牟田線,薬院,3,ワンルーム,69.63,福岡県福岡市中央区渡辺通２,https://suumo.jp//ms/chuko/fukuoka/sc_fukuokashichuo/nc_20420261/
20420725,グランドメゾン桜坂ヒルズ,9600,15,地下鉄七隈線,桜坂,5,3LDK,90.75,福岡県福岡市中央区警固３,https://suumo.jp//ms/chuko/fukuoka/sc_fukuokashichuo/nc_20420725/
20421007,オープンレジデンシア渡辺通南,3690,2,地下鉄七隈線,渡辺通,9,1LDK,38.25,福岡県福岡市中央区清川２,https://suumo.jp//ms/chuko/fukuoka/sc_fukuokashichuo/nc_20421007/
20421113,アンピール・マキシム大濠,13500,26,地下鉄空港線,大濠公園,7,3LDK,123.43,福岡県福岡市中央区荒戸２,https://suumo.jp//ms/chuko/fukuoka/sc_fukuokashichuo/nc_20421113/
20421796,ツインタワー空港通り,3599,32,地下鉄空港線,東比恵,13,3LDK,71.7,福岡県福岡市博多区豊１-1-17,https://suumo.jp//ms/chuko/fukuoka/sc_fukuokashihakata/nc_20421796/
20422608,ウェリス大濠公園Z-Stage,14800,13,地下鉄空港線,唐人町,2,3LDK,86.42,福岡県福岡市中央区黒門,https://suumo.jp//ms/chuko/fukuoka/sc_fukuokashichuo/nc_20422608/
20423283,シーサイドももちアクアコート5番館,6980,33,地下鉄空港線,藤崎,13,3LDK,97.34,福岡県福岡市早良区百道浜３,https://suumo.jp//ms/chuko/fukuoka/sc_fukuokashisawara/nc_20423283/
20423568,ライオンズマンション高砂,3280,48,地下鉄七隈線,渡辺通,7,1LDK+S（納戸）,55.69,福岡県福岡市中央区高砂１,https://suumo.jp//ms/chuko/fukuoka/sc_fukuokashichuo/nc_20423568/
20426860,パソナ―ル博多,1250,53,地下鉄空港線,中洲川端,15,1LDK,38.57,福岡県福岡市博多区神屋町,https://suumo.jp//ms/chuko/fukuoka/sc_fukuokashihakata/nc_20426860/
20428536,GSハイム博多,2520,46,地下鉄空港線,東比恵,5,4DK,66.15,福岡県福岡市博多区博多駅東２-13-21,https://suumo.jp//ms/chuko/fukuoka/sc_fukuokashihakata/nc_20428536/
20428964,大名サンハイツ,2720,45,地下鉄空港線,赤坂,9,3LDK,62.32,福岡県福岡市中央区大名１-11-5,https://suumo.jp//ms/chuko/fukuoka/sc_fukuokashichuo/nc_20428964/
20429317,藤和城西コープ,1998,52,地下鉄七隈線,別府,9,2LDK,52.82,福岡県福岡市城南区別府４-13-29,https://suumo.jp//ms/chuko/fukuoka/sc_fukuokashijonan/nc_20429317/
20429318,藤崎ロジュマン,4380,38,地下鉄空港線,藤崎,13,4LDK,82.76,福岡県福岡市早良区昭代３-9-5,https://suumo.jp//ms/chuko/fukuoka/sc_fukuokashisawara/nc_20429318/
20429756,トラスト福岡空港駅レジデンス,3780,2,地下鉄空港線,福岡空港,14,3LDK,67.85,福岡県糟屋郡志免町別府北４,https://suumo.jp//ms/chuko/fukuoka/sc_kasuyagunshime/nc_20429756/
20431843,ツインタワー空港通り,3599,32,地下鉄空港線,東比恵,12,3LDK,71.7,福岡県福岡市博多区豊１-１－１７,https://suumo.jp//ms/chuko/fukuoka/sc_fukuokashihakata/nc_20431843/
20433759,ツインタワー空港通り,3599,32,地下鉄空港線,東比恵,12,3LDK,71.7,福岡県福岡市博多区豊１-1-17,https://suumo.jp//ms/chuko/fukuoka/sc_fukuokashihakata/nc_20433759/
20434466,コスモ大手門,5180,24,地下鉄空港線,大濠公園,8,2LDK,61.2,福岡県福岡市中央区大手門２,https://suumo.jp//ms/chuko/fukuoka/sc_fukuokashichuo/nc_20434466/
20434666,警固ハウス,3190,46,地下鉄七隈線,薬院大通,9,3LDK,66.0,福岡県福岡市中央区警固１-15-15,https://suumo.jp//ms/chuko/fukuoka/sc_fukuokashichuo/nc_20434666/
20435141,グランドメゾン大濠南,6980,25,地下鉄七隈線,六本松,2,3LDK,73.43,福岡県福岡市中央区草香江２,https://suumo.jp//ms/chuko/fukuoka/sc_fukuokashichuo/nc_20435141/
20435721,グランフォーレ西公園ザ・パークサイド,6980,14,地下鉄空港線,大濠公園,9,3LDK,86.09,福岡県福岡市中央区西公園,https://suumo.jp//ms/chuko/fukuoka/sc_fukuokashichuo/nc_20435721/
20435722,ライオンズマンション天神南,5480,34,地下鉄七隈線,薬院大通,7,1LDK,86.02,福岡県福岡市中央区今泉２,https://suumo.jp//ms/chuko/fukuoka/sc_fukuokashichuo/nc_20435722/
20437223,ソピア大濠西,5290,27,地下鉄空港線,西新,10,3LDK,69.57,福岡県福岡市中央区鳥飼３,https://suumo.jp//ms/chuko/fukuoka/sc_fukuokashichuo/nc_20437223/
20438664,第三住吉ハイツ,2599,46,九州新幹線,博多,13,2LDK,67.2,福岡県福岡市博多区住吉５,https://suumo.jp//ms/chuko/fukuoka/sc_fukuokashihakata/nc_20438664/
20438754,藤和今泉コープ,2490,47,地下鉄七隈線,天神南,9,3LDK,69.6,福岡県福岡市中央区今泉２-4-58,https://suumo.jp//ms/chuko/fukuoka/sc_fukuokashichuo/nc_20438754/
20438757,藤和城西コープ,2390,52,地下鉄七隈線,別府,8,3LDK,71.5,福岡県福岡市城南区別府４-13-29,https://suumo.jp//ms/chuko/fukuoka/sc_fukuokashijonan/nc_20438757/
20440697,トラスト福岡空港駅レジデンス,3730,2,地下鉄空港線,福岡空港,12,3LDK,67.85,福岡県糟屋郡志免町別府北４,https://suumo.jp//ms/chuko/fukuoka/sc_kasuyagunshime/nc_20440697/
20442402,原サンハイツ,1480,45,地下鉄空港線,藤崎,15,5LDK,101.6,福岡県福岡市早良区原１,https://suumo.jp//ms/chuko/fukuoka/sc_fukuokashisawara/nc_20442402/
20442837,エメラルドマンション比恵,2250,44,地下鉄空港線,東比恵,3,2LDK,51.16,福岡県福岡市博多区東比恵３-20番5,https://suumo.jp//ms/chuko/fukuoka/sc_fukuokashihakata/nc_20442837/
20443266,クリオラベルヴィ呉服町,4499,8,地下鉄空港線,中洲川端,12,2LDK,47.0,福岡県福岡市博多区下呉服町,https://suumo.jp//ms/chuko/fukuoka/sc_fukuokashihakata/nc_20443266/
20445148,コアマンションけやき通りプレジオ,13400,24,地下鉄七隈線,六本松,11,3LDK+S（納戸）,150.4,福岡県福岡市中央区赤坂３,https://suumo.jp//ms/chuko/fukuoka/sc_fukuokashichuo/nc_20445148/
20445302,第三住吉ハイツ,2599,46,ＪＲ篠栗線,博多,14,2LDK,67.2,福岡県福岡市博多区住吉５,https://suumo.jp//ms/chuko/fukuoka/sc_fukuokashihakata/nc_20445302/
20445475,サンシティ鳥飼,3899,32,地下鉄七隈線,別府,10,3LDK,68.48,福岡県福岡市城南区鳥飼４-9,https://suumo.jp//ms/chuko/fukuoka/sc_fukuokashijonan/nc_20445475/
20445675,ザ・パークハウス福岡タワーズ　WEST,32000,7,地下鉄空港線,唐人町,12,1LDK,102.56,福岡県福岡市中央区地行浜２,https://suumo.jp//ms/chuko/fukuoka/sc_fukuokashichuo/nc_20445675/
20446268,ウェルリバービュー天神,6280,20,地下鉄空港線,中洲川端,6,3LDK,80.29,福岡県福岡市博多区中洲中島町3-15,https://suumo.jp//ms/chuko/fukuoka/sc_fukuokashihakata/nc_20446268/
20446736,ツインタワー空港通り,3599,32,地下鉄空港線,東比恵,13,3LDK,71.7,福岡県福岡市博多区豊１,https://suumo.jp//ms/chuko/fukuoka/sc_fukuokashihakata/nc_20446736/
20447816,ソピア天神,6180,27,地下鉄七隈線,薬院大通,7,3LDK,66.24,福岡県福岡市中央区警固１,https://suumo.jp//ms/chuko/fukuoka/sc_fukuokashichuo/nc_20447816/
20448061,藤和城西コーポ　【担当：鍋嶋】　までお気軽にお問合せ…,2390,52,地下鉄七隈線,別府,7,3LDK,71.5,福岡県福岡市城南区別府４,https://suumo.jp//ms/chuko/fukuoka/sc_fukuokashijonan/nc_20448061/
20449213,エンクレストベイサイド通り,4699,10,地下鉄空港線,中洲川端,14,1LDK+S（納戸）,54.65,福岡県福岡市博多区築港本町,https://suumo.jp//ms/chuko/fukuoka/sc_fukuokashihakata/nc_20449213/
20449347,藤和城西コーポ,2390,52,地下鉄七隈線,別府,10,3LDK,71.5,福岡県福岡市城南区別府４-13-29,https://suumo.jp//ms/chuko/fukuoka/sc_fukuokashijonan/nc_20449347/
20449512,朝日プラザ大濠,3750,43,地下鉄七隈線,六本松,4,3LDK,69.12,福岡県福岡市中央区草香江２,https://suumo.jp//ms/chuko/fukuoka/sc_fukuokashichuo/nc_20449512/
20450108,藤和コープソシエ薬院,3490,42,西鉄天神大牟田線,薬院,9,3LDK,69.16,福岡県福岡市中央区薬院２,https://suumo.jp//ms/chuko/fukuoka/sc_fukuokashichuo/nc_20450108/
20450111,ネクサス薬院,13300,11,地下鉄七隈線,薬院大通,3,3LDK,94.52,福岡県福岡市中央区薬院１,https://suumo.jp//ms/chuko/fukuoka/sc_fukuokashichuo/nc_20450111/
20450414,インプレスト天神オークタワー,4790,6,地下鉄空港線,赤坂,9,2LDK,45.59,福岡県福岡市中央区長浜２,https://suumo.jp//ms/chuko/fukuoka/sc_fukuokashichuo/nc_20450414/
20450630,平尾ハウス,3680,46,西鉄天神大牟田線,薬院,7,2LDK,79.05,福岡県福岡市中央区平尾１,https://suumo.jp//ms/chuko/fukuoka/sc_fukuokashichuo/nc_20450630/
20451506,コモダスパッソ天神,4980,26,地下鉄七隈線,天神南,3,1LDK+S（納戸）,62.44,福岡県福岡市中央区渡辺通５,https://suumo.jp//ms/chuko/fukuoka/sc_fukuokashichuo/nc_20451506/
20451508,ロイヤルマンション別府六,3700,32,地下鉄七隈線,別府,6,4LDK,81.19,福岡県福岡市城南区別府６,https://suumo.jp//ms/chuko/fukuoka/sc_fukuokashijonan/nc_20451508/
20451509,アンピール別府Ⅱ,4380,33,地下鉄七隈線,別府,3,3LDK,66.29,福岡県福岡市城南区別府３,https://suumo.jp//ms/chuko/fukuoka/sc_fukuokashijonan/nc_20451509/
20451513,平尾フェニックスマンション,5380,35,西鉄天神大牟田線,薬院,6,3LDK,79.07,福岡県福岡市中央区平尾１,https://suumo.jp//ms/chuko/fukuoka/sc_fukuokashichuo/nc_20451513/
20452034,ライオンズマンション舞鶴第3,1580,41,地下鉄空港線,赤坂,7,1DK,30.07,福岡県福岡市中央区舞鶴２,https://suumo.jp//ms/chuko/fukuoka/sc_fukuokashichuo/nc_20452034/
20452057,ザ・パークハウス桜坂サンリヤン,8200,8,地下鉄七隈線,桜坂,3,3LDK,70.74,福岡県福岡市中央区桜坂３,https://suumo.jp//ms/chuko/fukuoka/sc_fukuokashichuo/nc_20452057/
20452096,コスモ博多古門戸,4499,23,地下鉄箱崎線,中洲川端,9,1LDK+S（納戸）,54.49,福岡県福岡市博多区古門戸町,https://suumo.jp//ms/chuko/fukuoka/sc_fukuokashihakata/nc_20452096/
20452963,エクセレンス谷,2590,44,地下鉄七隈線,桜坂,6,2LDK,57.23,福岡県福岡市中央区谷１,https://suumo.jp//ms/chuko/fukuoka/sc_fukuokashichuo/nc_20452963/
20453558,西新コンドミニアム,9980,21,地下鉄空港線,西新,3,3LDK+S（納戸）,121.21,福岡県福岡市早良区西新２,https://suumo.jp//ms/chuko/fukuoka/sc_fukuokashisawara/nc_20453558/
20454753,藤和城西コーポ,2390,52,地下鉄七隈線,別府,10,3LDK,71.5,福岡県福岡市城南区別府４,https://suumo.jp//ms/chuko/fukuoka/sc_fukuokashijonan/nc_20454753/
20454959,ダイアパレス・グランデージ博多駅前　中古マンション,5480,28,ＪＲ鹿児島本線,博多,14,3LDK,71.76,福岡県福岡市博多区博多駅前４,https://suumo.jp//ms/chuko/fukuoka/sc_fukuokashihakata/nc_20454959/
20455101,百道タワー,9300,22,地下鉄空港線,西新,10,1LDK,90.28,福岡県福岡市早良区百道浜１,https://suumo.jp//ms/chuko/fukuoka/sc_fukuokashisawara/nc_20455101/
20455295,コアマンション桜坂プレジオ弐番館,8490,25,地下鉄七隈線,桜坂,5,4LDK,103.4,福岡県福岡市中央区六本松３,https://suumo.jp//ms/chuko/fukuoka/sc_fukuokashichuo/nc_20455295/
20455413,藤和城西コーポ　中古マンション,2390,52,地下鉄七隈線,別府,10,3LDK,71.5,福岡県福岡市城南区別府４,https://suumo.jp//ms/chuko/fukuoka/sc_fukuokashijonan/nc_20455413/
20456602,アクロス天神ファーストステージ,5980,25,地下鉄七隈線,渡辺通,10,3LDK,80.8,福岡県福岡市中央区清川２,https://suumo.jp//ms/chuko/fukuoka/sc_fukuokashichuo/nc_20456602/
20457284,デュオヴェール博多駅,4480,3,ＪＲ鹿児島本線,博多,8,1LDK,43.82,福岡県福岡市博多区博多駅東１,https://suumo.jp//ms/chuko/fukuoka/sc_fukuokashihakata/nc_20457284/
20457505,藤和城西コープ,1998,52,地下鉄七隈線,別府,7,2LDK,52.82,福岡県福岡市城南区別府４,https://suumo.jp//ms/chuko/fukuoka/sc_fukuokashijonan/nc_20457505/
20458218,西新コンドミニアム,9980,21,地下鉄空港線,西新,3,3LDK,121.21,福岡県福岡市早良区西新２,https://suumo.jp//ms/chuko/fukuoka/sc_fukuokashisawara/nc_20458218/
20458386,ステイツ天神,3780,36,地下鉄七隈線,薬院大通,9,2LDK,46.8,福岡県福岡市中央区警固１-6-41,https://suumo.jp//ms/chuko/fukuoka/sc_fukuokashichuo/nc_20458386/
20459552,パークホームズ西新トラッドマークス,8480,8,地下鉄空港線,西新,3,3LDK,75.11,福岡県福岡市早良区西新２,https://suumo.jp//ms/chuko/fukuoka/sc_fukuokashisawara/nc_20459552/
20459555,西新コンドミニアム,9980,21,地下鉄空港線,西新,3,3LDK+S（納戸）,121.21,福岡県福岡市早良区西新２,https://suumo.jp//ms/chuko/fukuoka/sc_fukuokashisawara/nc_20459555/
20459569,ＭＪＲ博多ザ・レジデンス,5400,1,ＪＲ鹿児島本線,博多,13,1LDK,52.78,福岡県福岡市博多区美野島１,https://suumo.jp//ms/chuko/fukuoka/sc_fukuokashihakata/nc_20459569/
20459842,コスモ大手門,5180,24,地下鉄空港線,大濠公園,7,2LDK,61.2,福岡県福岡市中央区大手門２-4-23,https://suumo.jp//ms/chuko/fukuoka/sc_fukuokashichuo/nc_20459842/
20460207,ダイナコート六本松,2980,39,地下鉄七隈線,桜坂,6,2LDK,59.9,福岡県福岡市中央区谷１,https://suumo.jp//ms/chuko/fukuoka/sc_fukuokashichuo/nc_20460207/
20461596,グリーンマンション平尾,4180,30,地下鉄七隈線,薬院,13,3LDK,71.38,福岡県福岡市中央区平尾２,https://suumo.jp//ms/chuko/fukuoka/sc_fukuokashichuo/nc_20461596/
20461891,藤和城西コーポ,2390,52,地下鉄七隈線,別府,9,3LDK,71.5,福岡県福岡市城南区別府４,https://suumo.jp//ms/chuko/fukuoka/sc_fukuokashijonan/nc_20461891/
20462310,アーティックス大濠,9980,22,地下鉄七隈線,六本松,13,4LDK,108.59,福岡県福岡市中央区鳥飼１,https://suumo.jp//ms/chuko/fukuoka/sc_fukuokashichuo/nc_20462310/
20462311,シャンボール大名,4590,44,地下鉄空港線,赤坂,4,2LDK,92.9,福岡県福岡市中央区大名２,https://suumo.jp//ms/chuko/fukuoka/sc_fukuokashichuo/nc_20462311/
20463772,ジャルダン大濠,4680,45,地下鉄七隈線,六本松,6,3LDK,86.13,福岡県福岡市中央区草香江２,https://suumo.jp//ms/chuko/fukuoka/sc_fukuokashichuo/nc_20463772/
20464597,エステートモア祇園,1330,28,地下鉄七隈線,櫛田神社前,6,1K,20.73,福岡県福岡市博多区冷泉町,https://suumo.jp//ms/chuko/fukuoka/sc_fukuokashihakata/nc_20464597/
20464758,クリオラベルヴィ呉服町,3299,8,地下鉄空港線,中洲川端,11,1LDK,34.4,福岡県福岡市博多区下呉服町,https://suumo.jp//ms/chuko/fukuoka/sc_fukuokashihakata/nc_20464758/
20464842,シティマンション薬院,3150,42,地下鉄七隈線,薬院大通,3,2LDK,56.22,福岡県福岡市中央区薬院１,https://suumo.jp//ms/chuko/fukuoka/sc_fukuokashichuo/nc_20464842/
20465143,クリオラベルヴィ呉服町,4499,8,地下鉄空港線,中洲川端,11,2LDK,47.0,福岡県福岡市博多区下呉服町,https://suumo.jp//ms/chuko/fukuoka/sc_fukuokashihakata/nc_20465143/
20465347,ツインタワー空港通り,3599,32,地下鉄空港線,東比恵,14,3LDK+2S（納戸）,71.7,福岡県福岡市博多区豊１,https://suumo.jp//ms/chuko/fukuoka/sc_fukuokashihakata/nc_20465347/
20465419,ル・サンク大濠公園,6880,6,地下鉄空港線,大濠公園,8,2LDK+S（納戸）,72.11,福岡県福岡市中央区大手門２,https://suumo.jp//ms/chuko/fukuoka/sc_fukuokashichuo/nc_20465419/
20465479,リファレンス天神南 ２０２,4399,24,地下鉄七隈線,渡辺通,13,3LDK,65.32,福岡県福岡市中央区清川２,https://suumo.jp//ms/chuko/fukuoka/sc_fukuokashichuo/nc_20465479/
20465822,ダイアパレスグランデージ大名,7300,28,地下鉄空港線,赤坂,6,2LDK,80.47,福岡県福岡市中央区大名１,https://suumo.jp//ms/chuko/fukuoka/sc_fukuokashichuo/nc_20465822/
20466168,藤和城西コーポ,2390,52,地下鉄七隈線,別府,7,3LDK,71.5,福岡県福岡市城南区別府４,https://suumo.jp//ms/chuko/fukuoka/sc_fukuokashijonan/nc_20466168/
20467027,西新パークマンション,2500,38,地下鉄空港線,西新,10,3LDK,70.97,福岡県福岡市早良区西新３,https://suumo.jp//ms/chuko/fukuoka/sc_fukuokashisawara/nc_20467027/
20469143,オープンレジデンシア薬院二丁目,5800,3,地下鉄七隈線,薬院大通,3,2LDK,42.54,福岡県福岡市中央区薬院２,https://suumo.jp//ms/chuko/fukuoka/sc_fukuokashichuo/nc_20469143/
20469317,第三住吉ハイツ,2599,46,ＪＲ鹿児島本線,博多,13,2LDK,67.2,福岡県福岡市博多区住吉５,https://suumo.jp//ms/chuko/fukuoka/sc_fukuokashihakata/nc_20469317/
20469730,グランドメゾン大濠南,7680,25,地下鉄七隈線,六本松,3,4LDK,98.79,福岡県福岡市中央区草香江２,https://suumo.jp//ms/chuko/fukuoka/sc_fukuokashichuo/nc_20469730/
20469938,藤和城西コーポ,2390,52,地下鉄七隈線,別府,7,3LDK,71.5,福岡県福岡市城南区別府４-13-29,https://suumo.jp//ms/chuko/fukuoka/sc_fukuokashijonan/nc_20469938/
20469945,第三住吉ハイツ,2599,46,ＪＲ篠栗線,博多,13,2LDK,67.2,福岡県福岡市博多区住吉５-10-7,https://suumo.jp//ms/chuko/fukuoka/sc_fukuokashihakata/nc_20469945/
20470261,第7プリンスマンション,2830,48,地下鉄七隈線,渡辺通,9,3LDK,74.01,福岡県福岡市中央区高砂１-15-32,https://suumo.jp//ms/chuko/fukuoka/sc_fukuokashichuo/nc_20470261/
20470262,サンシャイン別府,2930,47,地下鉄七隈線,別府,6,4LDK,85.62,福岡県福岡市城南区別府４-2-4,https://suumo.jp//ms/chuko/fukuoka/sc_fukuokashijonan/nc_20470262/
20470485,第三住吉ハイツ,2599,46,地下鉄七隈線,博多,15,2LDK,67.2,福岡県福岡市博多区住吉５-10-7,https://suumo.jp//ms/chuko/fukuoka/sc_fukuokashihakata/nc_20470485/
20472262,ロマネスク渡辺通第2,1799,37,地下鉄七隈線,渡辺通,12,1LDK,33.29,福岡県福岡市中央区高砂２,https://suumo.jp//ms/chuko/fukuoka/sc_fukuokashichuo/nc_20472262/
20473629,エンクレスト天神南Ⅲ,2499,21,地下鉄七隈線,渡辺通,13,1LDK,37.86,福岡県福岡市中央区清川３,https://suumo.jp//ms/chuko/fukuoka/sc_fukuokashichuo/nc_20473629/
20474520,オープンレジデンシア薬院南,3580,4,西鉄天神大牟田線,薬院,9,1LDK,34.54,福岡県福岡市中央区平尾３-5-6,https://suumo.jp//ms/chuko/fukuoka/sc_fukuokashichuo/nc_20474520/
20474578,ザ・パークハウス桜坂サンリヤン,10980,8,地下鉄七隈線,桜坂,3,3LDK,84.98,福岡県福岡市中央区桜坂３,https://suumo.jp//ms/chuko/fukuoka/sc_fukuokashichuo/nc_20474578/
20474917,ピュアドーム博多21,1350,21,地下鉄空港線,東比恵,7,1K,24.95,福岡県福岡市博多区博多駅東３,https://suumo.jp//ms/chuko/fukuoka/sc_fukuokashihakata/nc_20474917/
20475936,グランドメゾン赤坂弐番館,13300,22,地下鉄空港線,赤坂,11,3LDK,110.0,福岡県福岡市中央区赤坂２,https://suumo.jp//ms/chuko/fukuoka/sc_fukuokashichuo/nc_20475936/
20476499,ザ・パークハウス桜坂サンリヤン,14800,8,地下鉄七隈線,桜坂,3,3LDK+S（納戸）,84.98,福岡県福岡市中央区桜坂３,https://suumo.jp//ms/chuko/fukuoka/sc_fukuokashichuo/nc_20476499/
20476501,プレスタイル博多ＮＯＲＴＨ,3490,15,ＪＲ鹿児島本線,博多,11,2LDK,50.03,福岡県福岡市博多区博多駅南２,https://suumo.jp//ms/chuko/fukuoka/sc_fukuokashihakata/nc_20476501/
20477027,ツインタワー空港通り,3599,32,地下鉄空港線,東比恵,12,3LDK,71.7,福岡県福岡市博多区豊１,https://suumo.jp//ms/chuko/fukuoka/sc_fukuokashihakata/nc_20477027/
20477044,アルファライフ博多,4799,15,ＪＲ鹿児島本線,博多,14,1LDK,53.04,福岡県福岡市博多区住吉５,https://suumo.jp//ms/chuko/fukuoka/sc_fukuokashihakata/nc_20477044/
20477045,グランドステイツ大濠公園南,8280,22,地下鉄七隈線,六本松,4,3LDK,80.69,福岡県福岡市中央区六本松３,https://suumo.jp//ms/chuko/fukuoka/sc_fukuokashichuo/nc_20477045/
20477084,赤坂エクセル,2480,52,地下鉄七隈線,桜坂,12,1LDK,52.57,福岡県福岡市中央区赤坂３-8-26,https://suumo.jp//ms/chuko/fukuoka/sc_fukuokashichuo/nc_20477084/
20478980,コスモ大手門,5180,24,地下鉄空港線,大濠公園,8,2LDK,58.39,福岡県福岡市中央区大手門２,https://suumo.jp//ms/chuko/fukuoka/sc_fukuokashichuo/nc_20478980/
20478981,シャンボール桜坂,1980,52,地下鉄七隈線,桜坂,6,1LDK,47.88,福岡県福岡市中央区古小烏町,https://suumo.jp//ms/chuko/fukuoka/sc_fukuokashichuo/nc_20478981/
20480362,チサンマンション第2天神,630,48,地下鉄空港線,天神,5,ワンルーム,21.6,福岡県福岡市中央区天神４,https://suumo.jp//ms/chuko/fukuoka/sc_fukuokashichuo/nc_20480362/
20483259,サンライフ六本松,4280,42,地下鉄七隈線,六本松,2,1LDK,60.48,福岡県福岡市中央区草香江２,https://suumo.jp//ms/chuko/fukuoka/sc_fukuokashichuo/nc_20483259/
20483283,ライオンズ大濠レジデンス,9980,19,地下鉄七隈線,六本松,10,3LDK,100.05,福岡県福岡市中央区草香江２,https://suumo.jp//ms/chuko/fukuoka/sc_fukuokashichuo/nc_20483283/
20483321,ＭＪＲ博多ザ・レジデンス,5400,1,地下鉄空港線,博多,13,1LDK,52.78,福岡県福岡市博多区美野島１,https://suumo.jp//ms/chuko/fukuoka/sc_fukuokashihakata/nc_20483321/
20483695,ツインタワー空港通り,3599,32,地下鉄空港線,東比恵,12,3LDK,71.7,福岡県福岡市博多区豊１,https://suumo.jp//ms/chuko/fukuoka/sc_fukuokashihakata/nc_20483695/
20483787,西新コンドミニアム,9980,21,地下鉄空港線,西新,3,3LDK+S（納戸）,121.21,福岡県福岡市早良区西新２,https://suumo.jp//ms/chuko/fukuoka/sc_fukuokashisawara/nc_20483787/
20483861,ピュアドーム博多21,1350,21,地下鉄空港線,東比恵,9,1K,24.95,福岡県福岡市博多区博多駅東３,https://suumo.jp//ms/chuko/fukuoka/sc_fukuokashihakata/nc_20483861/
20484049,ロマネスク大濠アネックス,3099,39,地下鉄空港線,唐人町,12,2LDK,59.65,福岡県福岡市中央区鳥飼２-6-15,https://suumo.jp//ms/chuko/fukuoka/sc_fukuokashichuo/nc_20484049/
20484350,藤和櫻坂ホームズ,3600,31,地下鉄七隈線,桜坂,6,3LDK,68.91,福岡県福岡市中央区桜坂２,https://suumo.jp//ms/chuko/fukuoka/sc_fukuokashichuo/nc_20484350/
20486171,インプレスト天神オークタワー,6580,6,地下鉄空港線,赤坂,8,2LDK,61.28,福岡県福岡市中央区長浜２,https://suumo.jp//ms/chuko/fukuoka/sc_fukuokashichuo/nc_20486171/
20486571,プレスタイル博多NORTH,3490,15,地下鉄空港線,博多,10,2LDK,50.03,福岡県福岡市博多区博多駅南２,https://suumo.jp//ms/chuko/fukuoka/sc_fukuokashihakata/nc_20486571/
20487146,サンハイツ舞鶴【担当：中尾】　までお気軽にお問合せく…,2480,39,地下鉄空港線,赤坂,7,1LDK+S（納戸）,52.69,福岡県福岡市中央区舞鶴３,https://suumo.jp//ms/chuko/fukuoka/sc_fukuokashichuo/nc_20487146/
20488096,藤和城西コーポ,2390,52,地下鉄七隈線,別府,10,3LDK,71.5,福岡県福岡市城南区別府４,https://suumo.jp//ms/chuko/fukuoka/sc_fukuokashijonan/nc_20488096/
20489857,ツインタワー空港通り,3599,32,地下鉄空港線,東比恵,14,3LDK,71.7,福岡県福岡市博多区豊１,https://suumo.jp//ms/chuko/fukuoka/sc_fukuokashihakata/nc_20489857/
20490588,朝日プラザ大濠,3680,43,地下鉄七隈線,六本松,5,3LDK,69.12,福岡県福岡市中央区草香江２,https://suumo.jp//ms/chuko/fukuoka/sc_fukuokashichuo/nc_20490588/
20490949,エバーライフ東平尾公園,2690,32,地下鉄空港線,福岡空港,13,3LDK,64.39,福岡県福岡市博多区青木１,https://suumo.jp//ms/chuko/fukuoka/sc_fukuokashihakata/nc_20490949/
20491037,コモダスパッソ天神,4600,26,地下鉄七隈線,天神南,3,2LDK,64.15,福岡県福岡市中央区渡辺通５-6-18,https://suumo.jp//ms/chuko/fukuoka/sc_fukuokashichuo/nc_20491037/
20491482,グランドパレス藤崎,6210,8,地下鉄空港線,藤崎,4,3LDK,70.08,福岡県福岡市早良区藤崎１,https://suumo.jp//ms/chuko/fukuoka/sc_fukuokashisawara/nc_20491482/
20491490,コモダス天神２,5980,27,西鉄天神大牟田線,薬院,9,3LDK,72.9,福岡県福岡市中央区今泉２,https://suumo.jp//ms/chuko/fukuoka/sc_fukuokashichuo/nc_20491490/
20491491,グランドメゾン赤坂弐番館,13300,22,地下鉄空港線,赤坂,11,3LDK,110.0,福岡県福岡市中央区赤坂２,https://suumo.jp//ms/chuko/fukuoka/sc_fukuokashichuo/nc_20491491/
20491493,コスモ大手門,5180,24,地下鉄空港線,大濠公園,6,2LDK,61.2,福岡県福岡市中央区大手門２,https://suumo.jp//ms/chuko/fukuoka/sc_fukuokashichuo/nc_20491493/
20491495,第三住吉ハイツ,2599,46,ＪＲ鹿児島本線,博多,12,2LDK,67.2,福岡県福岡市博多区住吉５,https://suumo.jp//ms/chuko/fukuoka/sc_fukuokashihakata/nc_20491495/
20493366,Asobi+　ロイヤルマンション別府,3690,40,地下鉄七隈線,別府,1,3LDK,63.0,福岡県福岡市城南区別府３,https://suumo.jp//ms/chuko/fukuoka/sc_fukuokashijonan/nc_20493366/
20493868,モントーレ舞鶴ベイレジデンス,6980,7,地下鉄空港線,大濠公園,10,3LDK,76.25,福岡県福岡市中央区港１,https://suumo.jp//ms/chuko/fukuoka/sc_fukuokashichuo/nc_20493868/
20494511,モントーレラコルタユニバ通り 2580万円（3LDK…,2580,13,地下鉄空港線,福岡空港,10,3LDK,76.52,福岡県糟屋郡志免町別府西３,https://suumo.jp//ms/chuko/fukuoka/sc_kasuyagunshime/nc_20494511/
20495376,モントーレ東比恵クレア,4399,38,地下鉄空港線,東比恵,5,1LDK+S（納戸）,42.77,福岡県福岡市博多区東比恵３,https://suumo.jp//ms/chuko/fukuoka/sc_fukuokashihakata/nc_20495376/
20495566,エクセレンス谷,2590,47,地下鉄七隈線,桜坂,6,2LDK,57.23,福岡県福岡市中央区谷１,https://suumo.jp//ms/chuko/fukuoka/sc_fukuokashichuo/nc_20495566/
20495629,ロマネスク渡辺通第2　中古マンション,1799,37,地下鉄七隈線,渡辺通,12,1LDK,33.29,福岡県福岡市中央区高砂２,https://suumo.jp//ms/chuko/fukuoka/sc_fukuokashichuo/nc_20495629/
20496071,ふよう駅東ハイツ,3980,44,ＪＲ鹿児島本線,博多,8,3LDK,69.39,福岡県福岡市博多区博多駅東１,https://suumo.jp//ms/chuko/fukuoka/sc_fukuokashihakata/nc_20496071/
20496537,グランドメゾン赤坂弐番館,13300,22,地下鉄空港線,赤坂,11,3LDK,110.0,福岡県福岡市中央区赤坂２,https://suumo.jp//ms/chuko/fukuoka/sc_fukuokashichuo/nc_20496537/
20496950,エンクレスト天神南Ⅲ,2499,21,地下鉄七隈線,渡辺通,13,1LDK,37.86,福岡県福岡市中央区清川３,https://suumo.jp//ms/chuko/fukuoka/sc_fukuokashichuo/nc_20496950/
20497049,コスモ博多古門戸 302号,4499,23,地下鉄箱崎線,中洲川端,9,1LDK+S（納戸）,54.49,福岡県福岡市博多区古門戸町10-5,https://suumo.jp//ms/chuko/fukuoka/sc_fukuokashihakata/nc_20497049/
20497405,赤坂エクセル,3450,52,地下鉄空港線,赤坂,12,2LDK,79.5,福岡県福岡市中央区赤坂３,https://suumo.jp//ms/chuko/fukuoka/sc_fukuokashichuo/nc_20497405/
20497699,平尾フェニックスマンション,4850,35,西鉄天神大牟田線,薬院,6,3LDK,61.29,福岡県福岡市中央区平尾１,https://suumo.jp//ms/chuko/fukuoka/sc_fukuokashichuo/nc_20497699/
20498783,モントーレラコルタユニバ通り,2580,13,地下鉄空港線,福岡空港,9,3LDK,76.52,福岡県糟屋郡志免町別府西３,https://suumo.jp//ms/chuko/fukuoka/sc_kasuyagunshime/nc_20498783/
71893185,スワローハイツ山荘通,2180,40,地下鉄七隈線,薬院大通,14,3LDK,79.27,福岡県福岡市中央区平尾４,https://suumo.jp//ms/chuko/fukuoka/sc_fukuokashichuo/nc_71893185/
73662868,サングレート薬院駅ロイヤルウィン,5680,23,西鉄天神大牟田線,薬院,4,1LDK,55.72,福岡県福岡市中央区平尾１,https://suumo.jp//ms/chuko/fukuoka/sc_fukuokashichuo/nc_73662868/
74279125,ザ・パークハウス桜坂サンリヤン,16500,8,地下鉄七隈線,桜坂,3,4LDK,105.07,福岡県福岡市中央区桜坂３,https://suumo.jp//ms/chuko/fukuoka/sc_fukuokashichuo/nc_74279125/
74671558,ティアラ薬院,4580,35,地下鉄七隈線,薬院大通,3,2LDK,87.4,福岡県福岡市中央区薬院２,https://suumo.jp//ms/chuko/fukuoka/sc_fukuokashichuo/nc_74671558/
74991725,オーセントスクエア室見アーバンコンフォート,3200,22,地下鉄空港線,藤崎,15,2LDK,60.03,福岡県福岡市早良区室見４,https://suumo.jp//ms/chuko/fukuoka/sc_fukuokashisawara/nc_74991725/
75026535,エステートマンション大濠・相羽ビル,7800,40,地下鉄七隈線,六本松,9,3LDK,102.26,福岡県福岡市中央区大濠１,https://suumo.jp//ms/chuko/fukuoka/sc_fukuokashichuo/nc_75026535/
75193496,オープンレジデンシア薬院二丁目,3800,3,地下鉄七隈線,薬院大通,3,1LDK,34.31,福岡県福岡市中央区薬院２,https://suumo.jp//ms/chuko/fukuoka/sc_fukuokashichuo/nc_75193496/
75500622,シャトレけやき通り,7500,41,地下鉄空港線,赤坂,14,5LDK+S（納戸）,139.21,福岡県福岡市中央区赤坂２-4-5,https://suumo.jp//ms/chuko/fukuoka/sc_fukuokashichuo/nc_75500622/
75745223,オープンレジデンシア博多住吉,3490,3,地下鉄七隈線,櫛田神社前,8,1LDK,31.13,福岡県福岡市博多区住吉２-7-1,https://suumo.jp//ms/chuko/fukuoka/sc_fukuokashihakata/nc_75745223/
75782046,天神ロイヤルハイツ,9900,45,地下鉄空港線,天神,10,ワンルーム,68.37,福岡県福岡市中央区天神５,https://suumo.jp//ms/chuko/fukuoka/sc_fukuokashichuo/nc_75782046/
75894792,オープンレジデンシア天神今泉,3750,3,地下鉄七隈線,薬院大通,7,1LDK,34.12,福岡県福岡市中央区今泉２,https://suumo.jp//ms/chuko/fukuoka/sc_fukuokashichuo/nc_75894792/
75917403,オープンレジデンシア薬院白金,3590,3,地下鉄七隈線,薬院,8,1LDK,33.92,福岡県福岡市中央区白金２-1-24,https://suumo.jp//ms/chuko/fukuoka/sc_fukuokashichuo/nc_75917403/
75963392,ライオンズマンション浄水,1880,49,地下鉄七隈線,薬院大通,6,3DK,71.67,福岡県福岡市中央区御所ヶ谷,https://suumo.jp//ms/chuko/fukuoka/sc_fukuokashichuo/nc_75963392/
76105420,オープンレジデンシア大濠西,3240,2,地下鉄空港線,唐人町,8,1LDK,34.31,福岡県福岡市中央区今川２,https://suumo.jp//ms/chuko/fukuoka/sc_fukuokashichuo/nc_76105420/
76132933,クリオ渡辺通サザンマークス,5980,2,地下鉄七隈線,渡辺通,15,3LDK,67.0,福岡県福岡市中央区清川３,https://suumo.jp//ms/chuko/fukuoka/sc_fukuokashichuo/nc_76132933/
76206976,朝日プラザ天神,3180,40,地下鉄空港線,天神,4,ワンルーム,43.65,福岡県福岡市中央区舞鶴１,https://suumo.jp//ms/chuko/fukuoka/sc_fukuokashichuo/nc_76206976/
76275985,シャトレ大濠,1680,45,地下鉄空港線,西新,13,1LDK,50.81,福岡県福岡市中央区鳥飼１,https://suumo.jp//ms/chuko/fukuoka/sc_fukuokashichuo/nc_76275985/
76364232,ブリリアタワー西新,23800,5,地下鉄空港線,西新,1,3LDK,100.08,福岡県福岡市早良区西新４,https://suumo.jp//ms/chuko/fukuoka/sc_fukuokashisawara/nc_76364232/
76431436,アーバンパレスアクス大濠Ⅱ,4890,27,地下鉄空港線,唐人町,5,3LDK,74.2,福岡県福岡市中央区荒戸３-3-15,https://suumo.jp//ms/chuko/fukuoka/sc_fukuokashichuo/nc_76431436/
76444240,〇素敵な住環境〇ライオンズマンションマキシム浄水通り…,3000,45,地下鉄七隈線,薬院大通,4,2LDK,83.83,福岡県福岡市中央区薬院４,https://suumo.jp//ms/chuko/fukuoka/sc_fukuokashichuo/nc_76444240/
76627401,エンゼルハイム大濠公園南,4280,36,地下鉄七隈線,別府,4,4LDK,93.74,福岡県福岡市城南区鳥飼６,https://suumo.jp//ms/chuko/fukuoka/sc_fukuokashijonan/nc_76627401/
76733602,天神スカイマンション,1500,40,地下鉄空港線,天神,10,1LDK,30.26,福岡県福岡市中央区長浜１,https://suumo.jp//ms/chuko/fukuoka/sc_fukuokashichuo/nc_76733602/
76842988,アクタス大手門パークシティ,9980,21,地下鉄空港線,赤坂,7,3LDK,93.92,福岡県福岡市中央区大手門１-２－１８,https://suumo.jp//ms/chuko/fukuoka/sc_fukuokashichuo/nc_76842988/
76865748,アクタス大手門パークシティ,9980,21,地下鉄空港線,赤坂,7,3LDK,93.92,福岡県福岡市中央区大手門１,https://suumo.jp//ms/chuko/fukuoka/sc_fukuokashichuo/nc_76865748/
76950718,フラワーコーポ六本松,1380,47,地下鉄七隈線,六本松,5,1LDK,39.36,福岡県福岡市中央区草香江２-2-6,https://suumo.jp//ms/chuko/fukuoka/sc_fukuokashichuo/nc_76950718/
76993707,サングレート平尾山荘,8000,8,地下鉄七隈線,薬院大通,15,2LDK,83.36,福岡県福岡市中央区平尾５,https://suumo.jp//ms/chuko/fukuoka/sc_fukuokashichuo/nc_76993707/
77192946,藤和コープソシエ大名,2900,47,地下鉄七隈線,天神南,8,1LDK,58.91,福岡県福岡市中央区大名１,https://suumo.jp//ms/chuko/fukuoka/sc_fukuokashichuo/nc_77192946/
77201526,エンゼルハイム大濠公園南,3899,36,地下鉄七隈線,別府,4,3LDK,69.03,福岡県福岡市城南区鳥飼６,https://suumo.jp//ms/chuko/fukuoka/sc_fukuokashijonan/nc_77201526/
77251778,トラスト福岡空港駅レジデンス,3790,2,地下鉄空港線,福岡空港,14,3LDK,65.55,福岡県糟屋郡志免町別府北４,https://suumo.jp//ms/chuko/fukuoka/sc_kasuyagunshime/nc_77251778/
77280040,フラワーコーポ六本松,1380,47,地下鉄七隈線,六本松,4,1LDK,39.36,福岡県福岡市中央区草香江２,https://suumo.jp//ms/chuko/fukuoka/sc_fukuokashichuo/nc_77280040/
77332781,アメックス大濠タワー,17800,20,地下鉄空港線,大濠公園,5,3LDK,145.2,福岡県福岡市中央区大手門３-1-30,https://suumo.jp//ms/chuko/fukuoka/sc_fukuokashichuo/nc_77332781/
77341516,グランドメゾン大濠公園ＴＨＥ　ＣＬＡＳＳ,14000,2,地下鉄空港線,大濠公園,4,3LDK,80.07,福岡県福岡市中央区荒戸２,https://suumo.jp//ms/chuko/fukuoka/sc_fukuokashichuo/nc_77341516/
77357198,マンションアベニュー,2680,52,地下鉄空港線,西新,4,1LDK,44.57,福岡県福岡市早良区西新５,https://suumo.jp//ms/chuko/fukuoka/sc_fukuokashisawara/nc_77357198/
77400525,ファミール輝国,2280,42,地下鉄七隈線,六本松,14,3LDK+S（納戸）,81.6,福岡県福岡市中央区輝国２,https://suumo.jp//ms/chuko/fukuoka/sc_fukuokashichuo/nc_77400525/
77427348,アクタス大手門パークシティ,9980,21,地下鉄空港線,赤坂,6,3LDK,93.92,福岡県福岡市中央区大手門１,https://suumo.jp//ms/chuko/fukuoka/sc_fukuokashichuo/nc_77427348/
77474782,アクロス大濠公園プレミアフォート,6600,4,地下鉄空港線,唐人町,1,2LDK,56.17,福岡県福岡市中央区地行１,https://suumo.jp//ms/chuko/fukuoka/sc_fukuokashichuo/nc_77474782/
77475285,エンゼルハイム大濠公園南,4280,36,地下鉄七隈線,別府,4,4LDK,93.74,福岡県福岡市城南区鳥飼６,https://suumo.jp//ms/chuko/fukuoka/sc_fukuokashijonan/nc_77475285/
77529888,西公園ハウス,2450,40,地下鉄空港線,大濠公園,14,2LDK,71.7,福岡県福岡市中央区西公園11-10,https://suumo.jp//ms/chuko/fukuoka/sc_fukuokashichuo/nc_77529888/
77530800,皐月マンシヨン博多,980,47,地下鉄空港線,博多,6,ワンルーム,23.06,福岡県福岡市博多区博多駅前３,https://suumo.jp//ms/chuko/fukuoka/sc_fukuokashihakata/nc_77530800/
77534876,ダイアパレス大名第２,2980,40,地下鉄空港線,赤坂,5,1LDK,63.0,福岡県福岡市中央区大名１-8-32,https://suumo.jp//ms/chuko/fukuoka/sc_fukuokashichuo/nc_77534876/
77553274,オープンレジデンシア博多住吉,4190,3,地下鉄七隈線,櫛田神社前,6,1LDK,38.65,福岡県福岡市博多区住吉２,https://suumo.jp//ms/chuko/fukuoka/sc_fukuokashihakata/nc_77553274/
77583529,グランドメゾン百道プレイス,10820,10,地下鉄空港線,藤崎,3,3LDK,90.65,福岡県福岡市早良区百道２,https://suumo.jp//ms/chuko/fukuoka/sc_fukuokashisawara/nc_77583529/
77585206,ロイヤルマンション別府6,3700,32,地下鉄七隈線,別府,6,4LDK,81.19,福岡県福岡市城南区別府６,https://suumo.jp//ms/chuko/fukuoka/sc_fukuokashijonan/nc_77585206/
77605697,CLUB THE. 薬院ステーションタワー,46000,6,地下鉄七隈線,薬院,2,2LDK+S（納戸）,138.16,福岡県福岡市中央区白金１-17-34,https://suumo.jp//ms/chuko/fukuoka/sc_fukuokashichuo/nc_77605697/
77616720,アーサー別府プレミアム,6480,23,地下鉄七隈線,別府,9,4LDK+S（納戸）,138.62,福岡県福岡市城南区別府４,https://suumo.jp//ms/chuko/fukuoka/sc_fukuokashijonan/nc_77616720/
77624309,パークハウス西新７丁目,8380,21,地下鉄空港線,西新,11,3LDK,91.02,福岡県福岡市早良区西新７,https://suumo.jp//ms/chuko/fukuoka/sc_fukuokashisawara/nc_77624309/
77631768,コアマンション祖原公園,3980,27,地下鉄空港線,西新,15,2LDK,71.8,福岡県福岡市早良区昭代１,https://suumo.jp//ms/chuko/fukuoka/sc_fukuokashisawara/nc_77631768/
77672927,ジョイナス天神タワー,4298,29,地下鉄空港線,天神,14,3LDK,72.59,福岡県福岡市博多区対馬小路,https://suumo.jp//ms/chuko/fukuoka/sc_fukuokashihakata/nc_77672927/
77676580,CLUB THE. 薬院ステーションタワー,46000,6,西鉄天神大牟田線,薬院,2,2LDK+S（納戸）,138.16,福岡県福岡市中央区白金１,https://suumo.jp//ms/chuko/fukuoka/sc_fukuokashichuo/nc_77676580/
77722478,グランアルト天神タワー,14500,22,地下鉄七隈線,天神南,9,2LDK,102.07,福岡県福岡市中央区今泉１-5-19,https://suumo.jp//ms/chuko/fukuoka/sc_fukuokashichuo/nc_77722478/
77737101,ロイヤルマンション別府六,3700,32,地下鉄七隈線,別府,7,4LDK,81.19,福岡県福岡市城南区別府６,https://suumo.jp//ms/chuko/fukuoka/sc_fukuokashijonan/nc_77737101/
77737483,ジョイナス天神タワー,4298,29,地下鉄空港線,中洲川端,11,3LDK,72.59,福岡県福岡市博多区対馬小路,https://suumo.jp//ms/chuko/fukuoka/sc_fukuokashihakata/nc_77737483/
77748360,レーベン福岡天神ONETOWER,15358,2,地下鉄空港線,天神,6,3LDK,83.43,福岡県福岡市中央区天神５,https://suumo.jp//ms/chuko/fukuoka/sc_fukuokashichuo/nc_77748360/
77763961,オープンレジデンシア博多空港通り,3490,2,地下鉄空港線,博多,11,1LDK,34.38,福岡県福岡市博多区東光２,https://suumo.jp//ms/chuko/fukuoka/sc_fukuokashihakata/nc_77763961/
77788575,ライオンズマンション西新,2980,44,地下鉄空港線,藤崎,4,2LDK,66.36,福岡県福岡市早良区西新７,https://suumo.jp//ms/chuko/fukuoka/sc_fukuokashisawara/nc_77788575/
77793403,レーベン福岡天神　ＯＮＥ　ＴＯＷＥＲ,15358,2,地下鉄空港線,天神,9,3LDK,83.43,福岡県福岡市中央区天神５,https://suumo.jp//ms/chuko/fukuoka/sc_fukuokashichuo/nc_77793403/
77794350,ライオンズマンションマキシム桜坂II,4480,28,地下鉄七隈線,桜坂,5,3LDK,85.78,福岡県福岡市中央区谷１,https://suumo.jp//ms/chuko/fukuoka/sc_fukuokashichuo/nc_77794350/
77800156,ロイヤルマンション別府6,3700,32,地下鉄七隈線,別府,7,4LDK,81.19,福岡県福岡市城南区別府６,https://suumo.jp//ms/chuko/fukuoka/sc_fukuokashijonan/nc_77800156/
77817947,ブライト・サンリヤン藤崎二丁目,7490,14,地下鉄空港線,藤崎,9,4LDK,105.88,福岡県福岡市早良区藤崎２,https://suumo.jp//ms/chuko/fukuoka/sc_fukuokashisawara/nc_77817947/
77821582,ハイライフ平尾,2690,49,地下鉄七隈線,薬院大通,14,1LDK,57.13,福岡県福岡市中央区平尾４-7-17,https://suumo.jp//ms/chuko/fukuoka/sc_fukuokashichuo/nc_77821582/
77825635,トーカンマンション六本松,5280,30,地下鉄七隈線,六本松,3,3LDK,74.74,福岡県福岡市中央区六本松４,https://suumo.jp//ms/chuko/fukuoka/sc_fukuokashichuo/nc_77825635/
77854406,藤和城西コープ,1998,52,地下鉄七隈線,別府,8,2LDK,52.82,福岡県福岡市城南区別府４,https://suumo.jp//ms/chuko/fukuoka/sc_fukuokashijonan/nc_77854406/
77889490,アルデ別府,4490,20,地下鉄七隈線,別府,6,4LDK,107.96,福岡県福岡市城南区別府１-16-28,https://suumo.jp//ms/chuko/fukuoka/sc_fukuokashijonan/nc_77889490/
77890908,Brillia Tower西新　ブリリアタワー西新,33000,5,地下鉄空港線,西新,1,2LDK,101.82,福岡県福岡市早良区西新４,https://suumo.jp//ms/chuko/fukuoka/sc_fukuokashisawara/nc_77890908/
77892861,MJR赤坂タワー,15800,9,地下鉄空港線,赤坂,1,2LDK,69.03,福岡県福岡市中央区赤坂１,https://suumo.jp//ms/chuko/fukuoka/sc_fukuokashichuo/nc_77892861/
77901231,Brillia　Tower西新,33000,5,地下鉄空港線,西新,2,2LDK,101.82,福岡県福岡市早良区西新４,https://suumo.jp//ms/chuko/fukuoka/sc_fukuokashisawara/nc_77901231/
77901688,ブリリアタワー西新,33000,5,地下鉄空港線,西新,1,2LDK,101.82,福岡県福岡市早良区西新４,https://suumo.jp//ms/chuko/fukuoka/sc_fukuokashisawara/nc_77901688/
77915413,MJR赤坂タワー,15800,9,地下鉄空港線,赤坂,1,2LDK,69.03,福岡県福岡市中央区赤坂１,https://suumo.jp//ms/chuko/fukuoka/sc_fukuokashichuo/nc_77915413/
77918095,BrilliaTower西新（ブリリアタワー西新）,33000,5,地下鉄空港線,西新,1,2LDK+S（納戸）,101.82,福岡県福岡市早良区西新４,https://suumo.jp//ms/chuko/fukuoka/sc_fukuokashisawara/nc_77918095/
77918934,ＧＳハイム博多,2200,46,地下鉄空港線,東比恵,5,3LDK,66.15,福岡県福岡市博多区博多駅東２,https://suumo.jp//ms/chuko/fukuoka/sc_fukuokashihakata/nc_77918934/
77934409,MJR赤坂タワー,15800,9,地下鉄空港線,赤坂,1,2LDK,69.03,福岡県福岡市中央区赤坂１,https://suumo.jp//ms/chuko/fukuoka/sc_fukuokashichuo/nc_77934409/
77938128,コアマンション桜坂プレジオ弐番館,6500,25,地下鉄七隈線,桜坂,3,4LDK,107.15,福岡県福岡市中央区六本松３,https://suumo.jp//ms/chuko/fukuoka/sc_fukuokashichuo/nc_77938128/
77940315,Ｂｒｉｌｌｉａ　Ｔｏｗｅｒ西新・ＰＲＡＬＩＶＡ,33000,5,地下鉄空港線,西新,1,2LDK+S（納戸）,101.82,福岡県福岡市早良区西新４,https://suumo.jp//ms/chuko/fukuoka/sc_fukuokashisawara/nc_77940315/
77940319,ＭＪＲ赤坂タワー,15800,9,地下鉄空港線,赤坂,1,2LDK,69.03,福岡県福岡市中央区赤坂１,https://suumo.jp//ms/chuko/fukuoka/sc_fukuokashichuo/nc_77940319/
77951272,コープ野村博多東,2680,46,地下鉄空港線,東比恵,5,2LDK,69.36,福岡県福岡市博多区比恵町4-27,https://suumo.jp//ms/chuko/fukuoka/sc_fukuokashihakata/nc_77951272/
77959137,MJR赤坂タワー,15800,9,地下鉄空港線,赤坂,1,2LDK,69.03,福岡県福岡市中央区赤坂１,https://suumo.jp//ms/chuko/fukuoka/sc_fukuokashichuo/nc_77959137/
77960655,ザ・パークハウス百道,8580,6,地下鉄空港線,藤崎,3,3LDK,85.13,福岡県福岡市早良区百道２,https://suumo.jp//ms/chuko/fukuoka/sc_fukuokashisawara/nc_77960655/
77963044,シティオ鳥飼,3680,30,地下鉄七隈線,六本松,5,3LDK,66.69,福岡県福岡市城南区鳥飼５,https://suumo.jp//ms/chuko/fukuoka/sc_fukuokashijonan/nc_77963044/
77982546,サンリベラ・プライム天神大名レジデンス,21800,34,地下鉄空港線,赤坂,4,2LDK+S（納戸）,152.03,福岡県福岡市中央区大名２,https://suumo.jp//ms/chuko/fukuoka/sc_fukuokashichuo/nc_77982546/
78014368,クリスタージュ２番館,5280,34,地下鉄空港線,藤崎,11,4LDK,102.28,福岡県福岡市早良区百道浜４,https://suumo.jp//ms/chuko/fukuoka/sc_fukuokashisawara/nc_78014368/
78062008,ホワイティ薬院,2380,51,西鉄天神大牟田線,薬院,3,1LDK,38.81,福岡県福岡市中央区薬院１,https://suumo.jp//ms/chuko/fukuoka/sc_fukuokashichuo/nc_78062008/
78075369,パークハイツ桜坂,1600,49,地下鉄七隈線,桜坂,2,3LDK,67.2,福岡県福岡市中央区桜坂３,https://suumo.jp//ms/chuko/fukuoka/sc_fukuokashichuo/nc_78075369/
78077315,ＭＪＲ桜坂ザ・レジデンス,8990,7,地下鉄七隈線,桜坂,1,3LDK,89.39,福岡県福岡市中央区桜坂１,https://suumo.jp//ms/chuko/fukuoka/sc_fukuokashichuo/nc_78077315/
78085177,グランドメゾン大濠公園２０１７,13500,9,地下鉄空港線,大濠公園,4,2LDK,93.44,福岡県福岡市中央区荒戸１,https://suumo.jp//ms/chuko/fukuoka/sc_fukuokashichuo/nc_78085177/
78092052,ライオンズマンションマキシム浄水通り,1980,45,地下鉄七隈線,薬院大通,3,ワンルーム,36.55,福岡県福岡市中央区薬院４-18-15,https://suumo.jp//ms/chuko/fukuoka/sc_fukuokashichuo/nc_78092052/
78097789,ザ・パークハウス桜坂サンリヤン,8900,8,地下鉄七隈線,桜坂,3,3LDK,75.95,福岡県福岡市中央区桜坂３,https://suumo.jp//ms/chuko/fukuoka/sc_fukuokashichuo/nc_78097789/
78097923,藤和平尾コープ,3380,48,地下鉄七隈線,薬院大通,13,3LDK,87.09,福岡県福岡市中央区平尾２-12-8,https://suumo.jp//ms/chuko/fukuoka/sc_fukuokashichuo/nc_78097923/
78105959,Brillia平尾浄水,12900,17,地下鉄七隈線,薬院大通,11,3LDK,127.99,福岡県福岡市中央区平尾浄水町4-7,https://suumo.jp//ms/chuko/fukuoka/sc_fukuokashichuo/nc_78105959/
78108711,KBCマンションユーハイム百道,3850,40,地下鉄空港線,藤崎,6,3LDK,83.47,福岡県福岡市早良区百道１,https://suumo.jp//ms/chuko/fukuoka/sc_fukuokashisawara/nc_78108711/
78112179,オープンレジデンシア渡辺通,6490,5,地下鉄七隈線,渡辺通,6,2LDK,66.02,福岡県福岡市中央区清川１,https://suumo.jp//ms/chuko/fukuoka/sc_fukuokashichuo/nc_78112179/
78116650,百道タワー,10980,22,地下鉄空港線,西新,13,3LDK,108.68,福岡県福岡市早良区百道浜１,https://suumo.jp//ms/chuko/fukuoka/sc_fukuokashisawara/nc_78116650/
78118520,パークハイツ桜坂,1600,49,地下鉄七隈線,桜坂,4,3LDK,67.2,福岡県福岡市中央区桜坂３-12-78,https://suumo.jp//ms/chuko/fukuoka/sc_fukuokashichuo/nc_78118520/
78123276,グランドメゾン福岡Ｔｈｅ　Ｃｅｎｔｒａｌ　Ｌｕｘｅ,9300,1,西鉄天神大牟田線,薬院,2,1LDK,62.25,福岡県福岡市中央区渡辺通２,https://suumo.jp//ms/chuko/fukuoka/sc_fukuokashichuo/nc_78123276/
78123277,グランドメゾン福岡Ｔｈｅ　Ｃｅｎｔｒａｌ　Ｌｕｘｅ,10900,1,西鉄天神大牟田線,薬院,2,1LDK,69.63,福岡県福岡市中央区渡辺通２,https://suumo.jp//ms/chuko/fukuoka/sc_fukuokashichuo/nc_78123277/
78135127,オープンレジデンシア渡辺通南,3800,2,地下鉄七隈線,渡辺通,10,1LDK,38.25,福岡県福岡市中央区清川２,https://suumo.jp//ms/chuko/fukuoka/sc_fukuokashichuo/nc_78135127/
78138210,西新ビル,1670,54,地下鉄空港線,藤崎,5,2LDK,60.8,福岡県福岡市早良区高取１,https://suumo.jp//ms/chuko/fukuoka/sc_fukuokashisawara/nc_78138210/
78138292,コアマンションけやき通りプレジオ,8480,24,地下鉄七隈線,六本松,10,ワンルーム,91.8,福岡県福岡市中央区赤坂３,https://suumo.jp//ms/chuko/fukuoka/sc_fukuokashichuo/nc_78138292/
78138910,ダイナコート赤坂南,2100,38,地下鉄七隈線,桜坂,5,3LDK,63.3,福岡県福岡市中央区桜坂２,https://suumo.jp//ms/chuko/fukuoka/sc_fukuokashichuo/nc_78138910/
78147889,ネオグランデ六本松ヒルズ,4200,27,地下鉄七隈線,六本松,6,3LDK,78.14,福岡県福岡市中央区六本松３-11-12,https://suumo.jp//ms/chuko/fukuoka/sc_fukuokashichuo/nc_78147889/
78157909,サンライフ六本松,2199,42,地下鉄七隈線,六本松,3,1LDK,41.36,福岡県福岡市中央区草香江２,https://suumo.jp//ms/chuko/fukuoka/sc_fukuokashichuo/nc_78157909/
78158983,コアマンション城南ネクステージ,4490,22,地下鉄七隈線,別府,15,3LDK,77.02,福岡県福岡市城南区田島１-4－8,https://suumo.jp//ms/chuko/fukuoka/sc_fukuokashijonan/nc_78158983/
78171866,グランドメゾン大濠南,7990,25,地下鉄七隈線,六本松,4,3LDK+S（納戸）,87.11,福岡県福岡市中央区草香江２-1-38,https://suumo.jp//ms/chuko/fukuoka/sc_fukuokashichuo/nc_78171866/
78177803,ジョイナス天神タワー,4298,29,地下鉄空港線,中洲川端,11,3LDK,72.59,福岡県福岡市博多区対馬小路12-20,https://suumo.jp//ms/chuko/fukuoka/sc_fukuokashihakata/nc_78177803/
78187553,アクロス天神セントラルグロー,3099,3,地下鉄七隈線,渡辺通,6,1LDK,32.91,福岡県福岡市中央区春吉２,https://suumo.jp//ms/chuko/fukuoka/sc_fukuokashichuo/nc_78187553/
78200191,クリオ渡辺通サザンマークス,5980,2,地下鉄七隈線,渡辺通,15,3LDK,67.0,福岡県福岡市中央区清川３,https://suumo.jp//ms/chuko/fukuoka/sc_fukuokashichuo/nc_78200191/
78208936,サンライフ六本松,2199,42,地下鉄七隈線,六本松,3,1LDK,41.36,福岡県福岡市中央区草香江２,https://suumo.jp//ms/chuko/fukuoka/sc_fukuokashichuo/nc_78208936/
78230993,ロイヤルマンション別府６,3700,32,地下鉄七隈線,別府,7,4LDK,81.19,福岡県福岡市城南区別府６,https://suumo.jp//ms/chuko/fukuoka/sc_fukuokashijonan/nc_78230993/
78239404,サンシティ鳥飼,3899,32,地下鉄七隈線,別府,10,3LDK,68.48,福岡県福岡市城南区鳥飼４-9-3,https://suumo.jp//ms/chuko/fukuoka/sc_fukuokashijonan/nc_78239404/
78252151,デュオヴェール平尾,3498,3,西鉄天神大牟田線,薬院,15,1LDK,34.05,福岡県福岡市中央区平尾２,https://suumo.jp//ms/chuko/fukuoka/sc_fukuokashichuo/nc_78252151/
78255043,ネクサス薬院,13300,11,地下鉄七隈線,薬院大通,4,3LDK,94.52,福岡県福岡市中央区薬院１,https://suumo.jp//ms/chuko/fukuoka/sc_fukuokashichuo/nc_78255043/
78261313,西新中央マンション,2690,43,地下鉄空港線,西新,6,4LDK,84.66,福岡県福岡市早良区西新７-1-7,https://suumo.jp//ms/chuko/fukuoka/sc_fukuokashisawara/nc_78261313/
78268682,サンシティ鳥飼,3899,32,地下鉄七隈線,別府,9,3LDK,68.48,福岡県福岡市城南区鳥飼４,https://suumo.jp//ms/chuko/fukuoka/sc_fukuokashijonan/nc_78268682/
78288595,ジョイナス天神タワー,3999,29,地下鉄空港線,中洲川端,11,2LDK,56.14,福岡県福岡市博多区対馬小路,https://suumo.jp//ms/chuko/fukuoka/sc_fukuokashihakata/nc_78288595/
78294683,ネクサス薬院,13300,11,地下鉄七隈線,薬院大通,3,3LDK,94.52,福岡県福岡市中央区薬院１,https://suumo.jp//ms/chuko/fukuoka/sc_fukuokashichuo/nc_78294683/
78307032,シティマンション大名,4500,39,地下鉄空港線,赤坂,6,3LDK,64.98,福岡県福岡市中央区大名１,https://suumo.jp//ms/chuko/fukuoka/sc_fukuokashichuo/nc_78307032/
78314270,サンシティ鳥飼,3899,32,地下鉄七隈線,別府,11,3LDK,68.48,福岡県福岡市城南区鳥飼４,https://suumo.jp//ms/chuko/fukuoka/sc_fukuokashijonan/nc_78314270/
78317769,サンシティ鳥飼,3899,32,地下鉄七隈線,別府,11,3LDK,68.48,福岡県福岡市城南区鳥飼４,https://suumo.jp//ms/chuko/fukuoka/sc_fukuokashijonan/nc_78317769/
78325037,ロマネスク大濠アネックス,3199,39,地下鉄空港線,唐人町,13,2LDK,59.65,福岡県福岡市中央区鳥飼２,https://suumo.jp//ms/chuko/fukuoka/sc_fukuokashichuo/nc_78325037/
78330015,ヒルズ平尾,6980,28,地下鉄七隈線,薬院大通,15,4LDK,93.25,福岡県福岡市中央区平尾４,https://suumo.jp//ms/chuko/fukuoka/sc_fukuokashichuo/nc_78330015/
78334227,ロマネスク大濠アネックス,3099,39,地下鉄空港線,唐人町,14,2LDK,59.65,福岡県福岡市中央区鳥飼２-6-15,https://suumo.jp//ms/chuko/fukuoka/sc_fukuokashichuo/nc_78334227/
78335800,ジョイナス天神タワー,3999,29,地下鉄空港線,中洲川端,11,2LDK,56.14,福岡県福岡市博多区対馬小路12-20,https://suumo.jp//ms/chuko/fukuoka/sc_fukuokashihakata/nc_78335800/
78348132,オープンレジデンシア博多住吉,4120,3,地下鉄空港線,博多,9,1LDK,38.65,福岡県福岡市博多区住吉２,https://suumo.jp//ms/chuko/fukuoka/sc_fukuokashihakata/nc_78348132/
78349546,ジョイナス天神タワー,3999,29,地下鉄空港線,中洲川端,11,2LDK,56.14,福岡県福岡市博多区対馬小路,https://suumo.jp//ms/chuko/fukuoka/sc_fukuokashihakata/nc_78349546/
78355670,ライオンズマンション薬院第５,3280,44,地下鉄七隈線,薬院大通,3,2LDK,65.31,福岡県福岡市中央区薬院２,https://suumo.jp//ms/chuko/fukuoka/sc_fukuokashichuo/nc_78355670/
78356286,カーサ大濠,2299,52,地下鉄七隈線,六本松,7,1LDK,51.66,福岡県福岡市中央区六本松３,https://suumo.jp//ms/chuko/fukuoka/sc_fukuokashichuo/nc_78356286/
78365855,ジョイナス天神タワー,3999,29,地下鉄空港線,天神,14,2LDK,56.14,福岡県福岡市博多区対馬小路12,https://suumo.jp//ms/chuko/fukuoka/sc_fukuokashihakata/nc_78365855/
78371177,日商岩井新福陵マンション,2380,48,地下鉄空港線,藤崎,14,4LDK,92.26,福岡県福岡市早良区荒江３,https://suumo.jp//ms/chuko/fukuoka/sc_fukuokashisawara/nc_78371177/
78379810,モントーレラコルタユニバ通り,2580,13,地下鉄空港線,福岡空港,9,3LDK,76.52,福岡県糟屋郡志免町別府西３-13-7,https://suumo.jp//ms/chuko/fukuoka/sc_kasuyagunshime/nc_78379810/
78388805,ＭＪＲ百道二丁目,7000,19,地下鉄空港線,藤崎,5,4LDK,94.63,福岡県福岡市早良区百道２,https://suumo.jp//ms/chuko/fukuoka/sc_fukuokashisawara/nc_78388805/
78392749,藤崎ロジュマン,4380,38,地下鉄空港線,藤崎,10,4LDK,82.76,福岡県福岡市早良区昭代３-9-5,https://suumo.jp//ms/chuko/fukuoka/sc_fukuokashisawara/nc_78392749/
78393758,サニークレスト荒江,1790,44,地下鉄七隈線,別府,14,4LDK,81.47,福岡県福岡市城南区荒江１,https://suumo.jp//ms/chuko/fukuoka/sc_fukuokashijonan/nc_78393758/
78393786,藤崎ロジュマン,4380,38,地下鉄空港線,藤崎,13,4LDK,82.76,福岡県福岡市早良区昭代３-9-5,https://suumo.jp//ms/chuko/fukuoka/sc_fukuokashisawara/nc_78393786/
78395279,レーベン福岡天神ＯＮＥＴＯＷＥＲ,15358,2,地下鉄空港線,天神,6,3LDK,83.43,福岡県福岡市中央区天神５,https://suumo.jp//ms/chuko/fukuoka/sc_fukuokashichuo/nc_78395279/
78397837,シャトレ大濠,1680,45,地下鉄空港線,西新,12,1LDK,50.81,福岡県福岡市中央区鳥飼１-4-38,https://suumo.jp//ms/chuko/fukuoka/sc_fukuokashichuo/nc_78397837/
78404649,赤坂エクセル　207,3450,52,地下鉄空港線,赤坂,12,2LDK,79.5,福岡県福岡市中央区赤坂３-8-26,https://suumo.jp//ms/chuko/fukuoka/sc_fukuokashichuo/nc_78404649/
78439167,コスモ博多古門戸,4499,23,地下鉄箱崎線,中洲川端,9,1LDK+S（納戸）,54.49,福岡県福岡市博多区古門戸町,https://suumo.jp//ms/chuko/fukuoka/sc_fukuokashihakata/nc_78439167/
78457540,藤崎ロジュマン,4380,38,地下鉄空港線,藤崎,10,4LDK,82.76,福岡県福岡市早良区昭代３,https://suumo.jp//ms/chuko/fukuoka/sc_fukuokashisawara/nc_78457540/
78473165,モントーレラコルタユニバ通り,2280,13,地下鉄空港線,福岡空港,11,2LDK,66.03,福岡県糟屋郡志免町別府西３,https://suumo.jp//ms/chuko/fukuoka/sc_kasuyagunshime/nc_78473165/
78475513,コスモ博多古門戸,4499,23,地下鉄箱崎線,中洲川端,9,1LDK+S（納戸）,54.49,福岡県福岡市博多区古門戸町10,https://suumo.jp//ms/chuko/fukuoka/sc_fukuokashihakata/nc_78475513/
78475889,サングレート博多ロイヤルステージ,4780,14,地下鉄空港線,東比恵,12,4LDK,91.02,福岡県福岡市博多区半道橋１,https://suumo.jp//ms/chuko/fukuoka/sc_fukuokashihakata/nc_78475889/
78492222,アンピール大濠公園,6990,20,地下鉄空港線,大濠公園,7,2LDK+S（納戸）,82.08,福岡県福岡市中央区荒戸２,https://suumo.jp//ms/chuko/fukuoka/sc_fukuokashichuo/nc_78492222/
78498197,ライオンズマンション祖原ヒルズ,5880,22,地下鉄空港線,西新,11,4LDK,84.06,福岡県福岡市早良区祖原,https://suumo.jp//ms/chuko/fukuoka/sc_fukuokashisawara/nc_78498197/
78499062,アーサー藤崎エクセラン,5180,24,地下鉄空港線,藤崎,10,4LDK,86.46,福岡県福岡市早良区昭代３,https://suumo.jp//ms/chuko/fukuoka/sc_fukuokashisawara/nc_78499062/
78511958,チサンマンション祇園,1878,46,地下鉄七隈線,櫛田神社前,5,1LDK,40.08,福岡県福岡市博多区祇園町,https://suumo.jp//ms/chuko/fukuoka/sc_fukuokashihakata/nc_78511958/
78515294,日商岩井弥生マンション,1340,47,地下鉄空港線,藤崎,14,4LDK,87.49,福岡県福岡市早良区原１-41 - 1,https://suumo.jp//ms/chuko/fukuoka/sc_fukuokashisawara/nc_78515294/
78516843,ミスモ天神,3880,3,地下鉄七隈線,渡辺通,4,1LDK,33.37,福岡県福岡市中央区渡辺通２,https://suumo.jp//ms/chuko/fukuoka/sc_fukuokashichuo/nc_78516843/
78517451,朝日プラザ桜坂,3480,40,地下鉄七隈線,桜坂,6,2LDK,67.26,福岡県福岡市中央区桜坂１,https://suumo.jp//ms/chuko/fukuoka/sc_fukuokashichuo/nc_78517451/
78524462,藤和西新コープ305号,1300,49,地下鉄空港線,西新,7,5DK,84.82,福岡県福岡市早良区城西２-11番25号,https://suumo.jp//ms/chuko/fukuoka/sc_fukuokashisawara/nc_78524462/
78525272,コスモ博多古門戸,4499,23,地下鉄空港線,中洲川端,9,1LDK+S（納戸）,54.49,福岡県福岡市博多区古門戸町,https://suumo.jp//ms/chuko/fukuoka/sc_fukuokashihakata/nc_78525272/
78528435,サンライフ六本松,2199,42,地下鉄七隈線,六本松,3,1LDK,41.36,福岡県福岡市中央区草香江２-1-40,https://suumo.jp//ms/chuko/fukuoka/sc_fukuokashichuo/nc_78528435/
78528588,ロマネスク西公園,3250,45,地下鉄空港線,唐人町,6,3LDK,79.89,福岡県福岡市中央区荒戸３,https://suumo.jp//ms/chuko/fukuoka/sc_fukuokashichuo/nc_78528588/
78533278,星和今泉コーポラス,3780,44,地下鉄七隈線,薬院大通,7,3LDK,88.0,福岡県福岡市中央区今泉２,https://suumo.jp//ms/chuko/fukuoka/sc_fukuokashichuo/nc_78533278/
78533981,アクロス天神ｖタワー,8280,21,地下鉄空港線,天神,7,4LDK,90.24,福岡県福岡市中央区舞鶴１,https://suumo.jp//ms/chuko/fukuoka/sc_fukuokashichuo/nc_78533981/
78536383,ロマネスク大濠アネックス,3099,39,地下鉄空港線,唐人町,11,2LDK,59.65,福岡県福岡市中央区鳥飼２-6-15,https://suumo.jp//ms/chuko/fukuoka/sc_fukuokashichuo/nc_78536383/
78536704,ロマネスク大濠アネックス,3099,39,地下鉄空港線,唐人町,14,2LDK,59.65,福岡県福岡市中央区鳥飼２,https://suumo.jp//ms/chuko/fukuoka/sc_fukuokashichuo/nc_78536704/
78541566,藤和今泉コープ,2980,47,地下鉄七隈線,薬院大通,8,3LDK,69.6,福岡県福岡市中央区今泉２-4-58,https://suumo.jp//ms/chuko/fukuoka/sc_fukuokashichuo/nc_78541566/
78542050,パークヒルズ櫻坂ステージI,6480,33,地下鉄七隈線,桜坂,5,3LDK,131.34,福岡県福岡市中央区桜坂３,https://suumo.jp//ms/chuko/fukuoka/sc_fukuokashichuo/nc_78542050/
78550441,Ｂｒｉｌｌｉａ　Ｔｏｗｅｒ西新・ＰＲＡＬＩＶＡ,31000,5,地下鉄空港線,西新,1,2LDK,101.13,福岡県福岡市早良区西新４,https://suumo.jp//ms/chuko/fukuoka/sc_fukuokashisawara/nc_78550441/
78551396,ミスモ天神,3880,3,地下鉄七隈線,薬院,4,1LDK,33.37,福岡県福岡市中央区渡辺通２,https://suumo.jp//ms/chuko/fukuoka/sc_fukuokashichuo/nc_78551396/
78553902,オープンレジデンシア天神今泉,4900,3,地下鉄七隈線,薬院大通,6,2LDK,46.01,福岡県福岡市中央区今泉２,https://suumo.jp//ms/chuko/fukuoka/sc_fukuokashichuo/nc_78553902/
78566794,皐月マンション奈良屋,2280,46,地下鉄空港線,中洲川端,11,2LDK,53.28,福岡県福岡市博多区奈良屋町12‐18,https://suumo.jp//ms/chuko/fukuoka/sc_fukuokashihakata/nc_78566794/
78568146,ザ・パークハウス天神今泉,17900,6,西鉄天神大牟田線,薬院,6,3LDK,104.72,福岡県福岡市中央区今泉２,https://suumo.jp//ms/chuko/fukuoka/sc_fukuokashichuo/nc_78568146/
78569633,ＭＪＲ博多ザ・レジデンス,4650,1,ＪＲ鹿児島本線,博多,13,1LDK,41.57,福岡県福岡市博多区美野島１,https://suumo.jp//ms/chuko/fukuoka/sc_fukuokashihakata/nc_78569633/
78569733,第参参プリンスマンション城南,3099,40,地下鉄七隈線,別府,2,2LDK,65.65,福岡県福岡市城南区別府１-19-40,https://suumo.jp//ms/chuko/fukuoka/sc_fukuokashijonan/nc_78569733/
78574614,サーパス薬院,7480,23,西鉄天神大牟田線,薬院,4,4LDK,99.96,福岡県福岡市中央区薬院３,https://suumo.jp//ms/chuko/fukuoka/sc_fukuokashichuo/nc_78574614/
78575103,第33プリンスマンション城南,3199,40,地下鉄七隈線,別府,2,2LDK,65.65,福岡県福岡市城南区別府１-19-40,https://suumo.jp//ms/chuko/fukuoka/sc_fukuokashijonan/nc_78575103/
78576700,サンライフ六本松,2199,42,地下鉄七隈線,六本松,3,1LDK,41.36,福岡県福岡市中央区草香江２,https://suumo.jp//ms/chuko/fukuoka/sc_fukuokashichuo/nc_78576700/
78583591,ビレッタ百道,2299,51,地下鉄空港線,藤崎,11,2LDK,60.5,福岡県福岡市早良区百道１-33-22,https://suumo.jp//ms/chuko/fukuoka/sc_fukuokashisawara/nc_78583591/
78585340,デュオヴェール平尾,3330,3,地下鉄七隈線,薬院,14,1LDK,34.1,福岡県福岡市中央区平尾２,https://suumo.jp//ms/chuko/fukuoka/sc_fukuokashichuo/nc_78585340/
78588120,ジョイナス天神タワー　フルリノベーション物件,3999,29,地下鉄空港線,中洲川端,11,2LDK,56.14,福岡県福岡市博多区対馬小路,https://suumo.jp//ms/chuko/fukuoka/sc_fukuokashihakata/nc_78588120/
78591486,第３３プリンスマンション城南,3199,40,地下鉄七隈線,別府,4,2LDK,65.65,福岡県福岡市城南区別府１,https://suumo.jp//ms/chuko/fukuoka/sc_fukuokashijonan/nc_78591486/
78596388,グランディア百道浜通り,4590,20,地下鉄空港線,西新,9,2LDK,68.66,福岡県福岡市早良区西新２,https://suumo.jp//ms/chuko/fukuoka/sc_fukuokashisawara/nc_78596388/
78598929,パークコート赤坂ヒルトップレジデンス,9980,16,地下鉄七隈線,桜坂,9,3LDK,88.76,福岡県福岡市中央区赤坂３,https://suumo.jp//ms/chuko/fukuoka/sc_fukuokashichuo/nc_78598929/
78604511,ビレッタ百道,2299,51,地下鉄空港線,藤崎,11,2LDK,60.5,福岡県福岡市早良区百道１-33-22,https://suumo.jp//ms/chuko/fukuoka/sc_fukuokashisawara/nc_78604511/
78613656,トーカンマンション博多駅前第８,1650,47,ＪＲ鹿児島本線,博多,10,1LDK+S（納戸）,56.03,福岡県福岡市博多区博多駅前４,https://suumo.jp//ms/chuko/fukuoka/sc_fukuokashihakata/nc_78613656/
78615637,パークコート赤坂ヒルトップレジデンス,6980,16,地下鉄七隈線,桜坂,9,2LDK,68.48,福岡県福岡市中央区赤坂３,https://suumo.jp//ms/chuko/fukuoka/sc_fukuokashichuo/nc_78615637/
78616238,ゾンネンハイム大手門,1730,53,地下鉄空港線,大濠公園,7,3LDK,66.7,福岡県福岡市中央区大手門２-5-10,https://suumo.jp//ms/chuko/fukuoka/sc_fukuokashichuo/nc_78616238/
78622505,第参参プリンスマンション城南,3099,40,地下鉄七隈線,別府,2,2LDK,65.65,福岡県福岡市城南区別府１,https://suumo.jp//ms/chuko/fukuoka/sc_fukuokashijonan/nc_78622505/
78624572,アダージュ薬院弐番館,7580,23,地下鉄七隈線,薬院大通,2,4LDK,93.88,福岡県福岡市中央区薬院２,https://suumo.jp//ms/chuko/fukuoka/sc_fukuokashichuo/nc_78624572/
78628573,クリオラベルヴィ赤坂,3400,5,地下鉄空港線,赤坂,7,1LDK,33.46,福岡県福岡市中央区大手門２,https://suumo.jp//ms/chuko/fukuoka/sc_fukuokashichuo/nc_78628573/
78635330,ザ・パークハウス福岡タワーズＥＡＳＴ,7800,6,地下鉄空港線,唐人町,12,2LDK,64.28,福岡県福岡市中央区地行浜２,https://suumo.jp//ms/chuko/fukuoka/sc_fukuokashichuo/nc_78635330/
78637651,カーサ第二博多,2188,45,地下鉄七隈線,櫛田神社前,11,2LDK,53.86,福岡県福岡市博多区住吉２,https://suumo.jp//ms/chuko/fukuoka/sc_fukuokashihakata/nc_78637651/
78640538,パークコート赤坂ヒルトップレジデンス,9980,16,地下鉄七隈線,桜坂,10,3LDK,89.63,福岡県福岡市中央区赤坂３-６－６,https://suumo.jp//ms/chuko/fukuoka/sc_fukuokashichuo/nc_78640538/
78642820,ジョイナス天神タワー◆☆上質なデザイン空間☆◆,4099,29,地下鉄空港線,中洲川端,11,2LDK,56.14,福岡県福岡市博多区対馬小路,https://suumo.jp//ms/chuko/fukuoka/sc_fukuokashihakata/nc_78642820/
78645501,ビレッタ百道,2580,51,地下鉄空港線,藤崎,12,2LDK,60.5,福岡県福岡市早良区百道１,https://suumo.jp//ms/chuko/fukuoka/sc_fukuokashisawara/nc_78645501/
78646057,グランディア百道浜通り,4590,20,地下鉄空港線,西新,8,2LDK,68.66,福岡県福岡市早良区西新２,https://suumo.jp//ms/chuko/fukuoka/sc_fukuokashisawara/nc_78646057/
78646739,ファーネスト百道2丁目,6500,26,地下鉄空港線,藤崎,3,4LDK,87.85,福岡県福岡市早良区百道２-15-17,https://suumo.jp//ms/chuko/fukuoka/sc_fukuokashisawara/nc_78646739/
78648931,エステートマンション大濠・相羽ビル,7800,40,地下鉄七隈線,六本松,9,3LDK,102.26,福岡県福岡市中央区大濠１,https://suumo.jp//ms/chuko/fukuoka/sc_fukuokashichuo/nc_78648931/
78652446,第参参プリンスマンション城南,3099,40,地下鉄七隈線,別府,2,2LDK,65.65,福岡県福岡市城南区別府１,https://suumo.jp//ms/chuko/fukuoka/sc_fukuokashijonan/nc_78652446/
78653597,グランディア百道浜通り,4590,20,地下鉄空港線,西新,9,2LDK,68.66,福岡県福岡市早良区西新２,https://suumo.jp//ms/chuko/fukuoka/sc_fukuokashisawara/nc_78653597/
78661055,グランドメゾン福岡　Ｔｈｅ　Ｃｅｎｔｒａｌ　Ｌｕｘｅ,9980,1,西鉄天神大牟田線,薬院,2,1LDK,63.29,福岡県福岡市中央区渡辺通２,https://suumo.jp//ms/chuko/fukuoka/sc_fukuokashichuo/nc_78661055/
78666531,カーサ第2博多,2188,45,地下鉄七隈線,渡辺通,10,2LDK,53.86,福岡県福岡市博多区住吉２,https://suumo.jp//ms/chuko/fukuoka/sc_fukuokashihakata/nc_78666531/
78667477,オープンレジデンシア博多住吉,4190,3,ＪＲ鹿児島本線,博多,11,1LDK,38.65,福岡県福岡市博多区住吉２,https://suumo.jp//ms/chuko/fukuoka/sc_fukuokashihakata/nc_78667477/
78668157,オープンレジデンシア西新,3450,1,地下鉄空港線,西新,5,1LDK,31.65,福岡県福岡市早良区城西１,https://suumo.jp//ms/chuko/fukuoka/sc_fukuokashisawara/nc_78668157/
78668487,パークホームズ西新トラッドマークス,25000,8,地下鉄空港線,西新,3,3LDK+S（納戸）,163.09,福岡県福岡市早良区西新２,https://suumo.jp//ms/chuko/fukuoka/sc_fukuokashisawara/nc_78668487/
78668970,グランディア百道浜通り,4590,20,地下鉄空港線,西新,9,2LDK,68.66,福岡県福岡市早良区西新２,https://suumo.jp//ms/chuko/fukuoka/sc_fukuokashisawara/nc_78668970/
78669864,ファーネスト百道二丁目,6500,26,地下鉄空港線,藤崎,3,4LDK,87.85,福岡県福岡市早良区百道２-15-17,https://suumo.jp//ms/chuko/fukuoka/sc_fukuokashisawara/nc_78669864/
78671217,オープンレジデンシア博多住吉,3890,3,ＪＲ鹿児島本線,博多,9,1LDK,38.65,福岡県福岡市博多区住吉２,https://suumo.jp//ms/chuko/fukuoka/sc_fukuokashihakata/nc_78671217/
78672728,パークホームズ大濠公園フロント,7680,1,地下鉄空港線,大濠公園,2,2LDK,53.61,福岡県福岡市中央区荒戸１,https://suumo.jp//ms/chuko/fukuoka/sc_fukuokashichuo/nc_78672728/
78674088,ロワールマンション西公園ビュー,2398,36,地下鉄空港線,大濠公園,15,2LDK,53.27,福岡県福岡市中央区港３-10-25,https://suumo.jp//ms/chuko/fukuoka/sc_fukuokashichuo/nc_78674088/
78680505,ネクサス薬院,13300,11,地下鉄七隈線,薬院大通,4,3LDK,94.52,福岡県福岡市中央区薬院１,https://suumo.jp//ms/chuko/fukuoka/sc_fukuokashichuo/nc_78680505/
78688527,モントーレラコルタユニバ通り,3200,13,地下鉄空港線,福岡空港,10,3LDK,93.57,福岡県糟屋郡志免町別府西３,https://suumo.jp//ms/chuko/fukuoka/sc_kasuyagunshime/nc_78688527/
78691499,ロマネスク大濠アネツクス,3099,39,地下鉄空港線,唐人町,12,2LDK,59.65,福岡県福岡市中央区鳥飼２,https://suumo.jp//ms/chuko/fukuoka/sc_fukuokashichuo/nc_78691499/
78692224,カーサ大濠,2299,52,地下鉄七隈線,六本松,8,1LDK,51.66,福岡県福岡市中央区六本松３-11-45,https://suumo.jp//ms/chuko/fukuoka/sc_fukuokashichuo/nc_78692224/
78698469,グランディア百道浜通り,4590,20,地下鉄空港線,西新,9,2LDK,68.66,福岡県福岡市早良区西新２,https://suumo.jp//ms/chuko/fukuoka/sc_fukuokashisawara/nc_78698469/
78698470,ファーネスト百道二丁目,6500,26,地下鉄空港線,藤崎,4,4LDK,87.85,福岡県福岡市早良区百道２,https://suumo.jp//ms/chuko/fukuoka/sc_fukuokashisawara/nc_78698470/
78702656,ブライトンヒルズ藤崎,6380,23,地下鉄空港線,藤崎,6,3LDK,79.23,福岡県福岡市早良区藤崎１,https://suumo.jp//ms/chuko/fukuoka/sc_fukuokashisawara/nc_78702656/
78708084,ブライトンヒルズ藤崎,6380,23,地下鉄空港線,藤崎,6,3LDK,79.23,福岡県福岡市早良区藤崎１,https://suumo.jp//ms/chuko/fukuoka/sc_fukuokashisawara/nc_78708084/
78708894,ハイツ21,2180,49,地下鉄空港線,西新,6,2LDK,61.83,福岡県福岡市早良区城西１,https://suumo.jp//ms/chuko/fukuoka/sc_fukuokashisawara/nc_78708894/
78714031,ブライトンヒルズ藤崎,6380,23,地下鉄空港線,藤崎,7,3LDK,79.23,福岡県福岡市早良区藤崎１-5-10,https://suumo.jp//ms/chuko/fukuoka/sc_fukuokashisawara/nc_78714031/
78715529,藤和城西コープ,1998,52,地下鉄七隈線,別府,8,2LDK,52.82,福岡県福岡市城南区別府４,https://suumo.jp//ms/chuko/fukuoka/sc_fukuokashijonan/nc_78715529/
78716200,ブライトンヒルズ藤崎,6380,23,地下鉄空港線,藤崎,5,3LDK,79.23,福岡県福岡市早良区藤崎１,https://suumo.jp//ms/chuko/fukuoka/sc_fukuokashisawara/nc_78716200/
78717069,エステートマンション大濠フローレンス,6380,37,地下鉄七隈線,六本松,15,2LDK,97.42,福岡県福岡市中央区鳥飼１,https://suumo.jp//ms/chuko/fukuoka/sc_fukuokashichuo/nc_78717069/
78717582,エクセレンス谷,2590,47,地下鉄七隈線,六本松,6,2LDK,57.23,福岡県福岡市中央区谷１-16-58,https://suumo.jp//ms/chuko/fukuoka/sc_fukuokashichuo/nc_78717582/
78720132,エクセレンス谷,2590,47,地下鉄七隈線,六本松,7,2LDK,57.23,福岡県福岡市中央区谷１,https://suumo.jp//ms/chuko/fukuoka/sc_fukuokashichuo/nc_78720132/
78722109,クリスタージュ２番館,5480,34,地下鉄空港線,藤崎,11,4LDK,102.28,福岡県福岡市早良区百道浜４,https://suumo.jp//ms/chuko/fukuoka/sc_fukuokashisawara/nc_78722109/
78723431,メゾン南博多,1680,46,ＪＲ鹿児島本線,博多,15,2LDK,55.12,福岡県福岡市博多区美野島２,https://suumo.jp//ms/chuko/fukuoka/sc_fukuokashihakata/nc_78723431/
78724447,藤和コープソシエ大名,3680,47,地下鉄七隈線,天神南,8,2LDK,67.0,福岡県福岡市中央区大名１-1-35,https://suumo.jp//ms/chuko/fukuoka/sc_fukuokashichuo/nc_78724447/
78728305,ロマネスク大濠アネックス,3099,39,地下鉄空港線,唐人町,14,2LDK,59.65,福岡県福岡市中央区鳥飼２,https://suumo.jp//ms/chuko/fukuoka/sc_fukuokashichuo/nc_78728305/
78729867,皐月マンシヨン博多◆☆駅チカ×南向き☆◆,1799,47,ＪＲ鹿児島本線,博多,6,1LDK,34.65,福岡県福岡市博多区博多駅前３,https://suumo.jp//ms/chuko/fukuoka/sc_fukuokashihakata/nc_78729867/
78735750,グランピア空港前,1480,40,地下鉄空港線,福岡空港,13,2LDK,56.07,福岡県福岡市博多区青木１-5－39,https://suumo.jp//ms/chuko/fukuoka/sc_fukuokashihakata/nc_78735750/
78739625,藤和西新コープ,1980,49,地下鉄空港線,西新,8,3LDK,84.82,福岡県福岡市早良区城西２-11-25,https://suumo.jp//ms/chuko/fukuoka/sc_fukuokashisawara/nc_78739625/
78743140,エクセレンス谷　中古マンション,2590,47,地下鉄七隈線,六本松,7,2LDK,57.23,福岡県福岡市中央区谷１,https://suumo.jp//ms/chuko/fukuoka/sc_fukuokashichuo/nc_78743140/
78743384,朝日プラザ天神,3050,40,地下鉄空港線,天神,6,1LDK,55.5,福岡県福岡市中央区舞鶴１,https://suumo.jp//ms/chuko/fukuoka/sc_fukuokashichuo/nc_78743384/
78747729,エフグラン室見,5980,7,地下鉄空港線,藤崎,6,3LDK,75.59,福岡県福岡市早良区室見２,https://suumo.jp//ms/chuko/fukuoka/sc_fukuokashisawara/nc_78747729/
78748147,パークハイツ赤坂,3680,47,地下鉄空港線,赤坂,14,2LDK,70.01,福岡県福岡市中央区赤坂２,https://suumo.jp//ms/chuko/fukuoka/sc_fukuokashichuo/nc_78748147/
78751304,【中古マンション】ロマネスク大濠ルネッサンス,5980,36,地下鉄空港線,唐人町,10,3LDK,83.1,福岡県福岡市中央区大濠１,https://suumo.jp//ms/chuko/fukuoka/sc_fukuokashichuo/nc_78751304/
78757591,エンゼルハイム鳥飼中央,5298,25,地下鉄空港線,西新,13,3LDK,75.68,福岡県福岡市中央区鳥飼１-４－４３,https://suumo.jp//ms/chuko/fukuoka/sc_fukuokashichuo/nc_78757591/
78767909,アンピール天神東,4280,22,地下鉄七隈線,櫛田神社前,8,2LDK,65.04,福岡県福岡市中央区春吉２,https://suumo.jp//ms/chuko/fukuoka/sc_fukuokashichuo/nc_78767909/
78770492,コスモ博多古門戸,4499,23,地下鉄空港線,中洲川端,9,1LDK+S（納戸）,54.49,福岡県福岡市博多区古門戸町,https://suumo.jp//ms/chuko/fukuoka/sc_fukuokashihakata/nc_78770492/
78770495,ジョイナス天神タワー,3999,29,地下鉄空港線,天神,14,2LDK,56.14,福岡県福岡市博多区対馬小路,https://suumo.jp//ms/chuko/fukuoka/sc_fukuokashihakata/nc_78770495/
78770821,ライオンズマンションマキシム平尾,5850,35,地下鉄七隈線,薬院大通,15,4LDK,116.18,福岡県福岡市中央区平尾４,https://suumo.jp//ms/chuko/fukuoka/sc_fukuokashichuo/nc_78770821/
78772537,エンクレストベイサイド通り,4699,10,地下鉄空港線,中洲川端,13,1LDK,54.65,福岡県福岡市博多区築港本町,https://suumo.jp//ms/chuko/fukuoka/sc_fukuokashihakata/nc_78772537/
78773022,ゾンネンハイム大手門,2280,53,地下鉄空港線,大濠公園,9,1LDK,66.0,福岡県福岡市中央区大手門２-5,https://suumo.jp//ms/chuko/fukuoka/sc_fukuokashichuo/nc_78773022/
78774527,ジョイナス天神タワー,3999,29,地下鉄空港線,中洲川端,11,2LDK,56.14,福岡県福岡市博多区対馬小路12-20,https://suumo.jp//ms/chuko/fukuoka/sc_fukuokashihakata/nc_78774527/
78778379,エクセレンス谷,2590,47,地下鉄七隈線,六本松,7,2LDK,57.23,福岡県福岡市中央区谷１,https://suumo.jp//ms/chuko/fukuoka/sc_fukuokashichuo/nc_78778379/
78778634,アンピール天神東,4280,22,地下鉄七隈線,渡辺通,8,2LDK,65.04,福岡県福岡市中央区春吉２-5-1,https://suumo.jp//ms/chuko/fukuoka/sc_fukuokashichuo/nc_78778634/
78779087,藤和コープソシエ大名,3680,47,地下鉄七隈線,天神南,8,2LDK,67.0,福岡県福岡市中央区大名１,https://suumo.jp//ms/chuko/fukuoka/sc_fukuokashichuo/nc_78779087/
78779090,コスモ博多古門戸,4499,23,地下鉄空港線,中洲川端,7,1LDK+S（納戸）,54.49,福岡県福岡市博多区古門戸町,https://suumo.jp//ms/chuko/fukuoka/sc_fukuokashihakata/nc_78779090/
78784196,パーク・サンリヤン博多の森Ⅳ番館,3799,14,地下鉄空港線,福岡空港,11,4LDK,95.8,福岡県糟屋郡志免町別府西２,https://suumo.jp//ms/chuko/fukuoka/sc_kasuyagunshime/nc_78784196/
78787170,ウイング藤崎,2000,42,地下鉄空港線,藤崎,14,2LDK,47.33,福岡県福岡市早良区弥生２,https://suumo.jp//ms/chuko/fukuoka/sc_fukuokashisawara/nc_78787170/
78789362,エンクレストベイサイド通り,4399,10,地下鉄空港線,中洲川端,13,1LDK,54.02,福岡県福岡市博多区築港本町7-14,https://suumo.jp//ms/chuko/fukuoka/sc_fukuokashihakata/nc_78789362/
78789979,のむら祖原公園ヒルズ,3698,30,地下鉄空港線,西新,14,3LDK,70.07,福岡県福岡市早良区昭代１,https://suumo.jp//ms/chuko/fukuoka/sc_fukuokashisawara/nc_78789979/
78793729,グランドステイツ薬院ギャラリー,4980,35,西鉄天神大牟田線,薬院,7,3LDK,77.85,福岡県福岡市中央区高砂１,https://suumo.jp//ms/chuko/fukuoka/sc_fukuokashichuo/nc_78793729/
78797333,アンピール天神東,4280,22,地下鉄七隈線,渡辺通,8,2LDK,65.04,福岡県福岡市中央区春吉２,https://suumo.jp//ms/chuko/fukuoka/sc_fukuokashichuo/nc_78797333/
78799147,エンクレストベイサイド通り,4399,10,地下鉄空港線,中洲川端,14,1LDK,54.02,福岡県福岡市博多区築港本町7-14,https://suumo.jp//ms/chuko/fukuoka/sc_fukuokashihakata/nc_78799147/
78802367,シャンボール大濠,1980,48,地下鉄空港線,西新,9,3LDK,74.88,福岡県福岡市中央区鳥飼３,https://suumo.jp//ms/chuko/fukuoka/sc_fukuokashichuo/nc_78802367/
78802812,アンピール天神東,4280,22,地下鉄七隈線,渡辺通,9,2LDK,65.04,福岡県福岡市中央区春吉２,https://suumo.jp//ms/chuko/fukuoka/sc_fukuokashichuo/nc_78802812/
78803131,ロマネスク大濠アネックス,3199,39,地下鉄空港線,唐人町,12,2LDK,59.65,福岡県福岡市中央区鳥飼２,https://suumo.jp//ms/chuko/fukuoka/sc_fukuokashichuo/nc_78803131/
78806073,弥生パインマンション,3180,44,地下鉄空港線,藤崎,13,3LDK,94.77,福岡県福岡市早良区弥生２,https://suumo.jp//ms/chuko/fukuoka/sc_fukuokashisawara/nc_78806073/
78806074,グランドメゾン鳥飼,4598,26,地下鉄七隈線,別府,8,2LDK,77.36,福岡県福岡市城南区鳥飼６,https://suumo.jp//ms/chuko/fukuoka/sc_fukuokashijonan/nc_78806074/
78807526,エクセレンス谷,2590,47,地下鉄七隈線,六本松,7,2LDK,57.23,福岡県福岡市中央区谷１,https://suumo.jp//ms/chuko/fukuoka/sc_fukuokashichuo/nc_78807526/
78809967,パーク・サンリヤン博多の森Ⅰ・Ⅱ番館,4280,23,地下鉄空港線,福岡空港,10,3LDK,82.19,福岡県糟屋郡志免町別府西２,https://suumo.jp//ms/chuko/fukuoka/sc_kasuyagunshime/nc_78809967/
78810145,トラスト福岡空港駅レジデンス,4998,2,地下鉄空港線,福岡空港,14,4LDK,79.35,福岡県糟屋郡志免町別府北４,https://suumo.jp//ms/chuko/fukuoka/sc_kasuyagunshime/nc_78810145/
78818450,サーパス赤坂マスターズビュー,13800,13,地下鉄七隈線,六本松,8,3LDK,90.23,福岡県福岡市中央区六本松３-16-27,https://suumo.jp//ms/chuko/fukuoka/sc_fukuokashichuo/nc_78818450/
78819565,ネクサス薬院二丁目,7500,10,地下鉄七隈線,薬院大通,3,3LDK,73.0,福岡県福岡市中央区薬院２,https://suumo.jp//ms/chuko/fukuoka/sc_fukuokashichuo/nc_78819565/
78823570,グランド・サンリヤン西新,8200,2,地下鉄空港線,西新,5,3LDK,68.73,福岡県福岡市早良区城西１,https://suumo.jp//ms/chuko/fukuoka/sc_fukuokashisawara/nc_78823570/
78824934,コアマンション桜坂プレジオ弐番館,6980,25,地下鉄七隈線,桜坂,4,3LDK,90.59,福岡県福岡市中央区六本松３,https://suumo.jp//ms/chuko/fukuoka/sc_fukuokashichuo/nc_78824934/
78824936,ファーネスト平尾駅前レジスタ,7480,11,西鉄天神大牟田線,薬院,12,3LDK,86.26,福岡県福岡市中央区大宮２,https://suumo.jp//ms/chuko/fukuoka/sc_fukuokashichuo/nc_78824936/
78826360,サーパス赤坂マスターズビュー,13800,13,地下鉄七隈線,六本松,8,3LDK,90.23,福岡県福岡市中央区六本松３,https://suumo.jp//ms/chuko/fukuoka/sc_fukuokashichuo/nc_78826360/
78829131,デュオヴェール西新,4580,5,地下鉄空港線,西新,6,2LDK,43.5,福岡県福岡市早良区祖原,https://suumo.jp//ms/chuko/fukuoka/sc_fukuokashisawara/nc_78829131/
78830741,コアマンション桜坂プレジオ弐番館,6980,25,地下鉄七隈線,桜坂,3,3LDK,90.59,福岡県福岡市中央区六本松３,https://suumo.jp//ms/chuko/fukuoka/sc_fukuokashichuo/nc_78830741/
78834754,ダイアパレスセントラルコート薬院,5890,29,西鉄天神大牟田線,薬院,6,4LDK,76.04,福岡県福岡市中央区薬院３,https://suumo.jp//ms/chuko/fukuoka/sc_fukuokashichuo/nc_78834754/
78837544,グランドステイツ大濠公園南,8280,22,地下鉄七隈線,六本松,4,3LDK,80.69,福岡県福岡市中央区六本松３,https://suumo.jp//ms/chuko/fukuoka/sc_fukuokashichuo/nc_78837544/
78837708,モントーレ鳥飼ガーデン,5498,24,地下鉄七隈線,別府,5,3LDK,76.7,福岡県福岡市城南区鳥飼６-１０－１２,https://suumo.jp//ms/chuko/fukuoka/sc_fukuokashijonan/nc_78837708/
78841624,ブランシエラ赤坂はなみずき通り,9390,6,地下鉄七隈線,桜坂,6,3LDK,77.39,福岡県福岡市中央区桜坂１,https://suumo.jp//ms/chuko/fukuoka/sc_fukuokashichuo/nc_78841624/
78851188,ＫＢＣマンションユーハイム赤坂南,3980,40,地下鉄七隈線,薬院大通,7,2LDK,84.87,福岡県福岡市中央区警固２,https://suumo.jp//ms/chuko/fukuoka/sc_fukuokashichuo/nc_78851188/
78851241,グランドメゾン大濠南,7780,25,地下鉄七隈線,六本松,3,3LDK,87.11,福岡県福岡市中央区草香江２,https://suumo.jp//ms/chuko/fukuoka/sc_fukuokashichuo/nc_78851241/
78853659,ゾンネンハイム大手門,2215,53,地下鉄空港線,大濠公園,9,1LDK,66.0,福岡県福岡市中央区大手門２,https://suumo.jp//ms/chuko/fukuoka/sc_fukuokashichuo/nc_78853659/
78856431,ロマネスク大濠アネックス,3099,39,地下鉄空港線,唐人町,12,2LDK,59.65,福岡県福岡市中央区鳥飼２,https://suumo.jp//ms/chuko/fukuoka/sc_fukuokashichuo/nc_78856431/
78857935,エンクレストベイサイド通り,4399,10,地下鉄箱崎線,中洲川端,13,1LDK,54.02,福岡県福岡市博多区築港本町7,https://suumo.jp//ms/chuko/fukuoka/sc_fukuokashihakata/nc_78857935/
78859383,ＧＳハイム博多,2200,46,地下鉄空港線,東比恵,5,3LDK,66.15,福岡県福岡市博多区博多駅東２,https://suumo.jp//ms/chuko/fukuoka/sc_fukuokashihakata/nc_78859383/
78866599,プレサンスロジェ呉服町,6400,7,地下鉄空港線,中洲川端,10,2LDK,62.43,福岡県福岡市博多区下呉服町,https://suumo.jp//ms/chuko/fukuoka/sc_fukuokashihakata/nc_78866599/
78867837,カーサ大濠,2299,52,地下鉄七隈線,六本松,7,1LDK,51.66,福岡県福岡市中央区六本松３,https://suumo.jp//ms/chuko/fukuoka/sc_fukuokashichuo/nc_78867837/
78879298,ザ・パークハウス桜坂サンリヤン,19800,8,地下鉄七隈線,桜坂,3,2LDK+S（納戸）,105.07,福岡県福岡市中央区桜坂３,https://suumo.jp//ms/chuko/fukuoka/sc_fukuokashichuo/nc_78879298/
78888074,藤和別府コープ,3199,43,地下鉄七隈線,別府,5,3LDK,62.16,福岡県福岡市城南区別府５-2-5,https://suumo.jp//ms/chuko/fukuoka/sc_fukuokashijonan/nc_78888074/
78891792,パークホームズ警固本通り,7980,17,地下鉄空港線,赤坂,9,3LDK,82.96,福岡県福岡市中央区警固２-16-30,https://suumo.jp//ms/chuko/fukuoka/sc_fukuokashichuo/nc_78891792/
78896616,アンピール百年橋,3280,31,地下鉄七隈線,渡辺通,15,2LDK,65.12,福岡県福岡市中央区清川３,https://suumo.jp//ms/chuko/fukuoka/sc_fukuokashichuo/nc_78896616/
78901196,チサンマンション祇園,1878,46,地下鉄空港線,祇園,5,1LDK,40.08,福岡県福岡市博多区祇園町4-3,https://suumo.jp//ms/chuko/fukuoka/sc_fukuokashihakata/nc_78901196/
78906325,エンクレストベイサイド通り,4399,10,地下鉄空港線,中洲川端,13,1LDK,54.02,福岡県福岡市博多区築港本町,https://suumo.jp//ms/chuko/fukuoka/sc_fukuokashihakata/nc_78906325/
78907133,パークコート赤坂ヒルトップレジデンス,5780,16,地下鉄七隈線,桜坂,9,2LDK+S（納戸）,76.01,福岡県福岡市中央区赤坂３,https://suumo.jp//ms/chuko/fukuoka/sc_fukuokashichuo/nc_78907133/
78908087,ダイアパレス大名ガーデン,4599,39,地下鉄空港線,赤坂,6,3LDK,68.9,福岡県福岡市中央区大名１,https://suumo.jp//ms/chuko/fukuoka/sc_fukuokashichuo/nc_78908087/
78912074,ジョイナス天神タワー,3999,29,地下鉄箱崎線,中洲川端,12,2LDK,56.14,福岡県福岡市博多区対馬小路,https://suumo.jp//ms/chuko/fukuoka/sc_fukuokashihakata/nc_78912074/
78912557,パークホームズ警固本通り,7980,17,地下鉄空港線,赤坂,8,3LDK,82.96,福岡県福岡市中央区警固２,https://suumo.jp//ms/chuko/fukuoka/sc_fukuokashichuo/nc_78912557/
78912834,ＭＪＲ桜坂ザ・レジデンス,8900,7,地下鉄七隈線,桜坂,1,3LDK,89.39,福岡県福岡市中央区桜坂１,https://suumo.jp//ms/chuko/fukuoka/sc_fukuokashichuo/nc_78912834/
78915161,東洋マンション,3250,47,地下鉄空港線,天神,7,2LDK,78.19,福岡県福岡市中央区大名２,https://suumo.jp//ms/chuko/fukuoka/sc_fukuokashichuo/nc_78915161/
78915180,ライオンズヒルズ桜坂,3198,40,地下鉄七隈線,桜坂,3,3LDK,68.25,福岡県福岡市中央区桜坂３,https://suumo.jp//ms/chuko/fukuoka/sc_fukuokashichuo/nc_78915180/
78915896,エンクレストベイサイド通り,4399,10,地下鉄箱崎線,中洲川端,13,1LDK,54.02,福岡県福岡市博多区築港本町,https://suumo.jp//ms/chuko/fukuoka/sc_fukuokashihakata/nc_78915896/
78920412,ブライトンヒルズ藤崎,6380,23,地下鉄空港線,藤崎,6,3LDK,79.23,福岡県福岡市早良区藤崎１,https://suumo.jp//ms/chuko/fukuoka/sc_fukuokashisawara/nc_78920412/
78922029,シーサイドももちヴェルデコート　５番館,6190,35,地下鉄空港線,藤崎,10,3LDK,93.67,福岡県福岡市早良区百道浜３,https://suumo.jp//ms/chuko/fukuoka/sc_fukuokashisawara/nc_78922029/
78922034,ロマネスク大濠アネツクス,3099,39,地下鉄空港線,唐人町,12,2LDK,59.65,福岡県福岡市中央区鳥飼２,https://suumo.jp//ms/chuko/fukuoka/sc_fukuokashichuo/nc_78922034/
78924081,シーサイドももちヴェルデコート５番館,6190,35,地下鉄空港線,藤崎,12,3LDK,93.67,福岡県福岡市早良区百道浜３,https://suumo.jp//ms/chuko/fukuoka/sc_fukuokashisawara/nc_78924081/
78927216,サンシティ鳥飼,3999,32,地下鉄空港線,西新,13,3LDK,68.48,福岡県福岡市城南区鳥飼４,https://suumo.jp//ms/chuko/fukuoka/sc_fukuokashijonan/nc_78927216/
78928142,パークホームズ警固本通り,7980,17,地下鉄空港線,赤坂,9,3LDK,82.96,福岡県福岡市中央区警固２,https://suumo.jp//ms/chuko/fukuoka/sc_fukuokashichuo/nc_78928142/
78928558,ニューライフ薬院,3099,40,西鉄天神大牟田線,薬院,3,1LDK+S（納戸）,47.29,福岡県福岡市中央区薬院１,https://suumo.jp//ms/chuko/fukuoka/sc_fukuokashichuo/nc_78928558/
78928748,プレミスト西新,7500,15,地下鉄空港線,西新,10,2LDK,73.31,福岡県福岡市早良区西新６,https://suumo.jp//ms/chuko/fukuoka/sc_fukuokashisawara/nc_78928748/
78928794,カーサ大濠,2299,52,地下鉄七隈線,六本松,7,1LDK,51.66,福岡県福岡市中央区六本松３,https://suumo.jp//ms/chuko/fukuoka/sc_fukuokashichuo/nc_78928794/
78929329,アルファステイツ高取,6280,16,地下鉄空港線,藤崎,8,3LDK,80.35,福岡県福岡市早良区高取１,https://suumo.jp//ms/chuko/fukuoka/sc_fukuokashisawara/nc_78929329/
78931858,グランドメゾン大濠南,7780,25,地下鉄七隈線,六本松,4,3LDK,87.11,福岡県福岡市中央区草香江２,https://suumo.jp//ms/chuko/fukuoka/sc_fukuokashichuo/nc_78931858/
78937325,エンクレストベイサイド通り,4699,10,地下鉄空港線,中洲川端,13,1LDK+S（納戸）,54.65,福岡県福岡市博多区築港本町,https://suumo.jp//ms/chuko/fukuoka/sc_fukuokashihakata/nc_78937325/
78946460,大濠パークハウス,15000,37,地下鉄空港線,唐人町,10,2LDK+S（納戸）,179.25,福岡県福岡市中央区大濠１,https://suumo.jp//ms/chuko/fukuoka/sc_fukuokashichuo/nc_78946460/
78947683,シティマンション平尾Ⅱ,2285,41,西鉄天神大牟田線,薬院,10,3LDK,58.24,福岡県福岡市中央区平尾２,https://suumo.jp//ms/chuko/fukuoka/sc_fukuokashichuo/nc_78947683/
78948574,ＧＳハイム博多,2140,46,ＪＲ鹿児島本線,博多,10,3LDK,66.15,福岡県福岡市博多区博多駅東２,https://suumo.jp//ms/chuko/fukuoka/sc_fukuokashihakata/nc_78948574/
78949930,パークホームズ警固本通り,7980,17,地下鉄空港線,赤坂,8,3LDK,82.96,福岡県福岡市中央区警固２,https://suumo.jp//ms/chuko/fukuoka/sc_fukuokashichuo/nc_78949930/
78949939,エンクレストベイサイド通り,4399,10,地下鉄空港線,中洲川端,13,1LDK,54.02,福岡県福岡市博多区築港本町,https://suumo.jp//ms/chuko/fukuoka/sc_fukuokashihakata/nc_78949939/
78950243,シーサイドももちヴェルデコート5番館,6190,35,地下鉄空港線,藤崎,10,3LDK,93.67,福岡県福岡市早良区百道浜３-3-5,https://suumo.jp//ms/chuko/fukuoka/sc_fukuokashisawara/nc_78950243/
78952756,ブリリア平尾浄水,11800,17,地下鉄七隈線,薬院大通,11,3LDK,114.43,福岡県福岡市中央区平尾浄水町,https://suumo.jp//ms/chuko/fukuoka/sc_fukuokashichuo/nc_78952756/
78953310,ビレッタ百道,2380,51,地下鉄空港線,藤崎,10,2LDK,60.5,福岡県福岡市早良区百道１,https://suumo.jp//ms/chuko/fukuoka/sc_fukuokashisawara/nc_78953310/
78954414,コスモ博多古門戸,4499,23,地下鉄空港線,中洲川端,8,1LDK+S（納戸）,54.49,福岡県福岡市博多区古門戸町10-5,https://suumo.jp//ms/chuko/fukuoka/sc_fukuokashihakata/nc_78954414/
78956899,アルデ別府,4290,20,地下鉄七隈線,別府,4,3LDK,112.19,福岡県福岡市城南区別府１,https://suumo.jp//ms/chuko/fukuoka/sc_fukuokashijonan/nc_78956899/
78957204,エンクレストベイサイド通り,4699,10,地下鉄箱崎線,中洲川端,12,1LDK,54.65,福岡県福岡市博多区築港本町7,https://suumo.jp//ms/chuko/fukuoka/sc_fukuokashihakata/nc_78957204/
78957810,ニューライフ薬院,3099,40,西鉄天神大牟田線,薬院,3,1LDK+S（納戸）,47.29,福岡県福岡市中央区薬院１,https://suumo.jp//ms/chuko/fukuoka/sc_fukuokashichuo/nc_78957810/
78957814,インプレスト天神オークタワー,6190,6,地下鉄空港線,赤坂,9,2LDK,56.79,福岡県福岡市中央区長浜２,https://suumo.jp//ms/chuko/fukuoka/sc_fukuokashichuo/nc_78957814/
78961806,グリーンマンション西新◆☆上質なデザイン空間☆◆,2780,39,地下鉄空港線,西新,5,2LDK,62.64,福岡県福岡市早良区祖原,https://suumo.jp//ms/chuko/fukuoka/sc_fukuokashisawara/nc_78961806/
78963294,サンシティ鳥飼◆☆全室リフォーム済み☆◆,3899,32,地下鉄七隈線,別府,10,3LDK,68.48,福岡県福岡市城南区鳥飼４,https://suumo.jp//ms/chuko/fukuoka/sc_fukuokashijonan/nc_78963294/
78963711,ロマネスク博多駅前,850,35,ＪＲ鹿児島本線,博多,13,ワンルーム,21.6,福岡県福岡市博多区博多駅前４,https://suumo.jp//ms/chuko/fukuoka/sc_fukuokashihakata/nc_78963711/
78967628,クレアランドマーク,5280,25,地下鉄空港線,祇園,3,2LDK,53.54,福岡県福岡市博多区冷泉町,https://suumo.jp//ms/chuko/fukuoka/sc_fukuokashihakata/nc_78967628/
78967880,アダージュももちGIO,5890,29,地下鉄空港線,藤崎,4,3LDK,76.0,福岡県福岡市早良区西新７,https://suumo.jp//ms/chuko/fukuoka/sc_fukuokashisawara/nc_78967880/
78968131,大濠パークハウス,19800,37,地下鉄空港線,唐人町,9,3LDK,158.78,福岡県福岡市中央区大濠１,https://suumo.jp//ms/chuko/fukuoka/sc_fukuokashichuo/nc_78968131/
78972807,室見二丁目パーク・マンション,7650,31,地下鉄空港線,藤崎,7,4LDK,137.36,福岡県福岡市早良区室見２,https://suumo.jp//ms/chuko/fukuoka/sc_fukuokashisawara/nc_78972807/
78973290,インプレスト天神オークタワー,6190,6,地下鉄空港線,赤坂,9,2LDK,56.79,福岡県福岡市中央区長浜２,https://suumo.jp//ms/chuko/fukuoka/sc_fukuokashichuo/nc_78973290/
78975396,サンシティ鳥飼,3999,32,地下鉄七隈線,別府,10,3LDK,68.48,福岡県福岡市城南区鳥飼４-9-3,https://suumo.jp//ms/chuko/fukuoka/sc_fukuokashijonan/nc_78975396/
78977946,博多駅前ビル,3180,52,地下鉄七隈線,博多,5,2LDK,74.7,福岡県福岡市博多区博多駅前１,https://suumo.jp//ms/chuko/fukuoka/sc_fukuokashihakata/nc_78977946/
78981512,グランドステイツ大濠公園南,8280,22,地下鉄七隈線,六本松,4,3LDK,80.69,福岡県福岡市中央区六本松３,https://suumo.jp//ms/chuko/fukuoka/sc_fukuokashichuo/nc_78981512/
78982914,アクロス天神センタープラザ,7480,21,地下鉄七隈線,渡辺通,6,2LDK,71.11,福岡県福岡市中央区渡辺通３,https://suumo.jp//ms/chuko/fukuoka/sc_fukuokashichuo/nc_78982914/
78984479,チサンマンション祇園,1878,46,地下鉄七隈線,櫛田神社前,5,1LDK,40.08,福岡県福岡市博多区祇園町4－3,https://suumo.jp//ms/chuko/fukuoka/sc_fukuokashihakata/nc_78984479/
78985553,ダイアパレス薬院,2380,42,地下鉄七隈線,薬院大通,4,1LDK,36.37,福岡県福岡市中央区薬院２-2-26,https://suumo.jp//ms/chuko/fukuoka/sc_fukuokashichuo/nc_78985553/
78985818,ライオンズマンション平尾,2820,47,地下鉄七隈線,薬院,13,2LDK,65.71,福岡県福岡市中央区平尾２-21-5,https://suumo.jp//ms/chuko/fukuoka/sc_fukuokashichuo/nc_78985818/
78985820,ダイアパレス平尾Ⅱ,3140,43,地下鉄七隈線,薬院,12,2LDK,64.1,福岡県福岡市中央区大宮２-4-23,https://suumo.jp//ms/chuko/fukuoka/sc_fukuokashichuo/nc_78985820/
78987225,グランドステイツ大濠公園南,8280,22,地下鉄七隈線,六本松,3,3LDK,80.69,福岡県福岡市中央区六本松３,https://suumo.jp//ms/chuko/fukuoka/sc_fukuokashichuo/nc_78987225/
78988985,エスポワール浄水通り,3980,42,地下鉄七隈線,薬院大通,4,3LDK,68.25,福岡県福岡市中央区薬院４,https://suumo.jp//ms/chuko/fukuoka/sc_fukuokashichuo/nc_78988985/
78990660,チサンマンション祇園,1878,46,地下鉄空港線,祇園,5,1LDK,40.08,福岡県福岡市博多区祇園町,https://suumo.jp//ms/chuko/fukuoka/sc_fukuokashihakata/nc_78990660/
78996474,ゾンネンハイム大手門,2210,53,地下鉄空港線,大濠公園,7,1LDK,66.0,福岡県福岡市中央区大手門２,https://suumo.jp//ms/chuko/fukuoka/sc_fukuokashichuo/nc_78996474/
78996625,ルッシュ・西公園,14000,36,地下鉄空港線,唐人町,13,4LDK,131.05,福岡県福岡市中央区荒戸３-5-46,https://suumo.jp//ms/chuko/fukuoka/sc_fukuokashichuo/nc_78996625/
78998938,アンピール博多駅,4399,29,ＪＲ鹿児島本線,博多,14,3LDK,73.6,福岡県福岡市博多区堅粕３,https://suumo.jp//ms/chuko/fukuoka/sc_fukuokashihakata/nc_78998938/
79000548,コープ野村白金,3390,43,地下鉄七隈線,薬院,6,2LDK,64.54,福岡県福岡市中央区白金１,https://suumo.jp//ms/chuko/fukuoka/sc_fukuokashichuo/nc_79000548/
79003032,プレミスト大濠公園,24800,1,地下鉄空港線,唐人町,3,3LDK,120.71,福岡県福岡市中央区荒戸３,https://suumo.jp//ms/chuko/fukuoka/sc_fukuokashichuo/nc_79003032/
79003063,コープ野村白金,3430,43,西鉄天神大牟田線,薬院,6,2LDK,64.54,福岡県福岡市中央区白金１-12-22,https://suumo.jp//ms/chuko/fukuoka/sc_fukuokashichuo/nc_79003063/
79004709,コープ野村博多東,3580,46,地下鉄空港線,東比恵,5,3LDK,98.41,福岡県福岡市博多区比恵町,https://suumo.jp//ms/chuko/fukuoka/sc_fukuokashihakata/nc_79004709/
79008618,エクセレンス谷,2590,47,地下鉄七隈線,六本松,6,2LDK,57.23,福岡県福岡市中央区谷１,https://suumo.jp//ms/chuko/fukuoka/sc_fukuokashichuo/nc_79008618/
79009468,サンシティ鳥飼,3999,32,地下鉄七隈線,別府,10,3LDK,68.48,福岡県福岡市城南区鳥飼４,https://suumo.jp//ms/chuko/fukuoka/sc_fukuokashijonan/nc_79009468/
79010895,グランドメゾン福岡The Central Luxe,27000,1,地下鉄七隈線,薬院,4,3LDK,110.97,福岡県福岡市中央区渡辺通２-7-28,https://suumo.jp//ms/chuko/fukuoka/sc_fukuokashichuo/nc_79010895/
79013671,サンシティ鳥飼,4199,32,地下鉄七隈線,別府,11,3LDK,68.48,福岡県福岡市城南区鳥飼４-9-3,https://suumo.jp//ms/chuko/fukuoka/sc_fukuokashijonan/nc_79013671/
79014157,プレミスト平尾浄水オークハウス,11000,16,地下鉄七隈線,薬院大通,13,4LDK,115.05,福岡県福岡市中央区平尾浄水町,https://suumo.jp//ms/chuko/fukuoka/sc_fukuokashichuo/nc_79014157/
79014573,ウェルリバービュー天神,6280,20,地下鉄空港線,中洲川端,6,3LDK,80.29,福岡県福岡市博多区中洲中島町,https://suumo.jp//ms/chuko/fukuoka/sc_fukuokashihakata/nc_79014573/
79015072,アンピール空港通りⅡ,7380,17,地下鉄空港線,東比恵,12,4LDK,105.28,福岡県福岡市博多区豊２,https://suumo.jp//ms/chuko/fukuoka/sc_fukuokashihakata/nc_79015072/
79015073,エンクレストベイサイド通り,4699,10,地下鉄空港線,中洲川端,13,1LDK+S（納戸）,54.65,福岡県福岡市博多区築港本町,https://suumo.jp//ms/chuko/fukuoka/sc_fukuokashihakata/nc_79015073/
79015514,シーサイドももちヴェルデコート５番館,6190,35,地下鉄空港線,藤崎,10,3LDK,93.67,福岡県福岡市早良区百道浜３-3-5,https://suumo.jp//ms/chuko/fukuoka/sc_fukuokashisawara/nc_79015514/
79016911,Asobi+　エクセレンス天神,2430,46,地下鉄空港線,天神,10,2LDK,67.8,福岡県福岡市中央区那の津１,https://suumo.jp//ms/chuko/fukuoka/sc_fukuokashichuo/nc_79016911/
79020498,グランドメゾン浄水ガーデンシティセントラルフォレスト…,22000,3,地下鉄七隈線,薬院大通,8,3LDK,100.42,福岡県福岡市中央区薬院４,https://suumo.jp//ms/chuko/fukuoka/sc_fukuokashichuo/nc_79020498/
79021871,Ｄ’クラディア祖原公園,5290,20,地下鉄空港線,西新,10,4LDK,87.72,福岡県福岡市早良区昭代２,https://suumo.jp//ms/chuko/fukuoka/sc_fukuokashisawara/nc_79021871/
79023097,マンションアベニュー,2180,52,地下鉄空港線,西新,3,2LDK,53.91,福岡県福岡市早良区西新５,https://suumo.jp//ms/chuko/fukuoka/sc_fukuokashisawara/nc_79023097/
79023667,エンクレストベイサイド通り,4399,10,地下鉄箱崎線,中洲川端,15,1LDK,54.02,福岡県福岡市博多区築港本町7-14,https://suumo.jp//ms/chuko/fukuoka/sc_fukuokashihakata/nc_79023667/
79025451,ウェルリバービュー天神,6280,20,地下鉄空港線,中洲川端,6,3LDK,80.29,福岡県福岡市博多区中洲中島町3-15,https://suumo.jp//ms/chuko/fukuoka/sc_fukuokashihakata/nc_79025451/
79028679,コープ野村白金,3600,43,西鉄天神大牟田線,薬院,7,3LDK,64.54,福岡県福岡市中央区白金１,https://suumo.jp//ms/chuko/fukuoka/sc_fukuokashichuo/nc_79028679/
79029423,ザ・パークハウス赤坂タワーレジデンス,11500,7,地下鉄空港線,赤坂,6,3LDK,98.15,福岡県福岡市中央区長浜２,https://suumo.jp//ms/chuko/fukuoka/sc_fukuokashichuo/nc_79029423/
79033778,ロマネスク大濠アネックス,3099,39,地下鉄空港線,唐人町,11,2LDK,59.65,福岡県福岡市中央区鳥飼２-6-15,https://suumo.jp//ms/chuko/fukuoka/sc_fukuokashichuo/nc_79033778/
79035434,クリオ ラベルヴィ呉服町,3299,8,地下鉄空港線,中洲川端,12,1LDK,34.4,福岡県福岡市博多区下呉服町,https://suumo.jp//ms/chuko/fukuoka/sc_fukuokashihakata/nc_79035434/
79039453,シャンボール舞鶴,3680,47,地下鉄空港線,赤坂,3,1LDK+S（納戸）,56.7,福岡県福岡市中央区舞鶴２,https://suumo.jp//ms/chuko/fukuoka/sc_fukuokashichuo/nc_79039453/
79044003,CLUB THE.薬院ステーションタワー,19500,6,西鉄天神大牟田線,薬院,2,2LDK,102.79,福岡県福岡市中央区白金１,https://suumo.jp//ms/chuko/fukuoka/sc_fukuokashichuo/nc_79044003/
79044808,エンクレストベイサイド通り,4399,10,地下鉄空港線,中洲川端,14,1LDK,54.02,福岡県福岡市博多区築港本町,https://suumo.jp//ms/chuko/fukuoka/sc_fukuokashihakata/nc_79044808/
79044901,エンクレストベイサイド通り,4699,10,地下鉄空港線,中洲川端,14,1LDK+S（納戸）,54.65,福岡県福岡市博多区築港本町,https://suumo.jp//ms/chuko/fukuoka/sc_fukuokashihakata/nc_79044901/
79049377,コアマンションけやき通りプレジオ,9480,24,地下鉄七隈線,六本松,10,4LDK,133.37,福岡県福岡市中央区赤坂３,https://suumo.jp//ms/chuko/fukuoka/sc_fukuokashichuo/nc_79049377/
79049647,ザ・パークハウス福岡タワーズ EAST,12800,6,地下鉄空港線,唐人町,12,3LDK,83.96,福岡県福岡市中央区地行浜２,https://suumo.jp//ms/chuko/fukuoka/sc_fukuokashichuo/nc_79049647/
79050689,西新防塁パーク・マンション,4598,32,地下鉄空港線,藤崎,7,3LDK,65.49,福岡県福岡市早良区西新７,https://suumo.jp//ms/chuko/fukuoka/sc_fukuokashisawara/nc_79050689/
79050696,パークコート赤坂ヒルトップレジデンス,6500,16,地下鉄七隈線,桜坂,9,2LDK,73.71,福岡県福岡市中央区赤坂３,https://suumo.jp//ms/chuko/fukuoka/sc_fukuokashichuo/nc_79050696/
79050803,ブリリアタワー西新,33000,5,地下鉄空港線,西新,1,2LDK+S（納戸）,101.82,福岡県福岡市早良区西新４-1-1,https://suumo.jp//ms/chuko/fukuoka/sc_fukuokashisawara/nc_79050803/
79050890,グランドメゾン大濠公園２０１５,9400,11,地下鉄空港線,唐人町,5,3LDK,85.9,福岡県福岡市中央区今川１-13-18,https://suumo.jp//ms/chuko/fukuoka/sc_fukuokashichuo/nc_79050890/
79053877,藤崎ロジュマン,4380,38,地下鉄空港線,藤崎,11,4LDK,82.76,福岡県福岡市早良区昭代３,https://suumo.jp//ms/chuko/fukuoka/sc_fukuokashisawara/nc_79053877/
79055759,藤崎ロジュマン,4380,38,地下鉄空港線,藤崎,10,4LDK,82.76,福岡県福岡市早良区昭代３,https://suumo.jp//ms/chuko/fukuoka/sc_fukuokashisawara/nc_79055759/
79056015,クリオラベルヴィ呉服町,4499,8,地下鉄箱崎線,中洲川端,12,2LDK,47.0,福岡県福岡市博多区下呉服町3-19,https://suumo.jp//ms/chuko/fukuoka/sc_fukuokashihakata/nc_79056015/
79057012,クリオラベルヴィ呉服町,3299,8,地下鉄箱崎線,中洲川端,11,1LDK,34.4,福岡県福岡市博多区下呉服町,https://suumo.jp//ms/chuko/fukuoka/sc_fukuokashihakata/nc_79057012/
79057062,ツインタワー空港通り,3599,32,地下鉄空港線,東比恵,12,3LDK,71.7,福岡県福岡市博多区豊１,https://suumo.jp//ms/chuko/fukuoka/sc_fukuokashihakata/nc_79057062/
79058651,ツインタワー空港通り,3599,32,地下鉄空港線,東比恵,14,3LDK,71.7,福岡県福岡市博多区豊１-1-17,https://suumo.jp//ms/chuko/fukuoka/sc_fukuokashihakata/nc_79058651/
79058781,パーク・サンリヤン博多の森Ⅳ番館　【担当：蔵内】　ま…,3799,14,地下鉄空港線,福岡空港,12,4LDK,95.8,福岡県糟屋郡志免町別府西２,https://suumo.jp//ms/chuko/fukuoka/sc_kasuyagunshime/nc_79058781/
79058850,グランド・サンリヤン西新,9480,2,地下鉄空港線,西新,5,3LDK,72.3,福岡県福岡市早良区城西１,https://suumo.jp//ms/chuko/fukuoka/sc_fukuokashisawara/nc_79058850/
79059997,MJR赤坂タワー,15800,9,地下鉄空港線,赤坂,1,2LDK,69.03,福岡県福岡市中央区赤坂１,https://suumo.jp//ms/chuko/fukuoka/sc_fukuokashichuo/nc_79059997/
79060702,ロイヤルアーク藤崎南,4798,25,地下鉄空港線,藤崎,13,3LDK,84.98,福岡県福岡市早良区原１,https://suumo.jp//ms/chuko/fukuoka/sc_fukuokashisawara/nc_79060702/
79060704,ビレッタ百道,2680,51,地下鉄空港線,藤崎,11,2LDK,55.39,福岡県福岡市早良区百道１,https://suumo.jp//ms/chuko/fukuoka/sc_fukuokashisawara/nc_79060704/
79061506,ＣＬＵＢ　ＴＨＥ．大濠二丁目,13800,7,地下鉄空港線,唐人町,7,3LDK,88.45,福岡県福岡市中央区大濠２,https://suumo.jp//ms/chuko/fukuoka/sc_fukuokashichuo/nc_79061506/
79062235,赤坂エクセル,3499,52,地下鉄空港線,赤坂,13,2LDK,79.5,福岡県福岡市中央区赤坂３,https://suumo.jp//ms/chuko/fukuoka/sc_fukuokashichuo/nc_79062235/
79063957,コスモ博多古門戸,4499,23,地下鉄空港線,中洲川端,9,1LDK+S（納戸）,54.49,福岡県福岡市博多区古門戸町10-5,https://suumo.jp//ms/chuko/fukuoka/sc_fukuokashihakata/nc_79063957/
79064230,ジョイナス天神タワー,3999,29,地下鉄空港線,中洲川端,11,2LDK,56.14,福岡県福岡市博多区対馬小路12-20,https://suumo.jp//ms/chuko/fukuoka/sc_fukuokashihakata/nc_79064230/
79065757,秀和警固レジデンス,3380,52,地下鉄空港線,赤坂,7,2LDK,69.43,福岡県福岡市中央区警固２,https://suumo.jp//ms/chuko/fukuoka/sc_fukuokashichuo/nc_79065757/
79065759,クリオラベルヴィ呉服町,3299,8,地下鉄空港線,中洲川端,10,1LDK,34.4,福岡県福岡市博多区下呉服町,https://suumo.jp//ms/chuko/fukuoka/sc_fukuokashihakata/nc_79065759/
79068584,ブライトンヒルズ藤崎,6380,23,地下鉄空港線,藤崎,7,3LDK,79.23,福岡県福岡市早良区藤崎１,https://suumo.jp//ms/chuko/fukuoka/sc_fukuokashisawara/nc_79068584/
79068778,赤坂エクセル,3450,52,地下鉄空港線,赤坂,12,2LDK,79.5,福岡県福岡市中央区赤坂３,https://suumo.jp//ms/chuko/fukuoka/sc_fukuokashichuo/nc_79068778/
79069458,ハイツ21,2180,39,地下鉄空港線,西新,6,2LDK,61.83,福岡県福岡市早良区城西１,https://suumo.jp//ms/chuko/fukuoka/sc_fukuokashisawara/nc_79069458/
79071316,エクセレンス谷,2590,47,地下鉄七隈線,六本松,7,2LDK,57.23,福岡県福岡市中央区谷１-16-58,https://suumo.jp//ms/chuko/fukuoka/sc_fukuokashichuo/nc_79071316/
79071797,ブライトンヒルズ藤崎,6380,23,地下鉄空港線,藤崎,7,3LDK,79.23,福岡県福岡市早良区藤崎１-5-10,https://suumo.jp//ms/chuko/fukuoka/sc_fukuokashisawara/nc_79071797/
79072086,赤坂エクセル,3599,52,地下鉄空港線,赤坂,13,2LDK,79.5,福岡県福岡市中央区赤坂３,https://suumo.jp//ms/chuko/fukuoka/sc_fukuokashichuo/nc_79072086/
79072559,インプレスト天神オークタワー,6190,6,地下鉄空港線,赤坂,10,2LDK,56.79,福岡県福岡市中央区長浜２,https://suumo.jp//ms/chuko/fukuoka/sc_fukuokashichuo/nc_79072559/
79074334,グランドメゾン浄水ガーデンシティフォレストゲートⅢ,12500,8,地下鉄七隈線,薬院大通,5,3LDK,83.15,福岡県福岡市中央区薬院４,https://suumo.jp//ms/chuko/fukuoka/sc_fukuokashichuo/nc_79074334/
79076927,クリオラベルヴィ呉服町,3299,8,地下鉄空港線,中洲川端,12,1LDK,34.4,福岡県福岡市博多区下呉服町3-19,https://suumo.jp//ms/chuko/fukuoka/sc_fukuokashihakata/nc_79076927/
79077176,赤坂エクセル207号,3450,52,地下鉄空港線,赤坂,12,2LDK,79.5,福岡県福岡市中央区赤坂３,https://suumo.jp//ms/chuko/fukuoka/sc_fukuokashichuo/nc_79077176/
79079645,シティマンション薬院,3150,42,地下鉄七隈線,薬院大通,3,2LDK,56.22,福岡県福岡市中央区薬院１,https://suumo.jp//ms/chuko/fukuoka/sc_fukuokashichuo/nc_79079645/
79079730,シャンボール桜坂,1980,52,地下鉄七隈線,桜坂,6,1LDK,47.88,福岡県福岡市中央区古小烏町,https://suumo.jp//ms/chuko/fukuoka/sc_fukuokashichuo/nc_79079730/
79082706,クリオラベルヴィ呉服町,4499,8,地下鉄箱崎線,中洲川端,12,2LDK,47.0,福岡県福岡市博多区下呉服町,https://suumo.jp//ms/chuko/fukuoka/sc_fukuokashihakata/nc_79082706/
79083886,赤坂エクセル,3450,52,地下鉄空港線,赤坂,12,2LDK,79.5,福岡県福岡市中央区赤坂３-8-26,https://suumo.jp//ms/chuko/fukuoka/sc_fukuokashichuo/nc_79083886/
79085867,クリオ渡辺通アーバンマークス,4380,3,地下鉄七隈線,渡辺通,9,2LDK,44.58,福岡県福岡市中央区清川２,https://suumo.jp//ms/chuko/fukuoka/sc_fukuokashichuo/nc_79085867/
79089881,赤坂エクセル,3450,52,地下鉄七隈線,桜坂,13,2LDK,79.5,福岡県福岡市中央区赤坂３-8-26,https://suumo.jp//ms/chuko/fukuoka/sc_fukuokashichuo/nc_79089881/
79090280,ロマネスク大濠アネックス,3099,39,地下鉄空港線,唐人町,14,2LDK,59.65,福岡県福岡市中央区鳥飼２-6-15,https://suumo.jp//ms/chuko/fukuoka/sc_fukuokashichuo/nc_79090280/
79090720,サンシティ鳥飼,3899,32,地下鉄七隈線,別府,11,3LDK,68.48,福岡県福岡市城南区鳥飼４-9-3,https://suumo.jp//ms/chuko/fukuoka/sc_fukuokashijonan/nc_79090720/
79091579,コアマンション大手門タワー,9698,23,地下鉄空港線,赤坂,5,3LDK+S（納戸）,90.87,福岡県福岡市中央区大手門１,https://suumo.jp//ms/chuko/fukuoka/sc_fukuokashichuo/nc_79091579/
79092524,天神ロイアルハイツ,4590,45,地下鉄空港線,天神,12,3LDK,92.07,福岡県福岡市中央区天神５,https://suumo.jp//ms/chuko/fukuoka/sc_fukuokashichuo/nc_79092524/
79093684,ツインタワー空港通り,3599,32,地下鉄空港線,東比恵,12,3LDK,71.7,福岡県福岡市博多区豊１-1-17,https://suumo.jp//ms/chuko/fukuoka/sc_fukuokashihakata/nc_79093684/
79094486,グランドメゾン大濠ブルクレール,9480,20,地下鉄七隈線,六本松,9,3LDK,85.42,福岡県福岡市中央区草香江２,https://suumo.jp//ms/chuko/fukuoka/sc_fukuokashichuo/nc_79094486/
79096578,デュ・レジア大濠,5200,6,地下鉄空港線,唐人町,2,1LDK,42.27,福岡県福岡市中央区黒門,https://suumo.jp//ms/chuko/fukuoka/sc_fukuokashichuo/nc_79096578/
79098275,百道タワー,9980,22,地下鉄空港線,西新,10,2LDK,81.73,福岡県福岡市早良区百道浜１,https://suumo.jp//ms/chuko/fukuoka/sc_fukuokashisawara/nc_79098275/
79100955,KBCユーハイム室見,1598,41,地下鉄空港線,藤崎,12,2LDK,52.1,福岡県福岡市早良区室見５,https://suumo.jp//ms/chuko/fukuoka/sc_fukuokashisawara/nc_79100955/
79101038,百道タワー,4380,22,地下鉄空港線,西新,9,1LDK,57.44,福岡県福岡市早良区百道浜１,https://suumo.jp//ms/chuko/fukuoka/sc_fukuokashisawara/nc_79101038/
79101544,赤坂エクセル,3450,52,地下鉄七隈線,桜坂,13,2LDK,79.5,福岡県福岡市中央区赤坂３,https://suumo.jp//ms/chuko/fukuoka/sc_fukuokashichuo/nc_79101544/
79102096,ライオンズマンション鳥飼,2190,47,地下鉄七隈線,別府,9,2LDK,62.69,福岡県福岡市城南区鳥飼６-15-33,https://suumo.jp//ms/chuko/fukuoka/sc_fukuokashijonan/nc_79102096/
79102216,グランドメゾン福岡　The Central Luxe,12660,1,西鉄天神大牟田線,薬院,2,1LDK,69.72,福岡県福岡市中央区渡辺通２-7-23,https://suumo.jp//ms/chuko/fukuoka/sc_fukuokashichuo/nc_79102216/
79102560,ロワールマンション西公園2,1950,42,地下鉄空港線,大濠公園,15,2LDK,55.04,福岡県福岡市中央区港３,https://suumo.jp//ms/chuko/fukuoka/sc_fukuokashichuo/nc_79102560/
79103613,ファーネストプレミアムクラス高取,6980,10,地下鉄空港線,西新,8,4LDK,82.77,福岡県福岡市早良区祖原,https://suumo.jp//ms/chuko/fukuoka/sc_fukuokashisawara/nc_79103613/
79104390,グランドメゾン赤坂弐番館,13300,22,地下鉄空港線,赤坂,12,3LDK,110.0,福岡県福岡市中央区赤坂２,https://suumo.jp//ms/chuko/fukuoka/sc_fukuokashichuo/nc_79104390/
79104475,赤坂エクセル,3450,52,地下鉄空港線,赤坂,12,2LDK,79.5,福岡県福岡市中央区赤坂３,https://suumo.jp//ms/chuko/fukuoka/sc_fukuokashichuo/nc_79104475/
79104930,サントーア薬院,5480,31,地下鉄七隈線,薬院大通,3,2LDK,73.35,福岡県福岡市中央区薬院２,https://suumo.jp//ms/chuko/fukuoka/sc_fukuokashichuo/nc_79104930/
79104940,赤坂エクセル,3450,52,地下鉄空港線,赤坂,12,2LDK,79.5,福岡県福岡市中央区赤坂３,https://suumo.jp//ms/chuko/fukuoka/sc_fukuokashichuo/nc_79104940/
79104949,博多駅前ビル,3280,52,地下鉄空港線,博多,6,2LDK,79.26,福岡県福岡市博多区博多駅前１,https://suumo.jp//ms/chuko/fukuoka/sc_fukuokashihakata/nc_79104949/
79108337,デュ・レジア薬院テラス,6490,4,地下鉄七隈線,薬院,11,2LDK,63.0,福岡県福岡市中央区高砂２,https://suumo.jp//ms/chuko/fukuoka/sc_fukuokashichuo/nc_79108337/
79109642,オープンレジデンシア室見,3098,1,地下鉄空港線,藤崎,15,1LDK,33.64,福岡県福岡市西区愛宕２,https://suumo.jp//ms/chuko/fukuoka/sc_fukuokashinishi/nc_79109642/
79111211,第参参プリンスマンション城南,3099,40,地下鉄七隈線,別府,2,2LDK,65.65,福岡県福岡市城南区別府１-１９－４０,https://suumo.jp//ms/chuko/fukuoka/sc_fukuokashijonan/nc_79111211/
79111834,ブラントン薬院,4350,3,西鉄天神大牟田線,薬院,3,1LDK,34.31,福岡県福岡市中央区薬院３,https://suumo.jp//ms/chuko/fukuoka/sc_fukuokashichuo/nc_79111834/
79112729,アートウィル赤坂,4280,32,地下鉄七隈線,桜坂,9,3LDK,65.61,福岡県福岡市中央区赤坂３,https://suumo.jp//ms/chuko/fukuoka/sc_fukuokashichuo/nc_79112729/
79117082,グランフォーレ百道アクアフロント,9600,6,地下鉄空港線,藤崎,12,4LDK,86.02,福岡県福岡市早良区百道３,https://suumo.jp//ms/chuko/fukuoka/sc_fukuokashisawara/nc_79117082/
79117352,秀和警固レジデンス,3380,52,地下鉄空港線,赤坂,8,2LDK,69.43,福岡県福岡市中央区警固２,https://suumo.jp//ms/chuko/fukuoka/sc_fukuokashichuo/nc_79117352/
79117354,シティマンション薬院,3150,42,地下鉄七隈線,薬院大通,3,2LDK,56.22,福岡県福岡市中央区薬院１,https://suumo.jp//ms/chuko/fukuoka/sc_fukuokashichuo/nc_79117354/
79118520,エンクレストベイサイド通り,4499,10,地下鉄箱崎線,中洲川端,14,1LDK,54.02,福岡県福岡市博多区築港本町,https://suumo.jp//ms/chuko/fukuoka/sc_fukuokashihakata/nc_79118520/
79120367,グランドメゾン西新レジデンス,10980,11,地下鉄空港線,西新,6,3LDK,105.84,福岡県福岡市早良区西新２-1-42,https://suumo.jp//ms/chuko/fukuoka/sc_fukuokashisawara/nc_79120367/
79121075,百道タワー,9980,22,地下鉄空港線,西新,10,2LDK,81.73,福岡県福岡市早良区百道浜１,https://suumo.jp//ms/chuko/fukuoka/sc_fukuokashisawara/nc_79121075/
79121106,博多ニッコーハイツ,1830,47,地下鉄空港線,博多,10,3LDK,62.91,福岡県福岡市博多区博多駅東３,https://suumo.jp//ms/chuko/fukuoka/sc_fukuokashihakata/nc_79121106/
79121277,シャンボール大濠,1930,48,地下鉄空港線,西新,10,3LDK,74.88,福岡県福岡市中央区鳥飼３-16-6,https://suumo.jp//ms/chuko/fukuoka/sc_fukuokashichuo/nc_79121277/
79122545,赤坂エクセル,3450,52,地下鉄空港線,赤坂,13,2LDK,79.5,福岡県福岡市中央区赤坂３,https://suumo.jp//ms/chuko/fukuoka/sc_fukuokashichuo/nc_79122545/
79124599,オープンレジデンシア室見,3250,1,地下鉄空港線,藤崎,15,1LDK,33.64,福岡県福岡市西区愛宕２,https://suumo.jp//ms/chuko/fukuoka/sc_fukuokashinishi/nc_79124599/
79127972,ダイアパレスセントラルコート薬院,5890,29,地下鉄七隈線,薬院,5,4LDK,76.04,福岡県福岡市中央区薬院３,https://suumo.jp//ms/chuko/fukuoka/sc_fukuokashichuo/nc_79127972/
79139452,赤坂エクセル,3450,52,地下鉄空港線,赤坂,12,2LDK,79.5,福岡県福岡市中央区赤坂３,https://suumo.jp//ms/chuko/fukuoka/sc_fukuokashichuo/nc_79139452/
79141005,朝日プラザ浄水,3500,45,地下鉄七隈線,薬院大通,5,4LDK,72.16,福岡県福岡市中央区薬院４,https://suumo.jp//ms/chuko/fukuoka/sc_fukuokashichuo/nc_79141005/
79141772,ハイムニュー桜坂,2398,51,地下鉄七隈線,桜坂,6,3LDK,70.33,福岡県福岡市中央区桜坂３,https://suumo.jp//ms/chuko/fukuoka/sc_fukuokashichuo/nc_79141772/
79143193,赤坂エクセル,3450,52,地下鉄空港線,赤坂,13,2LDK,79.5,福岡県福岡市中央区赤坂３,https://suumo.jp//ms/chuko/fukuoka/sc_fukuokashichuo/nc_79143193/
79144973,コープ野村白金,3390,43,地下鉄七隈線,薬院,6,3LDK,64.54,福岡県福岡市中央区白金１,https://suumo.jp//ms/chuko/fukuoka/sc_fukuokashichuo/nc_79144973/
79145453,マンション鳥飼,1580,53,地下鉄七隈線,別府,12,2LDK,65.54,福岡県福岡市中央区鳥飼１,https://suumo.jp//ms/chuko/fukuoka/sc_fukuokashichuo/nc_79145453/
79145525,クリオラベルヴィ呉服町,3299,8,地下鉄空港線,中洲川端,13,1LDK,34.4,福岡県福岡市博多区下呉服町3-19,https://suumo.jp//ms/chuko/fukuoka/sc_fukuokashihakata/nc_79145525/
79147157,ビレッタ百道,2299,51,地下鉄空港線,藤崎,12,2LDK,60.5,福岡県福岡市早良区百道１,https://suumo.jp//ms/chuko/fukuoka/sc_fukuokashisawara/nc_79147157/
79147474,ライオンズマンシヨン西公園第3,2980,42,地下鉄空港線,大濠公園,5,2LDK,57.22,福岡県福岡市中央区荒戸１,https://suumo.jp//ms/chuko/fukuoka/sc_fukuokashichuo/nc_79147474/
79148573,サンポートハイツ,2590,52,地下鉄空港線,大濠公園,8,2LDK,61.56,福岡県福岡市中央区港２-5-32,https://suumo.jp//ms/chuko/fukuoka/sc_fukuokashichuo/nc_79148573/
79148842,サントーア薬院,5480,31,地下鉄七隈線,薬院大通,5,2LDK,73.35,福岡県福岡市中央区薬院２,https://suumo.jp//ms/chuko/fukuoka/sc_fukuokashichuo/nc_79148842/
79150933,ブライトパークサンリヤン地行Ⅲ番館,12000,14,地下鉄空港線,西新,8,4LDK,88.39,福岡県福岡市中央区地行３,https://suumo.jp//ms/chuko/fukuoka/sc_fukuokashichuo/nc_79150933/
79152020,エバーライフ住吉,3890,41,地下鉄七隈線,渡辺通,14,2LDK,62.28,福岡県福岡市博多区住吉４,https://suumo.jp//ms/chuko/fukuoka/sc_fukuokashihakata/nc_79152020/
79153819,西公園ハウス,2999,40,地下鉄空港線,大濠公園,13,3LDK,71.38,福岡県福岡市中央区西公園,https://suumo.jp//ms/chuko/fukuoka/sc_fukuokashichuo/nc_79153819/
79154873,ライオンズマンション大名,2880,44,地下鉄空港線,赤坂,9,3DK,56.72,福岡県福岡市中央区大名１-2－20,https://suumo.jp//ms/chuko/fukuoka/sc_fukuokashichuo/nc_79154873/
79155392,赤坂エクセル,3780,52,地下鉄空港線,赤坂,11,1LDK,99.0,福岡県福岡市中央区赤坂３-8-26,https://suumo.jp//ms/chuko/fukuoka/sc_fukuokashichuo/nc_79155392/
79157855,エンクレストベイサイド通り,4699,10,地下鉄空港線,中洲川端,15,1LDK,54.65,福岡県福岡市博多区築港本町7-14,https://suumo.jp//ms/chuko/fukuoka/sc_fukuokashihakata/nc_79157855/
79161983,サントーア薬院,5480,31,地下鉄七隈線,薬院大通,5,2LDK,73.35,福岡県福岡市中央区薬院２,https://suumo.jp//ms/chuko/fukuoka/sc_fukuokashichuo/nc_79161983/
79164441,マンション鳥飼,1580,53,地下鉄七隈線,別府,10,2LDK,65.54,福岡県福岡市中央区鳥飼１,https://suumo.jp//ms/chuko/fukuoka/sc_fukuokashichuo/nc_79164441/
79167310,アルファライフ博多,4799,15,ＪＲ鹿児島本線,博多,14,1LDK,53.04,福岡県福岡市博多区住吉５,https://suumo.jp//ms/chuko/fukuoka/sc_fukuokashihakata/nc_79167310/
79168977,エンクレストベイサイド通り,4699,10,地下鉄空港線,中洲川端,13,1LDK+S（納戸）,54.65,福岡県福岡市博多区築港本町7-14,https://suumo.jp//ms/chuko/fukuoka/sc_fukuokashihakata/nc_79168977/
79170354,オープンレジデンシア天神今泉,4900,3,地下鉄七隈線,薬院大通,6,2LDK,46.01,福岡県福岡市中央区今泉２,https://suumo.jp//ms/chuko/fukuoka/sc_fukuokashichuo/nc_79170354/
79171807,サンポートハイツ,2590,52,地下鉄空港線,大濠公園,8,2LDK,61.56,福岡県福岡市中央区港２-5-32,https://suumo.jp//ms/chuko/fukuoka/sc_fukuokashichuo/nc_79171807/
79172337,ライオンズマンション天神,1820,47,地下鉄空港線,赤坂,6,1LDK,43.5,福岡県福岡市中央区舞鶴１,https://suumo.jp//ms/chuko/fukuoka/sc_fukuokashichuo/nc_79172337/
79172819,モントーレ東比恵クレア,4299,7,地下鉄空港線,東比恵,3,1LDK,42.77,福岡県福岡市博多区東比恵３,https://suumo.jp//ms/chuko/fukuoka/sc_fukuokashihakata/nc_79172819/
79172982,ザ・パークハウス天神今泉,9480,6,地下鉄七隈線,薬院,6,2LDK,65.84,福岡県福岡市中央区今泉２,https://suumo.jp//ms/chuko/fukuoka/sc_fukuokashichuo/nc_79172982/
79174995,グリーンハイツ輝国,2430,46,地下鉄七隈線,六本松,13,3LDK,73.32,福岡県福岡市中央区輝国２,https://suumo.jp//ms/chuko/fukuoka/sc_fukuokashichuo/nc_79174995/
79176144,ＫＢＣマンションユーハイム百道,3850,40,地下鉄空港線,藤崎,6,3LDK,83.47,福岡県福岡市早良区百道１,https://suumo.jp//ms/chuko/fukuoka/sc_fukuokashisawara/nc_79176144/
79176150,エクセレンス天神,2580,46,地下鉄空港線,天神,9,2LDK,67.8,福岡県福岡市中央区那の津１,https://suumo.jp//ms/chuko/fukuoka/sc_fukuokashichuo/nc_79176150/
79177374,クリオラベルヴィ呉服町,3299,8,地下鉄空港線,中洲川端,13,1LDK,34.4,福岡県福岡市博多区下呉服町3-19,https://suumo.jp//ms/chuko/fukuoka/sc_fukuokashihakata/nc_79177374/
79182139,大濠パークハウス,25000,37,地下鉄空港線,唐人町,9,1LDK,162.59,福岡県福岡市中央区大濠１,https://suumo.jp//ms/chuko/fukuoka/sc_fukuokashichuo/nc_79182139/
79183242,ダイアパレス赤坂けやき通り,6420,26,地下鉄空港線,赤坂,11,3LDK,78.63,福岡県福岡市中央区赤坂３,https://suumo.jp//ms/chuko/fukuoka/sc_fukuokashichuo/nc_79183242/
79185013,マンション鳥飼,1580,53,地下鉄七隈線,別府,12,2LDK,65.54,福岡県福岡市中央区鳥飼１-3-19,https://suumo.jp//ms/chuko/fukuoka/sc_fukuokashichuo/nc_79185013/
79194902,モントーレ東比恵クレア【担当：鍋嶋】　までお気軽にお…,4299,7,地下鉄空港線,東比恵,2,1LDK,42.77,福岡県福岡市博多区東比恵３,https://suumo.jp//ms/chuko/fukuoka/sc_fukuokashihakata/nc_79194902/
79196034,じゅうグランドモア渡辺通南,760,36,地下鉄七隈線,渡辺通,12,1K,26.85,福岡県福岡市中央区高砂２,https://suumo.jp//ms/chuko/fukuoka/sc_fukuokashichuo/nc_79196034/
79197908,モントーレ東比恵クレア,4299,7,地下鉄空港線,東比恵,3,1LDK,42.77,福岡県福岡市博多区東比恵３,https://suumo.jp//ms/chuko/fukuoka/sc_fukuokashihakata/nc_79197908/
79198282,コスモ大手門,5180,24,地下鉄空港線,大濠公園,8,2LDK,61.2,福岡県福岡市中央区大手門２,https://suumo.jp//ms/chuko/fukuoka/sc_fukuokashichuo/nc_79198282/
79198729,ツインタワー空港通り,3599,32,地下鉄空港線,東比恵,12,3LDK,71.7,福岡県福岡市博多区豊１-1-17,https://suumo.jp//ms/chuko/fukuoka/sc_fukuokashihakata/nc_79198729/
79198730,モントーレ東比恵クレア,4299,7,地下鉄空港線,東比恵,3,1LDK,42.77,福岡県福岡市博多区東比恵３-19-10,https://suumo.jp//ms/chuko/fukuoka/sc_fukuokashihakata/nc_79198730/
79199369,モントーレ東比恵クレア,4299,7,地下鉄空港線,東比恵,2,1LDK,42.77,福岡県福岡市博多区東比恵３,https://suumo.jp//ms/chuko/fukuoka/sc_fukuokashihakata/nc_79199369/
79200824,スカイ・クリエート天神南,780,35,地下鉄七隈線,渡辺通,7,ワンルーム,19.71,福岡県福岡市中央区春吉２-19-17,https://suumo.jp//ms/chuko/fukuoka/sc_fukuokashichuo/nc_79200824/
79200862,MJR赤坂タワー,12500,9,地下鉄空港線,赤坂,1,2LDK,64.8,福岡県福岡市中央区赤坂１,https://suumo.jp//ms/chuko/fukuoka/sc_fukuokashichuo/nc_79200862/
79201047,赤坂エクセル,3450,52,地下鉄空港線,赤坂,12,2LDK,79.5,福岡県福岡市中央区赤坂３-８－２６,https://suumo.jp//ms/chuko/fukuoka/sc_fukuokashichuo/nc_79201047/
79202922,モントーレ東比恵クレア,4299,7,地下鉄空港線,東比恵,2,1LDK,42.77,福岡県福岡市博多区東比恵３-19-10,https://suumo.jp//ms/chuko/fukuoka/sc_fukuokashihakata/nc_79202922/
79203722,西公園下住宅七号棟2階,1550,55,地下鉄空港線,唐人町,11,3LDK,63.22,福岡県福岡市中央区福浜２-５－７,https://suumo.jp//ms/chuko/fukuoka/sc_fukuokashichuo/nc_79203722/
79205801,博多ニッコーハイツ,2070,47,地下鉄空港線,博多,7,1LDK,50.38,福岡県福岡市博多区博多駅東３,https://suumo.jp//ms/chuko/fukuoka/sc_fukuokashihakata/nc_79205801/
79210134,サンシティ鳥飼,3899,32,地下鉄七隈線,別府,12,3LDK,68.48,福岡県福岡市城南区鳥飼４,https://suumo.jp//ms/chuko/fukuoka/sc_fukuokashijonan/nc_79210134/
79215684,サンシティ鳥飼,3899,32,地下鉄七隈線,別府,8,3LDK,68.48,福岡県福岡市城南区鳥飼４,https://suumo.jp//ms/chuko/fukuoka/sc_fukuokashijonan/nc_79215684/
79215971,秀和警固レジデンス,3380,52,地下鉄空港線,赤坂,8,2LDK+S（納戸）,69.43,福岡県福岡市中央区警固２,https://suumo.jp//ms/chuko/fukuoka/sc_fukuokashichuo/nc_79215971/
79216175,パークホームズ警固本通り,7980,17,地下鉄空港線,赤坂,9,3LDK,82.96,福岡県福岡市中央区警固２-16-30,https://suumo.jp//ms/chuko/fukuoka/sc_fukuokashichuo/nc_79216175/
79216752,グランドメゾン大濠南,7490,25,地下鉄七隈線,六本松,3,3LDK,87.11,福岡県福岡市中央区草香江２,https://suumo.jp//ms/chuko/fukuoka/sc_fukuokashichuo/nc_79216752/
79217231,サンシティ鳥飼　中古マンション,3899,32,地下鉄七隈線,別府,11,3LDK+S（納戸）,68.48,福岡県福岡市城南区鳥飼４,https://suumo.jp//ms/chuko/fukuoka/sc_fukuokashijonan/nc_79217231/
79220129,エンクレストベイサイド通り,4699,10,地下鉄空港線,中洲川端,12,1LDK,54.65,福岡県福岡市博多区築港本町,https://suumo.jp//ms/chuko/fukuoka/sc_fukuokashihakata/nc_79220129/
79220295,ソピア大濠西,5290,27,地下鉄空港線,西新,10,3LDK,69.57,福岡県福岡市中央区鳥飼３,https://suumo.jp//ms/chuko/fukuoka/sc_fukuokashichuo/nc_79220295/
79220468,ブリリアタワー西新,16800,5,地下鉄空港線,西新,1,2LDK,79.93,福岡県福岡市早良区西新４,https://suumo.jp//ms/chuko/fukuoka/sc_fukuokashisawara/nc_79220468/
79221264,ヴェルドミール薬院　601号室,2799,46,地下鉄七隈線,薬院大通,5,2LDK,68.26,福岡県福岡市中央区薬院３,https://suumo.jp//ms/chuko/fukuoka/sc_fukuokashichuo/nc_79221264/
79221650,パークホームズ警固本通り,7980,17,地下鉄空港線,赤坂,9,3LDK,82.96,福岡県福岡市中央区警固２,https://suumo.jp//ms/chuko/fukuoka/sc_fukuokashichuo/nc_79221650/
79222940,コアマンション百道プレジオ,7290,20,地下鉄空港線,藤崎,8,3LDK,93.57,福岡県福岡市早良区百道１,https://suumo.jp//ms/chuko/fukuoka/sc_fukuokashisawara/nc_79222940/
79224809,ヴェルドミール薬院,2799,46,地下鉄七隈線,薬院大通,6,2LDK,68.26,福岡県福岡市中央区薬院３-12-12,https://suumo.jp//ms/chuko/fukuoka/sc_fukuokashichuo/nc_79224809/
79224953,ロマネスク大濠アネックス,3099,39,地下鉄空港線,唐人町,14,2LDK,59.65,福岡県福岡市中央区鳥飼２,https://suumo.jp//ms/chuko/fukuoka/sc_fukuokashichuo/nc_79224953/
79225116,警固ハウス,2999,46,地下鉄七隈線,薬院大通,8,2LDK,66.0,福岡県福岡市中央区警固１,https://suumo.jp//ms/chuko/fukuoka/sc_fukuokashichuo/nc_79225116/
79226603,ＫＢＣマンションユーハイム赤坂南,4480,40,地下鉄七隈線,薬院大通,7,2LDK,84.87,福岡県福岡市中央区警固２,https://suumo.jp//ms/chuko/fukuoka/sc_fukuokashichuo/nc_79226603/
79226606,リファレンス天神南,4399,24,地下鉄七隈線,渡辺通,12,3LDK,65.32,福岡県福岡市中央区清川２,https://suumo.jp//ms/chuko/fukuoka/sc_fukuokashichuo/nc_79226606/
79227063,ロイヤルマンション荒江,1550,41,地下鉄七隈線,別府,14,3DK,52.32,福岡県福岡市城南区荒江１,https://suumo.jp//ms/chuko/fukuoka/sc_fukuokashijonan/nc_79227063/
79232246,コモダスパッソ天神,4780,26,地下鉄七隈線,天神南,3,2LDK,64.15,福岡県福岡市中央区渡辺通５,https://suumo.jp//ms/chuko/fukuoka/sc_fukuokashichuo/nc_79232246/
79233445,クリオラベルヴィ呉服町,4499,8,地下鉄空港線,中洲川端,10,2LDK,47.0,福岡県福岡市博多区下呉服町,https://suumo.jp//ms/chuko/fukuoka/sc_fukuokashihakata/nc_79233445/
