id,name,price,age,line,station_name,minutes,layout,area,address,url
20005198,グランドメゾン大濠公園THE CLASS,12000,2,地下鉄空港線,大濠公園,4,2LDK,60.35,福岡県福岡市中央区荒戸２,https://suumo.jp//ms/chuko/fukuoka/sc_fukuokashichuo/nc_20005198/
20006864,モントーレ東比恵クレア,4199,7,地下鉄空港線,東比恵,3,1LDK+S（納戸）,42.77,福岡県福岡市博多区東比恵３,https://suumo.jp//ms/chuko/fukuoka/sc_fukuokashihakata/nc_20006864/
20014031,ＭＪＲ博多ザ・レジデンス,8100,1,ＪＲ鹿児島本線,博多,13,3LDK,70.49,福岡県福岡市博多区美野島１,https://suumo.jp//ms/chuko/fukuoka/sc_fukuokashihakata/nc_20014031/
20024543,グランドメゾン福岡The Central Luxe,6780,1,西鉄天神大牟田線,薬院,2,1LDK,44.25,福岡県福岡市中央区渡辺通２-7-11,https://suumo.jp//ms/chuko/fukuoka/sc_fukuokashichuo/nc_20024543/
20031460,サーパス桜坂,4900,26,地下鉄七隈線,桜坂,5,3LDK,71.63,福岡県福岡市中央区桜坂３,https://suumo.jp//ms/chuko/fukuoka/sc_fukuokashichuo/nc_20031460/
20032764,CLUB THE.大濠二丁目,12480,7,地下鉄空港線,唐人町,7,2LDK,91.07,福岡県福岡市中央区大濠２,https://suumo.jp//ms/chuko/fukuoka/sc_fukuokashichuo/nc_20032764/
20033456,リファレンス天神南,4199,24,地下鉄七隈線,渡辺通,13,3LDK,65.32,福岡県福岡市中央区清川２,https://suumo.jp//ms/chuko/fukuoka/sc_fukuokashichuo/nc_20033456/
20045528,103大稲マンション,2080,51,地下鉄七隈線,薬院大通,1,2LDK,55.62,福岡県福岡市中央区薬院２-4-5,https://suumo.jp//ms/chuko/fukuoka/sc_fukuokashichuo/nc_20045528/
20052456,103大稲マンション,2080,51,地下鉄七隈線,薬院大通,1,2LDK,55.68,福岡県福岡市中央区薬院２-4-5,https://suumo.jp//ms/chuko/fukuoka/sc_fukuokashichuo/nc_20052456/
20052926,西公園ツインタワー,4530,36,地下鉄空港線,大濠公園,7,3LDK,83.05,福岡県福岡市中央区荒戸２,https://suumo.jp//ms/chuko/fukuoka/sc_fukuokashichuo/nc_20052926/
20056310,リファレンス天神南,4199,24,地下鉄七隈線,渡辺通,13,3LDK,65.32,福岡県福岡市中央区清川２,https://suumo.jp//ms/chuko/fukuoka/sc_fukuokashichuo/nc_20056310/
20059581,コアマンション桜坂プレジオ弐番館,7780,25,地下鉄七隈線,桜坂,4,3LDK+S（納戸）,103.4,福岡県福岡市中央区六本松３,https://suumo.jp//ms/chuko/fukuoka/sc_fukuokashichuo/nc_20059581/
20062724,サンライフ六本松,3880,42,地下鉄七隈線,六本松,2,1LDK+S（納戸）,60.02,福岡県福岡市中央区草香江２,https://suumo.jp//ms/chuko/fukuoka/sc_fukuokashichuo/nc_20062724/
20069809,エトワール博多,870,49,地下鉄空港線,博多,5,ワンルーム,27.72,福岡県福岡市博多区博多駅前１,https://suumo.jp//ms/chuko/fukuoka/sc_fukuokashihakata/nc_20069809/
20084916,ライオンズマンション西新,2780,44,地下鉄空港線,藤崎,5,2DK,45.97,福岡県福岡市早良区西新７,https://suumo.jp//ms/chuko/fukuoka/sc_fukuokashisawara/nc_20084916/
20091541,コアマンション桜坂プレジオ弐番館,7780,25,地下鉄七隈線,桜坂,4,3LDK+S（納戸）,103.4,福岡県福岡市中央区六本松３,https://suumo.jp//ms/chuko/fukuoka/sc_fukuokashichuo/nc_20091541/
20096135,リファレンス天神南,4199,24,地下鉄七隈線,渡辺通,13,3LDK,65.32,福岡県福岡市中央区清川２,https://suumo.jp//ms/chuko/fukuoka/sc_fukuokashichuo/nc_20096135/
20097897,【ロワールマンション博多駅南】博多駅徒歩圏！最新リノ…,3290,41,ＪＲ鹿児島本線,博多,15,3LDK,69.51,福岡県福岡市博多区博多駅南３,https://suumo.jp//ms/chuko/fukuoka/sc_fukuokashihakata/nc_20097897/
20098723,グリーンハイツ赤坂,2998,52,地下鉄七隈線,六本松,11,2LDK,72.57,福岡県福岡市中央区赤坂２-６番２３号,https://suumo.jp//ms/chuko/fukuoka/sc_fukuokashichuo/nc_20098723/
20102772,グランドメゾン福岡The Central Luxe,11000,1,西鉄天神大牟田線,薬院,3,1LDK,51.35,福岡県福岡市中央区渡辺通２-7-28,https://suumo.jp//ms/chuko/fukuoka/sc_fukuokashichuo/nc_20102772/
20106814,モントーレ東比恵クレア,4199,7,地下鉄空港線,東比恵,3,1LDK,42.77,福岡県福岡市博多区東比恵３,https://suumo.jp//ms/chuko/fukuoka/sc_fukuokashihakata/nc_20106814/
20109674,クリオラベルヴィ呉服町,3199,8,地下鉄空港線,中洲川端,12,1LDK,34.4,福岡県福岡市博多区下呉服町,https://suumo.jp//ms/chuko/fukuoka/sc_fukuokashihakata/nc_20109674/
20117698,グランドメゾン大濠南,10990,25,地下鉄七隈線,六本松,3,3LDK+S（納戸）,98.79,福岡県福岡市中央区草香江２,https://suumo.jp//ms/chuko/fukuoka/sc_fukuokashichuo/nc_20117698/
20120081,グランドメゾン大濠公園THE CLASS,12000,2,地下鉄空港線,大濠公園,6,2LDK,60.35,福岡県福岡市中央区荒戸２-3-9,https://suumo.jp//ms/chuko/fukuoka/sc_fukuokashichuo/nc_20120081/
20126844,パークハウス大濠,11880,28,地下鉄空港線,唐人町,12,3LDK,107.28,福岡県福岡市中央区大濠１,https://suumo.jp//ms/chuko/fukuoka/sc_fukuokashichuo/nc_20126844/
20127824,ロイヤルマンション六本松,6500,37,地下鉄七隈線,六本松,6,2LDK,87.12,福岡県福岡市中央区梅光園１,https://suumo.jp//ms/chuko/fukuoka/sc_fukuokashichuo/nc_20127824/
20128719,グランドメゾン福岡　The Central Luxe,9200,1,西鉄天神大牟田線,薬院,2,1LDK,63.29,福岡県福岡市中央区渡辺通２-７－２８,https://suumo.jp//ms/chuko/fukuoka/sc_fukuokashichuo/nc_20128719/
20130351,GSハイム博多,2655,46,地下鉄空港線,東比恵,5,3LDK,66.15,福岡県福岡市博多区博多駅東２-13-21,https://suumo.jp//ms/chuko/fukuoka/sc_fukuokashihakata/nc_20130351/
20131070,百道タワー,8980,22,地下鉄空港線,西新,10,1LDK,90.28,福岡県福岡市早良区百道浜１,https://suumo.jp//ms/chuko/fukuoka/sc_fukuokashisawara/nc_20131070/
20133049,三井薬院ハイツ,10880,44,地下鉄七隈線,薬院大通,6,8LDK,172.94,福岡県福岡市中央区薬院２,https://suumo.jp//ms/chuko/fukuoka/sc_fukuokashichuo/nc_20133049/
20152977,ダイナコートエスパシオ舞鶴,4280,30,地下鉄空港線,赤坂,6,2LDK,52.92,福岡県福岡市中央区舞鶴２,https://suumo.jp//ms/chuko/fukuoka/sc_fukuokashichuo/nc_20152977/
20152980,グランフォーレラグゼ博多駅南,2899,10,地下鉄空港線,東比恵,15,1LDK,33.41,福岡県福岡市博多区博多駅南４,https://suumo.jp//ms/chuko/fukuoka/sc_fukuokashihakata/nc_20152980/
20155224,アルファライフ博多,4499,15,地下鉄七隈線,博多,13,1LDK,53.04,福岡県福岡市博多区住吉５,https://suumo.jp//ms/chuko/fukuoka/sc_fukuokashihakata/nc_20155224/
20160990,Ｂｒｉｌｌｉａ平尾浄水,9588,17,地下鉄七隈線,薬院大通,11,3LDK,108.17,福岡県福岡市中央区平尾浄水町,https://suumo.jp//ms/chuko/fukuoka/sc_fukuokashichuo/nc_20160990/
20161225,藤和コープ・サンウェルス,1990,46,地下鉄空港線,赤坂,8,1LDK,66.0,福岡県福岡市中央区警固２,https://suumo.jp//ms/chuko/fukuoka/sc_fukuokashichuo/nc_20161225/
20163293,アルファライフ博多,4499,15,ＪＲ篠栗線,博多,14,1LDK,53.04,福岡県福岡市博多区住吉５-5-22,https://suumo.jp//ms/chuko/fukuoka/sc_fukuokashihakata/nc_20163293/
20172796,【リファレンス天神南】リフォーム済みの3面採光角部屋…,4199,24,地下鉄七隈線,渡辺通,13,3LDK,65.32,福岡県福岡市中央区清川２,https://suumo.jp//ms/chuko/fukuoka/sc_fukuokashichuo/nc_20172796/
20186273,薬院パークホームズ,2700,45,地下鉄七隈線,薬院大通,7,4LDK,82.59,福岡県福岡市中央区薬院２-11-28,https://suumo.jp//ms/chuko/fukuoka/sc_fukuokashichuo/nc_20186273/
20187670,藤崎ロジュマン,4350,38,地下鉄空港線,藤崎,13,4LDK,82.76,福岡県福岡市早良区昭代３,https://suumo.jp//ms/chuko/fukuoka/sc_fukuokashisawara/nc_20187670/
20199429,オリエントハイツ別府,4490,36,地下鉄七隈線,別府,1,3LDK,84.0,福岡県福岡市城南区別府１,https://suumo.jp//ms/chuko/fukuoka/sc_fukuokashijonan/nc_20199429/
20201400,赤坂エクセル,3449,52,地下鉄空港線,赤坂,13,2LDK,79.5,福岡県福岡市中央区赤坂３,https://suumo.jp//ms/chuko/fukuoka/sc_fukuokashichuo/nc_20201400/
20204209,コモダス天神,4799,29,地下鉄七隈線,薬院大通,8,3LDK,66.78,福岡県福岡市中央区今泉２,https://suumo.jp//ms/chuko/fukuoka/sc_fukuokashichuo/nc_20204209/
20207719,コアマンション桜坂プレジオ弐番館,7890,25,地下鉄七隈線,桜坂,4,3LDK+S（納戸）,103.4,福岡県福岡市中央区六本松３,https://suumo.jp//ms/chuko/fukuoka/sc_fukuokashichuo/nc_20207719/
20214629,プレミスト天神赤坂タワー,15500,7,地下鉄空港線,赤坂,3,1LDK,62.77,福岡県福岡市中央区大名２-10-8,https://suumo.jp//ms/chuko/fukuoka/sc_fukuokashichuo/nc_20214629/
20214981,藤崎ロジュマン,4350,38,地下鉄空港線,藤崎,13,4LDK,82.76,福岡県福岡市早良区昭代３,https://suumo.jp//ms/chuko/fukuoka/sc_fukuokashisawara/nc_20214981/
20230915,シティマンション輝国,950,42,地下鉄七隈線,六本松,15,3DK,55.43,福岡県福岡市中央区輝国２,https://suumo.jp//ms/chuko/fukuoka/sc_fukuokashichuo/nc_20230915/
20232459,リファレンス天神南,4199,24,地下鉄七隈線,渡辺通,13,3LDK,65.32,福岡県福岡市中央区清川２,https://suumo.jp//ms/chuko/fukuoka/sc_fukuokashichuo/nc_20232459/
20236709,グランドメゾン大濠南,10990,25,地下鉄七隈線,六本松,2,3LDK+S（納戸）,98.79,福岡県福岡市中央区草香江２-1-38,https://suumo.jp//ms/chuko/fukuoka/sc_fukuokashichuo/nc_20236709/
20237744,パークホームズ大濠二丁目,19800,9,地下鉄空港線,唐人町,4,2LDK,101.47,福岡県福岡市中央区大濠２,https://suumo.jp//ms/chuko/fukuoka/sc_fukuokashichuo/nc_20237744/
20237747,ＣＬＵＢ　ＴＨＥ．薬院ステーションタワー,46000,6,地下鉄七隈線,薬院,2,2LDK+S（納戸）,138.16,福岡県福岡市中央区白金１,https://suumo.jp//ms/chuko/fukuoka/sc_fukuokashichuo/nc_20237747/
20239975,エンクレスト天神南Ⅲ,2499,21,地下鉄七隈線,渡辺通,13,1LDK,37.86,福岡県福岡市中央区清川３-2-9,https://suumo.jp//ms/chuko/fukuoka/sc_fukuokashichuo/nc_20239975/
20245114,フリーディア西新レジデンス,7830,2,地下鉄空港線,藤崎,5,1LDK,72.93,福岡県福岡市早良区西新７,https://suumo.jp//ms/chuko/fukuoka/sc_fukuokashisawara/nc_20245114/
20247920,ユーハイム大濠西,2560,41,地下鉄空港線,唐人町,1,1LDK,48.09,福岡県福岡市中央区黒門6-40,https://suumo.jp//ms/chuko/fukuoka/sc_fukuokashichuo/nc_20247920/
20248803,藤崎ロジュマン,4350,38,地下鉄空港線,藤崎,10,4LDK,82.76,福岡県福岡市早良区昭代３,https://suumo.jp//ms/chuko/fukuoka/sc_fukuokashisawara/nc_20248803/
20249542,リファレンス天神南,4199,24,地下鉄七隈線,渡辺通,13,3LDK,65.32,福岡県福岡市中央区清川２-4-9,https://suumo.jp//ms/chuko/fukuoka/sc_fukuokashichuo/nc_20249542/
20250868,ライオンズマンション天神南,1380,34,地下鉄七隈線,薬院大通,10,ワンルーム,21.0,福岡県福岡市中央区今泉２-1-32,https://suumo.jp//ms/chuko/fukuoka/sc_fukuokashichuo/nc_20250868/
20255236,西新ビル,2180,54,地下鉄空港線,西新,5,2LDK,60.8,福岡県福岡市早良区高取１,https://suumo.jp//ms/chuko/fukuoka/sc_fukuokashisawara/nc_20255236/
20268504,大濠公園グランドヒルズ,6680,36,地下鉄空港線,大濠公園,4,2LDK+S（納戸）,79.08,福岡県福岡市中央区荒戸２-3-49,https://suumo.jp//ms/chuko/fukuoka/sc_fukuokashichuo/nc_20268504/
20272676,ライオンズマンション大名,3165,44,地下鉄空港線,赤坂,8,3DK,56.72,福岡県福岡市中央区大名１-2-20,https://suumo.jp//ms/chuko/fukuoka/sc_fukuokashichuo/nc_20272676/
20277705,ソレイユ赤坂南,4680,37,地下鉄七隈線,六本松,9,3LDK,75.03,福岡県福岡市中央区六本松３,https://suumo.jp//ms/chuko/fukuoka/sc_fukuokashichuo/nc_20277705/
20282820,デュレジア薬院スタンス【築浅、地下鉄、電車ダブルアク…,9990,3,地下鉄七隈線,薬院大通,5,2LDK+S（納戸）,70.33,福岡県福岡市中央区薬院３,https://suumo.jp//ms/chuko/fukuoka/sc_fukuokashichuo/nc_20282820/
20286451,グランドメゾン大濠南,10490,25,地下鉄七隈線,六本松,3,3LDK+S（納戸）,98.79,福岡県福岡市中央区草香江２,https://suumo.jp//ms/chuko/fukuoka/sc_fukuokashichuo/nc_20286451/
20292231,ラフィネスシャトードゥ赤坂,3599,24,地下鉄空港線,赤坂,7,1LK,32.81,福岡県福岡市中央区大手門１-3番31,https://suumo.jp//ms/chuko/fukuoka/sc_fukuokashichuo/nc_20292231/
20292711,コスモ西新七丁目　【担当：中見】　までお気軽にお問合…,5980,26,地下鉄空港線,藤崎,4,2LDK+S（納戸）,70.01,福岡県福岡市早良区西新７-1-17,https://suumo.jp//ms/chuko/fukuoka/sc_fukuokashisawara/nc_20292711/
20293641,シティマンション輝国,1430,42,地下鉄七隈線,六本松,15,3DK,55.06,福岡県福岡市中央区輝国２,https://suumo.jp//ms/chuko/fukuoka/sc_fukuokashichuo/nc_20293641/
20294623,ラフィネスシャトードゥ赤坂,3499,24,地下鉄空港線,赤坂,7,1LDK,32.81,福岡県福岡市中央区大手門１,https://suumo.jp//ms/chuko/fukuoka/sc_fukuokashichuo/nc_20294623/
20310107,プレイスポットしんばしビル本館,2148,51,地下鉄七隈線,櫛田神社前,2,1DK,40.63,福岡県福岡市博多区中洲２,https://suumo.jp//ms/chuko/fukuoka/sc_fukuokashihakata/nc_20310107/
20312519,グランドパレス浄水通り,12850,9,地下鉄七隈線,薬院大通,8,2LDK+S（納戸）,101.74,福岡県福岡市中央区薬院４-15-10,https://suumo.jp//ms/chuko/fukuoka/sc_fukuokashichuo/nc_20312519/
20337474,GSハイム博多,2665,46,地下鉄空港線,東比恵,7,4DK,66.15,福岡県福岡市博多区博多駅東２,https://suumo.jp//ms/chuko/fukuoka/sc_fukuokashihakata/nc_20337474/
20351680,プレイスポットしんばしビル本館,2148,51,地下鉄七隈線,櫛田神社前,5,1DK,40.63,福岡県福岡市博多区中洲２-1-11,https://suumo.jp//ms/chuko/fukuoka/sc_fukuokashihakata/nc_20351680/
20354638,ライオンズマンション南薬院,1980,43,西鉄天神大牟田線,薬院,5,1LDK,47.79,福岡県福岡市中央区薬院３,https://suumo.jp//ms/chuko/fukuoka/sc_fukuokashichuo/nc_20354638/
20355236,グランフォーレラグゼ博多駅南,2899,10,地下鉄空港線,東比恵,15,1LDK,33.41,福岡県福岡市博多区博多駅南４,https://suumo.jp//ms/chuko/fukuoka/sc_fukuokashihakata/nc_20355236/
20355816,ＣＬＵＢ　ＴＨＥ．薬院ステーションタワー,46000,6,西鉄天神大牟田線,薬院,2,2LDK+S（納戸）,138.16,福岡県福岡市中央区白金１-17-34,https://suumo.jp//ms/chuko/fukuoka/sc_fukuokashichuo/nc_20355816/
20359832,ダイアパレス平尾２,2880,43,西鉄天神大牟田線,薬院,10,2LDK,64.1,福岡県福岡市中央区大宮２,https://suumo.jp//ms/chuko/fukuoka/sc_fukuokashichuo/nc_20359832/
20367370,第2住吉ハイツ,1680,47,地下鉄七隈線,渡辺通,10,1LDK,55.55,福岡県福岡市博多区住吉３,https://suumo.jp//ms/chuko/fukuoka/sc_fukuokashihakata/nc_20367370/
20367604,Brillia平尾浄水,11800,17,地下鉄七隈線,薬院大通,12,3LDK,114.43,福岡県福岡市中央区平尾浄水町,https://suumo.jp//ms/chuko/fukuoka/sc_fukuokashichuo/nc_20367604/
20370112,MJR博多ザ・レジデンス,7900,1,ＪＲ鹿児島本線,博多,13,2LDK,70.1,福岡県福岡市博多区美野島１,https://suumo.jp//ms/chuko/fukuoka/sc_fukuokashihakata/nc_20370112/
20372579,チサンマンション祇園,3180,46,地下鉄空港線,祇園,4,2LDK,52.98,福岡県福岡市博多区祇園町,https://suumo.jp//ms/chuko/fukuoka/sc_fukuokashihakata/nc_20372579/
20378888,【藤崎ロジュマン】高取小・中エリア～専用庭付4LDK…,4350,38,地下鉄空港線,藤崎,10,3LDK,82.76,福岡県福岡市早良区昭代３,https://suumo.jp//ms/chuko/fukuoka/sc_fukuokashisawara/nc_20378888/
20382669,オープンレジデンシア薬院白金,3498,3,西鉄天神大牟田線,薬院,8,1LDK,33.92,福岡県福岡市中央区白金２,https://suumo.jp//ms/chuko/fukuoka/sc_fukuokashichuo/nc_20382669/
20384520,シャンボール大名A棟,3350,45,地下鉄空港線,赤坂,4,3DK,61.08,福岡県福岡市中央区大名２,https://suumo.jp//ms/chuko/fukuoka/sc_fukuokashichuo/nc_20384520/
20387762,パーク・エステート博多503号室,4999,29,地下鉄空港線,祇園,6,2LDK,60.81,福岡県福岡市博多区店屋町,https://suumo.jp//ms/chuko/fukuoka/sc_fukuokashihakata/nc_20387762/
20392329,ラフィネスシャトードゥ赤坂,3599,24,地下鉄空港線,赤坂,7,1LDK,32.81,福岡県福岡市中央区大手門１,https://suumo.jp//ms/chuko/fukuoka/sc_fukuokashichuo/nc_20392329/
20401001,グランドメゾン浄水ガーデンシティ　フォレストゲートⅢ,19800,8,地下鉄七隈線,薬院大通,5,3LDK,100.07,福岡県福岡市中央区薬院４,https://suumo.jp//ms/chuko/fukuoka/sc_fukuokashichuo/nc_20401001/
20401004,アクロス大濠公園グランビュー,4180,1,地下鉄空港線,唐人町,3,1LDK,37.11,福岡県福岡市中央区黒門,https://suumo.jp//ms/chuko/fukuoka/sc_fukuokashichuo/nc_20401004/
20401158,リファレンス天神南,4199,24,地下鉄七隈線,渡辺通,13,3LDK,65.32,福岡県福岡市中央区清川２,https://suumo.jp//ms/chuko/fukuoka/sc_fukuokashichuo/nc_20401158/
20401835,ダイアパレス西公園Ⅱ,5680,41,地下鉄空港線,大濠公園,7,4LDK,116.59,福岡県福岡市中央区荒戸２,https://suumo.jp//ms/chuko/fukuoka/sc_fukuokashichuo/nc_20401835/
20401837,グランドメゾン赤坂１丁目,11580,13,地下鉄空港線,赤坂,6,3LDK,88.11,福岡県福岡市中央区赤坂１,https://suumo.jp//ms/chuko/fukuoka/sc_fukuokashichuo/nc_20401837/
20407256,ブリリアタワー西新,30000,5,地下鉄空港線,西新,1,2LDK,101.65,福岡県福岡市早良区西新４-1-1,https://suumo.jp//ms/chuko/fukuoka/sc_fukuokashisawara/nc_20407256/
20408984,ダイアパレスグランデージ大名,5990,28,地下鉄空港線,赤坂,6,2LDK+S（納戸）,70.69,福岡県福岡市中央区大名１,https://suumo.jp//ms/chuko/fukuoka/sc_fukuokashichuo/nc_20408984/
20410240,イニシアイオ大名,4280,18,地下鉄空港線,赤坂,5,1LDK,45.0,福岡県福岡市中央区大名１-9-4,https://suumo.jp//ms/chuko/fukuoka/sc_fukuokashichuo/nc_20410240/
20410832,ライオンズマンション大名,3165,44,地下鉄空港線,赤坂,10,3DK,56.72,福岡県福岡市中央区大名１,https://suumo.jp//ms/chuko/fukuoka/sc_fukuokashichuo/nc_20410832/
20416508,グランドメゾン福岡　Ｔｈｅ　Ｃｅｎｔｒａｌ　Ｌｕｘｅ,18500,1,西鉄天神大牟田線,薬院,2,2LDK,77.39,福岡県福岡市中央区渡辺通２,https://suumo.jp//ms/chuko/fukuoka/sc_fukuokashichuo/nc_20416508/
20417461,パークホームズ大濠二丁目,17200,9,地下鉄空港線,唐人町,4,3LDK,101.47,福岡県福岡市中央区大濠２,https://suumo.jp//ms/chuko/fukuoka/sc_fukuokashichuo/nc_20417461/
20420725,グランドメゾン桜坂ヒルズ,9600,15,地下鉄七隈線,桜坂,5,3LDK,90.75,福岡県福岡市中央区警固３,https://suumo.jp//ms/chuko/fukuoka/sc_fukuokashichuo/nc_20420725/
20422608,ウェリス大濠公園Z-Stage,13800,13,地下鉄空港線,唐人町,2,3LDK,86.42,福岡県福岡市中央区黒門,https://suumo.jp//ms/chuko/fukuoka/sc_fukuokashichuo/nc_20422608/
20426114,プレミスト大濠公園,24800,1,地下鉄空港線,唐人町,3,3LDK,120.71,福岡県福岡市中央区荒戸３,https://suumo.jp//ms/chuko/fukuoka/sc_fukuokashichuo/nc_20426114/
20426588,エバーライフ赤坂,4280,38,地下鉄七隈線,桜坂,14,1LDK,63.63,福岡県福岡市中央区赤坂３,https://suumo.jp//ms/chuko/fukuoka/sc_fukuokashichuo/nc_20426588/
20434666,警固ハウス,3090,46,地下鉄七隈線,薬院大通,9,3LDK,66.0,福岡県福岡市中央区警固１-15-15,https://suumo.jp//ms/chuko/fukuoka/sc_fukuokashichuo/nc_20434666/
20435512,ライオンズマンション西新,2980,44,地下鉄空港線,藤崎,5,2LDK,66.36,福岡県福岡市早良区西新７,https://suumo.jp//ms/chuko/fukuoka/sc_fukuokashisawara/nc_20435512/
20435722,ライオンズマンション天神南,4980,34,地下鉄七隈線,薬院大通,7,1LDK,86.02,福岡県福岡市中央区今泉２,https://suumo.jp//ms/chuko/fukuoka/sc_fukuokashichuo/nc_20435722/
20445302,第三住吉ハイツ,2569,46,ＪＲ鹿児島本線,博多,14,2LDK,67.2,福岡県福岡市博多区住吉５,https://suumo.jp//ms/chuko/fukuoka/sc_fukuokashihakata/nc_20445302/
20445675,ザ・パークハウス福岡タワーズ　WEST,29000,7,地下鉄空港線,唐人町,12,1LDK,102.56,福岡県福岡市中央区地行浜２,https://suumo.jp//ms/chuko/fukuoka/sc_fukuokashichuo/nc_20445675/
20447816,ソピア天神,5980,27,地下鉄七隈線,薬院大通,7,3LDK,66.24,福岡県福岡市中央区警固１,https://suumo.jp//ms/chuko/fukuoka/sc_fukuokashichuo/nc_20447816/
20449512,朝日プラザ大濠,3580,43,地下鉄七隈線,六本松,4,3LDK,69.12,福岡県福岡市中央区草香江２,https://suumo.jp//ms/chuko/fukuoka/sc_fukuokashichuo/nc_20449512/
20451509,アンピール別府Ⅱ,4380,33,地下鉄七隈線,別府,3,3LDK,66.29,福岡県福岡市城南区別府３,https://suumo.jp//ms/chuko/fukuoka/sc_fukuokashijonan/nc_20451509/
20451513,平尾フェニックスマンション,5280,35,西鉄天神大牟田線,薬院,6,3LDK,79.07,福岡県福岡市中央区平尾１,https://suumo.jp//ms/chuko/fukuoka/sc_fukuokashichuo/nc_20451513/
20452057,ザ・パークハウス桜坂サンリヤン,7990,8,地下鉄七隈線,桜坂,3,3LDK,70.74,福岡県福岡市中央区桜坂３,https://suumo.jp//ms/chuko/fukuoka/sc_fukuokashichuo/nc_20452057/
20455101,百道タワー,8980,22,地下鉄空港線,西新,10,1LDK,90.28,福岡県福岡市早良区百道浜１,https://suumo.jp//ms/chuko/fukuoka/sc_fukuokashisawara/nc_20455101/
20456602,アクロス天神ファーストステージ,4980,25,地下鉄七隈線,渡辺通,10,3LDK,80.8,福岡県福岡市中央区清川２,https://suumo.jp//ms/chuko/fukuoka/sc_fukuokashichuo/nc_20456602/
20458331,西新ビル,2180,54,地下鉄空港線,藤崎,5,2LDK,60.8,福岡県福岡市早良区高取１,https://suumo.jp//ms/chuko/fukuoka/sc_fukuokashisawara/nc_20458331/
20458386,ステイツ天神,3280,36,地下鉄七隈線,薬院大通,9,2LDK,46.8,福岡県福岡市中央区警固１-6-41,https://suumo.jp//ms/chuko/fukuoka/sc_fukuokashichuo/nc_20458386/
20460207,ダイナコート六本松,2899,39,地下鉄七隈線,桜坂,6,2LDK,59.9,福岡県福岡市中央区谷１,https://suumo.jp//ms/chuko/fukuoka/sc_fukuokashichuo/nc_20460207/
20467027,西新パークマンション,2200,38,地下鉄空港線,西新,10,3LDK,70.97,福岡県福岡市早良区西新３,https://suumo.jp//ms/chuko/fukuoka/sc_fukuokashisawara/nc_20467027/
20469143,オープンレジデンシア薬院二丁目,5800,3,地下鉄七隈線,薬院大通,3,2LDK,42.54,福岡県福岡市中央区薬院２,https://suumo.jp//ms/chuko/fukuoka/sc_fukuokashichuo/nc_20469143/
20469317,第三住吉ハイツ,2569,46,ＪＲ鹿児島本線,博多,10,2LDK,67.2,福岡県福岡市博多区住吉５,https://suumo.jp//ms/chuko/fukuoka/sc_fukuokashihakata/nc_20469317/
20469730,グランドメゾン大濠南,7730,25,地下鉄七隈線,六本松,3,4LDK,98.79,福岡県福岡市中央区草香江２,https://suumo.jp//ms/chuko/fukuoka/sc_fukuokashichuo/nc_20469730/
20469945,第三住吉ハイツ,2569,46,ＪＲ篠栗線,博多,13,2LDK,67.2,福岡県福岡市博多区住吉５-10-7,https://suumo.jp//ms/chuko/fukuoka/sc_fukuokashihakata/nc_20469945/
20470485,第三住吉ハイツ,2569,46,地下鉄七隈線,博多,15,2LDK,67.2,福岡県福岡市博多区住吉５-10-7,https://suumo.jp//ms/chuko/fukuoka/sc_fukuokashihakata/nc_20470485/
20474520,オープンレジデンシア薬院南,3580,4,西鉄天神大牟田線,薬院,9,1LDK,34.54,福岡県福岡市中央区平尾３-5-6,https://suumo.jp//ms/chuko/fukuoka/sc_fukuokashichuo/nc_20474520/
20475936,グランドメゾン赤坂弐番館,12300,22,地下鉄空港線,赤坂,11,3LDK,110.0,福岡県福岡市中央区赤坂２,https://suumo.jp//ms/chuko/fukuoka/sc_fukuokashichuo/nc_20475936/
20476499,ザ・パークハウス桜坂サンリヤン,14800,8,地下鉄七隈線,桜坂,3,3LDK+S（納戸）,84.98,福岡県福岡市中央区桜坂３,https://suumo.jp//ms/chuko/fukuoka/sc_fukuokashichuo/nc_20476499/
20477027,ツインタワー空港通り,3399,32,地下鉄空港線,東比恵,12,3LDK,71.7,福岡県福岡市博多区豊１,https://suumo.jp//ms/chuko/fukuoka/sc_fukuokashihakata/nc_20477027/
20477044,アルファライフ博多,4499,15,ＪＲ鹿児島本線,博多,14,1LDK,53.04,福岡県福岡市博多区住吉５,https://suumo.jp//ms/chuko/fukuoka/sc_fukuokashihakata/nc_20477044/
20483283,ライオンズ大濠レジデンス,9480,19,地下鉄七隈線,六本松,10,3LDK,100.05,福岡県福岡市中央区草香江２,https://suumo.jp//ms/chuko/fukuoka/sc_fukuokashichuo/nc_20483283/
20484049,ロマネスク大濠アネックス,2999,39,地下鉄空港線,唐人町,12,2LDK,59.65,福岡県福岡市中央区鳥飼２-6-15,https://suumo.jp//ms/chuko/fukuoka/sc_fukuokashichuo/nc_20484049/
20491491,グランドメゾン赤坂弐番館,12300,22,地下鉄空港線,赤坂,11,3LDK,110.0,福岡県福岡市中央区赤坂２,https://suumo.jp//ms/chuko/fukuoka/sc_fukuokashichuo/nc_20491491/
20491495,第三住吉ハイツ,2569,46,ＪＲ鹿児島本線,博多,12,2LDK,67.2,福岡県福岡市博多区住吉５,https://suumo.jp//ms/chuko/fukuoka/sc_fukuokashihakata/nc_20491495/
20496537,グランドメゾン赤坂弐番館,12300,22,地下鉄空港線,赤坂,11,3LDK,110.0,福岡県福岡市中央区赤坂２,https://suumo.jp//ms/chuko/fukuoka/sc_fukuokashichuo/nc_20496537/
20500908,クリオラベルヴィ呉服町,3199,8,地下鉄空港線,中洲川端,12,1LDK,34.4,福岡県福岡市博多区下呉服町,https://suumo.jp//ms/chuko/fukuoka/sc_fukuokashihakata/nc_20500908/
20503717,天神スカイマンション,5980,45,地下鉄空港線,天神,10,3LDK,100.94,福岡県福岡市中央区長浜１,https://suumo.jp//ms/chuko/fukuoka/sc_fukuokashichuo/nc_20503717/
20504005,ティアラ薬院,5800,35,地下鉄七隈線,薬院大通,4,3LDK,100.84,福岡県福岡市中央区薬院２,https://suumo.jp//ms/chuko/fukuoka/sc_fukuokashichuo/nc_20504005/
20507192,エンゼルハイム鳥飼中央,4880,25,地下鉄七隈線,六本松,15,3LDK,75.68,福岡県福岡市中央区鳥飼１,https://suumo.jp//ms/chuko/fukuoka/sc_fukuokashichuo/nc_20507192/
20511705,オープンレジデンシア渡辺通南,5780,2,地下鉄七隈線,渡辺通,9,2LDK,52.27,福岡県福岡市中央区清川２,https://suumo.jp//ms/chuko/fukuoka/sc_fukuokashichuo/nc_20511705/
20511947,レジデンス百道,8990,11,地下鉄空港線,藤崎,3,2LDK+S（納戸）,83.33,福岡県福岡市早良区百道２,https://suumo.jp//ms/chuko/fukuoka/sc_fukuokashisawara/nc_20511947/
20513628,グランドメゾン桜坂ヒルズ,9600,15,地下鉄七隈線,桜坂,5,3LDK,90.75,福岡県福岡市中央区警固３,https://suumo.jp//ms/chuko/fukuoka/sc_fukuokashichuo/nc_20513628/
20520587,舞鶴パークホームズ,3900,46,地下鉄空港線,赤坂,7,4LDK,80.05,福岡県福岡市中央区舞鶴２,https://suumo.jp//ms/chuko/fukuoka/sc_fukuokashichuo/nc_20520587/
20521773,ザ・パークハウス桜坂サンリヤン,14800,8,地下鉄七隈線,桜坂,3,3LDK+S（納戸）,84.98,福岡県福岡市中央区桜坂３,https://suumo.jp//ms/chuko/fukuoka/sc_fukuokashichuo/nc_20521773/
20527006,ライオンズマンション昭代　中古マンション,2198,45,地下鉄空港線,西新,15,2LDK,58.8,福岡県福岡市早良区昭代１,https://suumo.jp//ms/chuko/fukuoka/sc_fukuokashisawara/nc_20527006/
20529132,ル・サンク大濠公園,8900,6,地下鉄空港線,大濠公園,8,2LDK+S（納戸）,85.86,福岡県福岡市中央区大手門２,https://suumo.jp//ms/chuko/fukuoka/sc_fukuokashichuo/nc_20529132/
20530374,パークリュクス博多駅前,3580,2,ＪＲ鹿児島本線,博多,11,1LDK,30.04,福岡県福岡市博多区博多駅前４,https://suumo.jp//ms/chuko/fukuoka/sc_fukuokashihakata/nc_20530374/
20532937,ライオンズマンション六本松第2,2150,38,地下鉄七隈線,六本松,7,2DK,40.74,福岡県福岡市中央区六本松３,https://suumo.jp//ms/chuko/fukuoka/sc_fukuokashichuo/nc_20532937/
20536103,ネクサス薬院,12880,11,地下鉄七隈線,薬院大通,4,3LDK,94.52,福岡県福岡市中央区薬院１-12-10,https://suumo.jp//ms/chuko/fukuoka/sc_fukuokashichuo/nc_20536103/
20536120,ライオンズマンション昭代,2198,45,地下鉄空港線,西新,15,2LDK,54.91,福岡県福岡市早良区昭代１,https://suumo.jp//ms/chuko/fukuoka/sc_fukuokashisawara/nc_20536120/
20538366,サングレート薬院駅ロイヤルウィン,4980,23,西鉄天神大牟田線,薬院,5,2LDK,55.72,福岡県福岡市中央区平尾１,https://suumo.jp//ms/chuko/fukuoka/sc_fukuokashichuo/nc_20538366/
20544576,ロイヤルマンション西新,4399,39,地下鉄空港線,西新,8,4LDK,84.48,福岡県福岡市早良区祖原,https://suumo.jp//ms/chuko/fukuoka/sc_fukuokashisawara/nc_20544576/
20546042,ザ・パークハウス桜坂サンリヤン,14800,8,地下鉄七隈線,桜坂,3,3LDK+S（納戸）,84.98,福岡県福岡市中央区桜坂３,https://suumo.jp//ms/chuko/fukuoka/sc_fukuokashichuo/nc_20546042/
20547639,ロイヤルマンション西新,4399,39,地下鉄空港線,西新,8,4LDK,84.48,福岡県福岡市早良区祖原23-20,https://suumo.jp//ms/chuko/fukuoka/sc_fukuokashisawara/nc_20547639/
20547675,藤崎センタービル,2450,47,地下鉄空港線,藤崎,1,1LDK,42.55,福岡県福岡市早良区高取２-18-6,https://suumo.jp//ms/chuko/fukuoka/sc_fukuokashisawara/nc_20547675/
20549076,グランドメゾン別府レジデンス,8480,2,地下鉄七隈線,別府,2,2LDK,70.44,福岡県福岡市城南区別府３,https://suumo.jp//ms/chuko/fukuoka/sc_fukuokashijonan/nc_20549076/
20551813,クレアホームズ赤坂けやきの杜,6680,23,地下鉄七隈線,桜坂,6,2LDK,79.12,福岡県福岡市中央区六本松３,https://suumo.jp//ms/chuko/fukuoka/sc_fukuokashichuo/nc_20551813/
20552088,エクセレンス谷,2390,47,地下鉄七隈線,六本松,7,2LDK,57.23,福岡県福岡市中央区谷１,https://suumo.jp//ms/chuko/fukuoka/sc_fukuokashichuo/nc_20552088/
20554532,アルファライフ博多,4499,15,ＪＲ鹿児島本線,博多,12,1LDK,53.04,福岡県福岡市博多区住吉５-5-22,https://suumo.jp//ms/chuko/fukuoka/sc_fukuokashihakata/nc_20554532/
20558081,アソシアタワー大濠ベネフィス,8690,21,地下鉄空港線,唐人町,7,4LDK,92.04,福岡県福岡市中央区荒戸３,https://suumo.jp//ms/chuko/fukuoka/sc_fukuokashichuo/nc_20558081/
20558546,グランピア住吉,2399,43,地下鉄七隈線,渡辺通,9,2LDK,51.68,福岡県福岡市博多区住吉３,https://suumo.jp//ms/chuko/fukuoka/sc_fukuokashihakata/nc_20558546/
20564572,アルファライフ博多,4699,15,ＪＲ鹿児島本線,博多,14,1LDK,53.04,福岡県福岡市博多区住吉５,https://suumo.jp//ms/chuko/fukuoka/sc_fukuokashihakata/nc_20564572/
20572204,ライオンズ大濠公園グランゲイト,6780,11,地下鉄空港線,大濠公園,7,3LDK,67.03,福岡県福岡市中央区大手門２,https://suumo.jp//ms/chuko/fukuoka/sc_fukuokashichuo/nc_20572204/
20576519,オープンレジデンシア大濠公園,4250,3,地下鉄空港線,大濠公園,5,1LDK,34.78,福岡県福岡市中央区大手門２,https://suumo.jp//ms/chuko/fukuoka/sc_fukuokashichuo/nc_20576519/
20577275,コスモ六本松シティフォルム,7199,26,地下鉄七隈線,六本松,4,3LDK,70.58,福岡県福岡市中央区草香江２,https://suumo.jp//ms/chuko/fukuoka/sc_fukuokashichuo/nc_20577275/
20577302,百道タワー,8980,22,地下鉄空港線,西新,10,1LDK+S（納戸）,90.28,福岡県福岡市早良区百道浜１,https://suumo.jp//ms/chuko/fukuoka/sc_fukuokashisawara/nc_20577302/
20577787,室見二丁目パーク・マンション,7650,31,地下鉄空港線,藤崎,7,4LDK,137.36,福岡県福岡市早良区室見２,https://suumo.jp//ms/chuko/fukuoka/sc_fukuokashisawara/nc_20577787/
20577788,クリオラベルヴィ博多,5480,7,地下鉄空港線,東比恵,4,2LDK,54.01,福岡県福岡市博多区比恵町,https://suumo.jp//ms/chuko/fukuoka/sc_fukuokashihakata/nc_20577788/
20577801,平尾フェニックスマンション,4480,35,西鉄天神大牟田線,薬院,6,3LDK,61.29,福岡県福岡市中央区平尾１,https://suumo.jp//ms/chuko/fukuoka/sc_fukuokashichuo/nc_20577801/
20577823,パークホームズ西新トラッドマークス,25000,8,地下鉄空港線,西新,3,3LDK+S（納戸）,163.09,福岡県福岡市早良区西新２,https://suumo.jp//ms/chuko/fukuoka/sc_fukuokashisawara/nc_20577823/
20579461,グランフォーレ西公園ルネッサンス,6899,19,地下鉄空港線,大濠公園,5,3LDK,75.65,福岡県福岡市中央区荒戸１,https://suumo.jp//ms/chuko/fukuoka/sc_fukuokashichuo/nc_20579461/
20582551,ダイアパレス薬院,2380,42,地下鉄七隈線,薬院大通,4,1LDK,36.37,福岡県福岡市中央区薬院２-2-26,https://suumo.jp//ms/chuko/fukuoka/sc_fukuokashichuo/nc_20582551/
20582553,クリオラベルヴィ呉服町,3199,8,地下鉄空港線,中洲川端,13,1LDK,34.4,福岡県福岡市博多区下呉服町3-19,https://suumo.jp//ms/chuko/fukuoka/sc_fukuokashihakata/nc_20582553/
20583258,第3住吉ハイツ702号室,2599,46,ＪＲ鹿児島本線,博多,13,2LDK,67.2,福岡県福岡市博多区住吉５,https://suumo.jp//ms/chuko/fukuoka/sc_fukuokashihakata/nc_20583258/
20586973,マンションアベニュー,1780,52,地下鉄空港線,西新,3,2LDK,53.91,福岡県福岡市早良区西新５,https://suumo.jp//ms/chuko/fukuoka/sc_fukuokashisawara/nc_20586973/
20586988,オープンレジデンシア薬院南,3690,4,西鉄天神大牟田線,薬院,8,1LDK,39.99,福岡県福岡市中央区平尾３,https://suumo.jp//ms/chuko/fukuoka/sc_fukuokashichuo/nc_20586988/
20587896,レーベン福岡天神ＯＮＥ　ＴＯＷＥＲ,15358,2,地下鉄空港線,天神,8,2LDK+S（納戸）,83.43,福岡県福岡市中央区天神５,https://suumo.jp//ms/chuko/fukuoka/sc_fukuokashichuo/nc_20587896/
20588156,ジョイナス地行浜東　内装リフォーム,6490,20,地下鉄空港線,唐人町,12,4LDK,85.47,福岡県福岡市中央区伊崎17-11,https://suumo.jp//ms/chuko/fukuoka/sc_fukuokashichuo/nc_20588156/
20588692,ロイヤルマンション西新,4399,39,地下鉄空港線,西新,8,4LDK,84.48,福岡県福岡市早良区祖原,https://suumo.jp//ms/chuko/fukuoka/sc_fukuokashisawara/nc_20588692/
20589194,リファレンス天神南,4199,24,地下鉄七隈線,渡辺通,12,3LDK,65.32,福岡県福岡市中央区清川２,https://suumo.jp//ms/chuko/fukuoka/sc_fukuokashichuo/nc_20589194/
20590548,アルファライフ博多プレシャス,4499,15,地下鉄七隈線,博多,15,1LDK,53.04,福岡県福岡市博多区住吉５,https://suumo.jp//ms/chuko/fukuoka/sc_fukuokashihakata/nc_20590548/
20590555,モントーレ東比恵クレア,4199,7,地下鉄空港線,東比恵,3,1LDK,42.77,福岡県福岡市博多区東比恵３,https://suumo.jp//ms/chuko/fukuoka/sc_fukuokashihakata/nc_20590555/
20590562,第三住吉ハイツ,2569,46,ＪＲ鹿児島本線,博多,14,2LDK,67.2,福岡県福岡市博多区住吉５,https://suumo.jp//ms/chuko/fukuoka/sc_fukuokashihakata/nc_20590562/
20590770,藤和薬院コープ,3798,47,地下鉄七隈線,薬院大通,2,3LDK,71.18,福岡県福岡市中央区薬院２,https://suumo.jp//ms/chuko/fukuoka/sc_fukuokashichuo/nc_20590770/
20591721,ライオンズマンション舞鶴第2,3280,44,地下鉄空港線,赤坂,6,2DK+S（納戸）,52.72,福岡県福岡市中央区舞鶴３,https://suumo.jp//ms/chuko/fukuoka/sc_fukuokashichuo/nc_20591721/
20594449,アソシアビュー博多アドレス,6980,11,地下鉄空港線,博多,14,4LDK,84.28,福岡県福岡市博多区豊１,https://suumo.jp//ms/chuko/fukuoka/sc_fukuokashihakata/nc_20594449/
20594963,アンピール・マキシム大濠,13500,26,地下鉄空港線,大濠公園,8,3LDK,123.43,福岡県福岡市中央区荒戸２,https://suumo.jp//ms/chuko/fukuoka/sc_fukuokashichuo/nc_20594963/
20595838,ザ・パークハウス福岡タワーズ　EAST,8780,6,地下鉄空港線,唐人町,12,2LDK,82.52,福岡県福岡市中央区地行浜２,https://suumo.jp//ms/chuko/fukuoka/sc_fukuokashichuo/nc_20595838/
20595839,コスモ六本松シティフォルム,7199,26,地下鉄七隈線,六本松,4,3LDK,70.58,福岡県福岡市中央区草香江２,https://suumo.jp//ms/chuko/fukuoka/sc_fukuokashichuo/nc_20595839/
20596774,ロイヤルマンション西新,4399,39,地下鉄空港線,西新,9,4LDK,84.48,福岡県福岡市早良区祖原,https://suumo.jp//ms/chuko/fukuoka/sc_fukuokashisawara/nc_20596774/
20596775,西新ビル　中古マンション,2180,54,地下鉄空港線,藤崎,6,2LDK,60.8,福岡県福岡市早良区高取１,https://suumo.jp//ms/chuko/fukuoka/sc_fukuokashisawara/nc_20596775/
20597892,コスモ六本松シティフォルム,7199,26,地下鉄七隈線,六本松,5,3LDK,70.58,福岡県福岡市中央区草香江２,https://suumo.jp//ms/chuko/fukuoka/sc_fukuokashichuo/nc_20597892/
20598684,デュオヴェール大濠公園,6080,7,地下鉄空港線,大濠公園,8,2LDK,49.42,福岡県福岡市中央区荒戸３,https://suumo.jp//ms/chuko/fukuoka/sc_fukuokashichuo/nc_20598684/
20599370,第三住吉ハイツ,2569,46,ＪＲ鹿児島本線,博多,13,2LDK,67.2,福岡県福岡市博多区住吉５,https://suumo.jp//ms/chuko/fukuoka/sc_fukuokashihakata/nc_20599370/
20601170,サンメゾン今川,9580,7,地下鉄空港線,唐人町,6,3LDK,86.13,福岡県福岡市中央区今川１,https://suumo.jp//ms/chuko/fukuoka/sc_fukuokashichuo/nc_20601170/
20601172,ハイツ城西,1680,52,地下鉄空港線,西新,5,1LDK,48.51,福岡県福岡市早良区城西１,https://suumo.jp//ms/chuko/fukuoka/sc_fukuokashisawara/nc_20601172/
20601934,パークホームズ西新トラッドマークス,7190,8,地下鉄空港線,西新,3,2LDK,67.72,福岡県福岡市早良区西新２,https://suumo.jp//ms/chuko/fukuoka/sc_fukuokashisawara/nc_20601934/
20602025,パークヒルズ櫻坂ステージI,6480,33,地下鉄七隈線,桜坂,5,3LDK,131.34,福岡県福岡市中央区桜坂３,https://suumo.jp//ms/chuko/fukuoka/sc_fukuokashichuo/nc_20602025/
20604902,エンゼルハイム鳥飼中央,4880,25,地下鉄七隈線,別府,13,3LDK,75.68,福岡県福岡市中央区鳥飼１-4-43,https://suumo.jp//ms/chuko/fukuoka/sc_fukuokashichuo/nc_20604902/
20605017,アンピール六本松,5980,32,地下鉄七隈線,六本松,6,3LDK,71.23,福岡県福岡市中央区六本松４,https://suumo.jp//ms/chuko/fukuoka/sc_fukuokashichuo/nc_20605017/
20606079,コアマンション大手門タワー,8680,23,地下鉄空港線,赤坂,7,3LDK,95.82,福岡県福岡市中央区大手門１,https://suumo.jp//ms/chuko/fukuoka/sc_fukuokashichuo/nc_20606079/
20609707,グランドメゾン薬院　ザ・タワーレジデンス,10500,4,地下鉄七隈線,薬院大通,5,2LDK+S（納戸）,70.06,福岡県福岡市中央区薬院３,https://suumo.jp//ms/chuko/fukuoka/sc_fukuokashichuo/nc_20609707/
20610221,アルファライフ博多,4699,15,ＪＲ鹿児島本線,博多,13,1LDK,53.04,福岡県福岡市博多区住吉５,https://suumo.jp//ms/chuko/fukuoka/sc_fukuokashihakata/nc_20610221/
20612025,パーク・エステート博多,4999,29,地下鉄空港線,祇園,7,2LDK,60.81,福岡県福岡市博多区店屋町,https://suumo.jp//ms/chuko/fukuoka/sc_fukuokashihakata/nc_20612025/
20612548,百道タワー,8980,22,地下鉄空港線,西新,10,1LDK,90.28,福岡県福岡市早良区百道浜１,https://suumo.jp//ms/chuko/fukuoka/sc_fukuokashisawara/nc_20612548/
20612889,赤坂エクセル,3390,52,地下鉄空港線,赤坂,12,2LDK,79.5,福岡県福岡市中央区赤坂３-8-26,https://suumo.jp//ms/chuko/fukuoka/sc_fukuokashichuo/nc_20612889/
20617864,ロイヤルマンション西新,4399,39,地下鉄空港線,西新,10,4LDK,84.48,福岡県福岡市早良区祖原,https://suumo.jp//ms/chuko/fukuoka/sc_fukuokashisawara/nc_20617864/
20623163,ライオンズマンション大濠第二,4580,43,地下鉄空港線,唐人町,3,3LDK,72.5,福岡県福岡市中央区黒門,https://suumo.jp//ms/chuko/fukuoka/sc_fukuokashichuo/nc_20623163/
20628876,コスモ六本松シティフォルム,7199,26,地下鉄七隈線,六本松,4,3LDK,70.58,福岡県福岡市中央区草香江２,https://suumo.jp//ms/chuko/fukuoka/sc_fukuokashichuo/nc_20628876/
20629461,第三住吉ハイツ,2549,46,ＪＲ鹿児島本線,博多,14,2LDK,67.2,福岡県福岡市博多区住吉５-10-7,https://suumo.jp//ms/chuko/fukuoka/sc_fukuokashihakata/nc_20629461/
20631173,ソレイユ赤坂南,4898,37,地下鉄七隈線,桜坂,7,3LDK,75.03,福岡県福岡市中央区六本松３-5-35,https://suumo.jp//ms/chuko/fukuoka/sc_fukuokashichuo/nc_20631173/
20635589,ダイアパレス平尾Ⅱ,2890,43,西鉄天神大牟田線,薬院,11,1LDK+S（納戸）,55.62,福岡県福岡市中央区大宮２,https://suumo.jp//ms/chuko/fukuoka/sc_fukuokashichuo/nc_20635589/
20636452,東急ドエルアルス桜坂,6199,30,地下鉄七隈線,桜坂,6,3LDK+S（納戸）,84.11,福岡県福岡市中央区桜坂１-15-13,https://suumo.jp//ms/chuko/fukuoka/sc_fukuokashichuo/nc_20636452/
20636529,第三住吉ハイツ,2569,46,地下鉄空港線,博多,13,2LDK,67.2,福岡県福岡市博多区住吉５,https://suumo.jp//ms/chuko/fukuoka/sc_fukuokashihakata/nc_20636529/
20637739,ロイヤルアーク藤崎,5598,24,地下鉄空港線,藤崎,12,4LDK,82.48,福岡県福岡市早良区昭代３,https://suumo.jp//ms/chuko/fukuoka/sc_fukuokashisawara/nc_20637739/
20640080,ソレイユ赤坂南,4898,37,地下鉄七隈線,桜坂,6,3LDK,75.03,福岡県福岡市中央区六本松３-5-35,https://suumo.jp//ms/chuko/fukuoka/sc_fukuokashichuo/nc_20640080/
20642323,オープンレジデンシア薬院二丁目,4350,3,西鉄天神大牟田線,薬院,9,1LDK,34.21,福岡県福岡市中央区薬院２,https://suumo.jp//ms/chuko/fukuoka/sc_fukuokashichuo/nc_20642323/
20642325,アムール山王公園南,3450,28,地下鉄空港線,東比恵,15,3LDK,64.89,福岡県福岡市博多区半道橋１,https://suumo.jp//ms/chuko/fukuoka/sc_fukuokashihakata/nc_20642325/
20646744,リファレンス天神南,4199,24,地下鉄七隈線,渡辺通,13,3LDK,65.32,福岡県福岡市中央区清川２,https://suumo.jp//ms/chuko/fukuoka/sc_fukuokashichuo/nc_20646744/
20646788,ロイヤルマンションユトリテ田島,4980,21,地下鉄七隈線,別府,13,3LDK+S（納戸）,91.98,福岡県福岡市城南区田島１-4-18,https://suumo.jp//ms/chuko/fukuoka/sc_fukuokashijonan/nc_20646788/
20648503,コスモ警固ロイヤルフォルム,7080,25,地下鉄空港線,赤坂,8,3LDK,66.18,福岡県福岡市中央区警固１,https://suumo.jp//ms/chuko/fukuoka/sc_fukuokashichuo/nc_20648503/
20649999,ウェリス大濠公園Ｚ－Ｓｔａｇｅ,13800,13,地下鉄空港線,唐人町,2,3LDK,86.42,福岡県福岡市中央区黒門,https://suumo.jp//ms/chuko/fukuoka/sc_fukuokashichuo/nc_20649999/
20650003,西公園ツインタワー,4530,36,地下鉄空港線,大濠公園,8,3LDK,83.05,福岡県福岡市中央区荒戸２,https://suumo.jp//ms/chuko/fukuoka/sc_fukuokashichuo/nc_20650003/
20651837,ザ・パークハウス福岡タワーズＷＥＳＴ,14800,7,地下鉄空港線,唐人町,12,2LDK,92.49,福岡県福岡市中央区地行浜２,https://suumo.jp//ms/chuko/fukuoka/sc_fukuokashichuo/nc_20651837/
20660212,サンライフ六本松,3880,42,地下鉄七隈線,六本松,4,2LDK,60.02,福岡県福岡市中央区草香江２-1-40,https://suumo.jp//ms/chuko/fukuoka/sc_fukuokashichuo/nc_20660212/
20660235,リファレンス天神南,4199,24,地下鉄七隈線,渡辺通,13,3LDK,65.32,福岡県福岡市中央区清川２-4-9,https://suumo.jp//ms/chuko/fukuoka/sc_fukuokashichuo/nc_20660235/
20661146,東急ドエルアルス桜坂,6199,30,地下鉄七隈線,桜坂,7,3LDK,84.11,福岡県福岡市中央区桜坂１,https://suumo.jp//ms/chuko/fukuoka/sc_fukuokashichuo/nc_20661146/
20665914,スカイ・クリエート天神南,690,35,地下鉄七隈線,渡辺通,7,ワンルーム,19.71,福岡県福岡市中央区春吉２,https://suumo.jp//ms/chuko/fukuoka/sc_fukuokashichuo/nc_20665914/
20666923,西公園ツインタワー,4000,36,地下鉄空港線,大濠公園,10,4LDK,81.69,福岡県福岡市中央区荒戸２,https://suumo.jp//ms/chuko/fukuoka/sc_fukuokashichuo/nc_20666923/
20667031,アムール山王公園南,3450,28,地下鉄空港線,東比恵,15,3LDK,64.89,福岡県福岡市博多区半道橋１,https://suumo.jp//ms/chuko/fukuoka/sc_fukuokashihakata/nc_20667031/
20667143,東急ドエル・アルス博多・古門戸町,4690,29,地下鉄箱崎線,中洲川端,6,2LDK,55.39,福岡県福岡市博多区古門戸町,https://suumo.jp//ms/chuko/fukuoka/sc_fukuokashihakata/nc_20667143/
20673715,グランドメゾン赤坂LUXE,23500,10,地下鉄空港線,赤坂,8,3LDK,142.11,福岡県福岡市中央区赤坂２,https://suumo.jp//ms/chuko/fukuoka/sc_fukuokashichuo/nc_20673715/
20674574,オープンレジデンシア渡辺通南,3380,2,地下鉄七隈線,渡辺通,10,1LDK,34.3,福岡県福岡市中央区清川２,https://suumo.jp//ms/chuko/fukuoka/sc_fukuokashichuo/nc_20674574/
20675253,グリーンハイツ輝国,2430,46,地下鉄七隈線,六本松,13,3LDK,73.32,福岡県福岡市中央区輝国２-24-55,https://suumo.jp//ms/chuko/fukuoka/sc_fukuokashichuo/nc_20675253/
20676273,パストラルハイム六本松,5980,35,地下鉄七隈線,六本松,6,4LDK,93.85,福岡県福岡市中央区谷１,https://suumo.jp//ms/chuko/fukuoka/sc_fukuokashichuo/nc_20676273/
20680872,駅徒歩約4分♪ シティマンション薬院Ⅱ　【担当：大石…,2700,41,西鉄天神大牟田線,薬院,4,2LDK,48.8,福岡県福岡市中央区大宮１,https://suumo.jp//ms/chuko/fukuoka/sc_fukuokashichuo/nc_20680872/
20683145,パストラルハイム六本松,5980,35,地下鉄七隈線,六本松,7,4LDK,93.85,福岡県福岡市中央区谷１,https://suumo.jp//ms/chuko/fukuoka/sc_fukuokashichuo/nc_20683145/
20683977,パーク・サンリヤン博多の森Ⅰ・Ⅱ番館,4190,23,地下鉄空港線,福岡空港,12,3LDK,82.19,福岡県糟屋郡志免町別府西２-24-2,https://suumo.jp//ms/chuko/fukuoka/sc_kasuyagunshime/nc_20683977/
20684091,コアマンション百道プレジオ,8100,20,地下鉄空港線,藤崎,8,3LDK,93.57,福岡県福岡市早良区百道１,https://suumo.jp//ms/chuko/fukuoka/sc_fukuokashisawara/nc_20684091/
20685889,Ｂｒｉｌｌｉａ平尾浄水,10800,17,地下鉄七隈線,薬院大通,11,3LDK,108.17,福岡県福岡市中央区平尾浄水町,https://suumo.jp//ms/chuko/fukuoka/sc_fukuokashichuo/nc_20685889/
20689080,東峰マンション西公園,2580,48,地下鉄空港線,大濠公園,5,2LDK,48.59,福岡県福岡市中央区荒戸３,https://suumo.jp//ms/chuko/fukuoka/sc_fukuokashichuo/nc_20689080/
20689449,大濠公園グランドヒルズ,5780,36,地下鉄空港線,大濠公園,4,3LDK,70.11,福岡県福岡市中央区荒戸２,https://suumo.jp//ms/chuko/fukuoka/sc_fukuokashichuo/nc_20689449/
20689977,レーベン福岡天神　ＯＮＥ　ＴＯＷＥＲ,6880,2,地下鉄空港線,天神,9,1LDK,43.7,福岡県福岡市中央区天神５-4-1,https://suumo.jp//ms/chuko/fukuoka/sc_fukuokashichuo/nc_20689977/
20690267,オープンレジデンシア大濠西,5950,2,地下鉄空港線,唐人町,10,2LDK,53.62,福岡県福岡市中央区今川２,https://suumo.jp//ms/chuko/fukuoka/sc_fukuokashichuo/nc_20690267/
20696773,ダイアパレス西新,1850,42,地下鉄空港線,西新,9,1LDK,40.77,福岡県福岡市早良区祖原,https://suumo.jp//ms/chuko/fukuoka/sc_fukuokashisawara/nc_20696773/
20696990,ＪＧＭロイヤルガーデン薬院,12000,22,地下鉄七隈線,薬院大通,1,4LDK,104.94,福岡県福岡市中央区薬院２,https://suumo.jp//ms/chuko/fukuoka/sc_fukuokashichuo/nc_20696990/
20702908,ザ・パークハウス平尾浄水通り,22800,8,地下鉄七隈線,薬院大通,8,3LDK,124.62,福岡県福岡市中央区平尾３,https://suumo.jp//ms/chuko/fukuoka/sc_fukuokashichuo/nc_20702908/
20703963,コスモ六本松シティフォルム,7199,26,地下鉄七隈線,六本松,4,3LDK,70.58,福岡県福岡市中央区草香江２,https://suumo.jp//ms/chuko/fukuoka/sc_fukuokashichuo/nc_20703963/
20704171,ジェネラスマンション百道,5700,22,地下鉄空港線,藤崎,9,4LDK,92.0,福岡県福岡市早良区西新７,https://suumo.jp//ms/chuko/fukuoka/sc_fukuokashisawara/nc_20704171/
20704362,グランフォーレ西新,3699,20,地下鉄空港線,西新,5,1LDK,40.05,福岡県福岡市早良区城西１,https://suumo.jp//ms/chuko/fukuoka/sc_fukuokashisawara/nc_20704362/
20704379,レーベン福岡天神ＯＮＥ ＴＯＷＥＲ,15358,2,地下鉄空港線,天神,9,3LDK,83.43,福岡県福岡市中央区天神５,https://suumo.jp//ms/chuko/fukuoka/sc_fukuokashichuo/nc_20704379/
20704735,コスモ六本松シティフォルム,7199,26,地下鉄七隈線,六本松,3,3LDK,70.58,福岡県福岡市中央区草香江２,https://suumo.jp//ms/chuko/fukuoka/sc_fukuokashichuo/nc_20704735/
20707189,ロマネスク室見,4180,41,地下鉄空港線,藤崎,7,3LDK,67.67,福岡県福岡市早良区室見１,https://suumo.jp//ms/chuko/fukuoka/sc_fukuokashisawara/nc_20707189/
20707365,コープ野村博多東,3380,46,地下鉄空港線,東比恵,5,3LDK,98.41,福岡県福岡市博多区比恵町,https://suumo.jp//ms/chuko/fukuoka/sc_fukuokashihakata/nc_20707365/
20708382,プチメゾン薬院,485,42,西鉄天神大牟田線,薬院,7,ワンルーム,15.0,福岡県福岡市中央区白金１-13-11,https://suumo.jp//ms/chuko/fukuoka/sc_fukuokashichuo/nc_20708382/
20708458,ユーハイム大濠西,2570,41,地下鉄空港線,唐人町,3,1LDK,48.09,福岡県福岡市中央区黒門,https://suumo.jp//ms/chuko/fukuoka/sc_fukuokashichuo/nc_20708458/
20711061,KBCマンションユーハイム赤坂南,3000,40,地下鉄七隈線,薬院大通,7,2LDK,84.87,福岡県福岡市中央区警固２,https://suumo.jp//ms/chuko/fukuoka/sc_fukuokashichuo/nc_20711061/
20711534,オープンレジデンシア天神今泉,4999,3,地下鉄七隈線,薬院大通,6,2LDK,46.28,福岡県福岡市中央区今泉２,https://suumo.jp//ms/chuko/fukuoka/sc_fukuokashichuo/nc_20711534/
20711824,グランドメゾン鳥飼,5180,26,地下鉄七隈線,別府,8,3LDK,72.93,福岡県福岡市城南区鳥飼６,https://suumo.jp//ms/chuko/fukuoka/sc_fukuokashijonan/nc_20711824/
20714459,オープンレジデンシア博多空港通り,3480,2,ＪＲ鹿児島本線,博多,10,1LDK,34.38,福岡県福岡市博多区東光２,https://suumo.jp//ms/chuko/fukuoka/sc_fukuokashihakata/nc_20714459/
20714760,アーサー大濠倶楽部スカイコート,5490,30,地下鉄空港線,唐人町,4,2LDK,72.6,福岡県福岡市中央区荒戸３,https://suumo.jp//ms/chuko/fukuoka/sc_fukuokashichuo/nc_20714760/
20715685,グランドメゾン鳥飼,5180,26,地下鉄七隈線,別府,7,3LDK,72.93,福岡県福岡市城南区鳥飼６-20-33,https://suumo.jp//ms/chuko/fukuoka/sc_fukuokashijonan/nc_20715685/
20721532,アンピール西新,7200,22,地下鉄空港線,西新,10,4LDK,93.58,福岡県福岡市早良区城西３-12－27,https://suumo.jp//ms/chuko/fukuoka/sc_fukuokashisawara/nc_20721532/
20723653,コスモ六本松シティフォルム,7199,26,地下鉄七隈線,六本松,4,3LDK,70.58,福岡県福岡市中央区草香江２-1-13,https://suumo.jp//ms/chuko/fukuoka/sc_fukuokashichuo/nc_20723653/
20724056,コアマンション大手門タワー,22000,23,地下鉄空港線,赤坂,6,4LDK,136.91,福岡県福岡市中央区大手門１,https://suumo.jp//ms/chuko/fukuoka/sc_fukuokashichuo/nc_20724056/
20724057,グランドメゾン大濠レジデンス,18900,11,地下鉄空港線,唐人町,7,2LDK,97.71,福岡県福岡市中央区大濠２,https://suumo.jp//ms/chuko/fukuoka/sc_fukuokashichuo/nc_20724057/
20724058,パーク・サンリヤン博多の森Ⅰ・Ⅱ番館,4190,23,地下鉄空港線,福岡空港,11,3LDK,82.19,福岡県糟屋郡志免町別府西２,https://suumo.jp//ms/chuko/fukuoka/sc_kasuyagunshime/nc_20724058/
20724392,コアマンションけやき通りプレジオ,13500,24,地下鉄七隈線,桜坂,12,4LDK,133.37,福岡県福岡市中央区赤坂３-４－２２,https://suumo.jp//ms/chuko/fukuoka/sc_fukuokashichuo/nc_20724392/
20726051,ラフィネスシャトードゥ赤坂,3499,24,地下鉄空港線,赤坂,8,1LDK,32.81,福岡県福岡市中央区大手門１,https://suumo.jp//ms/chuko/fukuoka/sc_fukuokashichuo/nc_20726051/
20727247,グランドメゾン鳥飼,5180,26,地下鉄七隈線,別府,8,3LDK,72.93,福岡県福岡市城南区鳥飼６,https://suumo.jp//ms/chuko/fukuoka/sc_fukuokashijonan/nc_20727247/
20733990,アルファライフ博多,4699,15,ＪＲ篠栗線,博多,14,1LDK,53.04,福岡県福岡市博多区住吉５-5-22,https://suumo.jp//ms/chuko/fukuoka/sc_fukuokashihakata/nc_20733990/
20734997,オープンレジデンシア博多住吉,5280,3,地下鉄七隈線,櫛田神社前,5,2LDK,51.18,福岡県福岡市博多区住吉２,https://suumo.jp//ms/chuko/fukuoka/sc_fukuokashihakata/nc_20734997/
20737121,ブラントン六本松,3620,6,地下鉄七隈線,六本松,3,1LDK,33.61,福岡県福岡市中央区草香江２,https://suumo.jp//ms/chuko/fukuoka/sc_fukuokashichuo/nc_20737121/
20737937,コスモシティ地行,6980,24,地下鉄空港線,唐人町,5,4LDK,91.01,福岡県福岡市中央区地行４,https://suumo.jp//ms/chuko/fukuoka/sc_fukuokashichuo/nc_20737937/
20738575,ザ・パークハウス福岡タワーズ　EAST,9180,6,地下鉄空港線,唐人町,12,3LDK,81.41,福岡県福岡市中央区地行浜２,https://suumo.jp//ms/chuko/fukuoka/sc_fukuokashichuo/nc_20738575/
20739587,南薬院パークマンション,4480,41,地下鉄七隈線,薬院大通,4,3LDK,72.08,福岡県福岡市中央区薬院２-12-3,https://suumo.jp//ms/chuko/fukuoka/sc_fukuokashichuo/nc_20739587/
20740573,サンライフ六本松,3880,42,地下鉄七隈線,六本松,4,2LDK,60.02,福岡県福岡市中央区草香江２,https://suumo.jp//ms/chuko/fukuoka/sc_fukuokashichuo/nc_20740573/
20741683,グランドメゾン鳥飼,5180,26,地下鉄七隈線,別府,10,3LDK,72.93,福岡県福岡市城南区鳥飼６,https://suumo.jp//ms/chuko/fukuoka/sc_fukuokashijonan/nc_20741683/
20743794,グランコート高砂,4980,30,地下鉄七隈線,薬院,12,3LDK,64.23,福岡県福岡市中央区高砂２,https://suumo.jp//ms/chuko/fukuoka/sc_fukuokashichuo/nc_20743794/
20743987,サンリベラ・プライム天神大名レジデンス,14980,34,地下鉄空港線,赤坂,4,2LDK,100.4,福岡県福岡市中央区大名２-4-5,https://suumo.jp//ms/chuko/fukuoka/sc_fukuokashichuo/nc_20743987/
20745034,西新百道パークホームズ,5980,25,地下鉄空港線,西新,12,3LDK,76.83,福岡県福岡市早良区西新７,https://suumo.jp//ms/chuko/fukuoka/sc_fukuokashisawara/nc_20745034/
20746427,グランドメゾン赤坂１丁目,9500,13,地下鉄空港線,赤坂,6,2LDK,71.55,福岡県福岡市中央区赤坂１,https://suumo.jp//ms/chuko/fukuoka/sc_fukuokashichuo/nc_20746427/
20751441,藤崎センタービル,2450,47,地下鉄空港線,藤崎,1,1LDK,42.55,福岡県福岡市早良区高取２,https://suumo.jp//ms/chuko/fukuoka/sc_fukuokashisawara/nc_20751441/
20752901,グランドメゾン浄水ガーデンシティ　セントラルフォレス…,12800,4,地下鉄七隈線,薬院大通,6,3LDK,74.84,福岡県福岡市中央区薬院４,https://suumo.jp//ms/chuko/fukuoka/sc_fukuokashichuo/nc_20752901/
20752967,ロイヤルマンション六本松,6500,37,地下鉄七隈線,六本松,6,2LDK,87.12,福岡県福岡市中央区梅光園１-1-5,https://suumo.jp//ms/chuko/fukuoka/sc_fukuokashichuo/nc_20752967/
20753447,エバーライフ住吉,2990,41,地下鉄七隈線,渡辺通,14,2LDK+S（納戸）,52.48,福岡県福岡市博多区住吉４-4-21,https://suumo.jp//ms/chuko/fukuoka/sc_fukuokashihakata/nc_20753447/
20753988,グランドメゾン鳥飼,5180,26,地下鉄七隈線,別府,8,3LDK,72.93,福岡県福岡市城南区鳥飼６,https://suumo.jp//ms/chuko/fukuoka/sc_fukuokashijonan/nc_20753988/
20753991,グランドメゾン浄水ガーデンシティセントラルフォレスト…,12800,4,地下鉄七隈線,薬院大通,9,3LDK,74.84,福岡県福岡市中央区薬院４,https://suumo.jp//ms/chuko/fukuoka/sc_fukuokashichuo/nc_20753991/
20755435,ラフィネスシャトードゥ赤坂,3499,24,地下鉄空港線,赤坂,8,1LDK,32.81,福岡県福岡市中央区大手門１-3-31,https://suumo.jp//ms/chuko/fukuoka/sc_fukuokashichuo/nc_20755435/
20755833,シャンボール桜坂,2135,52,地下鉄七隈線,桜坂,7,2LDK,51.93,福岡県福岡市中央区古小烏町81,https://suumo.jp//ms/chuko/fukuoka/sc_fukuokashichuo/nc_20755833/
20758909,パークエステート博多,4999,29,地下鉄箱崎線,中洲川端,6,3LDK,60.81,福岡県福岡市博多区店屋町,https://suumo.jp//ms/chuko/fukuoka/sc_fukuokashihakata/nc_20758909/
20760407,西公園ツインタワー,3998,36,地下鉄空港線,大濠公園,10,3LDK,83.05,福岡県福岡市中央区荒戸２,https://suumo.jp//ms/chuko/fukuoka/sc_fukuokashichuo/nc_20760407/
20760864,モントーレ東比恵クレア,4199,7,地下鉄空港線,東比恵,3,1LDK,42.77,福岡県福岡市博多区東比恵３,https://suumo.jp//ms/chuko/fukuoka/sc_fukuokashihakata/nc_20760864/
20760888,イトーピア大濠,5180,44,地下鉄空港線,唐人町,8,3LDK+S（納戸）,95.31,福岡県福岡市中央区今川１-25-18,https://suumo.jp//ms/chuko/fukuoka/sc_fukuokashichuo/nc_20760888/
20761464,ゾンネンハイム大手門,2665,53,地下鉄空港線,大濠公園,9,1LDK,66.0,福岡県福岡市中央区大手門２-5,https://suumo.jp//ms/chuko/fukuoka/sc_fukuokashichuo/nc_20761464/
20763545,ブライト・サンリヤン藤崎二丁目,6780,14,地下鉄空港線,藤崎,9,4LDK,91.8,福岡県福岡市早良区藤崎２,https://suumo.jp//ms/chuko/fukuoka/sc_fukuokashisawara/nc_20763545/
20764595,インプレスト天神オークタワー,5880,6,地下鉄空港線,赤坂,9,2LDK,56.79,福岡県福岡市中央区長浜２,https://suumo.jp//ms/chuko/fukuoka/sc_fukuokashichuo/nc_20764595/
20766547,第三住吉ハイツ,2569,46,ＪＲ鹿児島本線,博多,14,2LDK,67.2,福岡県福岡市博多区住吉５,https://suumo.jp//ms/chuko/fukuoka/sc_fukuokashihakata/nc_20766547/
20767793,ネクサス薬院,12880,11,地下鉄七隈線,薬院大通,4,3LDK,94.52,福岡県福岡市中央区薬院１,https://suumo.jp//ms/chuko/fukuoka/sc_fukuokashichuo/nc_20767793/
20770211,東峰マンション博多駅東,1280,41,地下鉄空港線,東比恵,8,1K,23.17,福岡県福岡市博多区比恵町7-27,https://suumo.jp//ms/chuko/fukuoka/sc_fukuokashihakata/nc_20770211/
20773709,東峰マンション第二西公園,3498,44,地下鉄空港線,唐人町,9,3LDK,73.55,福岡県福岡市中央区荒戸３,https://suumo.jp//ms/chuko/fukuoka/sc_fukuokashichuo/nc_20773709/
20776675,クリオラベルヴィ呉服町,3199,8,地下鉄空港線,中洲川端,13,1LDK,34.4,福岡県福岡市博多区下呉服町3-19,https://suumo.jp//ms/chuko/fukuoka/sc_fukuokashihakata/nc_20776675/
20777150,赤坂パインマンション,3999,45,地下鉄空港線,赤坂,8,2LDK,72.0,福岡県福岡市中央区赤坂１-2-6,https://suumo.jp//ms/chuko/fukuoka/sc_fukuokashichuo/nc_20777150/
20780000,ザ・パークハウス天神今泉,17200,6,西鉄天神大牟田線,薬院,6,3LDK,104.72,福岡県福岡市中央区今泉２,https://suumo.jp//ms/chuko/fukuoka/sc_fukuokashichuo/nc_20780000/
20780394,デュオヴェール博多駅,5480,3,地下鉄空港線,博多,7,2LDK,48.76,福岡県福岡市博多区博多駅東１,https://suumo.jp//ms/chuko/fukuoka/sc_fukuokashihakata/nc_20780394/
20780485,ブリリアタワー西新,17800,5,地下鉄空港線,西新,1,3LDK,80.74,福岡県福岡市早良区西新４,https://suumo.jp//ms/chuko/fukuoka/sc_fukuokashisawara/nc_20780485/
20780548,藤和シティホームズ別府,5780,30,地下鉄七隈線,別府,1,3LDK,70.15,福岡県福岡市城南区別府２,https://suumo.jp//ms/chuko/fukuoka/sc_fukuokashijonan/nc_20780548/
20780549,ロイヤルマンション大濠セーヌ,6980,23,地下鉄七隈線,六本松,7,2LDK+S（納戸）,71.25,福岡県福岡市中央区草香江２,https://suumo.jp//ms/chuko/fukuoka/sc_fukuokashichuo/nc_20780549/
20782749,ロマネスク西公園第７,3490,35,地下鉄空港線,大濠公園,15,1LDK+S（納戸）,69.3,福岡県福岡市中央区港３,https://suumo.jp//ms/chuko/fukuoka/sc_fukuokashichuo/nc_20782749/
20785395,ライオンズマンション大濠パークサイド,8980,23,地下鉄空港線,唐人町,11,4LDK,103.85,福岡県福岡市中央区鳥飼２,https://suumo.jp//ms/chuko/fukuoka/sc_fukuokashichuo/nc_20785395/
20785852,ソレイユ赤坂南,4898,37,地下鉄七隈線,桜坂,7,3LDK+S（納戸）,75.03,福岡県福岡市中央区六本松３,https://suumo.jp//ms/chuko/fukuoka/sc_fukuokashichuo/nc_20785852/
20786093,エンゼルハイム鳥飼中央,4880,25,地下鉄空港線,唐人町,15,3LDK,75.68,福岡県福岡市中央区鳥飼１,https://suumo.jp//ms/chuko/fukuoka/sc_fukuokashichuo/nc_20786093/
20786690,トラスト福岡空港駅レジデンス,3850,2,地下鉄空港線,福岡空港,14,3LDK,67.85,福岡県糟屋郡志免町別府北４,https://suumo.jp//ms/chuko/fukuoka/sc_kasuyagunshime/nc_20786690/
20798870,ロイヤルマンション西新,4399,39,地下鉄空港線,西新,10,4LDK,84.48,福岡県福岡市早良区祖原,https://suumo.jp//ms/chuko/fukuoka/sc_fukuokashisawara/nc_20798870/
20800032,警固ハウス,3090,46,地下鉄七隈線,薬院大通,8,3LDK,66.0,福岡県福岡市中央区警固１,https://suumo.jp//ms/chuko/fukuoka/sc_fukuokashichuo/nc_20800032/
20801152,コスモ六本松シティフォルム,7199,26,地下鉄七隈線,六本松,4,3LDK,70.58,福岡県福岡市中央区草香江２,https://suumo.jp//ms/chuko/fukuoka/sc_fukuokashichuo/nc_20801152/
20801769,ラフィネスシャトードゥ赤坂,3499,24,地下鉄空港線,赤坂,7,1LDK,32.81,福岡県福岡市中央区大手門１-3-31,https://suumo.jp//ms/chuko/fukuoka/sc_fukuokashichuo/nc_20801769/
20801795,グランフォーレラグゼ平尾,2899,15,地下鉄七隈線,薬院大通,15,1LDK,30.18,福岡県福岡市南区市崎１-17-25,https://suumo.jp//ms/chuko/fukuoka/sc_fukuokashiminami/nc_20801795/
20802447,警固ハウス,3090,46,地下鉄七隈線,薬院大通,9,3LDK,66.0,福岡県福岡市中央区警固１,https://suumo.jp//ms/chuko/fukuoka/sc_fukuokashichuo/nc_20802447/
20804155,ハイライフ平尾,2250,49,地下鉄七隈線,薬院大通,14,1LDK,44.71,福岡県福岡市中央区平尾４-7-17,https://suumo.jp//ms/chuko/fukuoka/sc_fukuokashichuo/nc_20804155/
20804712,デュオヴェール薬院est,4400,5,西鉄天神大牟田線,薬院,7,2LDK,43.81,福岡県福岡市中央区高砂１,https://suumo.jp//ms/chuko/fukuoka/sc_fukuokashichuo/nc_20804712/
20808256,警固ハウス,3190,71,地下鉄七隈線,薬院大通,8,3LDK,66.0,福岡県福岡市中央区警固１-15-15,https://suumo.jp//ms/chuko/fukuoka/sc_fukuokashichuo/nc_20808256/
20809700,ル・サンク高取,14800,12,地下鉄空港線,藤崎,9,4LDK,110.92,福岡県福岡市早良区高取１-14-18,https://suumo.jp//ms/chuko/fukuoka/sc_fukuokashisawara/nc_20809700/
20811855,クレアセンターマーク,6799,26,西鉄天神大牟田線,薬院,11,3LDK,80.25,福岡県福岡市中央区今泉２,https://suumo.jp//ms/chuko/fukuoka/sc_fukuokashichuo/nc_20811855/
20812024,藤崎ロジュマン,4350,38,地下鉄空港線,藤崎,11,4LDK,82.76,福岡県福岡市早良区昭代３,https://suumo.jp//ms/chuko/fukuoka/sc_fukuokashisawara/nc_20812024/
20812912,サンポートハイツ304号室,2690,52,地下鉄空港線,大濠公園,8,2LDK,60.69,福岡県福岡市中央区港２,https://suumo.jp//ms/chuko/fukuoka/sc_fukuokashichuo/nc_20812912/
20814457,ラフィネスシャトードゥ赤坂,3499,24,地下鉄空港線,赤坂,7,1LDK,32.81,福岡県福岡市中央区大手門１,https://suumo.jp//ms/chuko/fukuoka/sc_fukuokashichuo/nc_20814457/
20817855,オープンレジデンシア渡辺通南,3340,2,地下鉄七隈線,渡辺通,9,1LDK,34.3,福岡県福岡市中央区清川２-18-10,https://suumo.jp//ms/chuko/fukuoka/sc_fukuokashichuo/nc_20817855/
20819112,コアマンション大手門タワー,9498,23,地下鉄空港線,赤坂,6,3LDK,90.87,福岡県福岡市中央区大手門１,https://suumo.jp//ms/chuko/fukuoka/sc_fukuokashichuo/nc_20819112/
20819534,サーパス薬院,9480,23,西鉄天神大牟田線,薬院,5,4LDK,99.96,福岡県福岡市中央区薬院３,https://suumo.jp//ms/chuko/fukuoka/sc_fukuokashichuo/nc_20819534/
20821800,KBCマンションユーハイム赤坂南,3000,40,地下鉄七隈線,薬院大通,8,2LDK,84.87,福岡県福岡市中央区警固２,https://suumo.jp//ms/chuko/fukuoka/sc_fukuokashichuo/nc_20821800/
20822755,朝日プラザ天神,4499,40,地下鉄空港線,天神,4,3DK,55.5,福岡県福岡市中央区舞鶴１-9-3,https://suumo.jp//ms/chuko/fukuoka/sc_fukuokashichuo/nc_20822755/
20823573,アルファライフ博多,4499,15,ＪＲ鹿児島本線,博多,13,1LDK,53.04,福岡県福岡市博多区住吉５,https://suumo.jp//ms/chuko/fukuoka/sc_fukuokashihakata/nc_20823573/
20824198,大濠ハウス,2980,48,地下鉄七隈線,六本松,10,2LDK+S（納戸）,76.18,福岡県福岡市中央区草香江２,https://suumo.jp//ms/chuko/fukuoka/sc_fukuokashichuo/nc_20824198/
20825534,西公園ツインタワー,4298,36,地下鉄空港線,大濠公園,10,3LDK,83.05,福岡県福岡市中央区荒戸２,https://suumo.jp//ms/chuko/fukuoka/sc_fukuokashichuo/nc_20825534/
20825678,藤崎センタービル,2450,47,地下鉄空港線,藤崎,1,1LDK,42.55,福岡県福岡市早良区高取２,https://suumo.jp//ms/chuko/fukuoka/sc_fukuokashisawara/nc_20825678/
20826258,デュオヴェール薬院est,4400,5,西鉄天神大牟田線,薬院,7,2LDK,43.81,福岡県福岡市中央区高砂１,https://suumo.jp//ms/chuko/fukuoka/sc_fukuokashichuo/nc_20826258/
20826822,アクロス薬院レジーナガーデン,5980,7,西鉄天神大牟田線,薬院,9,2LDK,60.65,福岡県福岡市中央区高砂２,https://suumo.jp//ms/chuko/fukuoka/sc_fukuokashichuo/nc_20826822/
20828263,警固ハウス,3090,46,地下鉄七隈線,薬院大通,10,3LDK,66.0,福岡県福岡市中央区警固１,https://suumo.jp//ms/chuko/fukuoka/sc_fukuokashichuo/nc_20828263/
20829059,警固ハウス,3190,71,地下鉄七隈線,薬院大通,8,3LDK,66.0,福岡県福岡市中央区警固１-１５－１５,https://suumo.jp//ms/chuko/fukuoka/sc_fukuokashichuo/nc_20829059/
20835624,≪価格改定≫ソピア大濠西,5280,27,地下鉄空港線,西新,10,3LDK,69.57,福岡県福岡市中央区鳥飼３,https://suumo.jp//ms/chuko/fukuoka/sc_fukuokashichuo/nc_20835624/
20837855,≪7/28価格改定≫アートウィル赤坂,4490,32,地下鉄七隈線,桜坂,11,2LDK,65.61,福岡県福岡市中央区赤坂３,https://suumo.jp//ms/chuko/fukuoka/sc_fukuokashichuo/nc_20837855/
20840821,ニューライフ平尾,2910,45,西鉄天神大牟田線,薬院,8,3LDK,66.57,福岡県福岡市中央区平尾１-2-20,https://suumo.jp//ms/chuko/fukuoka/sc_fukuokashichuo/nc_20840821/
20841612,シャンボール高取,4580,46,地下鉄空港線,藤崎,6,3LDK+S（納戸）,85.9,福岡県福岡市早良区高取２,https://suumo.jp//ms/chuko/fukuoka/sc_fukuokashisawara/nc_20841612/
20842992,エンゼルハイム鳥飼中央,4880,25,地下鉄空港線,唐人町,15,3LDK,75.68,福岡県福岡市中央区鳥飼１,https://suumo.jp//ms/chuko/fukuoka/sc_fukuokashichuo/nc_20842992/
20844164,グランドメゾン福岡THE Central Luxe,25000,1,西鉄天神大牟田線,薬院,4,3LDK,110.97,福岡県福岡市中央区渡辺通２,https://suumo.jp//ms/chuko/fukuoka/sc_fukuokashichuo/nc_20844164/
20845382,輝国住宅1号棟,1280,52,地下鉄七隈線,六本松,13,3LDK,65.68,福岡県福岡市中央区輝国２,https://suumo.jp//ms/chuko/fukuoka/sc_fukuokashichuo/nc_20845382/
20845761,ネオハイツ南公園,2790,38,地下鉄七隈線,桜坂,12,3LDK,77.9,福岡県福岡市中央区谷２,https://suumo.jp//ms/chuko/fukuoka/sc_fukuokashichuo/nc_20845761/
20845947,エクセレンス谷,2390,47,地下鉄七隈線,六本松,7,2LDK,57.23,福岡県福岡市中央区谷１,https://suumo.jp//ms/chuko/fukuoka/sc_fukuokashichuo/nc_20845947/
20846078,ロイヤルマンション西新,4399,39,地下鉄空港線,西新,12,4LDK,84.48,福岡県福岡市早良区祖原,https://suumo.jp//ms/chuko/fukuoka/sc_fukuokashisawara/nc_20846078/
20846488,サンライフ六本松,3880,42,地下鉄七隈線,六本松,3,2LDK,60.02,福岡県福岡市中央区草香江２,https://suumo.jp//ms/chuko/fukuoka/sc_fukuokashichuo/nc_20846488/
20850543,東峰マンション西公園,2580,48,地下鉄空港線,大濠公園,5,2LDK,48.59,福岡県福岡市中央区荒戸３,https://suumo.jp//ms/chuko/fukuoka/sc_fukuokashichuo/nc_20850543/
20851652,東峰マンション第二西公園,5980,44,地下鉄空港線,唐人町,8,4LDK,103.54,福岡県福岡市中央区荒戸３,https://suumo.jp//ms/chuko/fukuoka/sc_fukuokashichuo/nc_20851652/
20853603,◆☆ラフィネスシャトードゥ赤坂☆◆,3499,24,地下鉄空港線,赤坂,7,1LDK,32.81,福岡県福岡市中央区大手門１,https://suumo.jp//ms/chuko/fukuoka/sc_fukuokashichuo/nc_20853603/
20854622,◆☆ ロイヤルマンション西新☆◆,4399,39,地下鉄空港線,西新,8,4LDK,84.48,福岡県福岡市早良区祖原,https://suumo.jp//ms/chuko/fukuoka/sc_fukuokashisawara/nc_20854622/
20854643,赤坂エクセル　中古マンション,3449,52,地下鉄七隈線,桜坂,13,2LDK,79.5,福岡県福岡市中央区赤坂３,https://suumo.jp//ms/chuko/fukuoka/sc_fukuokashichuo/nc_20854643/
20863593,警固ハウス,3190,46,地下鉄空港線,赤坂,10,3LDK,66.0,福岡県福岡市中央区警固１,https://suumo.jp//ms/chuko/fukuoka/sc_fukuokashichuo/nc_20863593/
20863666,警固ハウス,3090,46,地下鉄七隈線,薬院大通,10,3LDK,66.0,福岡県福岡市中央区警固１-15-15,https://suumo.jp//ms/chuko/fukuoka/sc_fukuokashichuo/nc_20863666/
20863777,ライオンズマンション薬院,2280,47,地下鉄七隈線,薬院大通,7,1LDK,40.87,福岡県福岡市中央区薬院３,https://suumo.jp//ms/chuko/fukuoka/sc_fukuokashichuo/nc_20863777/
20864651,ダイアパレスグランデージ大名,5990,28,地下鉄空港線,赤坂,7,2LDK,70.69,福岡県福岡市中央区大名１,https://suumo.jp//ms/chuko/fukuoka/sc_fukuokashichuo/nc_20864651/
20865211,オープンレジデンシア薬院白金,4150,3,西鉄天神大牟田線,薬院,8,1LDK,33.05,福岡県福岡市中央区白金２,https://suumo.jp//ms/chuko/fukuoka/sc_fukuokashichuo/nc_20865211/
20865695,東峰マンション西公園,2580,48,地下鉄空港線,大濠公園,5,2LDK,48.59,福岡県福岡市中央区荒戸３-2-5,https://suumo.jp//ms/chuko/fukuoka/sc_fukuokashichuo/nc_20865695/
20866272,東峰マンション西公園,2580,48,地下鉄空港線,大濠公園,6,2LDK,48.59,福岡県福岡市中央区荒戸３-2-5,https://suumo.jp//ms/chuko/fukuoka/sc_fukuokashichuo/nc_20866272/
20868602,東峰マンション西公園【担当：中尾】　までお気軽にお問…,2580,48,地下鉄空港線,大濠公園,7,2LDK,48.59,福岡県福岡市中央区荒戸３,https://suumo.jp//ms/chuko/fukuoka/sc_fukuokashichuo/nc_20868602/
20869192,警固ハウス,3090,46,地下鉄七隈線,薬院大通,9,3LDK,66.0,福岡県福岡市中央区警固１,https://suumo.jp//ms/chuko/fukuoka/sc_fukuokashichuo/nc_20869192/
20869936,ロイヤルマンション六本松,6500,37,地下鉄七隈線,六本松,6,2LDK,87.12,福岡県福岡市中央区梅光園１,https://suumo.jp//ms/chuko/fukuoka/sc_fukuokashichuo/nc_20869936/
20870523,サーパス大博通り,3399,36,地下鉄箱崎線,中洲川端,15,1LDK,48.39,福岡県福岡市博多区大博町5-27,https://suumo.jp//ms/chuko/fukuoka/sc_fukuokashihakata/nc_20870523/
20873029,ふよう港ハイツ,2890,44,地下鉄空港線,中洲川端,14,3LDK,69.43,福岡県福岡市博多区築港本町,https://suumo.jp//ms/chuko/fukuoka/sc_fukuokashihakata/nc_20873029/
20874418,警固ハウス,3090,46,地下鉄七隈線,薬院大通,10,3LDK,66.0,福岡県福岡市中央区警固１-15-15,https://suumo.jp//ms/chuko/fukuoka/sc_fukuokashichuo/nc_20874418/
20874952,コアマンション桜坂プレジオ弐番館,7780,25,地下鉄七隈線,桜坂,5,4LDK,103.4,福岡県福岡市中央区六本松３,https://suumo.jp//ms/chuko/fukuoka/sc_fukuokashichuo/nc_20874952/
20875883,アルファライフ博多,4499,15,ＪＲ鹿児島本線,博多,14,1LDK,53.04,福岡県福岡市博多区住吉５,https://suumo.jp//ms/chuko/fukuoka/sc_fukuokashihakata/nc_20875883/
20877308,ジョイナス地行浜東,4680,20,地下鉄空港線,唐人町,11,2LDK,73.92,福岡県福岡市中央区伊崎,https://suumo.jp//ms/chuko/fukuoka/sc_fukuokashichuo/nc_20877308/
20878226,ふよう港ハイツ,2890,44,地下鉄空港線,中洲川端,14,3LDK,69.43,福岡県福岡市博多区築港本町,https://suumo.jp//ms/chuko/fukuoka/sc_fukuokashihakata/nc_20878226/
20884071,リベール博多駅前,3580,2,ＪＲ鹿児島本線,博多,9,1LDK,32.83,福岡県福岡市博多区博多駅前４,https://suumo.jp//ms/chuko/fukuoka/sc_fukuokashihakata/nc_20884071/
20884520,グランドメゾン鳥飼,5180,26,地下鉄七隈線,別府,10,3LDK,72.93,福岡県福岡市城南区鳥飼６-20-33,https://suumo.jp//ms/chuko/fukuoka/sc_fukuokashijonan/nc_20884520/
20884543,サンシャイン別府 ペット飼育可、室内美麗【担当：出田…,3490,47,地下鉄七隈線,別府,8,2LDK,85.62,福岡県福岡市城南区別府４,https://suumo.jp//ms/chuko/fukuoka/sc_fukuokashijonan/nc_20884543/
20884860,サーパス大博通り,3399,36,地下鉄空港線,中洲川端,13,1LDK,48.39,福岡県福岡市博多区大博町,https://suumo.jp//ms/chuko/fukuoka/sc_fukuokashihakata/nc_20884860/
20884869,ロマネスク西公園第６,3790,35,地下鉄空港線,大濠公園,7,2LDK,52.24,福岡県福岡市中央区荒戸２-4-37,https://suumo.jp//ms/chuko/fukuoka/sc_fukuokashichuo/nc_20884869/
20886121,アルファライフ博多,4699,15,地下鉄七隈線,博多,13,1LDK,53.04,福岡県福岡市博多区住吉５-5-22,https://suumo.jp//ms/chuko/fukuoka/sc_fukuokashihakata/nc_20886121/
20887084,グランドメゾン福岡The Central Luxe,25000,1,西鉄天神大牟田線,薬院,3,3LDK,110.97,福岡県福岡市中央区渡辺通２,https://suumo.jp//ms/chuko/fukuoka/sc_fukuokashichuo/nc_20887084/
20889105,警固ハウス,3190,46,地下鉄七隈線,薬院大通,8,3LDK,66.0,福岡県福岡市中央区警固１,https://suumo.jp//ms/chuko/fukuoka/sc_fukuokashichuo/nc_20889105/
20890373,サントーア地行,5799,31,地下鉄空港線,唐人町,4,3LDK,72.0,福岡県福岡市中央区地行１,https://suumo.jp//ms/chuko/fukuoka/sc_fukuokashichuo/nc_20890373/
20890930,東峰マンション西公園,2580,48,地下鉄空港線,大濠公園,5,2LDK,48.59,福岡県福岡市中央区荒戸３-2-5,https://suumo.jp//ms/chuko/fukuoka/sc_fukuokashichuo/nc_20890930/
20891032,百道タワー,8200,22,地下鉄空港線,西新,9,2LDK,88.62,福岡県福岡市早良区百道浜１,https://suumo.jp//ms/chuko/fukuoka/sc_fukuokashisawara/nc_20891032/
20893718,グレイス博多,2210,46,地下鉄空港線,東比恵,10,2LDK,63.53,福岡県福岡市博多区博多駅東３,https://suumo.jp//ms/chuko/fukuoka/sc_fukuokashihakata/nc_20893718/
20894851,ハイラーク舞鶴,3840,46,地下鉄空港線,赤坂,7,2LDK,67.98,福岡県福岡市中央区舞鶴１,https://suumo.jp//ms/chuko/fukuoka/sc_fukuokashichuo/nc_20894851/
20896320,ソレイユ赤坂南,4898,37,地下鉄七隈線,桜坂,6,3LDK,75.03,福岡県福岡市中央区六本松３,https://suumo.jp//ms/chuko/fukuoka/sc_fukuokashichuo/nc_20896320/
20896321,警固ハウス,3090,46,地下鉄七隈線,薬院大通,8,3LDK,66.0,福岡県福岡市中央区警固１,https://suumo.jp//ms/chuko/fukuoka/sc_fukuokashichuo/nc_20896321/
20896322,エンゼルハイム鳥飼中央,4880,25,地下鉄空港線,西新,15,3LDK,75.68,福岡県福岡市中央区鳥飼１,https://suumo.jp//ms/chuko/fukuoka/sc_fukuokashichuo/nc_20896322/
20896901,ロマネスク西公園第6,3790,35,地下鉄空港線,大濠公園,7,2LDK,52.24,福岡県福岡市中央区荒戸２,https://suumo.jp//ms/chuko/fukuoka/sc_fukuokashichuo/nc_20896901/
20897260,ネオグランデ赤坂,7680,25,地下鉄空港線,赤坂,9,3LDK,82.15,福岡県福岡市中央区赤坂２,https://suumo.jp//ms/chuko/fukuoka/sc_fukuokashichuo/nc_20897260/
20902172,◆☆クリオラベルヴィ呉服町☆◆,3199,8,地下鉄空港線,中洲川端,12,1LDK,34.4,福岡県福岡市博多区下呉服町,https://suumo.jp//ms/chuko/fukuoka/sc_fukuokashihakata/nc_20902172/
20902271,コモダス奈良屋,4980,25,地下鉄空港線,中洲川端,12,2LDK,56.3,福岡県福岡市博多区奈良屋町,https://suumo.jp//ms/chuko/fukuoka/sc_fukuokashihakata/nc_20902271/
20904816,ゾンネンハイム大手門　203,1599,53,地下鉄空港線,大濠公園,7,1K,33.0,福岡県福岡市中央区大手門２-5-10,https://suumo.jp//ms/chuko/fukuoka/sc_fukuokashichuo/nc_20904816/
20905594,赤坂エクセル 207,3449,52,地下鉄空港線,赤坂,12,2LDK,79.5,福岡県福岡市中央区赤坂３-8-26,https://suumo.jp//ms/chuko/fukuoka/sc_fukuokashichuo/nc_20905594/
20905823,アクロス六本松リル・グレイス,3380,3,地下鉄七隈線,六本松,6,1LDK,33.2,福岡県福岡市中央区草香江２,https://suumo.jp//ms/chuko/fukuoka/sc_fukuokashichuo/nc_20905823/
20908440,コスモ六本松シティフォルム,7199,26,地下鉄七隈線,六本松,4,3LDK,70.58,福岡県福岡市中央区草香江２-1-13,https://suumo.jp//ms/chuko/fukuoka/sc_fukuokashichuo/nc_20908440/
20910067,グリーンハイツ輝国,2430,46,地下鉄七隈線,六本松,13,3LDK,73.32,福岡県福岡市中央区輝国２,https://suumo.jp//ms/chuko/fukuoka/sc_fukuokashichuo/nc_20910067/
20911506,警固ハウス,3090,46,地下鉄七隈線,薬院大通,9,3LDK,66.0,福岡県福岡市中央区警固１,https://suumo.jp//ms/chuko/fukuoka/sc_fukuokashichuo/nc_20911506/
20912391,ダイアパレスグランステージ大名,5990,28,地下鉄空港線,赤坂,7,2LDK,70.69,福岡県福岡市中央区大名１,https://suumo.jp//ms/chuko/fukuoka/sc_fukuokashichuo/nc_20912391/
20913735,ふよう港ハイツ,2890,44,地下鉄空港線,中洲川端,15,3LDK,69.43,福岡県福岡市博多区築港本町2-3,https://suumo.jp//ms/chuko/fukuoka/sc_fukuokashihakata/nc_20913735/
20914350,アンピール百年橋,3980,31,地下鉄七隈線,渡辺通,15,3LDK,73.11,福岡県福岡市中央区清川３-9-23,https://suumo.jp//ms/chuko/fukuoka/sc_fukuokashichuo/nc_20914350/
20917050,ラフィネスシャトードゥ赤坂,3499,24,地下鉄空港線,大濠公園,7,1LDK,32.81,福岡県福岡市中央区大手門１,https://suumo.jp//ms/chuko/fukuoka/sc_fukuokashichuo/nc_20917050/
20919736,藤和コープソシエ大名,3490,47,地下鉄七隈線,天神南,8,2LDK,67.0,福岡県福岡市中央区大名１,https://suumo.jp//ms/chuko/fukuoka/sc_fukuokashichuo/nc_20919736/
20923977,大濠ハウス,2980,48,地下鉄七隈線,六本松,12,2LDK+S（納戸）,76.18,福岡県福岡市中央区草香江２,https://suumo.jp//ms/chuko/fukuoka/sc_fukuokashichuo/nc_20923977/
20926886,ソレイユ赤坂南,6699,37,地下鉄七隈線,桜坂,6,4LDK,96.95,福岡県福岡市中央区六本松３,https://suumo.jp//ms/chuko/fukuoka/sc_fukuokashichuo/nc_20926886/
20926892,サヴォイ　ザ・リバーテラス,4599,20,地下鉄箱崎線,中洲川端,6,2LDK,49.89,福岡県福岡市博多区中洲中島町,https://suumo.jp//ms/chuko/fukuoka/sc_fukuokashihakata/nc_20926892/
20928829,エンゼルハイム鳥飼中央,4880,25,地下鉄空港線,唐人町,15,3LDK,75.68,福岡県福岡市中央区鳥飼１,https://suumo.jp//ms/chuko/fukuoka/sc_fukuokashichuo/nc_20928829/
20929098,Asobi＋　アーティックス大濠,7490,22,地下鉄七隈線,六本松,12,3LDK,85.8,福岡県福岡市中央区鳥飼１,https://suumo.jp//ms/chuko/fukuoka/sc_fukuokashichuo/nc_20929098/
20931984,大濠ハウス,2980,48,地下鉄七隈線,六本松,12,2LDK+S（納戸）,76.18,福岡県福岡市中央区草香江１,https://suumo.jp//ms/chuko/fukuoka/sc_fukuokashichuo/nc_20931984/
20932015,ソレイユ赤坂南,4898,37,地下鉄七隈線,桜坂,7,3LDK,75.03,福岡県福岡市中央区六本松３,https://suumo.jp//ms/chuko/fukuoka/sc_fukuokashichuo/nc_20932015/
20933103,ロマネスク大濠公園,3780,41,地下鉄空港線,唐人町,6,2LDK,57.11,福岡県福岡市中央区大濠２,https://suumo.jp//ms/chuko/fukuoka/sc_fukuokashichuo/nc_20933103/
20933104,ライオンズヒルズ桜坂,8980,40,地下鉄七隈線,桜坂,3,3LDK,133.27,福岡県福岡市中央区桜坂３,https://suumo.jp//ms/chuko/fukuoka/sc_fukuokashichuo/nc_20933104/
20935252,大濠ハウス,2980,48,地下鉄七隈線,六本松,11,2LDK+S（納戸）,76.18,福岡県福岡市中央区草香江２-18-1,https://suumo.jp//ms/chuko/fukuoka/sc_fukuokashichuo/nc_20935252/
20935569,モントーレ東比恵クレア,4199,7,地下鉄空港線,東比恵,2,1LDK,42.77,福岡県福岡市博多区東比恵３,https://suumo.jp//ms/chuko/fukuoka/sc_fukuokashihakata/nc_20935569/
20936559,大濠ハウス 303号室,2980,48,地下鉄七隈線,六本松,12,2LDK+S（納戸）,76.18,福岡県福岡市中央区草香江２,https://suumo.jp//ms/chuko/fukuoka/sc_fukuokashichuo/nc_20936559/
20938129,ニューライフ天神,2800,43,地下鉄空港線,天神,6,2LDK,53.85,福岡県福岡市中央区天神４,https://suumo.jp//ms/chuko/fukuoka/sc_fukuokashichuo/nc_20938129/
20938445,クリオラベルヴィ呉服町,3199,8,地下鉄空港線,中洲川端,12,1LDK,34.4,福岡県福岡市博多区下呉服町,https://suumo.jp//ms/chuko/fukuoka/sc_fukuokashihakata/nc_20938445/
20939258,クレアランドマーク,3480,25,地下鉄七隈線,櫛田神社前,5,1LDK,40.43,福岡県福岡市博多区冷泉町2-9,https://suumo.jp//ms/chuko/fukuoka/sc_fukuokashihakata/nc_20939258/
20943175,サーパス城南,6799,20,地下鉄七隈線,別府,14,4LDK,94.85,福岡県福岡市城南区田島１-4-17,https://suumo.jp//ms/chuko/fukuoka/sc_fukuokashijonan/nc_20943175/
20946030,ニューライフ天神,2800,43,地下鉄空港線,天神,7,2LDK,53.85,福岡県福岡市中央区天神４-1-23,https://suumo.jp//ms/chuko/fukuoka/sc_fukuokashichuo/nc_20946030/
20946031,大濠ハウス,2980,48,地下鉄七隈線,六本松,11,2LDK+S（納戸）,76.18,福岡県福岡市中央区草香江２-18-1,https://suumo.jp//ms/chuko/fukuoka/sc_fukuokashichuo/nc_20946031/
20946419,アクタス渡辺通パークシティ,7480,16,地下鉄七隈線,渡辺通,9,3LDK,78.47,福岡県福岡市中央区清川２,https://suumo.jp//ms/chuko/fukuoka/sc_fukuokashichuo/nc_20946419/
20946505,ラフィネスシャトードゥ赤坂,3499,24,地下鉄空港線,赤坂,7,1LDK,32.81,福岡県福岡市中央区大手門１,https://suumo.jp//ms/chuko/fukuoka/sc_fukuokashichuo/nc_20946505/
20948701,スコーレ赤坂,4500,44,地下鉄空港線,赤坂,1,2LDK,74.92,福岡県福岡市中央区赤坂１,https://suumo.jp//ms/chuko/fukuoka/sc_fukuokashichuo/nc_20948701/
20949136,大濠ハウス,2980,48,地下鉄七隈線,六本松,12,2LDK+S（納戸）,76.18,福岡県福岡市中央区草香江２-18-1,https://suumo.jp//ms/chuko/fukuoka/sc_fukuokashichuo/nc_20949136/
20949898,大濠ハウス,2980,48,地下鉄七隈線,六本松,12,2LDK+S（納戸）,76.18,福岡県福岡市中央区草香江２,https://suumo.jp//ms/chuko/fukuoka/sc_fukuokashichuo/nc_20949898/
20952167,ミスモ薬院ネクスト,7500,0,地下鉄七隈線,薬院,6,2LDK,52.7,福岡県福岡市中央区高砂１,https://suumo.jp//ms/chuko/fukuoka/sc_fukuokashichuo/nc_20952167/
20952542,デュ・レジア薬院スタンス,5480,3,西鉄天神大牟田線,薬院,6,2LDK,43.0,福岡県福岡市中央区薬院３,https://suumo.jp//ms/chuko/fukuoka/sc_fukuokashichuo/nc_20952542/
20952543,ロマネスク西公園第６,3790,35,地下鉄空港線,大濠公園,7,2LDK,52.24,福岡県福岡市中央区荒戸２,https://suumo.jp//ms/chuko/fukuoka/sc_fukuokashichuo/nc_20952543/
20952706,ザ・パークハウス福岡タワーズＥＡＳＴ,10950,6,地下鉄空港線,唐人町,12,2LDK,83.96,福岡県福岡市中央区地行浜２,https://suumo.jp//ms/chuko/fukuoka/sc_fukuokashichuo/nc_20952706/
20952827,クラブエイリック藤崎南ザ・テラス,5980,13,地下鉄空港線,藤崎,12,2LDK,84.62,福岡県福岡市早良区原１,https://suumo.jp//ms/chuko/fukuoka/sc_fukuokashisawara/nc_20952827/
20954557,ライオンズタワー赤坂けやき通り,9280,19,地下鉄空港線,赤坂,10,3LDK,80.11,福岡県福岡市中央区赤坂２,https://suumo.jp//ms/chuko/fukuoka/sc_fukuokashichuo/nc_20954557/
20954558,デュ・レジア大濠,6390,6,地下鉄空港線,唐人町,2,2LDK,55.3,福岡県福岡市中央区黒門,https://suumo.jp//ms/chuko/fukuoka/sc_fukuokashichuo/nc_20954558/
20954560,グランドメゾン福岡　Ｔｈｅ　Ｃｅｎｔｒａｌ　Ｌｕｘｅ,25000,1,西鉄天神大牟田線,薬院,2,3LDK,110.97,福岡県福岡市中央区渡辺通２,https://suumo.jp//ms/chuko/fukuoka/sc_fukuokashichuo/nc_20954560/
20956215,サヴォイ ザ・リバーテラス,4599,20,地下鉄箱崎線,中洲川端,5,2LDK,49.89,福岡県福岡市博多区中洲中島町3-20,https://suumo.jp//ms/chuko/fukuoka/sc_fukuokashihakata/nc_20956215/
20956552,大濠ハウス,2980,48,地下鉄七隈線,六本松,10,2LDK+S（納戸）,76.18,福岡県福岡市中央区草香江２,https://suumo.jp//ms/chuko/fukuoka/sc_fukuokashichuo/nc_20956552/
20956553,六本松パークホームズ,7980,35,地下鉄七隈線,六本松,5,4LDK+S（納戸）,141.91,福岡県福岡市中央区梅光園１,https://suumo.jp//ms/chuko/fukuoka/sc_fukuokashichuo/nc_20956553/
20956725,赤坂エクセル,3449,52,地下鉄七隈線,桜坂,13,2LDK,79.5,福岡県福岡市中央区赤坂３-8-26,https://suumo.jp//ms/chuko/fukuoka/sc_fukuokashichuo/nc_20956725/
20956727,アルファライフ博多プレシャス,4499,15,ＪＲ鹿児島本線,博多,14,1LDK,53.04,福岡県福岡市博多区住吉５-5-22,https://suumo.jp//ms/chuko/fukuoka/sc_fukuokashihakata/nc_20956727/
20956730,モントーレ東比恵クレア,4199,7,地下鉄空港線,東比恵,2,1LDK,42.77,福岡県福岡市博多区東比恵３-19-10,https://suumo.jp//ms/chuko/fukuoka/sc_fukuokashihakata/nc_20956730/
20956732,リファレンス天神南,4199,24,地下鉄七隈線,渡辺通,13,3LDK,65.32,福岡県福岡市中央区清川２-4-9,https://suumo.jp//ms/chuko/fukuoka/sc_fukuokashichuo/nc_20956732/
20956745,藤崎ロジュマン,4350,38,地下鉄空港線,藤崎,13,4LDK,82.76,福岡県福岡市早良区昭代３-9-5,https://suumo.jp//ms/chuko/fukuoka/sc_fukuokashisawara/nc_20956745/
20962151,グリーンハイツ輝国,2430,46,地下鉄七隈線,六本松,13,3LDK,73.32,福岡県福岡市中央区輝国２-24-55,https://suumo.jp//ms/chuko/fukuoka/sc_fukuokashichuo/nc_20962151/
20962483,ライオンズマンション薬院第５,2980,44,地下鉄七隈線,薬院大通,2,1LDK,46.35,福岡県福岡市中央区薬院２,https://suumo.jp//ms/chuko/fukuoka/sc_fukuokashichuo/nc_20962483/
20964533,アートウィル赤坂,4680,32,地下鉄七隈線,桜坂,9,2LDK,65.61,福岡県福岡市中央区赤坂３,https://suumo.jp//ms/chuko/fukuoka/sc_fukuokashichuo/nc_20964533/
20965244,グリーンハイツ輝国【担当：中尾】までお気軽にお問合せ…,2430,46,地下鉄七隈線,六本松,14,3LDK,73.32,福岡県福岡市中央区輝国２,https://suumo.jp//ms/chuko/fukuoka/sc_fukuokashichuo/nc_20965244/
20965679,グランフォーレ西新,3699,20,地下鉄空港線,西新,5,1LDK,40.05,福岡県福岡市早良区城西１,https://suumo.jp//ms/chuko/fukuoka/sc_fukuokashisawara/nc_20965679/
20966201,ふよう港ハイツ　中古マンション,2890,44,地下鉄空港線,中洲川端,15,3LDK,69.43,福岡県福岡市博多区築港本町,https://suumo.jp//ms/chuko/fukuoka/sc_fukuokashihakata/nc_20966201/
20966218,グランフォーレ西新,3699,20,地下鉄空港線,西新,7,1LDK,40.05,福岡県福岡市早良区城西１-8-14,https://suumo.jp//ms/chuko/fukuoka/sc_fukuokashisawara/nc_20966218/
20966490,サヴォイ　ザ・リバーテラス,4599,20,地下鉄空港線,中洲川端,8,2LDK,49.89,福岡県福岡市博多区中洲中島町3-20,https://suumo.jp//ms/chuko/fukuoka/sc_fukuokashihakata/nc_20966490/
20968151,パーク・サンリヤン博多の森I・II番館,3730,23,地下鉄空港線,福岡空港,11,4LDK,89.13,福岡県糟屋郡志免町別府西２,https://suumo.jp//ms/chuko/fukuoka/sc_kasuyagunshime/nc_20968151/
20968843,警固ハウス,3090,46,地下鉄七隈線,薬院大通,8,3LDK,66.0,福岡県福岡市中央区警固１,https://suumo.jp//ms/chuko/fukuoka/sc_fukuokashichuo/nc_20968843/
20968854,ラフィネスシャトードゥ赤坂,3499,24,地下鉄空港線,赤坂,8,1LDK,32.81,福岡県福岡市中央区大手門１,https://suumo.jp//ms/chuko/fukuoka/sc_fukuokashichuo/nc_20968854/
20970626,シーサイドももちヴェルデコート６番館,6498,35,地下鉄空港線,藤崎,10,3LDK,94.47,福岡県福岡市早良区百道浜３,https://suumo.jp//ms/chuko/fukuoka/sc_fukuokashisawara/nc_20970626/
20974195,グランフォーレ西公園ザ・パークサイド,7499,14,地下鉄空港線,大濠公園,10,3LDK,75.03,福岡県福岡市中央区西公園,https://suumo.jp//ms/chuko/fukuoka/sc_fukuokashichuo/nc_20974195/
20975360,ソレイユ赤坂南,4898,37,地下鉄七隈線,桜坂,7,3LDK,75.03,福岡県福岡市中央区六本松３,https://suumo.jp//ms/chuko/fukuoka/sc_fukuokashichuo/nc_20975360/
20976402,クレアホームズ赤坂けやきの杜,6680,23,地下鉄七隈線,桜坂,6,2LDK,79.12,福岡県福岡市中央区六本松３,https://suumo.jp//ms/chuko/fukuoka/sc_fukuokashichuo/nc_20976402/
20977246,西公園ツインタワー,4298,36,地下鉄空港線,大濠公園,9,3LDK,83.05,福岡県福岡市中央区荒戸２,https://suumo.jp//ms/chuko/fukuoka/sc_fukuokashichuo/nc_20977246/
20977249,ソピア大濠西,5480,27,地下鉄空港線,西新,10,3LDK,69.57,福岡県福岡市中央区鳥飼３,https://suumo.jp//ms/chuko/fukuoka/sc_fukuokashichuo/nc_20977249/
20977290,ふよう港ハイツ,2890,44,地下鉄箱崎線,中洲川端,15,3LDK,69.43,福岡県福岡市博多区築港本町2-3,https://suumo.jp//ms/chuko/fukuoka/sc_fukuokashihakata/nc_20977290/
20979544,第７プリンスマンション,680,39,地下鉄七隈線,渡辺通,9,1DK,25.2,福岡県福岡市中央区高砂１-15-23,https://suumo.jp//ms/chuko/fukuoka/sc_fukuokashichuo/nc_20979544/
20982434,ライオンズマンション大名,3180,44,地下鉄空港線,赤坂,9,3DK,56.72,福岡県福岡市中央区大名１,https://suumo.jp//ms/chuko/fukuoka/sc_fukuokashichuo/nc_20982434/
20983713,Brillia平尾浄水,10800,17,地下鉄七隈線,薬院大通,11,3LDK+2S（納戸）,127.99,福岡県福岡市中央区平尾浄水町,https://suumo.jp//ms/chuko/fukuoka/sc_fukuokashichuo/nc_20983713/
20984761,サーパス大博通り,3399,36,地下鉄箱崎線,中洲川端,15,1LDK,48.39,福岡県福岡市博多区大博町5-27,https://suumo.jp//ms/chuko/fukuoka/sc_fukuokashihakata/nc_20984761/
20984952,ロワールマンション博多駅南,3290,41,ＪＲ鹿児島本線,博多,13,3LDK,69.51,福岡県福岡市博多区博多駅南３,https://suumo.jp//ms/chuko/fukuoka/sc_fukuokashihakata/nc_20984952/
20985236,シャトレ平尾　リ ノ ベ,5580,41,西鉄天神大牟田線,薬院,8,3LDK,88.92,福岡県福岡市中央区平尾１-12-6,https://suumo.jp//ms/chuko/fukuoka/sc_fukuokashichuo/nc_20985236/
20985954,モントーレ東比恵クレア,4199,7,地下鉄空港線,東比恵,4,1LDK,42.77,福岡県福岡市博多区東比恵３,https://suumo.jp//ms/chuko/fukuoka/sc_fukuokashihakata/nc_20985954/
20986251,アンピール西新,7200,22,地下鉄空港線,西新,9,4LDK,93.58,福岡県福岡市早良区城西３-12-27,https://suumo.jp//ms/chuko/fukuoka/sc_fukuokashisawara/nc_20986251/
20989556,グランアーキ大濠一丁目ザ・レジデンス,14800,5,地下鉄空港線,唐人町,14,2LDK,77.83,福岡県福岡市中央区大濠１-6-33,https://suumo.jp//ms/chuko/fukuoka/sc_fukuokashichuo/nc_20989556/
20993568,シャンボール大濠,3490,48,地下鉄空港線,西新,10,2LDK,74.88,福岡県福岡市中央区鳥飼３,https://suumo.jp//ms/chuko/fukuoka/sc_fukuokashichuo/nc_20993568/
20995622,サヴォイ　ザ・リバーテラス,4599,20,地下鉄空港線,中洲川端,5,2LDK,49.89,福岡県福岡市博多区中洲中島町,https://suumo.jp//ms/chuko/fukuoka/sc_fukuokashihakata/nc_20995622/
20995706,警固ハウス,3190,46,地下鉄七隈線,薬院大通,9,3LDK,66.0,福岡県福岡市中央区警固１,https://suumo.jp//ms/chuko/fukuoka/sc_fukuokashichuo/nc_20995706/
20997466,リファレンス天神南,4199,24,地下鉄七隈線,渡辺通,13,3LDK,65.32,福岡県福岡市中央区清川２,https://suumo.jp//ms/chuko/fukuoka/sc_fukuokashichuo/nc_20997466/
20997469,ラフィネスシャトードゥ赤坂,3499,24,地下鉄空港線,赤坂,8,1LDK,32.81,福岡県福岡市中央区大手門１,https://suumo.jp//ms/chuko/fukuoka/sc_fukuokashichuo/nc_20997469/
20997471,アルファライフ博多,4499,15,地下鉄空港線,博多,13,1LDK,53.04,福岡県福岡市博多区住吉５,https://suumo.jp//ms/chuko/fukuoka/sc_fukuokashihakata/nc_20997471/
20997474,クリオラベルヴィ呉服町,3199,8,地下鉄空港線,中洲川端,11,1LDK,34.4,福岡県福岡市博多区下呉服町,https://suumo.jp//ms/chuko/fukuoka/sc_fukuokashihakata/nc_20997474/
20997475,アルファライフ博多,4699,15,地下鉄空港線,博多,13,1LDK,53.04,福岡県福岡市博多区住吉５,https://suumo.jp//ms/chuko/fukuoka/sc_fukuokashihakata/nc_20997475/
21004848,グランドメゾン浄水ガーデンシティサウスフォレスト,14980,11,地下鉄七隈線,薬院大通,6,3LDK,100.0,福岡県福岡市中央区薬院４,https://suumo.jp//ms/chuko/fukuoka/sc_fukuokashichuo/nc_21004848/
21005838,警固ハウス　中古マンション,3190,46,地下鉄七隈線,薬院大通,9,3LDK,66.0,福岡県福岡市中央区警固１,https://suumo.jp//ms/chuko/fukuoka/sc_fukuokashichuo/nc_21005838/
21006189,第三住吉ハイツ 702,2569,46,ＪＲ鹿児島本線,博多,13,2LDK,67.2,福岡県福岡市博多区住吉１-10-7,https://suumo.jp//ms/chuko/fukuoka/sc_fukuokashihakata/nc_21006189/
21006243,アドリーム西新二丁目,6790,29,地下鉄空港線,西新,6,2LDK+S（納戸）,72.59,福岡県福岡市早良区西新２,https://suumo.jp//ms/chuko/fukuoka/sc_fukuokashisawara/nc_21006243/
21008385,藤崎ロジュマン,4350,38,地下鉄空港線,藤崎,12,4LDK,82.76,福岡県福岡市早良区昭代３,https://suumo.jp//ms/chuko/fukuoka/sc_fukuokashisawara/nc_21008385/
21008454,藤和薬院コープ,3798,47,地下鉄七隈線,薬院大通,2,3LDK,71.18,福岡県福岡市中央区薬院２-3-3,https://suumo.jp//ms/chuko/fukuoka/sc_fukuokashichuo/nc_21008454/
21009357,赤坂エクセル207号,3449,52,地下鉄空港線,赤坂,12,2LDK,79.5,福岡県福岡市中央区赤坂３,https://suumo.jp//ms/chuko/fukuoka/sc_fukuokashichuo/nc_21009357/
21011970,ロイヤルマンション西新,4399,39,地下鉄空港線,西新,12,4LDK,84.48,福岡県福岡市早良区祖原,https://suumo.jp//ms/chuko/fukuoka/sc_fukuokashisawara/nc_21011970/
21013055,グランドメゾン福岡　Ｔｈｅ　Ｃｅｎｔｒａｌ　Ｌｕｘｅ,25000,1,西鉄天神大牟田線,薬院,2,3LDK,110.97,福岡県福岡市中央区渡辺通２,https://suumo.jp//ms/chuko/fukuoka/sc_fukuokashichuo/nc_21013055/
21013233,サニークレスト荒江,1580,44,地下鉄七隈線,別府,14,3LDK,81.47,福岡県福岡市城南区荒江１,https://suumo.jp//ms/chuko/fukuoka/sc_fukuokashijonan/nc_21013233/
21014065,サヴォイ　ザ・リバーテラス,4599,20,地下鉄箱崎線,中洲川端,5,2LDK,49.89,福岡県福岡市博多区中洲中島町,https://suumo.jp//ms/chuko/fukuoka/sc_fukuokashihakata/nc_21014065/
21015987,ＣＬＵＢ　ＴＨＥ．薬院ステーションタワー,46000,6,地下鉄七隈線,薬院,2,2LDK+S（納戸）,138.16,福岡県福岡市中央区白金１,https://suumo.jp//ms/chuko/fukuoka/sc_fukuokashichuo/nc_21015987/
21017734,クレアランドマーク,3380,25,地下鉄七隈線,櫛田神社前,4,1LDK,40.43,福岡県福岡市博多区冷泉町,https://suumo.jp//ms/chuko/fukuoka/sc_fukuokashihakata/nc_21017734/
21019427,アクロス天神センタープラザ,7450,21,地下鉄七隈線,渡辺通,5,4LDK,82.26,福岡県福岡市中央区渡辺通３,https://suumo.jp//ms/chuko/fukuoka/sc_fukuokashichuo/nc_21019427/
21019572,大濠ハウス,2980,48,地下鉄七隈線,六本松,12,3LDK,76.18,福岡県福岡市中央区草香江２,https://suumo.jp//ms/chuko/fukuoka/sc_fukuokashichuo/nc_21019572/
21020056,クレアランドマーク,3380,25,地下鉄空港線,祇園,4,1LDK,40.43,福岡県福岡市博多区冷泉町,https://suumo.jp//ms/chuko/fukuoka/sc_fukuokashihakata/nc_21020056/
21022638,アルテマインド浄水平丘,10800,16,地下鉄七隈線,薬院大通,9,3LDK,94.63,福岡県福岡市中央区平丘町,https://suumo.jp//ms/chuko/fukuoka/sc_fukuokashichuo/nc_21022638/
21022649,ロマネスク奈良屋,4200,44,地下鉄空港線,中洲川端,6,1LDK,50.06,福岡県福岡市博多区須崎町,https://suumo.jp//ms/chuko/fukuoka/sc_fukuokashihakata/nc_21022649/
21023626,プレミスト赤坂けやき通り,6480,3,地下鉄空港線,赤坂,10,2LDK,47.69,福岡県福岡市中央区赤坂２,https://suumo.jp//ms/chuko/fukuoka/sc_fukuokashichuo/nc_21023626/
21026145,ロマネスク今川第2,4290,28,地下鉄空港線,西新,8,3LDK,70.66,福岡県福岡市中央区今川２,https://suumo.jp//ms/chuko/fukuoka/sc_fukuokashichuo/nc_21026145/
21027145,グランコート薬院,5780,28,地下鉄七隈線,薬院,4,3LDK,66.92,福岡県福岡市中央区薬院１,https://suumo.jp//ms/chuko/fukuoka/sc_fukuokashichuo/nc_21027145/
21028015,ソピア天神,5980,27,地下鉄空港線,赤坂,10,2LDK+S（納戸）,74.0,福岡県福岡市中央区警固１,https://suumo.jp//ms/chuko/fukuoka/sc_fukuokashichuo/nc_21028015/
21029226,グリーンハイツ輝国,2430,46,地下鉄七隈線,六本松,13,3LDK,73.32,福岡県福岡市中央区輝国２,https://suumo.jp//ms/chuko/fukuoka/sc_fukuokashichuo/nc_21029226/
21029230,ロマネスク六本松第２　Ａ棟,4680,39,地下鉄七隈線,六本松,4,3LDK,78.12,福岡県福岡市中央区谷１,https://suumo.jp//ms/chuko/fukuoka/sc_fukuokashichuo/nc_21029230/
21029231,グランドメゾン薬院ザ・タワーレジデンス,7199,4,地下鉄七隈線,薬院大通,5,1LDK,53.67,福岡県福岡市中央区薬院３,https://suumo.jp//ms/chuko/fukuoka/sc_fukuokashichuo/nc_21029231/
21029911,ザ・パークハウス桜坂サンリヤン,8750,8,地下鉄七隈線,桜坂,3,3LDK,73.6,福岡県福岡市中央区桜坂３,https://suumo.jp//ms/chuko/fukuoka/sc_fukuokashichuo/nc_21029911/
21031110,グランフォーレ西新,3190,20,地下鉄空港線,西新,6,1LDK,40.05,福岡県福岡市早良区城西１,https://suumo.jp//ms/chuko/fukuoka/sc_fukuokashisawara/nc_21031110/
21032451,パレスト・リッツガーデン百道,7980,9,地下鉄空港線,藤崎,9,3LDK,81.21,福岡県福岡市早良区西新７,https://suumo.jp//ms/chuko/fukuoka/sc_fukuokashisawara/nc_21032451/
21035179,ロワールマンション西公園東,7180,27,地下鉄空港線,大濠公園,6,3LDK,79.89,福岡県福岡市中央区港２,https://suumo.jp//ms/chuko/fukuoka/sc_fukuokashichuo/nc_21035179/
21036009,クレアランドマーク,3380,25,地下鉄七隈線,櫛田神社前,3,1LDK,40.43,福岡県福岡市博多区冷泉町,https://suumo.jp//ms/chuko/fukuoka/sc_fukuokashihakata/nc_21036009/
21039307,警固ハウス,3190,71,地下鉄七隈線,薬院大通,9,3LDK,66.0,福岡県福岡市中央区警固１,https://suumo.jp//ms/chuko/fukuoka/sc_fukuokashichuo/nc_21039307/
21039581,パークホームズ六本松フォレストクロス,7200,4,地下鉄七隈線,六本松,12,3LDK,69.32,福岡県福岡市中央区輝国２-24-25,https://suumo.jp//ms/chuko/fukuoka/sc_fukuokashichuo/nc_21039581/
21040046,アソシアタワー大濠ベネフィス,8690,21,地下鉄空港線,唐人町,6,4LDK,92.04,福岡県福岡市中央区荒戸３-２－４０,https://suumo.jp//ms/chuko/fukuoka/sc_fukuokashichuo/nc_21040046/
21042545,コスモ六本松シティフォルム,7199,26,地下鉄七隈線,六本松,4,3LDK,70.58,福岡県福岡市中央区草香江２-1-13,https://suumo.jp//ms/chuko/fukuoka/sc_fukuokashichuo/nc_21042545/
21043257,輝国住宅,2180,52,地下鉄七隈線,六本松,14,3LDK,65.68,福岡県福岡市中央区輝国２,https://suumo.jp//ms/chuko/fukuoka/sc_fukuokashichuo/nc_21043257/
21044780,チサンマンション西公園,4480,42,地下鉄空港線,大濠公園,8,3LDK,68.59,福岡県福岡市中央区荒戸２,https://suumo.jp//ms/chuko/fukuoka/sc_fukuokashichuo/nc_21044780/
21045538,ライオンズマンション警固南,3800,43,地下鉄七隈線,薬院大通,6,2LDK,67.43,福岡県福岡市中央区薬院２,https://suumo.jp//ms/chuko/fukuoka/sc_fukuokashichuo/nc_21045538/
21046252,サヴォイ　ザ・リバーテラス　１３０１号,4599,20,地下鉄箱崎線,中洲川端,7,2LDK,49.89,福岡県福岡市博多区中洲中島町,https://suumo.jp//ms/chuko/fukuoka/sc_fukuokashihakata/nc_21046252/
21046332,グランフォーレ西新,3699,20,地下鉄空港線,西新,5,1LDK,40.05,福岡県福岡市早良区城西１-8-14,https://suumo.jp//ms/chuko/fukuoka/sc_fukuokashisawara/nc_21046332/
21046422,ロイヤルマンションユトリテ田島,4980,21,地下鉄七隈線,別府,13,3LDK+S（納戸）,91.98,福岡県福岡市城南区田島１-4-18,https://suumo.jp//ms/chuko/fukuoka/sc_fukuokashijonan/nc_21046422/
21051303,ロイヤルマンションユトリテ田島,5180,21,地下鉄七隈線,別府,15,3LDK+S（納戸）,91.98,福岡県福岡市城南区田島１,https://suumo.jp//ms/chuko/fukuoka/sc_fukuokashijonan/nc_21051303/
21052306,ザ・パークハウス福岡タワーズ　WEST,29000,7,地下鉄空港線,唐人町,15,1LDK+S（納戸）,102.56,福岡県福岡市中央区地行浜２-2-4,https://suumo.jp//ms/chuko/fukuoka/sc_fukuokashichuo/nc_21052306/
21053033,コアマンション百道プレジオ,8100,20,地下鉄空港線,藤崎,10,3LDK+S（納戸）,92.92,福岡県福岡市早良区百道１,https://suumo.jp//ms/chuko/fukuoka/sc_fukuokashisawara/nc_21053033/
21054603,グランドメゾン大濠公園ザ・タワーレジデンス,8480,5,地下鉄空港線,大濠公園,6,2LDK,52.83,福岡県福岡市中央区荒戸２,https://suumo.jp//ms/chuko/fukuoka/sc_fukuokashichuo/nc_21054603/
21054604,モントーレセントラルベイコート,6980,12,地下鉄空港線,大濠公園,10,2LDK+S（納戸）,68.07,福岡県福岡市中央区長浜３,https://suumo.jp//ms/chuko/fukuoka/sc_fukuokashichuo/nc_21054604/
21056077,薬院中央パーク・ホームズ　ウエストコート,7620,28,地下鉄七隈線,薬院大通,2,4LDK,84.58,福岡県福岡市中央区薬院２,https://suumo.jp//ms/chuko/fukuoka/sc_fukuokashichuo/nc_21056077/
21056078,薬院中央パーク・ホームズ　イーストコート,5820,29,地下鉄七隈線,薬院大通,3,3LDK,68.07,福岡県福岡市中央区薬院２,https://suumo.jp//ms/chuko/fukuoka/sc_fukuokashichuo/nc_21056078/
21057054,パストラルハイム六本松,5980,35,地下鉄七隈線,六本松,7,4LDK,93.85,福岡県福岡市中央区谷１-１６－５３,https://suumo.jp//ms/chuko/fukuoka/sc_fukuokashichuo/nc_21057054/
21058292,クレアセンターマーク,6799,26,地下鉄七隈線,薬院大通,11,3LDK,80.25,福岡県福岡市中央区今泉２-4-48,https://suumo.jp//ms/chuko/fukuoka/sc_fukuokashichuo/nc_21058292/
21058298,ロイヤルマンション西新,4399,39,地下鉄空港線,西新,12,4LDK,84.48,福岡県福岡市早良区祖原23‐20,https://suumo.jp//ms/chuko/fukuoka/sc_fukuokashisawara/nc_21058298/
21062175,グランドサンリヤン大濠公園パークビュー,8780,21,地下鉄七隈線,六本松,9,3LDK,96.91,福岡県福岡市中央区草香江１,https://suumo.jp//ms/chuko/fukuoka/sc_fukuokashichuo/nc_21062175/
21065519,赤坂エクセル,3449,52,地下鉄空港線,赤坂,12,2LDK,79.5,福岡県福岡市中央区赤坂３-8-26,https://suumo.jp//ms/chuko/fukuoka/sc_fukuokashichuo/nc_21065519/
21066671,デュ・レジア大濠,3980,6,地下鉄空港線,唐人町,2,ワンルーム,35.56,福岡県福岡市中央区黒門,https://suumo.jp//ms/chuko/fukuoka/sc_fukuokashichuo/nc_21066671/
21067437,グランフォーレラグゼ平尾,2899,15,地下鉄七隈線,薬院大通,15,1LDK,30.18,福岡県福岡市南区市崎１,https://suumo.jp//ms/chuko/fukuoka/sc_fukuokashiminami/nc_21067437/
21069711,カーサ第弐博多,2480,45,地下鉄七隈線,櫛田神社前,9,1LDK,55.27,福岡県福岡市博多区住吉２,https://suumo.jp//ms/chuko/fukuoka/sc_fukuokashihakata/nc_21069711/
21070577,グランドメゾン浄水ガーデンシティ　サウスフォレスト,14980,11,地下鉄七隈線,薬院大通,7,3LDK,81.14,福岡県福岡市中央区薬院４,https://suumo.jp//ms/chuko/fukuoka/sc_fukuokashichuo/nc_21070577/
21070976,JGMロイヤルガーデン浄水通り,9370,22,地下鉄七隈線,薬院大通,8,3LDK,94.45,福岡県福岡市中央区浄水通２－１,https://suumo.jp//ms/chuko/fukuoka/sc_fukuokashichuo/nc_21070976/
21077565,ＭＪＲ百道二丁目,6980,19,地下鉄空港線,藤崎,5,3LDK,91.74,福岡県福岡市早良区百道２,https://suumo.jp//ms/chuko/fukuoka/sc_fukuokashisawara/nc_21077565/
21078519,パークホームズ大濠公園フロント,7680,1,地下鉄空港線,大濠公園,2,2LDK,53.61,福岡県福岡市中央区荒戸１,https://suumo.jp//ms/chuko/fukuoka/sc_fukuokashichuo/nc_21078519/
21078649,南薬院パーク・マンション,4480,41,地下鉄七隈線,薬院大通,6,3LDK,72.08,福岡県福岡市中央区薬院２-12-3,https://suumo.jp//ms/chuko/fukuoka/sc_fukuokashichuo/nc_21078649/
21079957,ラフィネスシャトードゥ赤坂,3499,24,地下鉄空港線,赤坂,7,1LDK,32.81,福岡県福岡市中央区大手門１,https://suumo.jp//ms/chuko/fukuoka/sc_fukuokashichuo/nc_21079957/
21079958,サヴォイ　ザ・リバーテラス,4599,20,地下鉄空港線,天神,10,2LDK,49.89,福岡県福岡市博多区中洲中島町,https://suumo.jp//ms/chuko/fukuoka/sc_fukuokashihakata/nc_21079958/
21081925,メゾン高砂,3498,48,地下鉄七隈線,渡辺通,12,3LDK,80.13,福岡県福岡市中央区高砂２,https://suumo.jp//ms/chuko/fukuoka/sc_fukuokashichuo/nc_21081925/
21083602,ダイアパレス平尾Ⅱ,2890,43,西鉄天神大牟田線,薬院,12,1LDK+S（納戸）,55.62,福岡県福岡市中央区大宮２,https://suumo.jp//ms/chuko/fukuoka/sc_fukuokashichuo/nc_21083602/
21084676,コアマンション百道プレジオ,7480,20,地下鉄空港線,藤崎,8,3LDK,92.96,福岡県福岡市早良区百道１,https://suumo.jp//ms/chuko/fukuoka/sc_fukuokashisawara/nc_21084676/
21084677,グランフォーレ西新レジデンス,9995,9,地下鉄空港線,西新,4,3LDK,90.01,福岡県福岡市早良区西新２,https://suumo.jp//ms/chuko/fukuoka/sc_fukuokashisawara/nc_21084677/
21084721,プレミスト赤坂けやき通り,25000,3,地下鉄空港線,赤坂,10,3LDK,103.83,福岡県福岡市中央区赤坂２,https://suumo.jp//ms/chuko/fukuoka/sc_fukuokashichuo/nc_21084721/
21085176,ロワールマンション西公園東,5980,27,地下鉄空港線,大濠公園,6,3LDK,70.17,福岡県福岡市中央区港２,https://suumo.jp//ms/chuko/fukuoka/sc_fukuokashichuo/nc_21085176/
21085228,グランディア百道浜通り,6380,20,地下鉄空港線,西新,9,3LDK,68.66,福岡県福岡市早良区西新２-23-12,https://suumo.jp//ms/chuko/fukuoka/sc_fukuokashisawara/nc_21085228/
21085432,シティタワー西新,6580,14,地下鉄空港線,西新,3,2LDK,57.37,福岡県福岡市早良区城西３,https://suumo.jp//ms/chuko/fukuoka/sc_fukuokashisawara/nc_21085432/
21085434,アルテマインド浄水平丘,10800,16,地下鉄七隈線,薬院大通,9,3LDK,94.63,福岡県福岡市中央区平丘町,https://suumo.jp//ms/chuko/fukuoka/sc_fukuokashichuo/nc_21085434/
21085436,プレミスト平尾浄水オークハウス,9980,16,地下鉄七隈線,薬院大通,14,4LDK,115.05,福岡県福岡市中央区平尾浄水町,https://suumo.jp//ms/chuko/fukuoka/sc_fukuokashichuo/nc_21085436/
21085719,東カングランドマンション大濠パークサイド,2880,52,地下鉄七隈線,六本松,13,2LDK,55.0,福岡県福岡市中央区鳥飼１-4-58,https://suumo.jp//ms/chuko/fukuoka/sc_fukuokashichuo/nc_21085719/
21086708,ロイヤルマンションユトリテ田島,4980,21,地下鉄七隈線,別府,15,3LDK+S（納戸）,91.98,福岡県福岡市城南区田島１,https://suumo.jp//ms/chuko/fukuoka/sc_fukuokashijonan/nc_21086708/
21086949,アルファライフ博多,4499,15,ＪＲ鹿児島本線,博多,14,1LDK,53.04,福岡県福岡市博多区住吉５,https://suumo.jp//ms/chuko/fukuoka/sc_fukuokashihakata/nc_21086949/
21088346,ファミール輝国,2990,42,地下鉄七隈線,六本松,15,3LDK+S（納戸）,81.6,福岡県福岡市中央区輝国２,https://suumo.jp//ms/chuko/fukuoka/sc_fukuokashichuo/nc_21088346/
21088469,赤坂エクセル,3399,52,地下鉄七隈線,桜坂,12,2LDK,79.5,福岡県福岡市中央区赤坂３,https://suumo.jp//ms/chuko/fukuoka/sc_fukuokashichuo/nc_21088469/
21089822,ファミール輝国,2990,42,地下鉄七隈線,六本松,15,3LDK+S（納戸）,81.6,福岡県福岡市中央区輝国２-8-20,https://suumo.jp//ms/chuko/fukuoka/sc_fukuokashichuo/nc_21089822/
21089824,警固ハウス,2999,46,地下鉄七隈線,薬院大通,8,2LDK,66.0,福岡県福岡市中央区警固１-15-15,https://suumo.jp//ms/chuko/fukuoka/sc_fukuokashichuo/nc_21089824/
21089885,コスモ六本松シティフォルム,7199,26,地下鉄七隈線,六本松,3,3LDK,70.58,福岡県福岡市中央区草香江２-1-13,https://suumo.jp//ms/chuko/fukuoka/sc_fukuokashichuo/nc_21089885/
21089973,ファミール輝国,2990,42,地下鉄七隈線,六本松,15,3LDK,81.6,福岡県福岡市中央区輝国２,https://suumo.jp//ms/chuko/fukuoka/sc_fukuokashichuo/nc_21089973/
21090386,藤崎ロジュマン,4350,38,地下鉄空港線,藤崎,12,4LDK,82.76,福岡県福岡市早良区昭代３,https://suumo.jp//ms/chuko/fukuoka/sc_fukuokashisawara/nc_21090386/
21093287,パーク・サンリヤン博多の森Ⅰ・Ⅱ番館,4190,23,地下鉄空港線,福岡空港,11,3LDK,82.19,福岡県糟屋郡志免町別府西２-24-2,https://suumo.jp//ms/chuko/fukuoka/sc_kasuyagunshime/nc_21093287/
21093790,コスモシティ地行,6400,24,地下鉄空港線,唐人町,5,3LDK,84.04,福岡県福岡市中央区地行４,https://suumo.jp//ms/chuko/fukuoka/sc_fukuokashichuo/nc_21093790/
21094464,アソシアタワー大濠ベネフィス,8690,21,地下鉄空港線,大濠公園,8,4LDK,92.04,福岡県福岡市中央区荒戸３,https://suumo.jp//ms/chuko/fukuoka/sc_fukuokashichuo/nc_21094464/
21095893,アクロス大濠公園グランビュー,15000,1,地下鉄空港線,唐人町,3,3LDK,68.02,福岡県福岡市中央区黒門,https://suumo.jp//ms/chuko/fukuoka/sc_fukuokashichuo/nc_21095893/
21096471,ロワール赤坂けやき通り,6180,21,地下鉄七隈線,桜坂,9,4LDK,83.6,福岡県福岡市中央区赤坂３,https://suumo.jp//ms/chuko/fukuoka/sc_fukuokashichuo/nc_21096471/
21097447,リファレンス天神南,4199,24,地下鉄七隈線,渡辺通,13,3LDK,65.32,福岡県福岡市中央区清川２,https://suumo.jp//ms/chuko/fukuoka/sc_fukuokashichuo/nc_21097447/
21097448,ロイヤルマンション西新,4399,39,地下鉄空港線,西新,10,4LDK,84.48,福岡県福岡市早良区祖原,https://suumo.jp//ms/chuko/fukuoka/sc_fukuokashisawara/nc_21097448/
21097552,グランフォーレ西新,3699,20,地下鉄空港線,西新,6,1LDK,40.05,福岡県福岡市早良区城西１,https://suumo.jp//ms/chuko/fukuoka/sc_fukuokashisawara/nc_21097552/
21099018,グランドメゾン福岡　Ｔｈｅ　Ｃｅｎｔｒａｌ　Ｌｕｘｅ,15000,1,西鉄天神大牟田線,薬院,3,1LDK,67.67,福岡県福岡市中央区渡辺通２,https://suumo.jp//ms/chuko/fukuoka/sc_fukuokashichuo/nc_21099018/
21099765,シャンボール大名 D棟,3500,44,地下鉄空港線,赤坂,3,3DK,58.88,福岡県福岡市中央区大名２,https://suumo.jp//ms/chuko/fukuoka/sc_fukuokashichuo/nc_21099765/
21104109,サングレート別府アカデミニアム,6980,19,地下鉄七隈線,別府,3,3LDK,81.56,福岡県福岡市城南区別府４,https://suumo.jp//ms/chuko/fukuoka/sc_fukuokashijonan/nc_21104109/
21104833,ライオンズプラザ大濠公園,5780,31,地下鉄空港線,唐人町,6,3LDK,66.63,福岡県福岡市中央区荒戸３-2-41,https://suumo.jp//ms/chuko/fukuoka/sc_fukuokashichuo/nc_21104833/
21104942,ファミール輝国　中古マンション,2990,42,地下鉄七隈線,六本松,15,3LDK+S（納戸）,81.6,福岡県福岡市中央区輝国２,https://suumo.jp//ms/chuko/fukuoka/sc_fukuokashichuo/nc_21104942/
21105417,警固ハウス【担当：中尾】までお気軽にお問合せください…,2999,46,地下鉄七隈線,薬院大通,9,2LDK,66.0,福岡県福岡市中央区警固１,https://suumo.jp//ms/chuko/fukuoka/sc_fukuokashichuo/nc_21105417/
21105484,ロワールマンション西公園東,7180,27,地下鉄空港線,大濠公園,6,3LDK,79.89,福岡県福岡市中央区港２,https://suumo.jp//ms/chuko/fukuoka/sc_fukuokashichuo/nc_21105484/
21105485,アソシアタワー大濠ベネフィス,8690,21,地下鉄空港線,唐人町,6,4LDK,92.04,福岡県福岡市中央区荒戸３,https://suumo.jp//ms/chuko/fukuoka/sc_fukuokashichuo/nc_21105485/
21105486,カーサ第２博多,2480,45,地下鉄七隈線,渡辺通,10,1LDK,55.27,福岡県福岡市博多区住吉２,https://suumo.jp//ms/chuko/fukuoka/sc_fukuokashihakata/nc_21105486/
21107580,グランディア百道浜通り,6380,20,地下鉄空港線,西新,9,3LDK,68.66,福岡県福岡市早良区西新２,https://suumo.jp//ms/chuko/fukuoka/sc_fukuokashisawara/nc_21107580/
21107656,ダイアパレス大濠公園Ⅱ,5999,30,地下鉄空港線,大濠公園,6,3LDK,70.92,福岡県福岡市中央区荒戸２-2-32,https://suumo.jp//ms/chuko/fukuoka/sc_fukuokashichuo/nc_21107656/
21107659,東カングランドマンション大濠パークサイド,2880,52,地下鉄七隈線,六本松,12,2LDK,55.0,福岡県福岡市中央区鳥飼１-4-58,https://suumo.jp//ms/chuko/fukuoka/sc_fukuokashichuo/nc_21107659/
21108936,ロイヤルマンション六本松,6500,37,地下鉄七隈線,六本松,6,2LDK,87.12,福岡県福岡市中央区梅光園１,https://suumo.jp//ms/chuko/fukuoka/sc_fukuokashichuo/nc_21108936/
21110100,朝日プラザ高取,2680,41,地下鉄空港線,藤崎,2,2LDK,49.37,福岡県福岡市早良区高取２,https://suumo.jp//ms/chuko/fukuoka/sc_fukuokashisawara/nc_21110100/
21110399,グランフォーレラグゼ平尾,2899,15,地下鉄七隈線,薬院,15,1LDK,30.18,福岡県福岡市南区市崎１,https://suumo.jp//ms/chuko/fukuoka/sc_fukuokashiminami/nc_21110399/
21112525,デュレジア薬院スタンス,8360,3,西鉄天神大牟田線,薬院,6,2LDK,60.22,福岡県福岡市中央区薬院３,https://suumo.jp//ms/chuko/fukuoka/sc_fukuokashichuo/nc_21112525/
21113400,プレサンスロジェ薬院二丁目,7980,6,地下鉄七隈線,薬院大通,3,2LDK+S（納戸）,65.57,福岡県福岡市中央区薬院２,https://suumo.jp//ms/chuko/fukuoka/sc_fukuokashichuo/nc_21113400/
21113605,ファミール輝国,2990,42,地下鉄七隈線,六本松,15,3LDK+S（納戸）,91.6,福岡県福岡市中央区輝国２,https://suumo.jp//ms/chuko/fukuoka/sc_fukuokashichuo/nc_21113605/
21115582,浄水通りパーク・ホームズ,5599,32,地下鉄七隈線,薬院大通,4,3LDK,61.48,福岡県福岡市中央区薬院４-6-7,https://suumo.jp//ms/chuko/fukuoka/sc_fukuokashichuo/nc_21115582/
21115626,サーパス大博通り,3399,36,地下鉄空港線,中洲川端,15,1LDK,48.39,福岡県福岡市博多区大博町5-27,https://suumo.jp//ms/chuko/fukuoka/sc_fukuokashihakata/nc_21115626/
21116231,ヒューマインド博多駅東ネクスタイル,5999,21,地下鉄空港線,東比恵,5,3LDK,80.11,福岡県福岡市博多区東比恵３,https://suumo.jp//ms/chuko/fukuoka/sc_fukuokashihakata/nc_21116231/
21116549,エステートマンション大濠・相羽ビル,6380,40,地下鉄七隈線,六本松,9,3LDK,102.26,福岡県福岡市中央区大濠１,https://suumo.jp//ms/chuko/fukuoka/sc_fukuokashichuo/nc_21116549/
21117161,ヒューマインド博多駅東ネクスタイル,5999,21,地下鉄空港線,東比恵,5,3LDK,80.11,福岡県福岡市博多区東比恵３,https://suumo.jp//ms/chuko/fukuoka/sc_fukuokashihakata/nc_21117161/
21117416,ダイアパレス赤坂,8999,25,地下鉄空港線,赤坂,9,4LDK,88.58,福岡県福岡市中央区赤坂２,https://suumo.jp//ms/chuko/fukuoka/sc_fukuokashichuo/nc_21117416/
21117643,ダイアパレス大濠公園Ⅱ,5999,30,地下鉄空港線,大濠公園,7,3LDK,70.92,福岡県福岡市中央区荒戸２,https://suumo.jp//ms/chuko/fukuoka/sc_fukuokashichuo/nc_21117643/
21118149,浄水通りパーク・ホームズ,5599,32,地下鉄七隈線,薬院大通,4,3LDK,61.48,福岡県福岡市中央区薬院４,https://suumo.jp//ms/chuko/fukuoka/sc_fukuokashichuo/nc_21118149/
21118462,グランディア百道浜通り,6580,20,地下鉄空港線,西新,9,3LDK,68.66,福岡県福岡市早良区西新２-23-12,https://suumo.jp//ms/chuko/fukuoka/sc_fukuokashisawara/nc_21118462/
21118621,サーパス大博通り,3399,36,地下鉄箱崎線,中洲川端,15,1LDK,48.39,福岡県福岡市博多区大博町,https://suumo.jp//ms/chuko/fukuoka/sc_fukuokashihakata/nc_21118621/
21120042,ロマネスク浄水通り,4990,40,地下鉄七隈線,薬院大通,5,3LDK,91.98,福岡県福岡市中央区薬院４,https://suumo.jp//ms/chuko/fukuoka/sc_fukuokashichuo/nc_21120042/
21120491,コスモ六本松シティフォルム,6980,26,地下鉄七隈線,六本松,4,3LDK,69.02,福岡県福岡市中央区草香江２,https://suumo.jp//ms/chuko/fukuoka/sc_fukuokashichuo/nc_21120491/
21120571,ザ・パークハウス桜坂サンリヤン,7480,8,地下鉄七隈線,桜坂,3,2LDK,62.55,福岡県福岡市中央区桜坂３,https://suumo.jp//ms/chuko/fukuoka/sc_fukuokashichuo/nc_21120571/
21122262,東カングランドマンション大濠パークサイド,2880,52,地下鉄七隈線,六本松,12,2LDK,55.0,福岡県福岡市中央区鳥飼１,https://suumo.jp//ms/chuko/fukuoka/sc_fukuokashichuo/nc_21122262/
21126548,サングレート博多駅南センターステージ,5290,26,ＪＲ鹿児島本線,博多,13,2LDK,60.91,福岡県福岡市博多区博多駅南２,https://suumo.jp//ms/chuko/fukuoka/sc_fukuokashihakata/nc_21126548/
21126561,大濠公園パーク・ホームズ,6880,26,地下鉄空港線,唐人町,8,3LDK,71.19,福岡県福岡市中央区今川１,https://suumo.jp//ms/chuko/fukuoka/sc_fukuokashichuo/nc_21126561/
21127107,ライフピア舞鶴,3549,44,地下鉄空港線,赤坂,7,2LDK,72.3,福岡県福岡市中央区舞鶴３,https://suumo.jp//ms/chuko/fukuoka/sc_fukuokashichuo/nc_21127107/
21127150,アクセス天神Ⅱ,6280,25,西鉄天神大牟田線,薬院,5,3LDK,70.3,福岡県福岡市中央区今泉１,https://suumo.jp//ms/chuko/fukuoka/sc_fukuokashichuo/nc_21127150/
21127815,南薬院パークマンション,4480,41,地下鉄七隈線,薬院大通,4,3LDK,72.08,福岡県福岡市中央区薬院２,https://suumo.jp//ms/chuko/fukuoka/sc_fukuokashichuo/nc_21127815/
21128467,アメックス大手門ツインビュー,7980,21,地下鉄空港線,赤坂,8,3LDK,86.54,福岡県福岡市中央区大手門２,https://suumo.jp//ms/chuko/fukuoka/sc_fukuokashichuo/nc_21128467/
21128916,警固ハウス,2999,46,地下鉄七隈線,薬院大通,8,2LDK,66.0,福岡県福岡市中央区警固１-15-15,https://suumo.jp//ms/chuko/fukuoka/sc_fukuokashichuo/nc_21128916/
21129688,グランディア百道浜通り,6380,20,地下鉄空港線,西新,9,3LDK,68.66,福岡県福岡市早良区西新２,https://suumo.jp//ms/chuko/fukuoka/sc_fukuokashisawara/nc_21129688/
21130902,警固ハウス,3090,46,地下鉄七隈線,薬院大通,8,3LDK,66.0,福岡県福岡市中央区警固１-15-15,https://suumo.jp//ms/chuko/fukuoka/sc_fukuokashichuo/nc_21130902/
21132891,ファミール輝国,2990,42,地下鉄七隈線,六本松,15,3LDK+S（納戸）,81.6,福岡県福岡市中央区輝国２,https://suumo.jp//ms/chuko/fukuoka/sc_fukuokashichuo/nc_21132891/
21134076,サヴォイ ザ・リバーテラス,4599,20,地下鉄空港線,中洲川端,8,2LDK,49.89,福岡県福岡市博多区中洲中島町,https://suumo.jp//ms/chuko/fukuoka/sc_fukuokashihakata/nc_21134076/
21134993,ヒューマンインド博多駅東ネクスタイル,5999,21,地下鉄空港線,東比恵,6,3LDK,80.11,福岡県福岡市博多区東比恵３,https://suumo.jp//ms/chuko/fukuoka/sc_fukuokashihakata/nc_21134993/
21135593,ダイアパレス赤坂,8499,25,地下鉄空港線,赤坂,10,4LDK,88.58,福岡県福岡市中央区赤坂２-1-33,https://suumo.jp//ms/chuko/fukuoka/sc_fukuokashichuo/nc_21135593/
21135595,藤崎センタービル,2450,47,地下鉄空港線,藤崎,3,1LDK,42.55,福岡県福岡市早良区高取２-18-6,https://suumo.jp//ms/chuko/fukuoka/sc_fukuokashisawara/nc_21135595/
21135834,ヒューマインド博多駅東ネクスタイル,5999,21,地下鉄空港線,東比恵,4,3LDK,80.11,福岡県福岡市博多区東比恵３-24-24,https://suumo.jp//ms/chuko/fukuoka/sc_fukuokashihakata/nc_21135834/
21137025,グランドメゾン赤坂門,7680,21,地下鉄空港線,赤坂,5,1LDK,53.19,福岡県福岡市中央区赤坂１,https://suumo.jp//ms/chuko/fukuoka/sc_fukuokashichuo/nc_21137025/
21137414,ヒューマインド博多駅東ネクスタイル,5999,21,地下鉄空港線,東比恵,7,3LDK,80.11,福岡県福岡市博多区東比恵３,https://suumo.jp//ms/chuko/fukuoka/sc_fukuokashihakata/nc_21137414/
21137790,ヒューマインド博多駅東ネクスタイル,5999,21,地下鉄空港線,東比恵,5,3LDK,80.11,福岡県福岡市博多区東比恵３,https://suumo.jp//ms/chuko/fukuoka/sc_fukuokashihakata/nc_21137790/
21143214,ジオ・イニシア博多駅前,6980,17,地下鉄空港線,博多,11,3LDK,75.35,福岡県福岡市博多区博多駅前４,https://suumo.jp//ms/chuko/fukuoka/sc_fukuokashihakata/nc_21143214/
21144719,シーサイドももちイーストステージ　１号棟,5980,36,地下鉄空港線,西新,14,3LDK,90.76,福岡県福岡市早良区百道浜１,https://suumo.jp//ms/chuko/fukuoka/sc_fukuokashisawara/nc_21144719/
21144720,東峰マンション空港通り,3450,28,地下鉄空港線,東比恵,12,3LDK,78.82,福岡県福岡市博多区豊１,https://suumo.jp//ms/chuko/fukuoka/sc_fukuokashihakata/nc_21144720/
21146280,グランフォーレ西新,3699,20,地下鉄空港線,西新,6,1LDK,40.05,福岡県福岡市早良区城西１,https://suumo.jp//ms/chuko/fukuoka/sc_fukuokashisawara/nc_21146280/
21146283,グランディア百道浜通り,6380,20,地下鉄空港線,西新,9,3LDK,68.66,福岡県福岡市早良区西新２,https://suumo.jp//ms/chuko/fukuoka/sc_fukuokashisawara/nc_21146283/
21146325,東カングランドマンション大濠パークサイド,2880,52,地下鉄空港線,唐人町,14,2LDK,55.0,福岡県福岡市中央区鳥飼１,https://suumo.jp//ms/chuko/fukuoka/sc_fukuokashichuo/nc_21146325/
21146766,ザ・ライオンズ大濠公園,26000,2,地下鉄空港線,大濠公園,2,2LDK+S（納戸）,116.11,福岡県福岡市中央区荒戸１,https://suumo.jp//ms/chuko/fukuoka/sc_fukuokashichuo/nc_21146766/
21147524,ハイツ大手門,4298,44,地下鉄空港線,大濠公園,5,3LDK,67.63,福岡県福岡市中央区大手門２,https://suumo.jp//ms/chuko/fukuoka/sc_fukuokashichuo/nc_21147524/
21149220,コーポ大濠,4580,41,地下鉄空港線,大濠公園,2,3LDK,149.22,福岡県福岡市中央区荒戸１,https://suumo.jp//ms/chuko/fukuoka/sc_fukuokashichuo/nc_21149220/
21149359,ライオンズマンション赤坂,4980,47,地下鉄空港線,赤坂,8,3LDK,78.98,福岡県福岡市中央区赤坂２,https://suumo.jp//ms/chuko/fukuoka/sc_fukuokashichuo/nc_21149359/
21150902,エステートマンション大濠グランディール,6699,35,地下鉄空港線,西新,12,3LDK,85.23,福岡県福岡市中央区今川２-7-52,https://suumo.jp//ms/chuko/fukuoka/sc_fukuokashichuo/nc_21150902/
21154417,ザ・ライオンズ大濠公園,10980,2,地下鉄空港線,大濠公園,2,2LDK,61.77,福岡県福岡市中央区荒戸１,https://suumo.jp//ms/chuko/fukuoka/sc_fukuokashichuo/nc_21154417/
21154723,朝日プラザ博多,3190,41,ＪＲ鹿児島本線,博多,12,2LDK,54.18,福岡県福岡市博多区博多駅前４-33-11,https://suumo.jp//ms/chuko/fukuoka/sc_fukuokashihakata/nc_21154723/
21155883,シーサイドももちヴェルデコート　5番館,5999,35,地下鉄空港線,藤崎,12,3LDK,80.88,福岡県福岡市早良区百道浜３-3-5,https://suumo.jp//ms/chuko/fukuoka/sc_fukuokashisawara/nc_21155883/
21155962,ヒューマインド博多駅東ネクスタイル,5999,21,地下鉄空港線,東比恵,5,3LDK,80.11,福岡県福岡市博多区東比恵３-24,https://suumo.jp//ms/chuko/fukuoka/sc_fukuokashihakata/nc_21155962/
21156825,朝日プラザ浄水,4199,45,地下鉄七隈線,薬院大通,4,3LDK,74.88,福岡県福岡市中央区薬院４,https://suumo.jp//ms/chuko/fukuoka/sc_fukuokashichuo/nc_21156825/
21159531,◆☆サーパス大博通り☆◆,3399,36,地下鉄空港線,中洲川端,15,1LDK,49.39,福岡県福岡市博多区大博町,https://suumo.jp//ms/chuko/fukuoka/sc_fukuokashihakata/nc_21159531/
21161920,グランフォーレ西新602号室,3699,20,地下鉄空港線,西新,6,1LDK,40.05,福岡県福岡市早良区城西１,https://suumo.jp//ms/chuko/fukuoka/sc_fukuokashisawara/nc_21161920/
21165863,日商岩井新福陵マンション3号棟,2280,48,地下鉄空港線,藤崎,14,4LDK,92.26,福岡県福岡市早良区荒江３,https://suumo.jp//ms/chuko/fukuoka/sc_fukuokashisawara/nc_21165863/
21166001,ファミール輝国,2990,42,地下鉄七隈線,六本松,15,3LDK+S（納戸）,81.6,福岡県福岡市中央区輝国２-8-20,https://suumo.jp//ms/chuko/fukuoka/sc_fukuokashichuo/nc_21166001/
21166288,ネクサス薬院,12880,11,地下鉄七隈線,薬院大通,3,3LDK,94.52,福岡県福岡市中央区薬院１,https://suumo.jp//ms/chuko/fukuoka/sc_fukuokashichuo/nc_21166288/
21167401,アンピール西新,7200,22,地下鉄空港線,西新,10,4LDK,93.58,福岡県福岡市早良区城西３,https://suumo.jp//ms/chuko/fukuoka/sc_fukuokashisawara/nc_21167401/
21167419,大濠ハウス　中古マンション,2980,48,地下鉄七隈線,六本松,12,2LDK+S（納戸）,76.18,福岡県福岡市中央区草香江２,https://suumo.jp//ms/chuko/fukuoka/sc_fukuokashichuo/nc_21167419/
21168948,クレアランドマーク,3380,25,地下鉄空港線,祇園,3,1LDK,40.43,福岡県福岡市博多区冷泉町,https://suumo.jp//ms/chuko/fukuoka/sc_fukuokashihakata/nc_21168948/
21168976,ロイヤルマンション別府,5099,40,地下鉄七隈線,別府,4,3LDK,81.0,福岡県福岡市城南区別府３,https://suumo.jp//ms/chuko/fukuoka/sc_fukuokashijonan/nc_21168976/
21169345,第三住吉ハイツ,2569,46,地下鉄空港線,博多,13,2LDK,67.2,福岡県福岡市博多区住吉５-10-7,https://suumo.jp//ms/chuko/fukuoka/sc_fukuokashihakata/nc_21169345/
21172028,東峰マンション西公園　中古マンション,2680,48,地下鉄空港線,大濠公園,7,2LDK,48.59,福岡県福岡市中央区荒戸３,https://suumo.jp//ms/chuko/fukuoka/sc_fukuokashichuo/nc_21172028/
21172909,別府駅徒歩1分♪ ロイヤルマンション別府　【担当：出…,5280,40,地下鉄七隈線,別府,1,3LDK,81.0,福岡県福岡市城南区別府３-1-11,https://suumo.jp//ms/chuko/fukuoka/sc_fukuokashijonan/nc_21172909/
21174285,サヴォイ　ザ・セントラルガーデン,1850,19,地下鉄七隈線,渡辺通,10,1K,24.63,福岡県福岡市博多区住吉３,https://suumo.jp//ms/chuko/fukuoka/sc_fukuokashihakata/nc_21174285/
21174313,エクセレンス谷,2080,47,地下鉄七隈線,六本松,6,3LDK,66.68,福岡県福岡市中央区谷１,https://suumo.jp//ms/chuko/fukuoka/sc_fukuokashichuo/nc_21174313/
21174631,グランドメゾン薬院レジデンス,20000,9,地下鉄七隈線,薬院大通,5,4LDK,105.5,福岡県福岡市中央区薬院２,https://suumo.jp//ms/chuko/fukuoka/sc_fukuokashichuo/nc_21174631/
21175231,ロイヤルマンション別府,5090,40,地下鉄七隈線,別府,1,3LDK,81.0,福岡県福岡市城南区別府３,https://suumo.jp//ms/chuko/fukuoka/sc_fukuokashijonan/nc_21175231/
21175402,サークコート大濠公園駅,12000,25,地下鉄空港線,大濠公園,3,4LDK,100.78,福岡県福岡市中央区荒戸２,https://suumo.jp//ms/chuko/fukuoka/sc_fukuokashichuo/nc_21175402/
21175478,グランドメゾン福岡　Ｔｈｅ　Ｃｅｎｔｒａｌ　Ｌｕｘｅ,10980,1,西鉄天神大牟田線,薬院,2,1LDK,69.72,福岡県福岡市中央区渡辺通２,https://suumo.jp//ms/chuko/fukuoka/sc_fukuokashichuo/nc_21175478/
21176444,オープンレジデンシア博多駅南,3490,2,ＪＲ鹿児島本線,博多,11,1LDK,34.7,福岡県福岡市博多区博多駅南２,https://suumo.jp//ms/chuko/fukuoka/sc_fukuokashihakata/nc_21176444/
21177479,グランフォーレ西新,3699,20,地下鉄空港線,西新,7,1LDK,40.05,福岡県福岡市早良区城西１-8-14,https://suumo.jp//ms/chuko/fukuoka/sc_fukuokashisawara/nc_21177479/
21179636,ラ・ミリオーレ室見河畔,4399,21,地下鉄空港線,藤崎,15,1LDK+S（納戸）,54.79,福岡県福岡市早良区室見５,https://suumo.jp//ms/chuko/fukuoka/sc_fukuokashisawara/nc_21179636/
21180321,クレアランドマーク,3380,25,地下鉄空港線,祇園,4,1LDK,40.43,福岡県福岡市博多区冷泉町2-9,https://suumo.jp//ms/chuko/fukuoka/sc_fukuokashihakata/nc_21180321/
21181989,ダイアパレスグランデージ博多駅前,5180,28,地下鉄七隈線,博多,9,3LDK,64.64,福岡県福岡市博多区博多駅前４-23-12,https://suumo.jp//ms/chuko/fukuoka/sc_fukuokashihakata/nc_21181989/
21182601,ロイヤルマンション別府,5090,40,地下鉄七隈線,別府,1,3LDK,81.0,福岡県福岡市城南区別府３-1-11,https://suumo.jp//ms/chuko/fukuoka/sc_fukuokashijonan/nc_21182601/
21182813,ネクサス百道　Ｓ棟,5780,37,地下鉄空港線,藤崎,10,3LDK,89.1,福岡県福岡市早良区百道浜４,https://suumo.jp//ms/chuko/fukuoka/sc_fukuokashisawara/nc_21182813/
21182829,ザ・パークハウス赤坂タワーレジデンス,8900,7,地下鉄空港線,赤坂,7,3LDK,75.6,福岡県福岡市中央区長浜２,https://suumo.jp//ms/chuko/fukuoka/sc_fukuokashichuo/nc_21182829/
21182830,グランアルト天神タワー,6290,22,地下鉄空港線,天神,9,1LDK,55.68,福岡県福岡市中央区今泉２,https://suumo.jp//ms/chuko/fukuoka/sc_fukuokashichuo/nc_21182830/
21183807,コスモ六本松シティフォルム,7199,26,地下鉄七隈線,六本松,5,3LDK,70.58,福岡県福岡市中央区草香江２,https://suumo.jp//ms/chuko/fukuoka/sc_fukuokashichuo/nc_21183807/
21184932,ザ・パークハウス福岡タワーズWEST,8820,7,地下鉄空港線,唐人町,12,2LDK,61.74,福岡県福岡市中央区地行浜２,https://suumo.jp//ms/chuko/fukuoka/sc_fukuokashichuo/nc_21184932/
21185132,カーサ第弐博多,2480,45,地下鉄七隈線,櫛田神社前,9,1LDK,55.27,福岡県福岡市博多区住吉２,https://suumo.jp//ms/chuko/fukuoka/sc_fukuokashihakata/nc_21185132/
21185449,三井薬院ハイツ,5500,44,地下鉄七隈線,薬院大通,6,4LDK,98.7,福岡県福岡市中央区薬院２,https://suumo.jp//ms/chuko/fukuoka/sc_fukuokashichuo/nc_21185449/
21186021,クリオラベルヴィ呉服町ウエスト,3280,6,地下鉄空港線,中洲川端,11,1LDK,34.4,福岡県福岡市博多区下呉服町,https://suumo.jp//ms/chuko/fukuoka/sc_fukuokashihakata/nc_21186021/
21187880,コアマンション神屋町,5280,30,地下鉄空港線,中洲川端,10,3LDK,71.85,福岡県福岡市博多区神屋町,https://suumo.jp//ms/chuko/fukuoka/sc_fukuokashihakata/nc_21187880/
21187884,ソレイユ赤坂南,4998,37,地下鉄七隈線,桜坂,6,3LDK,75.03,福岡県福岡市中央区六本松３,https://suumo.jp//ms/chuko/fukuoka/sc_fukuokashichuo/nc_21187884/
21187898,アーバンパレス大濠,4490,34,地下鉄空港線,大濠公園,4,2DK,53.88,福岡県福岡市中央区荒戸２,https://suumo.jp//ms/chuko/fukuoka/sc_fukuokashichuo/nc_21187898/
21187907,グランドメゾン浄水ガーデンシティセントラルフォレスト…,9090,4,地下鉄七隈線,薬院大通,9,2LDK,65.42,福岡県福岡市中央区薬院４,https://suumo.jp//ms/chuko/fukuoka/sc_fukuokashichuo/nc_21187907/
21187914,ダイナコート赤坂南,2998,38,地下鉄七隈線,桜坂,6,3LDK,63.27,福岡県福岡市中央区桜坂２,https://suumo.jp//ms/chuko/fukuoka/sc_fukuokashichuo/nc_21187914/
21187986,シーサイドももちクリスタージュ壱番館,7499,34,地下鉄空港線,藤崎,11,4LDK,107.81,福岡県福岡市早良区百道浜４,https://suumo.jp//ms/chuko/fukuoka/sc_fukuokashisawara/nc_21187986/
21187995,デュオヴェール平尾,3200,3,地下鉄七隈線,薬院,14,1LDK,34.1,福岡県福岡市中央区平尾２,https://suumo.jp//ms/chuko/fukuoka/sc_fukuokashichuo/nc_21187995/
21187999,アダージュ薬院弐番館,9980,23,地下鉄七隈線,薬院大通,2,4LDK,93.88,福岡県福岡市中央区薬院２,https://suumo.jp//ms/chuko/fukuoka/sc_fukuokashichuo/nc_21187999/
21188006,ファーネスト西新南,5199,26,地下鉄空港線,藤崎,15,4LDK,77.96,福岡県福岡市早良区昭代２,https://suumo.jp//ms/chuko/fukuoka/sc_fukuokashisawara/nc_21188006/
21188010,インプレスト天神オークタワー,6080,6,地下鉄空港線,赤坂,8,2LDK,61.28,福岡県福岡市中央区長浜２,https://suumo.jp//ms/chuko/fukuoka/sc_fukuokashichuo/nc_21188010/
21188017,ネオヒューマインド別府駅前,6700,17,地下鉄七隈線,別府,3,2LDK,79.56,福岡県福岡市城南区別府２,https://suumo.jp//ms/chuko/fukuoka/sc_fukuokashijonan/nc_21188017/
21188019,グランドメゾン大濠南,10490,25,地下鉄七隈線,六本松,3,3LDK+S（納戸）,98.79,福岡県福岡市中央区草香江２,https://suumo.jp//ms/chuko/fukuoka/sc_fukuokashichuo/nc_21188019/
21188027,西公園ツインタワー,3998,36,地下鉄空港線,大濠公園,8,3LDK,83.05,福岡県福岡市中央区荒戸２,https://suumo.jp//ms/chuko/fukuoka/sc_fukuokashichuo/nc_21188027/
21188028,グランドメゾン浄水ガーデンシティフォレストゲートII…,20900,8,地下鉄七隈線,薬院大通,5,4LDK,102.78,福岡県福岡市中央区薬院４,https://suumo.jp//ms/chuko/fukuoka/sc_fukuokashichuo/nc_21188028/
21188029,モントーレセントラルベイコート,7480,12,地下鉄空港線,大濠公園,11,3LDK,68.07,福岡県福岡市中央区長浜３,https://suumo.jp//ms/chuko/fukuoka/sc_fukuokashichuo/nc_21188029/
21188030,ライオンズマンション六本松第２,1480,38,地下鉄七隈線,桜坂,6,2DK,44.96,福岡県福岡市中央区六本松３,https://suumo.jp//ms/chuko/fukuoka/sc_fukuokashichuo/nc_21188030/
21188709,イノバス大濠公園,7780,0,地下鉄空港線,唐人町,8,2LDK,55.07,福岡県福岡市中央区荒戸３,https://suumo.jp//ms/chuko/fukuoka/sc_fukuokashichuo/nc_21188709/
21189932,エンクレスト天神南Ⅲ,2499,21,地下鉄七隈線,渡辺通,13,1LDK,37.86,福岡県福岡市中央区清川３,https://suumo.jp//ms/chuko/fukuoka/sc_fukuokashichuo/nc_21189932/
21190286,コスモ六本松シティフォルム,7199,26,地下鉄七隈線,六本松,4,3LDK,70.58,福岡県福岡市中央区草香江２,https://suumo.jp//ms/chuko/fukuoka/sc_fukuokashichuo/nc_21190286/
21190414,コスモ六本松シティフォルム,7199,26,地下鉄七隈線,六本松,4,3LDK,70.58,福岡県福岡市中央区草香江２,https://suumo.jp//ms/chuko/fukuoka/sc_fukuokashichuo/nc_21190414/
21190896,サーパス大博通り,3399,36,地下鉄空港線,中洲川端,15,1LDK,48.39,福岡県福岡市博多区大博町,https://suumo.jp//ms/chuko/fukuoka/sc_fukuokashihakata/nc_21190896/
21191053,クリオラベルヴィ呉服町ウエスト,3130,6,地下鉄空港線,中洲川端,14,1LDK,34.4,福岡県福岡市博多区下呉服町4-22,https://suumo.jp//ms/chuko/fukuoka/sc_fukuokashihakata/nc_21191053/
21193526,ドミール鳥飼,1500,52,地下鉄空港線,西新,7,1LDK,54.96,福岡県福岡市中央区鳥飼３,https://suumo.jp//ms/chuko/fukuoka/sc_fukuokashichuo/nc_21193526/
21193978,オープンレジデンシア大濠西,3850,2,地下鉄空港線,唐人町,8,1LDK,34.11,福岡県福岡市中央区今川２,https://suumo.jp//ms/chuko/fukuoka/sc_fukuokashichuo/nc_21193978/
21194212,ＭＪＲ博多ザ・レジデンス,5590,1,ＪＲ鹿児島本線,博多,13,1LDK,52.78,福岡県福岡市博多区美野島１,https://suumo.jp//ms/chuko/fukuoka/sc_fukuokashihakata/nc_21194212/
21195416,ファミール輝国,2990,42,地下鉄七隈線,六本松,15,3LDK,81.6,福岡県福岡市中央区輝国２,https://suumo.jp//ms/chuko/fukuoka/sc_fukuokashichuo/nc_21195416/
21195543,大濠公園グランドヒルズ,5780,36,地下鉄空港線,大濠公園,4,3LDK,70.11,福岡県福岡市中央区荒戸２,https://suumo.jp//ms/chuko/fukuoka/sc_fukuokashichuo/nc_21195543/
21195610,コアマンション百道プレジオ,8100,20,地下鉄空港線,藤崎,9,3LDK+S（納戸）,92.92,福岡県福岡市早良区百道１,https://suumo.jp//ms/chuko/fukuoka/sc_fukuokashisawara/nc_21195610/
21195846,モントーレ西公園アヴァンティ,6990,13,地下鉄空港線,大濠公園,7,4LDK,84.76,福岡県福岡市中央区荒戸２,https://suumo.jp//ms/chuko/fukuoka/sc_fukuokashichuo/nc_21195846/
21196117,大濠公園グランドヒルズ,5780,36,地下鉄空港線,大濠公園,4,3LDK,70.11,福岡県福岡市中央区荒戸２-3-49,https://suumo.jp//ms/chuko/fukuoka/sc_fukuokashichuo/nc_21196117/
21199643,藤崎ロジュマン,4350,38,地下鉄空港線,藤崎,10,4LDK,82.76,福岡県福岡市早良区昭代３,https://suumo.jp//ms/chuko/fukuoka/sc_fukuokashisawara/nc_21199643/
21199652,警固ハウス,3190,46,地下鉄七隈線,薬院大通,10,3LDK,66.0,福岡県福岡市中央区警固１,https://suumo.jp//ms/chuko/fukuoka/sc_fukuokashichuo/nc_21199652/
21199654,赤坂エクセル,3449,52,地下鉄七隈線,桜坂,13,2LDK,79.5,福岡県福岡市中央区赤坂３,https://suumo.jp//ms/chuko/fukuoka/sc_fukuokashichuo/nc_21199654/
21199655,リファレンス天神南,4199,24,地下鉄七隈線,渡辺通,13,3LDK,65.32,福岡県福岡市中央区清川２,https://suumo.jp//ms/chuko/fukuoka/sc_fukuokashichuo/nc_21199655/
21199676,ヒューマインド博多駅東ネクスタイル,5999,21,地下鉄空港線,東比恵,5,3LDK,80.11,福岡県福岡市博多区東比恵３,https://suumo.jp//ms/chuko/fukuoka/sc_fukuokashihakata/nc_21199676/
21200951,皐月マンション奈良屋,1980,46,地下鉄空港線,中洲川端,11,2LDK,53.28,福岡県福岡市博多区奈良屋町12-18,https://suumo.jp//ms/chuko/fukuoka/sc_fukuokashihakata/nc_21200951/
21202027,藤崎センタービル,2450,47,地下鉄空港線,藤崎,1,1LDK,42.55,福岡県福岡市早良区高取２,https://suumo.jp//ms/chuko/fukuoka/sc_fukuokashisawara/nc_21202027/
21202969,藤和西新コープ,1830,49,地下鉄空港線,西新,8,4LDK,84.82,福岡県福岡市早良区城西２-11-25,https://suumo.jp//ms/chuko/fukuoka/sc_fukuokashisawara/nc_21202969/
21203568,クリオラベルヴィ呉服町ウエスト,3130,6,地下鉄空港線,中洲川端,14,1LDK,34.4,福岡県福岡市博多区下呉服町,https://suumo.jp//ms/chuko/fukuoka/sc_fukuokashihakata/nc_21203568/
21203656,東カングランドマンション大濠パークサイド,2880,52,地下鉄空港線,唐人町,12,2LDK,55.0,福岡県福岡市中央区鳥飼１-4-58,https://suumo.jp//ms/chuko/fukuoka/sc_fukuokashichuo/nc_21203656/
21204216,朝日プラザ浄水,4199,45,地下鉄七隈線,薬院大通,3,3LDK,74.88,福岡県福岡市中央区薬院４,https://suumo.jp//ms/chuko/fukuoka/sc_fukuokashichuo/nc_21204216/
21204565,パーク・サンリヤン博多の森Ⅰ・Ⅱ番館,4190,23,地下鉄空港線,福岡空港,15,3LDK,82.19,福岡県糟屋郡志免町別府西２,https://suumo.jp//ms/chuko/fukuoka/sc_kasuyagunshime/nc_21204565/
21204923,ヴェルドミール今泉,3100,46,地下鉄七隈線,薬院大通,7,2LDK+S（納戸）,74.17,福岡県福岡市中央区今泉２,https://suumo.jp//ms/chuko/fukuoka/sc_fukuokashichuo/nc_21204923/
21204925,ザ・パークハウス赤坂タワーレジデンス,8900,7,地下鉄空港線,赤坂,7,3LDK,75.6,福岡県福岡市中央区長浜２,https://suumo.jp//ms/chuko/fukuoka/sc_fukuokashichuo/nc_21204925/
21205135,プレミスト赤坂けやき通り,43000,3,地下鉄空港線,赤坂,10,3LDK,177.04,福岡県福岡市中央区赤坂２,https://suumo.jp//ms/chuko/fukuoka/sc_fukuokashichuo/nc_21205135/
21205678,第３３プリンスマンション城南,5380,40,地下鉄七隈線,別府,4,3LDK,85.4,福岡県福岡市城南区別府１,https://suumo.jp//ms/chuko/fukuoka/sc_fukuokashijonan/nc_21205678/
21205834,ロイヤルマンション西新,4399,39,地下鉄空港線,西新,8,4LDK,84.48,福岡県福岡市早良区祖原,https://suumo.jp//ms/chuko/fukuoka/sc_fukuokashisawara/nc_21205834/
21206795,ＭＪＲ博多ザ・レジデンス,5590,1,ＪＲ鹿児島本線,博多,13,1LDK,52.78,福岡県福岡市博多区美野島１,https://suumo.jp//ms/chuko/fukuoka/sc_fukuokashihakata/nc_21206795/
21208962,グリーンハイツ輝国,1280,46,地下鉄七隈線,六本松,14,2DK,62.04,福岡県福岡市中央区輝国２,https://suumo.jp//ms/chuko/fukuoka/sc_fukuokashichuo/nc_21208962/
21209087,エバーライフすのこ小前,2980,43,地下鉄空港線,大濠公園,8,ワンルーム,45.1,福岡県福岡市中央区港２-1-9,https://suumo.jp//ms/chuko/fukuoka/sc_fukuokashichuo/nc_21209087/
21209105,アルファライフ博多プレシャス,4699,15,地下鉄七隈線,博多,15,1LDK,53.04,福岡県福岡市博多区住吉５,https://suumo.jp//ms/chuko/fukuoka/sc_fukuokashihakata/nc_21209105/
21209107,リファレンス天神南,4199,24,地下鉄七隈線,渡辺通,13,3LDK,65.32,福岡県福岡市中央区清川２,https://suumo.jp//ms/chuko/fukuoka/sc_fukuokashichuo/nc_21209107/
21211448,サーパス平尾駅前　6階,7280,26,地下鉄七隈線,薬院大通,15,4LDK,81.97,福岡県福岡市中央区平尾２,https://suumo.jp//ms/chuko/fukuoka/sc_fukuokashichuo/nc_21211448/
21212537,JGMロイヤルガーデン御所ケ谷,7800,21,地下鉄七隈線,薬院大通,11,4LDK,96.41,福岡県福岡市中央区御所ヶ谷5-21,https://suumo.jp//ms/chuko/fukuoka/sc_fukuokashichuo/nc_21212537/
21213879,シティライフ呉服町,6490,26,地下鉄空港線,中洲川端,13,3LDK,82.82,福岡県福岡市博多区下呉服町,https://suumo.jp//ms/chuko/fukuoka/sc_fukuokashihakata/nc_21213879/
21214048,ホワイティ薬院,2400,51,西鉄天神大牟田線,薬院,3,3LDK,65.03,福岡県福岡市中央区薬院１,https://suumo.jp//ms/chuko/fukuoka/sc_fukuokashichuo/nc_21214048/
21214060,【新掲載】コスモ警固ロイヤルフォルム,5380,25,地下鉄空港線,赤坂,7,2LDK,53.34,福岡県福岡市中央区警固１,https://suumo.jp//ms/chuko/fukuoka/sc_fukuokashichuo/nc_21214060/
21215024,パークホームズ室見駅前,5780,22,地下鉄空港線,藤崎,13,3LDK,71.47,福岡県福岡市早良区室見５,https://suumo.jp//ms/chuko/fukuoka/sc_fukuokashisawara/nc_21215024/
21215035,グランドパレス浄水通り,12850,9,地下鉄七隈線,薬院大通,6,2LDK,101.74,福岡県福岡市中央区薬院４,https://suumo.jp//ms/chuko/fukuoka/sc_fukuokashichuo/nc_21215035/
21216421,エステートマンション大濠グランディール,4880,35,地下鉄空港線,唐人町,8,3LDK,68.37,福岡県福岡市中央区今川２-7-52,https://suumo.jp//ms/chuko/fukuoka/sc_fukuokashichuo/nc_21216421/
21217571,クリオラベルヴィ呉服町,3199,8,地下鉄空港線,中洲川端,12,1LDK,34.4,福岡県福岡市博多区下呉服町,https://suumo.jp//ms/chuko/fukuoka/sc_fukuokashihakata/nc_21217571/
21219176,エンクレスト天神南Ⅲ,2499,21,地下鉄七隈線,渡辺通,13,1LDK,37.86,福岡県福岡市中央区清川３,https://suumo.jp//ms/chuko/fukuoka/sc_fukuokashichuo/nc_21219176/
21221592,赤坂パインマンション,3500,45,地下鉄空港線,赤坂,7,2LDK,72.0,福岡県福岡市中央区赤坂１,https://suumo.jp//ms/chuko/fukuoka/sc_fukuokashichuo/nc_21221592/
21221610,東峰マンション六本松,4990,37,地下鉄七隈線,六本松,8,2LDK,78.87,福岡県福岡市中央区輝国２,https://suumo.jp//ms/chuko/fukuoka/sc_fukuokashichuo/nc_21221610/
21221612,コープ野村平尾山荘,1800,48,地下鉄七隈線,薬院大通,13,3LDK,73.65,福岡県福岡市中央区山荘通３,https://suumo.jp//ms/chuko/fukuoka/sc_fukuokashichuo/nc_21221612/
21221614,ヒューマインド博多駅東ネクスタイル,5999,21,地下鉄空港線,東比恵,5,3LDK,80.11,福岡県福岡市博多区東比恵３,https://suumo.jp//ms/chuko/fukuoka/sc_fukuokashihakata/nc_21221614/
21224471,百道タワー,9200,22,地下鉄空港線,西新,9,2LDK,88.62,福岡県福岡市早良区百道浜１,https://suumo.jp//ms/chuko/fukuoka/sc_fukuokashisawara/nc_21224471/
21225525,ライオンズミレス西新,3980,4,地下鉄空港線,西新,5,1LDK,33.47,福岡県福岡市早良区城西３,https://suumo.jp//ms/chuko/fukuoka/sc_fukuokashisawara/nc_21225525/
21226496,赤坂エクセル,3449,52,地下鉄空港線,赤坂,13,2LDK,79.5,福岡県福岡市中央区赤坂３-8-26,https://suumo.jp//ms/chuko/fukuoka/sc_fukuokashichuo/nc_21226496/
21227155,ソレイユ赤坂南,4898,37,地下鉄七隈線,桜坂,7,3LDK,75.03,福岡県福岡市中央区六本松３-5-35,https://suumo.jp//ms/chuko/fukuoka/sc_fukuokashichuo/nc_21227155/
21227328,エンゼルハイム鳥飼中央,4880,25,地下鉄空港線,唐人町,15,3LDK,75.68,福岡県福岡市中央区鳥飼１-4-43,https://suumo.jp//ms/chuko/fukuoka/sc_fukuokashichuo/nc_21227328/
21227568,パークホームズ室見駅前,5780,22,地下鉄空港線,藤崎,12,3LDK,71.47,福岡県福岡市早良区室見５,https://suumo.jp//ms/chuko/fukuoka/sc_fukuokashisawara/nc_21227568/
21227604,藤和薬院コープ,3798,47,地下鉄七隈線,薬院大通,1,3LDK,73.69,福岡県福岡市中央区薬院２-3-3,https://suumo.jp//ms/chuko/fukuoka/sc_fukuokashichuo/nc_21227604/
21230346,ソレイユ赤坂南,4898,37,地下鉄七隈線,桜坂,6,3LDK,75.03,福岡県福岡市中央区六本松３,https://suumo.jp//ms/chuko/fukuoka/sc_fukuokashichuo/nc_21230346/
21232377,大濠公園グランドヒルズ,5780,36,地下鉄空港線,大濠公園,4,3LDK,70.11,福岡県福岡市中央区荒戸２-3-49,https://suumo.jp//ms/chuko/fukuoka/sc_fukuokashichuo/nc_21232377/
21233451,コープ野村博多東,3798,46,地下鉄空港線,東比恵,4,4LDK,98.41,福岡県福岡市博多区比恵町,https://suumo.jp//ms/chuko/fukuoka/sc_fukuokashihakata/nc_21233451/
21237014,グリーンハイツ輝国,1750,46,地下鉄七隈線,六本松,14,3LDK,76.3,福岡県福岡市中央区輝国２,https://suumo.jp//ms/chuko/fukuoka/sc_fukuokashichuo/nc_21237014/
21237185,エンゼルハイム鳥飼中央,4880,25,地下鉄七隈線,別府,13,2LDK+S（納戸）,75.68,福岡県福岡市中央区鳥飼１,https://suumo.jp//ms/chuko/fukuoka/sc_fukuokashichuo/nc_21237185/
21237186,藤和薬院コープ,3798,47,地下鉄七隈線,薬院大通,2,3LDK,68.55,福岡県福岡市中央区薬院２,https://suumo.jp//ms/chuko/fukuoka/sc_fukuokashichuo/nc_21237186/
21237187,マークネクスト鳥飼,8380,3,地下鉄七隈線,別府,6,3LDK,71.33,福岡県福岡市城南区鳥飼７,https://suumo.jp//ms/chuko/fukuoka/sc_fukuokashijonan/nc_21237187/
21237188,パーク・コート大濠,12800,24,地下鉄空港線,唐人町,11,2LDK,88.7,福岡県福岡市中央区大濠１,https://suumo.jp//ms/chuko/fukuoka/sc_fukuokashichuo/nc_21237188/
21237189,日商岩井今泉マンション,3980,52,地下鉄七隈線,薬院大通,7,3LDK,78.75,福岡県福岡市中央区今泉２,https://suumo.jp//ms/chuko/fukuoka/sc_fukuokashichuo/nc_21237189/
21238190,グランドメゾン浄水ガーデンシティサウスフォレスト,11750,11,地下鉄七隈線,薬院大通,7,2LDK,82.49,福岡県福岡市中央区薬院４,https://suumo.jp//ms/chuko/fukuoka/sc_fukuokashichuo/nc_21238190/
21238324,クリスタージュ壱番館,7199,34,地下鉄空港線,藤崎,11,3LDK,95.53,福岡県福岡市早良区百道浜４-2-1,https://suumo.jp//ms/chuko/fukuoka/sc_fukuokashisawara/nc_21238324/
21240342,デュ・レジア薬院テラス,6980,4,地下鉄七隈線,渡辺通,12,2LDK,63.0,福岡県福岡市中央区高砂２-１８－１０,https://suumo.jp//ms/chuko/fukuoka/sc_fukuokashichuo/nc_21240342/
21240464,グランド・サンリヤン大濠二丁目,8000,24,地下鉄空港線,唐人町,7,2LDK,82.71,福岡県福岡市中央区大濠２-11-5,https://suumo.jp//ms/chuko/fukuoka/sc_fukuokashichuo/nc_21240464/
21240480,エステートマンション大濠グランディール,4880,35,地下鉄空港線,唐人町,8,3LDK,68.37,福岡県福岡市中央区今川２-7-52,https://suumo.jp//ms/chuko/fukuoka/sc_fukuokashichuo/nc_21240480/
21240893,ヒューマインド博多駅東ネクスタイル,5999,21,地下鉄空港線,東比恵,5,3LDK,80.11,福岡県福岡市博多区東比恵３-24-24,https://suumo.jp//ms/chuko/fukuoka/sc_fukuokashihakata/nc_21240893/
21241364,ヒューマインド博多駅東ネクスタイル,5999,21,地下鉄空港線,東比恵,6,3LDK,80.11,福岡県福岡市博多区東比恵３-24-24,https://suumo.jp//ms/chuko/fukuoka/sc_fukuokashihakata/nc_21241364/
21241587,コスモ六本松シティフォルム,7199,26,地下鉄七隈線,六本松,4,3LDK,70.58,福岡県福岡市中央区草香江２,https://suumo.jp//ms/chuko/fukuoka/sc_fukuokashichuo/nc_21241587/
21241731,ザ・パークハウス 福岡タワーズ WEST,11900,7,地下鉄空港線,唐人町,13,2LDK+S（納戸）,87.49,福岡県福岡市中央区地行浜２-2番4　ザ・パークハウス 福岡タワーズ WEST2009,https://suumo.jp//ms/chuko/fukuoka/sc_fukuokashichuo/nc_21241731/
21242564,ロイヤルマンション西新,4399,39,地下鉄空港線,西新,12,4LDK,84.48,福岡県福岡市早良区祖原23-20,https://suumo.jp//ms/chuko/fukuoka/sc_fukuokashisawara/nc_21242564/
21245602,ブラントン薬院,4350,3,西鉄天神大牟田線,薬院,3,1LDK,34.31,福岡県福岡市中央区薬院３,https://suumo.jp//ms/chuko/fukuoka/sc_fukuokashichuo/nc_21245602/
21246756,エステートマンション大濠グランディール,4880,35,地下鉄空港線,西新,9,3LDK,68.37,福岡県福岡市中央区今川２,https://suumo.jp//ms/chuko/fukuoka/sc_fukuokashichuo/nc_21246756/
21246960,ロマネスク西公園第6,3790,35,地下鉄空港線,大濠公園,7,2LDK,52.24,福岡県福岡市中央区荒戸２,https://suumo.jp//ms/chuko/fukuoka/sc_fukuokashichuo/nc_21246960/
21249165,グランフォーレ西新,3699,20,地下鉄空港線,西新,5,1LDK,40.05,福岡県福岡市早良区城西１,https://suumo.jp//ms/chuko/fukuoka/sc_fukuokashisawara/nc_21249165/
21251965,パークホームズ室見駅前,5780,22,地下鉄空港線,藤崎,13,3LDK,71.47,福岡県福岡市早良区室見５,https://suumo.jp//ms/chuko/fukuoka/sc_fukuokashisawara/nc_21251965/
21254223,東峰マンション西公園,2580,48,地下鉄空港線,大濠公園,4,2LDK,48.59,福岡県福岡市中央区荒戸３-2-5,https://suumo.jp//ms/chuko/fukuoka/sc_fukuokashichuo/nc_21254223/
21254834,グランドメゾン薬院ザ・タワーレジデンス,7199,4,西鉄天神大牟田線,薬院,8,1LDK,53.67,福岡県福岡市中央区薬院３,https://suumo.jp//ms/chuko/fukuoka/sc_fukuokashichuo/nc_21254834/
21255250,東峰マンションアーバンスクエア博多駅,6980,26,ＪＲ鹿児島本線,博多,8,3LDK,73.32,福岡県福岡市博多区博多駅南１,https://suumo.jp//ms/chuko/fukuoka/sc_fukuokashihakata/nc_21255250/
21258396,マークネクスト鳥飼,7880,3,地下鉄七隈線,別府,6,3LDK,66.18,福岡県福岡市城南区鳥飼７,https://suumo.jp//ms/chuko/fukuoka/sc_fukuokashijonan/nc_21258396/
21259956,パークホームズ室見駅前,5780,22,地下鉄空港線,藤崎,13,3LDK,71.47,福岡県福岡市早良区室見５-7-27,https://suumo.jp//ms/chuko/fukuoka/sc_fukuokashisawara/nc_21259956/
21260166,ソレイユ赤坂南,4998,37,地下鉄七隈線,桜坂,7,3LDK,75.03,福岡県福岡市中央区六本松３,https://suumo.jp//ms/chuko/fukuoka/sc_fukuokashichuo/nc_21260166/
21260831,パストラルハイム六本松,5980,35,地下鉄七隈線,六本松,6,4LDK,93.85,福岡県福岡市中央区谷１,https://suumo.jp//ms/chuko/fukuoka/sc_fukuokashichuo/nc_21260831/
21260915,アルデ別府,4580,20,地下鉄七隈線,別府,3,3LDK,112.19,福岡県福岡市城南区別府１-16-28,https://suumo.jp//ms/chuko/fukuoka/sc_fukuokashijonan/nc_21260915/
21263257,サンポートハイツ　中古マンション,2690,52,地下鉄空港線,大濠公園,8,2LDK,60.69,福岡県福岡市中央区港２,https://suumo.jp//ms/chuko/fukuoka/sc_fukuokashichuo/nc_21263257/
21265223,コープ野村平尾山荘,1980,48,地下鉄七隈線,薬院大通,13,3LDK,73.65,福岡県福岡市中央区山荘通３,https://suumo.jp//ms/chuko/fukuoka/sc_fukuokashichuo/nc_21265223/
21265957,西公園下住宅　3階,1280,46,地下鉄空港線,唐人町,13,3LDK,63.22,福岡県福岡市中央区福浜２,https://suumo.jp//ms/chuko/fukuoka/sc_fukuokashichuo/nc_21265957/
21266295,エステートマンション赤坂けやき通り,3790,31,地下鉄七隈線,桜坂,11,3LDK,68.53,福岡県福岡市中央区赤坂３,https://suumo.jp//ms/chuko/fukuoka/sc_fukuokashichuo/nc_21266295/
21268015,サヴォィ　ザ・リバーテラス,4599,20,地下鉄空港線,中洲川端,6,2LDK,49.89,福岡県福岡市博多区中洲中島町3-20,https://suumo.jp//ms/chuko/fukuoka/sc_fukuokashihakata/nc_21268015/
21268183,サンポートハイツ,2690,52,地下鉄空港線,大濠公園,7,2LDK,60.69,福岡県福岡市中央区港２-5-32,https://suumo.jp//ms/chuko/fukuoka/sc_fukuokashichuo/nc_21268183/
21270657,◆☆チサンマンション天神Ⅲ☆◆事務所可能,999,46,地下鉄空港線,赤坂,3,ワンルーム,16.37,福岡県福岡市中央区大名２,https://suumo.jp//ms/chuko/fukuoka/sc_fukuokashichuo/nc_21270657/
21270731,南薬院パーク・マンション,4480,41,地下鉄七隈線,薬院大通,5,3LDK,72.08,福岡県福岡市中央区薬院２-12-3,https://suumo.jp//ms/chuko/fukuoka/sc_fukuokashichuo/nc_21270731/
21271723,ライオンズマンション赤坂,3470,47,地下鉄空港線,赤坂,8,2LDK,58.66,福岡県福岡市中央区赤坂２,https://suumo.jp//ms/chuko/fukuoka/sc_fukuokashichuo/nc_21271723/
21272927,ザ・パークハウス福岡タワーズ　ＥＡＳＴ,9480,6,地下鉄空港線,唐人町,12,2LDK,77.32,福岡県福岡市中央区地行浜２,https://suumo.jp//ms/chuko/fukuoka/sc_fukuokashichuo/nc_21272927/
21273339,サンポートハイツ,2690,52,地下鉄空港線,大濠公園,7,2LDK,60.69,福岡県福岡市中央区港２,https://suumo.jp//ms/chuko/fukuoka/sc_fukuokashichuo/nc_21273339/
21273621,モントーレ舞鶴ベイレジデンス,7990,7,地下鉄空港線,大濠公園,11,3LDK,76.25,福岡県福岡市中央区港１-9-26,https://suumo.jp//ms/chuko/fukuoka/sc_fukuokashichuo/nc_21273621/
21274074,サンポートハイツ,2690,52,地下鉄空港線,大濠公園,8,2LDK,60.69,福岡県福岡市中央区港２,https://suumo.jp//ms/chuko/fukuoka/sc_fukuokashichuo/nc_21274074/
21274206,コモダスパッソ天神,6390,26,地下鉄七隈線,天神南,4,2LDK,64.15,福岡県福岡市中央区渡辺通５-6-18,https://suumo.jp//ms/chuko/fukuoka/sc_fukuokashichuo/nc_21274206/
21274553,コモダスパッソ天神,6390,26,地下鉄七隈線,天神南,4,3LDK,64.15,福岡県福岡市中央区渡辺通５-6-18,https://suumo.jp//ms/chuko/fukuoka/sc_fukuokashichuo/nc_21274553/
21275515,アーバンパレスアルカディア博多駅東,6480,29,地下鉄空港線,東比恵,1,4LDK,86.5,福岡県福岡市博多区東比恵４,https://suumo.jp//ms/chuko/fukuoka/sc_fukuokashihakata/nc_21275515/
21277287,グランディア百道浜通り,6580,20,地下鉄空港線,西新,10,3LDK,68.66,福岡県福岡市早良区西新２,https://suumo.jp//ms/chuko/fukuoka/sc_fukuokashisawara/nc_21277287/
21277952,サンポートハイツ,2690,52,地下鉄空港線,大濠公園,7,2LDK,60.69,福岡県福岡市中央区港２,https://suumo.jp//ms/chuko/fukuoka/sc_fukuokashichuo/nc_21277952/
21280772,ライオンズマンション大名　中古マンション,3165,44,地下鉄空港線,赤坂,10,3DK,56.72,福岡県福岡市中央区大名１,https://suumo.jp//ms/chuko/fukuoka/sc_fukuokashichuo/nc_21280772/
21281554,モントーレ舞鶴ベイレジデンス,7990,7,地下鉄空港線,大濠公園,11,3LDK,76.25,福岡県福岡市中央区港１,https://suumo.jp//ms/chuko/fukuoka/sc_fukuokashichuo/nc_21281554/
21281673,グランドパレス百道,6580,4,地下鉄空港線,藤崎,8,2LDK,62.61,福岡県福岡市早良区百道３,https://suumo.jp//ms/chuko/fukuoka/sc_fukuokashisawara/nc_21281673/
21281737,シャンボール桜坂　中古マンション,2145,52,地下鉄七隈線,桜坂,8,2LDK,51.93,福岡県福岡市中央区古小烏町,https://suumo.jp//ms/chuko/fukuoka/sc_fukuokashichuo/nc_21281737/
21283174,ロイヤルマンション西新,4399,39,地下鉄空港線,西新,11,4LDK,84.48,福岡県福岡市早良区祖原,https://suumo.jp//ms/chuko/fukuoka/sc_fukuokashisawara/nc_21283174/
21283560,藤崎ロジュマン,4350,38,地下鉄空港線,藤崎,11,4LDK,82.76,福岡県福岡市早良区昭代３,https://suumo.jp//ms/chuko/fukuoka/sc_fukuokashisawara/nc_21283560/
21283566,コスモ警固ロイヤルフォルム,7580,25,地下鉄空港線,赤坂,6,3LDK,66.18,福岡県福岡市中央区警固１,https://suumo.jp//ms/chuko/fukuoka/sc_fukuokashichuo/nc_21283566/
21283680,クリオラベルヴィ呉服町,3199,8,地下鉄箱崎線,中洲川端,12,1LDK,34.4,福岡県福岡市博多区中呉服町,https://suumo.jp//ms/chuko/fukuoka/sc_fukuokashihakata/nc_21283680/
21283884,アクロス天神Vタワー,7199,21,地下鉄空港線,赤坂,8,2LDK,61.45,福岡県福岡市中央区舞鶴１-3-47,https://suumo.jp//ms/chuko/fukuoka/sc_fukuokashichuo/nc_21283884/
21284739,Brillia　Tower西新・PRALIVA,16000,5,地下鉄空港線,西新,1,2LDK,73.72,福岡県福岡市早良区西新４,https://suumo.jp//ms/chuko/fukuoka/sc_fukuokashisawara/nc_21284739/
21285036,ハイツ平尾,3980,39,地下鉄七隈線,薬院大通,12,4LDK,80.02,福岡県福岡市中央区平尾２-19-7,https://suumo.jp//ms/chuko/fukuoka/sc_fukuokashichuo/nc_21285036/
21285178,ソレイユ赤坂南,4998,37,地下鉄七隈線,桜坂,7,3LDK,75.03,福岡県福岡市中央区六本松３,https://suumo.jp//ms/chuko/fukuoka/sc_fukuokashichuo/nc_21285178/
21285511,警固ハウス,3190,46,地下鉄七隈線,薬院大通,11,3LDK,66.0,福岡県福岡市中央区警固１,https://suumo.jp//ms/chuko/fukuoka/sc_fukuokashichuo/nc_21285511/
21287771,ライオンズマンション昭代,2198,45,地下鉄空港線,西新,12,2LDK,58.8,福岡県福岡市早良区昭代１,https://suumo.jp//ms/chuko/fukuoka/sc_fukuokashisawara/nc_21287771/
21288051,アソシアビュー博多アドレス,6080,11,ＪＲ篠栗線,博多,13,3LDK,90.64,福岡県福岡市博多区豊１-1番3号,https://suumo.jp//ms/chuko/fukuoka/sc_fukuokashihakata/nc_21288051/
21288771,シャトレ鳥飼,3830,43,地下鉄七隈線,別府,9,3LDK+S（納戸）,90.4,福岡県福岡市城南区鳥飼４-４－３８,https://suumo.jp//ms/chuko/fukuoka/sc_fukuokashijonan/nc_21288771/
21289350,ふよう港ハイツ,2890,44,地下鉄空港線,中洲川端,14,3LDK,69.43,福岡県福岡市博多区築港本町,https://suumo.jp//ms/chuko/fukuoka/sc_fukuokashihakata/nc_21289350/
21289527,サンポートハイツ,2690,52,地下鉄空港線,大濠公園,8,2LDK,60.69,福岡県福岡市中央区港２-5-32,https://suumo.jp//ms/chuko/fukuoka/sc_fukuokashichuo/nc_21289527/
21291845,グリーンコープ西公園,2980,48,地下鉄空港線,唐人町,8,2LDK,36.66,福岡県福岡市中央区唐人町３,https://suumo.jp//ms/chuko/fukuoka/sc_fukuokashichuo/nc_21291845/
21292245,リファレンス天神南,4199,24,地下鉄七隈線,渡辺通,14,3LDK,65.32,福岡県福岡市中央区清川２,https://suumo.jp//ms/chuko/fukuoka/sc_fukuokashichuo/nc_21292245/
21293851,グリーンコープ西公園,2980,48,地下鉄空港線,唐人町,7,2LDK,70.74,福岡県福岡市中央区唐人町３,https://suumo.jp//ms/chuko/fukuoka/sc_fukuokashichuo/nc_21293851/
21294192,ヒューマインド博多駅東ネクスタイル,5999,21,地下鉄空港線,東比恵,5,3LDK,80.11,福岡県福岡市博多区東比恵３-24-24,https://suumo.jp//ms/chuko/fukuoka/sc_fukuokashihakata/nc_21294192/
21294557,モントーレ東比恵クレア,3980,7,地下鉄空港線,東比恵,3,1LDK,42.77,福岡県福岡市博多区東比恵３,https://suumo.jp//ms/chuko/fukuoka/sc_fukuokashihakata/nc_21294557/
21294623,サンリヤン薬院公園,6480,24,地下鉄七隈線,薬院,5,1LDK,62.84,福岡県福岡市中央区薬院３-10-42,https://suumo.jp//ms/chuko/fukuoka/sc_fukuokashichuo/nc_21294623/
21295922,オーヴィジョン六本松レジデンス,13800,3,地下鉄七隈線,六本松,8,3LDK,93.43,福岡県福岡市中央区六本松３-11-58,https://suumo.jp//ms/chuko/fukuoka/sc_fukuokashichuo/nc_21295922/
21296020,エグゼ博多コンドミニアム,4480,11,地下鉄空港線,祇園,3,1LDK,42.04,福岡県福岡市博多区博多駅前１,https://suumo.jp//ms/chuko/fukuoka/sc_fukuokashihakata/nc_21296020/
21297189,ニューライフ平尾　中古マンション,2920,45,西鉄天神大牟田線,薬院,7,3LDK,66.57,福岡県福岡市中央区平尾１,https://suumo.jp//ms/chuko/fukuoka/sc_fukuokashichuo/nc_21297189/
21298059,ダイアパレス博多,2980,45,ＪＲ鹿児島本線,博多,9,2LDK,51.03,福岡県福岡市博多区博多駅前４,https://suumo.jp//ms/chuko/fukuoka/sc_fukuokashihakata/nc_21298059/
21298147,グランフォーレプライム西新,2600,16,地下鉄空港線,西新,2,1LDK,33.48,福岡県福岡市早良区西新１,https://suumo.jp//ms/chuko/fukuoka/sc_fukuokashisawara/nc_21298147/
21298202,東峰マンション博多駅・東,2980,41,地下鉄空港線,東比恵,5,1LDK,59.98,福岡県福岡市博多区比恵町,https://suumo.jp//ms/chuko/fukuoka/sc_fukuokashihakata/nc_21298202/
21300757,ウェルリバービュー天神,7800,20,地下鉄箱崎線,中洲川端,6,4LDK,88.14,福岡県福岡市博多区中洲中島町,https://suumo.jp//ms/chuko/fukuoka/sc_fukuokashihakata/nc_21300757/
21301609,ユーハイム大濠西　中古マンション,2570,41,地下鉄空港線,唐人町,2,1DK,48.09,福岡県福岡市中央区黒門,https://suumo.jp//ms/chuko/fukuoka/sc_fukuokashichuo/nc_21301609/
21302046,第三住吉ハイツ,2569,46,ＪＲ鹿児島本線,博多,13,2LDK,67.2,福岡県福岡市博多区住吉５,https://suumo.jp//ms/chuko/fukuoka/sc_fukuokashihakata/nc_21302046/
21304550,サンポートハイツ,2690,52,地下鉄空港線,大濠公園,8,2LDK,60.69,福岡県福岡市中央区港２-5-32,https://suumo.jp//ms/chuko/fukuoka/sc_fukuokashichuo/nc_21304550/
21305141,ライオンズマンション昭代,2198,45,地下鉄空港線,西新,15,2LDK,58.8,福岡県福岡市早良区昭代１-2-15,https://suumo.jp//ms/chuko/fukuoka/sc_fukuokashisawara/nc_21305141/
21305469,リーベスト祖原公園アソシア,5180,27,地下鉄空港線,西新,12,4LDK,88.35,福岡県福岡市早良区昭代１,https://suumo.jp//ms/chuko/fukuoka/sc_fukuokashisawara/nc_21305469/
21305600,東カングランドマンション大濠パークサイド,2980,52,地下鉄空港線,唐人町,12,2LDK,55.0,福岡県福岡市中央区鳥飼１-4-58,https://suumo.jp//ms/chuko/fukuoka/sc_fukuokashichuo/nc_21305600/
21305905,アンピール輝国,4218,12,地下鉄七隈線,六本松,15,3LDK,75.28,福岡県福岡市中央区輝国２,https://suumo.jp//ms/chuko/fukuoka/sc_fukuokashichuo/nc_21305905/
21307794,エステート・モア・薬院倶楽部,1280,26,地下鉄七隈線,薬院大通,5,1K,24.93,福岡県福岡市中央区薬院２,https://suumo.jp//ms/chuko/fukuoka/sc_fukuokashichuo/nc_21307794/
21307795,グリーンマンション薬院,6080,40,地下鉄七隈線,薬院大通,5,3LDK,88.26,福岡県福岡市中央区薬院２,https://suumo.jp//ms/chuko/fukuoka/sc_fukuokashichuo/nc_21307795/
21307796,エスポワール城西,4980,32,地下鉄空港線,西新,4,3LDK,67.29,福岡県福岡市早良区城西３,https://suumo.jp//ms/chuko/fukuoka/sc_fukuokashisawara/nc_21307796/
21308425,プレミスト天神赤坂タワー,14800,7,地下鉄空港線,赤坂,2,2LDK,69.22,福岡県福岡市中央区大名２-１０－８,https://suumo.jp//ms/chuko/fukuoka/sc_fukuokashichuo/nc_21308425/
21309798,ハイラーク舞鶴,3840,46,地下鉄空港線,赤坂,8,2LDK,67.98,福岡県福岡市中央区舞鶴１-3-31,https://suumo.jp//ms/chuko/fukuoka/sc_fukuokashichuo/nc_21309798/
21309799,ライオンズマンション昭代,2198,45,地下鉄空港線,西新,14,2LDK,58.8,福岡県福岡市早良区昭代１-2-15,https://suumo.jp//ms/chuko/fukuoka/sc_fukuokashisawara/nc_21309799/
21309800,朝日プラザ博多,2480,41,地下鉄七隈線,博多,13,1LDK,40.88,福岡県福岡市博多区博多駅前４-33-11,https://suumo.jp//ms/chuko/fukuoka/sc_fukuokashihakata/nc_21309800/
21311119,シーサイドももちヴェルデコート5番館,5999,35,地下鉄空港線,藤崎,12,3LDK,80.88,福岡県福岡市早良区百道浜３,https://suumo.jp//ms/chuko/fukuoka/sc_fukuokashisawara/nc_21311119/
21312064,ライオンズシティ高砂,5590,24,地下鉄七隈線,薬院,7,4LDK,88.06,福岡県福岡市中央区高砂１,https://suumo.jp//ms/chuko/fukuoka/sc_fukuokashichuo/nc_21312064/
21312147,グランドメゾン福岡　Ｔｈｅ　Ｃｅｎｔｒａｌ　Ｌｕｘｅ,6300,1,西鉄天神大牟田線,薬院,3,1LDK,44.25,福岡県福岡市中央区渡辺通２,https://suumo.jp//ms/chuko/fukuoka/sc_fukuokashichuo/nc_21312147/
21312240,シヤトレ高取,4480,34,地下鉄空港線,藤崎,4,2LDK,58.74,福岡県福岡市早良区高取１,https://suumo.jp//ms/chuko/fukuoka/sc_fukuokashisawara/nc_21312240/
21312925,オープンレジデンシア薬院南,3498,4,地下鉄七隈線,薬院大通,10,1LDK,34.54,福岡県福岡市中央区平尾３,https://suumo.jp//ms/chuko/fukuoka/sc_fukuokashichuo/nc_21312925/
21313059,エンゼルハイム鳥飼中央,4880,25,地下鉄七隈線,別府,14,3LDK,75.68,福岡県福岡市中央区鳥飼１,https://suumo.jp//ms/chuko/fukuoka/sc_fukuokashichuo/nc_21313059/
21313814,朝日プラザ博多◆☆簡易事務所可能☆◆,2480,41,ＪＲ鹿児島本線,博多,12,1LDK,40.88,福岡県福岡市博多区博多駅前４,https://suumo.jp//ms/chuko/fukuoka/sc_fukuokashihakata/nc_21313814/
21314556,ロワールマンション西公園I,1780,43,地下鉄空港線,大濠公園,13,3DK,55.04,福岡県福岡市中央区港３,https://suumo.jp//ms/chuko/fukuoka/sc_fukuokashichuo/nc_21314556/
21314557,ブランシエラ赤坂はなみずき通り,6880,6,地下鉄七隈線,桜坂,5,2LDK,60.26,福岡県福岡市中央区桜坂１,https://suumo.jp//ms/chuko/fukuoka/sc_fukuokashichuo/nc_21314557/
21314765,モントーレ地行スクエア,7300,26,地下鉄空港線,唐人町,8,4LDK,92.76,福岡県福岡市中央区地行３,https://suumo.jp//ms/chuko/fukuoka/sc_fukuokashichuo/nc_21314765/
21314819,グレイス祇園,1680,47,地下鉄空港線,祇園,4,2DK,45.6,福岡県福岡市博多区御供所町,https://suumo.jp//ms/chuko/fukuoka/sc_fukuokashihakata/nc_21314819/
21315314,エンクレスト天神南Ⅲ,2499,21,地下鉄七隈線,渡辺通,13,1LDK,37.86,福岡県福岡市中央区清川３-2-9,https://suumo.jp//ms/chuko/fukuoka/sc_fukuokashichuo/nc_21315314/
21315782,サンポートハイツ,2690,52,地下鉄空港線,大濠公園,8,2LDK,60.69,福岡県福岡市中央区港２,https://suumo.jp//ms/chuko/fukuoka/sc_fukuokashichuo/nc_21315782/
21315844,ダイアパレス六本松,3780,41,地下鉄七隈線,六本松,2,2LDK+S（納戸）,66.85,福岡県福岡市中央区六本松４,https://suumo.jp//ms/chuko/fukuoka/sc_fukuokashichuo/nc_21315844/
21316536,KBCマンションユーハイム室見,1980,41,地下鉄空港線,藤崎,14,2DK,48.41,福岡県福岡市早良区室見５,https://suumo.jp//ms/chuko/fukuoka/sc_fukuokashisawara/nc_21316536/
21317556,サンポートハイツ,2690,52,地下鉄空港線,大濠公園,6,2LDK,60.69,福岡県福岡市中央区港２-5-32,https://suumo.jp//ms/chuko/fukuoka/sc_fukuokashichuo/nc_21317556/
21318619,グランドメゾン西新ステージ,11500,14,地下鉄空港線,西新,9,3LDK,93.92,福岡県福岡市早良区西新５,https://suumo.jp//ms/chuko/fukuoka/sc_fukuokashisawara/nc_21318619/
21318947,エンクレスト天神南Ⅲ,2499,21,地下鉄七隈線,渡辺通,13,1LDK,37.86,福岡県福岡市中央区清川３-2-9,https://suumo.jp//ms/chuko/fukuoka/sc_fukuokashichuo/nc_21318947/
21319148,グレイス博多,3680,46,地下鉄空港線,東比恵,6,3LDK,95.29,福岡県福岡市博多区博多駅東３,https://suumo.jp//ms/chuko/fukuoka/sc_fukuokashihakata/nc_21319148/
21319151,ライオンズマンション昭代,2198,45,地下鉄空港線,西新,14,2LDK,58.8,福岡県福岡市早良区昭代１,https://suumo.jp//ms/chuko/fukuoka/sc_fukuokashisawara/nc_21319151/
21319544,エンクレスト天神南Ⅲ,2499,21,地下鉄七隈線,渡辺通,13,1LDK,37.86,福岡県福岡市中央区清川３,https://suumo.jp//ms/chuko/fukuoka/sc_fukuokashichuo/nc_21319544/
21320121,クリオラベルヴィ西新グランクラス,7200,1,地下鉄空港線,西新,1,2LDK,52.2,福岡県福岡市早良区西新１,https://suumo.jp//ms/chuko/fukuoka/sc_fukuokashisawara/nc_21320121/
21321580,クリオラベルヴィ西新グランクラス,7200,1,地下鉄空港線,西新,1,2LDK,52.2,福岡県福岡市早良区西新１,https://suumo.jp//ms/chuko/fukuoka/sc_fukuokashisawara/nc_21321580/
21321581,パレスト藤崎南,5280,23,地下鉄空港線,藤崎,13,3LDK,90.07,福岡県福岡市早良区原１,https://suumo.jp//ms/chuko/fukuoka/sc_fukuokashisawara/nc_21321581/
21322171,エスポワール城西,4980,32,地下鉄空港線,西新,4,3LDK,67.29,福岡県福岡市早良区城西３,https://suumo.jp//ms/chuko/fukuoka/sc_fukuokashisawara/nc_21322171/
21322482,クリオ渡辺通アーバンマークス,6200,3,地下鉄七隈線,渡辺通,10,2LDK,53.94,福岡県福岡市中央区清川２,https://suumo.jp//ms/chuko/fukuoka/sc_fukuokashichuo/nc_21322482/
21322623,エステートマンション大濠グランディール,4880,35,地下鉄空港線,唐人町,8,3LDK,68.37,福岡県福岡市中央区今川２,https://suumo.jp//ms/chuko/fukuoka/sc_fukuokashichuo/nc_21322623/
21323946,アダージュ薬院弐番館,6198,23,地下鉄七隈線,薬院大通,3,2LDK,65.11,福岡県福岡市中央区薬院２,https://suumo.jp//ms/chuko/fukuoka/sc_fukuokashichuo/nc_21323946/
21324082,ライオンズマンション昭代,2298,45,地下鉄空港線,西新,14,2LDK,58.8,福岡県福岡市早良区昭代１,https://suumo.jp//ms/chuko/fukuoka/sc_fukuokashisawara/nc_21324082/
21325164,グランフォーレラグゼ博多駅南,2899,10,地下鉄空港線,東比恵,14,1LDK,33.41,福岡県福岡市博多区博多駅南４-2-26,https://suumo.jp//ms/chuko/fukuoka/sc_fukuokashihakata/nc_21325164/
21325473,サークコート大濠公園駅,7280,25,地下鉄空港線,大濠公園,3,4LDK,77.35,福岡県福岡市中央区荒戸２,https://suumo.jp//ms/chuko/fukuoka/sc_fukuokashichuo/nc_21325473/
21326356,ライオンズマンション昭代,2198,45,地下鉄空港線,西新,13,2LDK,58.8,福岡県福岡市早良区昭代１,https://suumo.jp//ms/chuko/fukuoka/sc_fukuokashisawara/nc_21326356/
21327705,サーパス城南,6799,19,地下鉄七隈線,別府,12,4LDK,94.85,福岡県福岡市城南区田島１,https://suumo.jp//ms/chuko/fukuoka/sc_fukuokashijonan/nc_21327705/
21328629,アンピール天神東,4580,22,地下鉄七隈線,天神南,9,2LDK,59.67,福岡県福岡市中央区春吉２,https://suumo.jp//ms/chuko/fukuoka/sc_fukuokashichuo/nc_21328629/
21328632,藤和薬院コープ,3798,47,地下鉄七隈線,薬院大通,2,3LDK,73.69,福岡県福岡市中央区薬院２,https://suumo.jp//ms/chuko/fukuoka/sc_fukuokashichuo/nc_21328632/
21328633,インプレスト天神オークタワー,7980,6,地下鉄空港線,赤坂,9,3LDK,78.67,福岡県福岡市中央区長浜２,https://suumo.jp//ms/chuko/fukuoka/sc_fukuokashichuo/nc_21328633/
21328647,グレイス博多,3680,46,地下鉄空港線,東比恵,6,3LDK,95.29,福岡県福岡市博多区博多駅東３-6-23,https://suumo.jp//ms/chuko/fukuoka/sc_fukuokashihakata/nc_21328647/
21335925,南薬院パークマンション,4480,41,地下鉄七隈線,薬院大通,6,3LDK,72.08,福岡県福岡市中央区薬院２,https://suumo.jp//ms/chuko/fukuoka/sc_fukuokashichuo/nc_21335925/
21336127,ニューライフ西公園,4480,44,地下鉄空港線,唐人町,10,3LDK,87.56,福岡県福岡市中央区荒戸３-6-25,https://suumo.jp//ms/chuko/fukuoka/sc_fukuokashichuo/nc_21336127/
21336145,第三住吉ハイツ,2569,46,ＪＲ鹿児島本線,博多,15,2LDK,67.2,福岡県福岡市博多区住吉５,https://suumo.jp//ms/chuko/fukuoka/sc_fukuokashihakata/nc_21336145/
21336150,東峰マンションアーバンスクエア博多駅,5599,26,ＪＲ鹿児島本線,博多,8,2LDK,61.08,福岡県福岡市博多区博多駅南１,https://suumo.jp//ms/chuko/fukuoka/sc_fukuokashihakata/nc_21336150/
21336648,グリーンマンション薬院,6080,40,地下鉄七隈線,薬院大通,5,3LDK,88.26,福岡県福岡市中央区薬院２,https://suumo.jp//ms/chuko/fukuoka/sc_fukuokashichuo/nc_21336648/
21337360,ライオンズマンション昭代,2198,45,地下鉄空港線,西新,14,2LDK,58.8,福岡県福岡市早良区昭代１-2-15,https://suumo.jp//ms/chuko/fukuoka/sc_fukuokashisawara/nc_21337360/
21341127,サーパス大博通り,3399,36,地下鉄空港線,中洲川端,15,1LDK,48.39,福岡県福岡市博多区大博町,https://suumo.jp//ms/chuko/fukuoka/sc_fukuokashihakata/nc_21341127/
21341528,ライオンズマンション昭代,2198,45,地下鉄空港線,西新,15,2LDK,58.8,福岡県福岡市早良区昭代１,https://suumo.jp//ms/chuko/fukuoka/sc_fukuokashisawara/nc_21341528/
21342976,エンクレスト天神南Ⅲ,2499,21,地下鉄七隈線,渡辺通,13,1LDK,37.86,福岡県福岡市中央区清川３,https://suumo.jp//ms/chuko/fukuoka/sc_fukuokashichuo/nc_21342976/
21343472,ビバライフ奈良屋,2980,47,地下鉄空港線,中洲川端,8,2LDK,52.65,福岡県福岡市博多区奈良屋町,https://suumo.jp//ms/chuko/fukuoka/sc_fukuokashihakata/nc_21343472/
21344302,シーサイドももちアクアコート５番館,5280,33,地下鉄空港線,藤崎,15,3LDK,88.08,福岡県福岡市早良区百道浜３,https://suumo.jp//ms/chuko/fukuoka/sc_fukuokashisawara/nc_21344302/
21344961,サンポートハイツ,2690,52,地下鉄空港線,大濠公園,8,2LDK,60.69,福岡県福岡市中央区港２-５－３２,https://suumo.jp//ms/chuko/fukuoka/sc_fukuokashichuo/nc_21344961/
21345281,ライオンズマンション昭代,2198,45,地下鉄空港線,西新,13,2LDK,58.8,福岡県福岡市早良区昭代１,https://suumo.jp//ms/chuko/fukuoka/sc_fukuokashisawara/nc_21345281/
21345416,モントーレラコルタユニバ通り,3090,13,地下鉄空港線,福岡空港,9,3LDK,80.57,福岡県糟屋郡志免町別府西３-13-7,https://suumo.jp//ms/chuko/fukuoka/sc_kasuyagunshime/nc_21345416/
21345811,東峰マンションアーバンスクエア博多駅,5490,26,地下鉄空港線,博多,9,2LDK,70.37,福岡県福岡市博多区博多駅南１,https://suumo.jp//ms/chuko/fukuoka/sc_fukuokashihakata/nc_21345811/
21346884,赤坂エクセル,3449,52,地下鉄空港線,赤坂,12,2LDK,79.5,福岡県福岡市中央区赤坂３,https://suumo.jp//ms/chuko/fukuoka/sc_fukuokashichuo/nc_21346884/
21346885,ヒューマインド博多駅東ネクスタイル,5999,21,地下鉄空港線,東比恵,7,3LDK,80.11,福岡県福岡市博多区東比恵３,https://suumo.jp//ms/chuko/fukuoka/sc_fukuokashihakata/nc_21346885/
21348261,グリーンマンション平尾,3980,30,地下鉄七隈線,薬院,13,3LDK,71.38,福岡県福岡市中央区平尾２,https://suumo.jp//ms/chuko/fukuoka/sc_fukuokashichuo/nc_21348261/
21348273,グランドメゾン西新ステージ,12800,14,地下鉄空港線,西新,7,4LDK,96.13,福岡県福岡市早良区西新５,https://suumo.jp//ms/chuko/fukuoka/sc_fukuokashisawara/nc_21348273/
21350441,ザ・パークハウス福岡タワーズWEST,8220,7,地下鉄空港線,唐人町,14,2LDK,61.74,福岡県福岡市中央区地行浜２,https://suumo.jp//ms/chuko/fukuoka/sc_fukuokashichuo/nc_21350441/
21351500,リファレンス天神南,4199,24,地下鉄七隈線,渡辺通,14,3LDK,65.32,福岡県福岡市中央区清川２,https://suumo.jp//ms/chuko/fukuoka/sc_fukuokashichuo/nc_21351500/
21351575,日商岩井今泉マンション,3780,52,西鉄天神大牟田線,薬院,8,3LDK,78.75,福岡県福岡市中央区今泉２,https://suumo.jp//ms/chuko/fukuoka/sc_fukuokashichuo/nc_21351575/
21352289,エスポワール大濠公園,650,39,地下鉄空港線,唐人町,2,ワンルーム,16.54,福岡県福岡市中央区黒門6-4,https://suumo.jp//ms/chuko/fukuoka/sc_fukuokashichuo/nc_21352289/
21352846,MJR赤坂タワー,13800,9,地下鉄空港線,赤坂,1,2LDK+S（納戸）,63.58,福岡県福岡市中央区赤坂１,https://suumo.jp//ms/chuko/fukuoka/sc_fukuokashichuo/nc_21352846/
21354346,南薬院パーク・マンション【担当：中尾】　までお気軽に…,4480,41,地下鉄七隈線,薬院大通,6,3LDK,72.08,福岡県福岡市中央区薬院２,https://suumo.jp//ms/chuko/fukuoka/sc_fukuokashichuo/nc_21354346/
21355197,ステイツ天神東,1680,36,地下鉄空港線,中洲川端,9,1DK,28.72,福岡県福岡市博多区奈良屋町,https://suumo.jp//ms/chuko/fukuoka/sc_fukuokashihakata/nc_21355197/
21355223,パークホームズ六本松フォレストクロス,7280,4,地下鉄七隈線,六本松,11,3LDK,69.1,福岡県福岡市中央区輝国２,https://suumo.jp//ms/chuko/fukuoka/sc_fukuokashichuo/nc_21355223/
21355394,MJR六本松,15000,9,地下鉄七隈線,六本松,3,4LDK,92.61,福岡県福岡市中央区六本松４,https://suumo.jp//ms/chuko/fukuoka/sc_fukuokashichuo/nc_21355394/
21357254,西新中央マンション,1990,43,地下鉄空港線,藤崎,7,1LDK,44.79,福岡県福岡市早良区西新７,https://suumo.jp//ms/chuko/fukuoka/sc_fukuokashisawara/nc_21357254/
21357823,アダージュ薬院壱番館,7700,24,地下鉄七隈線,薬院大通,2,2LDK,77.11,福岡県福岡市中央区薬院２-5-42,https://suumo.jp//ms/chuko/fukuoka/sc_fukuokashichuo/nc_21357823/
21358535,クリオラベルヴィ西新グランクラス,7200,1,地下鉄空港線,西新,1,2LDK,52.2,福岡県福岡市早良区西新１,https://suumo.jp//ms/chuko/fukuoka/sc_fukuokashisawara/nc_21358535/
21359647,ブリリアタワー西新,16500,5,地下鉄空港線,西新,1,2LDK,79.93,福岡県福岡市早良区西新４-1-1,https://suumo.jp//ms/chuko/fukuoka/sc_fukuokashisawara/nc_21359647/
21359955,ロマネスク西公園,3680,45,地下鉄空港線,唐人町,6,3LDK,87.1,福岡県福岡市中央区荒戸３,https://suumo.jp//ms/chuko/fukuoka/sc_fukuokashichuo/nc_21359955/
21359975,ロマネスク桜坂第2,3499,34,地下鉄七隈線,桜坂,3,1LDK,42.25,福岡県福岡市中央区桜坂１,https://suumo.jp//ms/chuko/fukuoka/sc_fukuokashichuo/nc_21359975/
21360917,エバーライフ住吉,2980,41,地下鉄七隈線,渡辺通,14,2LDK,52.48,福岡県福岡市博多区住吉４,https://suumo.jp//ms/chuko/fukuoka/sc_fukuokashihakata/nc_21360917/
21361722,エクセレンス谷,2390,47,地下鉄七隈線,六本松,7,2LDK,57.23,福岡県福岡市中央区谷１,https://suumo.jp//ms/chuko/fukuoka/sc_fukuokashichuo/nc_21361722/
21362518,朝日プラザ薬院,3880,42,地下鉄七隈線,薬院大通,6,2LDK,63.32,福岡県福岡市中央区薬院２-１１－１０,https://suumo.jp//ms/chuko/fukuoka/sc_fukuokashichuo/nc_21362518/
21363157,Ｂｒｉｌｌｉａ平尾浄水,12500,17,地下鉄七隈線,薬院大通,12,3LDK,127.99,福岡県福岡市中央区平尾浄水町,https://suumo.jp//ms/chuko/fukuoka/sc_fukuokashichuo/nc_21363157/
21363158,アルテマインド室見,7580,14,地下鉄空港線,藤崎,7,3LDK,83.52,福岡県福岡市早良区室見２,https://suumo.jp//ms/chuko/fukuoka/sc_fukuokashisawara/nc_21363158/
21363161,クリオラベルヴィ赤坂,3700,5,地下鉄空港線,赤坂,7,1LDK,34.92,福岡県福岡市中央区大手門２,https://suumo.jp//ms/chuko/fukuoka/sc_fukuokashichuo/nc_21363161/
21363469,コープ野村博多東,3798,46,地下鉄空港線,東比恵,6,4LDK,98.41,福岡県福岡市博多区比恵町4-27,https://suumo.jp//ms/chuko/fukuoka/sc_fukuokashihakata/nc_21363469/
21363648,藤崎ロジュマン,4350,38,地下鉄空港線,藤崎,11,3LDK,82.76,福岡県福岡市早良区昭代３-9-5,https://suumo.jp//ms/chuko/fukuoka/sc_fukuokashisawara/nc_21363648/
21364074,サンポートハイツ,2690,52,地下鉄空港線,大濠公園,7,2LDK,60.69,福岡県福岡市中央区港２,https://suumo.jp//ms/chuko/fukuoka/sc_fukuokashichuo/nc_21364074/
21364544,南薬院パークマンション,4480,41,地下鉄七隈線,薬院大通,4,3LDK,72.08,福岡県福岡市中央区薬院２,https://suumo.jp//ms/chuko/fukuoka/sc_fukuokashichuo/nc_21364544/
21364670,西新ビル,2180,54,地下鉄空港線,藤崎,6,2LDK,60.8,福岡県福岡市早良区高取１-1 53,https://suumo.jp//ms/chuko/fukuoka/sc_fukuokashisawara/nc_21364670/
21365320,ガイアコート赤坂浄水壱番館,4000,33,地下鉄七隈線,六本松,10,2LDK,60.41,福岡県福岡市中央区六本松３,https://suumo.jp//ms/chuko/fukuoka/sc_fukuokashichuo/nc_21365320/
21365550,渡辺通カステリア,4580,46,地下鉄七隈線,薬院,4,3LDK,69.76,福岡県福岡市中央区渡辺通２,https://suumo.jp//ms/chuko/fukuoka/sc_fukuokashichuo/nc_21365550/
21366199,ダイナコート赤坂南,2898,38,地下鉄七隈線,桜坂,6,3LDK,63.27,福岡県福岡市中央区桜坂２-5-43,https://suumo.jp//ms/chuko/fukuoka/sc_fukuokashichuo/nc_21366199/
21366476,南薬院パーク・マンション,4480,41,地下鉄七隈線,薬院大通,4,3LDK,72.08,福岡県福岡市中央区薬院２,https://suumo.jp//ms/chuko/fukuoka/sc_fukuokashichuo/nc_21366476/
21367017,◆☆ビバライフ奈良屋☆◆,2980,47,地下鉄空港線,中洲川端,10,2LDK,52.65,福岡県福岡市博多区奈良屋町,https://suumo.jp//ms/chuko/fukuoka/sc_fukuokashihakata/nc_21367017/
21368222,グランドメゾン百道浜オーシャン＆フォレスト,12500,16,地下鉄空港線,西新,15,2LDK+S（納戸）,89.09,福岡県福岡市早良区百道浜３,https://suumo.jp//ms/chuko/fukuoka/sc_fukuokashisawara/nc_21368222/
21368381,ダイナコート六本松,2899,39,地下鉄七隈線,六本松,8,2LDK,59.9,福岡県福岡市中央区谷１,https://suumo.jp//ms/chuko/fukuoka/sc_fukuokashichuo/nc_21368381/
21369193,ロマネスク赤坂第２,8900,40,地下鉄空港線,赤坂,4,1LDK,113.68,福岡県福岡市中央区赤坂１,https://suumo.jp//ms/chuko/fukuoka/sc_fukuokashichuo/nc_21369193/
21369196,平尾ハウス,3880,46,地下鉄七隈線,薬院,7,3LDK,76.44,福岡県福岡市中央区平尾１,https://suumo.jp//ms/chuko/fukuoka/sc_fukuokashichuo/nc_21369196/
21369948,日商岩井今泉マンション,3780,52,地下鉄七隈線,薬院大通,7,3LDK,78.75,福岡県福岡市中央区今泉２,https://suumo.jp//ms/chuko/fukuoka/sc_fukuokashichuo/nc_21369948/
21370583,ザ・パークハウス赤坂タワーレジデンス,9280,7,地下鉄空港線,赤坂,6,3LDK,78.96,福岡県福岡市中央区長浜２-2-8,https://suumo.jp//ms/chuko/fukuoka/sc_fukuokashichuo/nc_21370583/
21370905,大濠ハウス,2980,48,地下鉄七隈線,六本松,11,2LDK+S（納戸）,76.18,福岡県福岡市中央区草香江２-18-1,https://suumo.jp//ms/chuko/fukuoka/sc_fukuokashichuo/nc_21370905/
21371491,グランドメゾン浄水ガーデンシティフォレストゲートⅢ,12000,8,地下鉄七隈線,薬院大通,5,3LDK,80.37,福岡県福岡市中央区薬院４,https://suumo.jp//ms/chuko/fukuoka/sc_fukuokashichuo/nc_21371491/
21373737,ダイアパレス赤坂けやき通り,8299,26,地下鉄空港線,赤坂,11,3LDK,78.63,福岡県福岡市中央区赤坂３,https://suumo.jp//ms/chuko/fukuoka/sc_fukuokashichuo/nc_21373737/
21373792,ライフピア舞鶴,3499,44,地下鉄空港線,赤坂,6,2LDK,72.3,福岡県福岡市中央区舞鶴３-3-4,https://suumo.jp//ms/chuko/fukuoka/sc_fukuokashichuo/nc_21373792/
21374647,ゾンネンハイム大手門,1599,53,地下鉄空港線,大濠公園,8,1K,33.0,福岡県福岡市中央区大手門２-5-10,https://suumo.jp//ms/chuko/fukuoka/sc_fukuokashichuo/nc_21374647/
21374846,ロマネスク桜坂ルネッサンス,3099,38,地下鉄七隈線,桜坂,9,4LDK,83.02,福岡県福岡市中央区谷２,https://suumo.jp//ms/chuko/fukuoka/sc_fukuokashichuo/nc_21374846/
21375222,ライフピア舞鶴【担当：中尾】　までお気軽にお問合せく…,3499,44,地下鉄空港線,赤坂,6,2LDK,72.3,福岡県福岡市中央区舞鶴３,https://suumo.jp//ms/chuko/fukuoka/sc_fukuokashichuo/nc_21375222/
21375475,第三住吉ハイツ,2569,46,ＪＲ鹿児島本線,博多,13,2LDK,67.2,福岡県福岡市博多区住吉１,https://suumo.jp//ms/chuko/fukuoka/sc_fukuokashihakata/nc_21375475/
21376557,ゾンネンハイム大手門,1599,53,地下鉄空港線,大濠公園,7,1K,33.0,福岡県福岡市中央区大手門２,https://suumo.jp//ms/chuko/fukuoka/sc_fukuokashichuo/nc_21376557/
21376978,アメックス大濠,6580,22,地下鉄空港線,西新,9,3LDK,79.73,福岡県福岡市中央区今川２,https://suumo.jp//ms/chuko/fukuoka/sc_fukuokashichuo/nc_21376978/
21377305,シティハウス室見リバーサイドコート,4980,21,地下鉄空港線,藤崎,8,3LDK,77.69,福岡県福岡市早良区室見２,https://suumo.jp//ms/chuko/fukuoka/sc_fukuokashisawara/nc_21377305/
21378954,ロマネスク西公園第6,3790,35,地下鉄空港線,大濠公園,7,2LDK,52.24,福岡県福岡市中央区荒戸２-4-37,https://suumo.jp//ms/chuko/fukuoka/sc_fukuokashichuo/nc_21378954/
21379024,サンポートハイツ,2690,52,地下鉄空港線,大濠公園,7,2LDK,60.69,福岡県福岡市中央区港２,https://suumo.jp//ms/chuko/fukuoka/sc_fukuokashichuo/nc_21379024/
21379088,ライオンズマンション昭代,2298,45,地下鉄空港線,西新,13,2LDK,58.8,福岡県福岡市早良区昭代１-2-15,https://suumo.jp//ms/chuko/fukuoka/sc_fukuokashisawara/nc_21379088/
21379167,ライフピア舞鶴,3499,44,地下鉄空港線,赤坂,6,2LDK,72.3,福岡県福岡市中央区舞鶴３-3-4,https://suumo.jp//ms/chuko/fukuoka/sc_fukuokashichuo/nc_21379167/
21379168,ゾンネンハイム大手門,1599,53,地下鉄空港線,大濠公園,8,1K,33.0,福岡県福岡市中央区大手門２-5-10,https://suumo.jp//ms/chuko/fukuoka/sc_fukuokashichuo/nc_21379168/
21379197,ネオグランデ渡辺通り,5380,27,西鉄天神大牟田線,薬院,8,4LDK,81.58,福岡県福岡市中央区高砂１-１５番２４号,https://suumo.jp//ms/chuko/fukuoka/sc_fukuokashichuo/nc_21379197/
21380504,ダイアパレスグランシティ西新西南学院前,5980,29,地下鉄空港線,西新,11,4LDK,75.15,福岡県福岡市早良区西新６,https://suumo.jp//ms/chuko/fukuoka/sc_fukuokashisawara/nc_21380504/
21381109,東急ドエルアルス桜坂,5480,30,地下鉄七隈線,桜坂,7,3LDK,77.6,福岡県福岡市中央区桜坂１,https://suumo.jp//ms/chuko/fukuoka/sc_fukuokashichuo/nc_21381109/
21381755,南薬院パークマンション,4380,41,地下鉄七隈線,薬院大通,5,3LDK,71.5,福岡県福岡市中央区薬院２,https://suumo.jp//ms/chuko/fukuoka/sc_fukuokashichuo/nc_21381755/
21381889,ヒューマインド博多駅東ネクスタイル,5999,21,地下鉄空港線,東比恵,5,3LDK,80.11,福岡県福岡市博多区東比恵３,https://suumo.jp//ms/chuko/fukuoka/sc_fukuokashihakata/nc_21381889/
21382047,ライフピア舞鶴,3499,44,地下鉄空港線,赤坂,5,2LDK,72.3,福岡県福岡市中央区舞鶴３,https://suumo.jp//ms/chuko/fukuoka/sc_fukuokashichuo/nc_21382047/
21382272,リファレンス天神南,4199,24,地下鉄七隈線,渡辺通,13,3LDK,65.32,福岡県福岡市中央区清川２,https://suumo.jp//ms/chuko/fukuoka/sc_fukuokashichuo/nc_21382272/
21382907,ザ・パークハウス福岡タワーズWEST,9680,7,地下鉄空港線,唐人町,14,2LDK,82.52,福岡県福岡市中央区地行浜２-2-4,https://suumo.jp//ms/chuko/fukuoka/sc_fukuokashichuo/nc_21382907/
21383177,デュオヴェール大濠公園,3499,7,地下鉄空港線,大濠公園,6,1LDK,32.08,福岡県福岡市中央区荒戸３,https://suumo.jp//ms/chuko/fukuoka/sc_fukuokashichuo/nc_21383177/
21383416,アルデ別府,4580,20,地下鉄七隈線,別府,4,3LDK,112.19,福岡県福岡市城南区別府１,https://suumo.jp//ms/chuko/fukuoka/sc_fukuokashijonan/nc_21383416/
21383627,ライフピア舞鶴,3499,44,地下鉄空港線,赤坂,7,2LDK,72.3,福岡県福岡市中央区舞鶴３,https://suumo.jp//ms/chuko/fukuoka/sc_fukuokashichuo/nc_21383627/
21383647,東峰マンション西公園,2580,48,地下鉄空港線,大濠公園,5,2LDK,48.59,福岡県福岡市中央区荒戸３-２－５,https://suumo.jp//ms/chuko/fukuoka/sc_fukuokashichuo/nc_21383647/
21385084,アーバンパレスアルカディア博多駅東,6480,29,地下鉄空港線,東比恵,3,4LDK,86.5,福岡県福岡市博多区東比恵４,https://suumo.jp//ms/chuko/fukuoka/sc_fukuokashihakata/nc_21385084/
21385330,ライオンズマンション昭代,2298,45,地下鉄空港線,西新,13,2LDK,58.8,福岡県福岡市早良区昭代１-2-15,https://suumo.jp//ms/chuko/fukuoka/sc_fukuokashisawara/nc_21385330/
21385331,ライフピア舞鶴,3499,44,地下鉄空港線,赤坂,7,2LDK,72.3,福岡県福岡市中央区舞鶴３-3-4,https://suumo.jp//ms/chuko/fukuoka/sc_fukuokashichuo/nc_21385331/
21385974,コスモ六本松シティフォルム,6980,26,地下鉄七隈線,六本松,5,3LDK,69.02,福岡県福岡市中央区草香江２,https://suumo.jp//ms/chuko/fukuoka/sc_fukuokashichuo/nc_21385974/
21387925,皐月マンション奈良屋,1980,46,地下鉄空港線,中洲川端,10,2LDK,53.28,福岡県福岡市博多区奈良屋町,https://suumo.jp//ms/chuko/fukuoka/sc_fukuokashihakata/nc_21387925/
21388429,アクタス渡辺通パークシティ,6780,16,地下鉄七隈線,渡辺通,9,2LDK,84.74,福岡県福岡市中央区清川２,https://suumo.jp//ms/chuko/fukuoka/sc_fukuokashichuo/nc_21388429/
21389103,アースコート渡辺通り,4500,27,地下鉄七隈線,渡辺通,7,2LDK,71.66,福岡県福岡市中央区清川１-11-5,https://suumo.jp//ms/chuko/fukuoka/sc_fukuokashichuo/nc_21389103/
21389319,サーパス別府四丁目,5300,21,地下鉄七隈線,別府,9,3LDK,77.42,福岡県福岡市城南区別府４-１３－４０,https://suumo.jp//ms/chuko/fukuoka/sc_fukuokashijonan/nc_21389319/
21389336,ゾンネンハイム大手門,1599,53,地下鉄空港線,大濠公園,8,1K,33.0,福岡県福岡市中央区大手門２,https://suumo.jp//ms/chuko/fukuoka/sc_fukuokashichuo/nc_21389336/
21389732,エクセルハイツ大濠第２,4399,43,地下鉄空港線,唐人町,6,3LDK,73.56,福岡県福岡市中央区今川１,https://suumo.jp//ms/chuko/fukuoka/sc_fukuokashichuo/nc_21389732/
21390135,ミスモ薬院ネクスト,6480,0,地下鉄七隈線,渡辺通,7,1LDK,52.7,福岡県福岡市中央区高砂１-20-2,https://suumo.jp//ms/chuko/fukuoka/sc_fukuokashichuo/nc_21390135/
21391099,ファミール天神,900,46,地下鉄空港線,天神,8,ワンルーム,19.95,福岡県福岡市中央区天神５,https://suumo.jp//ms/chuko/fukuoka/sc_fukuokashichuo/nc_21391099/
21391573,ヒューマインド博多駅東ネクスタイル,5999,21,地下鉄空港線,東比恵,5,3LDK,80.11,福岡県福岡市博多区東比恵３,https://suumo.jp//ms/chuko/fukuoka/sc_fukuokashihakata/nc_21391573/
21391671,朝日プラザ博多Ｖターミナルスクエア,950,35,ＪＲ鹿児島本線,博多,10,ワンルーム,16.8,福岡県福岡市博多区堅粕４,https://suumo.jp//ms/chuko/fukuoka/sc_fukuokashihakata/nc_21391671/
21391802,ペルル奈良屋,6199,27,地下鉄空港線,中洲川端,10,3LDK,79.96,福岡県福岡市博多区奈良屋町,https://suumo.jp//ms/chuko/fukuoka/sc_fukuokashihakata/nc_21391802/
21392051,オーセントスクエア弥生,4980,21,地下鉄空港線,藤崎,10,2LDK,70.3,福岡県福岡市早良区弥生２,https://suumo.jp//ms/chuko/fukuoka/sc_fukuokashisawara/nc_21392051/
21392123,コスモ六本松シティフォルム,7199,26,地下鉄七隈線,六本松,5,3LDK,70.58,福岡県福岡市中央区草香江２-1-13,https://suumo.jp//ms/chuko/fukuoka/sc_fukuokashichuo/nc_21392123/
21392140,ローズマンション川端,2700,52,地下鉄空港線,中洲川端,2,ワンルーム,45.46,福岡県福岡市博多区上川端町,https://suumo.jp//ms/chuko/fukuoka/sc_fukuokashihakata/nc_21392140/
21393485,エステムプラザ天神ＥＡＳＴプレミアムタワー,3850,18,地下鉄空港線,中洲川端,8,2LDK,54.6,福岡県福岡市博多区古門戸町,https://suumo.jp//ms/chuko/fukuoka/sc_fukuokashihakata/nc_21393485/
21393826,ライフピア舞鶴,3499,44,地下鉄空港線,赤坂,7,2LDK,72.3,福岡県福岡市中央区舞鶴３,https://suumo.jp//ms/chuko/fukuoka/sc_fukuokashichuo/nc_21393826/
21393844,コモダス天神,6080,29,地下鉄七隈線,薬院大通,7,2LDK,72.24,福岡県福岡市中央区今泉２,https://suumo.jp//ms/chuko/fukuoka/sc_fukuokashichuo/nc_21393844/
21393944,パレスト藤崎南,5280,23,地下鉄空港線,藤崎,13,3LDK,90.07,福岡県福岡市早良区原１,https://suumo.jp//ms/chuko/fukuoka/sc_fukuokashisawara/nc_21393944/
21394085,東急ドエルアルス桜坂,6199,30,地下鉄七隈線,桜坂,6,3LDK,84.11,福岡県福岡市中央区桜坂１,https://suumo.jp//ms/chuko/fukuoka/sc_fukuokashichuo/nc_21394085/
21395422,南薬院パークマンション,4380,41,地下鉄七隈線,薬院大通,4,3LDK,71.5,福岡県福岡市中央区薬院２,https://suumo.jp//ms/chuko/fukuoka/sc_fukuokashichuo/nc_21395422/
21396994,グランドメゾン薬院ザ・タワーレジデンス,7199,4,地下鉄七隈線,薬院大通,5,1LDK,53.67,福岡県福岡市中央区薬院３,https://suumo.jp//ms/chuko/fukuoka/sc_fukuokashichuo/nc_21396994/
21399288,百道浜パークハウス,15300,28,地下鉄空港線,西新,13,4LDK,131.0,福岡県福岡市早良区百道浜１-4-22,https://suumo.jp//ms/chuko/fukuoka/sc_fukuokashisawara/nc_21399288/
21400377,グランフォーレ西新,3699,20,地下鉄空港線,西新,5,1LDK,40.05,福岡県福岡市早良区城西１-8-14,https://suumo.jp//ms/chuko/fukuoka/sc_fukuokashisawara/nc_21400377/
21401162,ビバライフ奈良屋【担当：中尾】　までお気軽にお問合せ…,2980,47,地下鉄空港線,中洲川端,9,2LDK,52.65,福岡県福岡市博多区奈良屋町,https://suumo.jp//ms/chuko/fukuoka/sc_fukuokashihakata/nc_21401162/
21401905,ザ・パークハウス赤坂タワーレジデンス,11800,7,地下鉄空港線,赤坂,6,4LDK,94.47,福岡県福岡市中央区長浜２,https://suumo.jp//ms/chuko/fukuoka/sc_fukuokashichuo/nc_21401905/
21402830,ローズマンション川端,2700,52,地下鉄空港線,中洲川端,2,ワンルーム,45.46,福岡県福岡市博多区上川端町,https://suumo.jp//ms/chuko/fukuoka/sc_fukuokashihakata/nc_21402830/
21403407,ネクサス薬院二丁目,8599,10,地下鉄七隈線,薬院大通,3,3LDK,73.0,福岡県福岡市中央区薬院２,https://suumo.jp//ms/chuko/fukuoka/sc_fukuokashichuo/nc_21403407/
21403449,ザ・ハウスオブ大濠,14200,21,地下鉄空港線,唐人町,4,2LDK,103.01,福岡県福岡市中央区大濠２,https://suumo.jp//ms/chuko/fukuoka/sc_fukuokashichuo/nc_21403449/
21403450,ザ・パークハウス福岡タワーズＷＥＳＴ,9680,7,地下鉄空港線,唐人町,11,2LDK,82.52,福岡県福岡市中央区地行浜２,https://suumo.jp//ms/chuko/fukuoka/sc_fukuokashichuo/nc_21403450/
21403451,朝日プラザ薬院,3880,42,地下鉄七隈線,薬院大通,6,2LDK,63.32,福岡県福岡市中央区薬院２,https://suumo.jp//ms/chuko/fukuoka/sc_fukuokashichuo/nc_21403451/
21404036,南薬院パークマンション,4380,41,地下鉄七隈線,薬院大通,6,3LDK,71.5,福岡県福岡市中央区薬院２,https://suumo.jp//ms/chuko/fukuoka/sc_fukuokashichuo/nc_21404036/
21404214,アンピール空港通り２,4399,17,地下鉄空港線,東比恵,11,3LDK,77.26,福岡県福岡市博多区豊２,https://suumo.jp//ms/chuko/fukuoka/sc_fukuokashihakata/nc_21404214/
21404251,ザ・パークハウス福岡タワーズ　EAST,7200,6,地下鉄空港線,唐人町,12,1LDK,61.74,福岡県福岡市中央区地行浜２,https://suumo.jp//ms/chuko/fukuoka/sc_fukuokashichuo/nc_21404251/
21404261,ライオンズマンション昭代,2198,45,地下鉄空港線,西新,13,2LDK,58.8,福岡県福岡市早良区昭代１-2-15,https://suumo.jp//ms/chuko/fukuoka/sc_fukuokashisawara/nc_21404261/
21404381,グランドメゾン西新プレイス,11800,12,地下鉄空港線,西新,5,3LDK,86.21,福岡県福岡市早良区城西１,https://suumo.jp//ms/chuko/fukuoka/sc_fukuokashisawara/nc_21404381/
21404432,エステートマンション西公園,3180,39,地下鉄空港線,赤坂,6,1LDK,51.22,福岡県福岡市中央区荒戸２-４－３,https://suumo.jp//ms/chuko/fukuoka/sc_fukuokashichuo/nc_21404432/
21405586,東カングランドマンション大濠パークサイド,2880,52,地下鉄空港線,唐人町,12,2LDK,55.0,福岡県福岡市中央区鳥飼１,https://suumo.jp//ms/chuko/fukuoka/sc_fukuokashichuo/nc_21405586/
21405713,エステートマンション大濠フローレス,8299,37,地下鉄七隈線,六本松,14,4LDK,97.42,福岡県福岡市中央区鳥飼１,https://suumo.jp//ms/chuko/fukuoka/sc_fukuokashichuo/nc_21405713/
21405715,オープンレジデンシア渡辺通南,5480,2,地下鉄七隈線,渡辺通,11,2LDK,52.27,福岡県福岡市中央区清川２,https://suumo.jp//ms/chuko/fukuoka/sc_fukuokashichuo/nc_21405715/
21405839,警固ハウス,3090,46,地下鉄七隈線,薬院大通,8,3LDK,66.0,福岡県福岡市中央区警固１-15-15,https://suumo.jp//ms/chuko/fukuoka/sc_fukuokashichuo/nc_21405839/
21405881,ライフピア舞鶴,3499,44,地下鉄空港線,赤坂,7,2LDK,72.3,福岡県福岡市中央区舞鶴３-3-4,https://suumo.jp//ms/chuko/fukuoka/sc_fukuokashichuo/nc_21405881/
21406206,朝日プラザ天神,1999,40,地下鉄空港線,天神,7,ワンルーム,31.32,福岡県福岡市中央区舞鶴１-9-3,https://suumo.jp//ms/chuko/fukuoka/sc_fukuokashichuo/nc_21406206/
21406298,チサンマンション西公園,2690,42,地下鉄空港線,大濠公園,8,1LDK,41.68,福岡県福岡市中央区荒戸２,https://suumo.jp//ms/chuko/fukuoka/sc_fukuokashichuo/nc_21406298/
21406306,グランフォーレ西新パサージュ,2990,5,地下鉄空港線,藤崎,5,1LDK,31.02,福岡県福岡市早良区高取１,https://suumo.jp//ms/chuko/fukuoka/sc_fukuokashisawara/nc_21406306/
21407755,ライフピア舞鶴,3499,44,地下鉄空港線,赤坂,6,2LDK,72.3,福岡県福岡市中央区舞鶴３,https://suumo.jp//ms/chuko/fukuoka/sc_fukuokashichuo/nc_21407755/
21409235,ライオンズマンション昭代,2198,45,地下鉄空港線,西新,15,2LDK,58.8,福岡県福岡市早良区昭代１,https://suumo.jp//ms/chuko/fukuoka/sc_fukuokashisawara/nc_21409235/
21409503,グランドメゾン平尾,6690,28,西鉄天神大牟田線,薬院,11,3LDK,75.34,福岡県福岡市中央区平尾２-11-11,https://suumo.jp//ms/chuko/fukuoka/sc_fukuokashichuo/nc_21409503/
21409625,サンリヤンアネックス草香江,6980,22,地下鉄七隈線,六本松,3,3LDK,80.25,福岡県福岡市中央区草香江１,https://suumo.jp//ms/chuko/fukuoka/sc_fukuokashichuo/nc_21409625/
21409767,サンポートハイツ,2690,52,地下鉄空港線,大濠公園,8,2LDK,60.69,福岡県福岡市中央区港２,https://suumo.jp//ms/chuko/fukuoka/sc_fukuokashichuo/nc_21409767/
21410414,シティタワー大濠,7499,26,地下鉄七隈線,六本松,8,3LDK,76.68,福岡県福岡市中央区六本松３,https://suumo.jp//ms/chuko/fukuoka/sc_fukuokashichuo/nc_21410414/
21410487,ロイヤルマンション西新,4399,39,地下鉄空港線,西新,12,4LDK,84.48,福岡県福岡市早良区祖原23-20,https://suumo.jp//ms/chuko/fukuoka/sc_fukuokashisawara/nc_21410487/
21410495,サンポートハイツ,2690,52,地下鉄空港線,大濠公園,8,2LDK,60.69,福岡県福岡市中央区港２,https://suumo.jp//ms/chuko/fukuoka/sc_fukuokashichuo/nc_21410495/
21410630,ローズマンション川端,2700,52,地下鉄空港線,中洲川端,3,ワンルーム,45.46,福岡県福岡市博多区上川端町,https://suumo.jp//ms/chuko/fukuoka/sc_fukuokashihakata/nc_21410630/
21411020,シティハウス室見ステーションコート,6480,8,地下鉄空港線,藤崎,9,3LDK,66.12,福岡県福岡市早良区室見１,https://suumo.jp//ms/chuko/fukuoka/sc_fukuokashisawara/nc_21411020/
21411387,モントーレヴェルキューブシティ福岡空港駅,3480,16,地下鉄空港線,福岡空港,11,2LDK,59.98,福岡県糟屋郡志免町別府西３,https://suumo.jp//ms/chuko/fukuoka/sc_kasuyagunshime/nc_21411387/
21412696,グランフォーレ西新,3699,20,地下鉄空港線,西新,7,1LDK,40.05,福岡県福岡市早良区城西１,https://suumo.jp//ms/chuko/fukuoka/sc_fukuokashisawara/nc_21412696/
21413363,コモダス天神,6080,29,地下鉄七隈線,薬院大通,5,2LDK,72.24,福岡県福岡市中央区今泉２,https://suumo.jp//ms/chuko/fukuoka/sc_fukuokashichuo/nc_21413363/
21413515,ロマネスク浄水通り第2,5999,39,地下鉄七隈線,薬院大通,6,4LDK,84.47,福岡県福岡市中央区薬院４-21-15,https://suumo.jp//ms/chuko/fukuoka/sc_fukuokashichuo/nc_21413515/
21413587,シティハウス室見ステーションコート,6480,8,地下鉄空港線,藤崎,9,3LDK,66.12,福岡県福岡市早良区室見１-4-1,https://suumo.jp//ms/chuko/fukuoka/sc_fukuokashisawara/nc_21413587/
21413963,ネオグランデ赤坂,12800,25,地下鉄空港線,赤坂,8,3LDK,112.21,福岡県福岡市中央区赤坂２,https://suumo.jp//ms/chuko/fukuoka/sc_fukuokashichuo/nc_21413963/
21414118,ライフピア舞鶴,3499,44,地下鉄空港線,赤坂,6,2LDK,72.3,福岡県福岡市中央区舞鶴３,https://suumo.jp//ms/chuko/fukuoka/sc_fukuokashichuo/nc_21414118/
21414595,パーク・サンリヤン博多の森Ⅰ・Ⅱ番館,4490,23,地下鉄空港線,福岡空港,10,4LDK,96.27,福岡県糟屋郡志免町別府西２,https://suumo.jp//ms/chuko/fukuoka/sc_kasuyagunshime/nc_21414595/
21415113,コープ野村博多駅東,3698,46,地下鉄空港線,東比恵,8,4LDK,98.41,福岡県福岡市博多区比恵町4-27,https://suumo.jp//ms/chuko/fukuoka/sc_fukuokashihakata/nc_21415113/
21415977,エンクレスト天神南Ⅲ,2499,21,地下鉄七隈線,渡辺通,13,1LDK,37.86,福岡県福岡市中央区清川３,https://suumo.jp//ms/chuko/fukuoka/sc_fukuokashichuo/nc_21415977/
21416982,グランドメゾン赤坂けやきレジデンス,7380,8,地下鉄空港線,赤坂,8,ワンルーム,63.59,福岡県福岡市中央区赤坂２,https://suumo.jp//ms/chuko/fukuoka/sc_fukuokashichuo/nc_21416982/
21417805,◆☆ウェルリバービュー天神☆◆,4800,20,地下鉄空港線,中洲川端,7,2LDK,55.54,福岡県福岡市博多区中洲中島町,https://suumo.jp//ms/chuko/fukuoka/sc_fukuokashihakata/nc_21417805/
21418153,アンピール・ラトゥール別府,4180,31,地下鉄七隈線,別府,3,2LDK+S（納戸）,67.44,福岡県福岡市城南区別府３,https://suumo.jp//ms/chuko/fukuoka/sc_fukuokashijonan/nc_21418153/
21418220,コモダス天神,6080,29,地下鉄七隈線,薬院大通,5,2LDK,72.24,福岡県福岡市中央区今泉２,https://suumo.jp//ms/chuko/fukuoka/sc_fukuokashichuo/nc_21418220/
21418349,アプローズ空港前,2200,27,地下鉄空港線,福岡空港,11,4LDK,73.35,福岡県福岡市博多区青木１,https://suumo.jp//ms/chuko/fukuoka/sc_fukuokashihakata/nc_21418349/
21418716,東峰マンション西公園,2580,48,地下鉄空港線,大濠公園,5,2LDK,48.59,福岡県福岡市中央区荒戸３,https://suumo.jp//ms/chuko/fukuoka/sc_fukuokashichuo/nc_21418716/
21420201,サンポートハイツ,2690,52,地下鉄空港線,大濠公園,8,2LDK,60.69,福岡県福岡市中央区港２-5-32,https://suumo.jp//ms/chuko/fukuoka/sc_fukuokashichuo/nc_21420201/
21421313,グランディア百道浜通り,6580,20,地下鉄空港線,西新,10,3LDK,68.66,福岡県福岡市早良区西新２,https://suumo.jp//ms/chuko/fukuoka/sc_fukuokashisawara/nc_21421313/
21421456,ライオンズマンション昭代,2198,45,地下鉄空港線,西新,14,2LDK,58.8,福岡県福岡市早良区昭代１,https://suumo.jp//ms/chuko/fukuoka/sc_fukuokashisawara/nc_21421456/
21422078,GSハイム博多,3150,46,地下鉄空港線,東比恵,5,3LDK,66.15,福岡県福岡市博多区博多駅東２,https://suumo.jp//ms/chuko/fukuoka/sc_fukuokashihakata/nc_21422078/
21422191,サヴォイ　ザ・リバーテラス,4599,20,地下鉄空港線,中洲川端,8,2LDK,49.89,福岡県福岡市博多区中洲中島町,https://suumo.jp//ms/chuko/fukuoka/sc_fukuokashihakata/nc_21422191/
21422822,シティライフ呉服町,6290,26,地下鉄空港線,中洲川端,15,4LDK,82.82,福岡県福岡市博多区下呉服町,https://suumo.jp//ms/chuko/fukuoka/sc_fukuokashihakata/nc_21422822/
21425690,エステートマンション赤坂けやき通り,3790,31,地下鉄七隈線,桜坂,11,3LDK,68.53,福岡県福岡市中央区赤坂３,https://suumo.jp//ms/chuko/fukuoka/sc_fukuokashichuo/nc_21425690/
21426890,第二プリンスビル,1620,52,地下鉄空港線,赤坂,7,ワンルーム,28.94,福岡県福岡市中央区大名２-９－２９,https://suumo.jp//ms/chuko/fukuoka/sc_fukuokashichuo/nc_21426890/
21426917,第二プリンスビル,1450,52,地下鉄空港線,赤坂,7,ワンルーム,24.77,福岡県福岡市中央区大名２-９－２９,https://suumo.jp//ms/chuko/fukuoka/sc_fukuokashichuo/nc_21426917/
21426974,ネクサス薬院,12880,11,地下鉄七隈線,薬院大通,4,3LDK,94.52,福岡県福岡市中央区薬院１,https://suumo.jp//ms/chuko/fukuoka/sc_fukuokashichuo/nc_21426974/
21427028,クリオラベルヴィ西新グランクラス,7200,1,地下鉄空港線,西新,1,2LDK,52.2,福岡県福岡市早良区西新１,https://suumo.jp//ms/chuko/fukuoka/sc_fukuokashisawara/nc_21427028/
21427031,サンライフ六本松,3880,42,地下鉄七隈線,六本松,3,2LDK,60.02,福岡県福岡市中央区草香江２,https://suumo.jp//ms/chuko/fukuoka/sc_fukuokashichuo/nc_21427031/
21427034,サーパス城南,6799,19,地下鉄七隈線,別府,13,4LDK,94.85,福岡県福岡市城南区田島１,https://suumo.jp//ms/chuko/fukuoka/sc_fukuokashijonan/nc_21427034/
21427035,チサンマンション西公園,2690,42,地下鉄空港線,大濠公園,8,1LDK,41.68,福岡県福岡市中央区荒戸２,https://suumo.jp//ms/chuko/fukuoka/sc_fukuokashichuo/nc_21427035/
21428723,三井薬院ハイツ,3500,44,地下鉄七隈線,薬院大通,5,2LDK,74.24,福岡県福岡市中央区薬院２,https://suumo.jp//ms/chuko/fukuoka/sc_fukuokashichuo/nc_21428723/
21428865,ローズマンション川端,2700,52,地下鉄空港線,中洲川端,2,ワンルーム,45.46,福岡県福岡市博多区上川端町,https://suumo.jp//ms/chuko/fukuoka/sc_fukuokashihakata/nc_21428865/
21428867,サーパス薬院,9480,23,西鉄天神大牟田線,薬院,4,4LDK,94.77,福岡県福岡市中央区薬院３,https://suumo.jp//ms/chuko/fukuoka/sc_fukuokashichuo/nc_21428867/
21429306,ライオンズタワー城南別府,6198,24,地下鉄七隈線,別府,5,3LDK,75.72,福岡県福岡市城南区別府５,https://suumo.jp//ms/chuko/fukuoka/sc_fukuokashijonan/nc_21429306/
21431595,エンゼルハイム鳥飼中央,4980,25,地下鉄七隈線,六本松,15,3LDK,75.68,福岡県福岡市中央区鳥飼１,https://suumo.jp//ms/chuko/fukuoka/sc_fukuokashichuo/nc_21431595/
21432617,ロワールマンション西公園2,2990,42,地下鉄空港線,大濠公園,15,2LDK,55.04,福岡県福岡市中央区港３,https://suumo.jp//ms/chuko/fukuoka/sc_fukuokashichuo/nc_21432617/
21433282,アクロス六本松ラ・クラス,4280,1,地下鉄七隈線,六本松,5,1LDK,32.88,福岡県福岡市中央区梅光園１,https://suumo.jp//ms/chuko/fukuoka/sc_fukuokashichuo/nc_21433282/
21433813,朝日プラザ高取,2680,41,地下鉄空港線,藤崎,3,2LDK,49.37,福岡県福岡市早良区高取２,https://suumo.jp//ms/chuko/fukuoka/sc_fukuokashisawara/nc_21433813/
21434272,サーパス浄水通り,13400,23,地下鉄七隈線,薬院大通,4,3LDK,97.42,福岡県福岡市中央区薬院４,https://suumo.jp//ms/chuko/fukuoka/sc_fukuokashichuo/nc_21434272/
21434452,シャンボール警固,1560,44,地下鉄七隈線,薬院大通,8,1DK,34.56,福岡県福岡市中央区警固２-２－１１,https://suumo.jp//ms/chuko/fukuoka/sc_fukuokashichuo/nc_21434452/
21434589,◆☆グランバッソ博多☆◆,1290,22,地下鉄空港線,東比恵,10,ワンルーム,24.94,福岡県福岡市博多区博多駅南２,https://suumo.jp//ms/chuko/fukuoka/sc_fukuokashihakata/nc_21434589/
21435349,トーカンマンション天神南,6580,30,西鉄天神大牟田線,薬院,6,3LDK,75.33,福岡県福岡市中央区今泉１,https://suumo.jp//ms/chuko/fukuoka/sc_fukuokashichuo/nc_21435349/
21435364,天神スカイマンション,1300,45,地下鉄空港線,天神,9,1LDK,30.26,福岡県福岡市中央区長浜１,https://suumo.jp//ms/chuko/fukuoka/sc_fukuokashichuo/nc_21435364/
21436337,ネオハイツ薬院,1350,40,地下鉄七隈線,薬院,5,1DK,35.76,福岡県福岡市中央区薬院３,https://suumo.jp//ms/chuko/fukuoka/sc_fukuokashichuo/nc_21436337/
21437178,警固ハウス,3090,46,地下鉄空港線,赤坂,10,3LDK,66.0,福岡県福岡市中央区警固１,https://suumo.jp//ms/chuko/fukuoka/sc_fukuokashichuo/nc_21437178/
21437179,サンポートハイツ,2690,52,地下鉄空港線,大濠公園,7,2LDK+S（納戸）,60.69,福岡県福岡市中央区港２,https://suumo.jp//ms/chuko/fukuoka/sc_fukuokashichuo/nc_21437179/
21438137,皐月マンション博多 311,1999,47,ＪＲ鹿児島本線,博多,6,1DK,34.65,福岡県福岡市博多区博多駅前３-7-3,https://suumo.jp//ms/chuko/fukuoka/sc_fukuokashihakata/nc_21438137/
21438346,トーカンマンション浄水通り,4480,39,地下鉄七隈線,薬院大通,2,2LDK,70.76,福岡県福岡市中央区薬院４-6-22,https://suumo.jp//ms/chuko/fukuoka/sc_fukuokashichuo/nc_21438346/
21438801,朝日プラザ高取,2680,41,地下鉄空港線,藤崎,5,2LDK,49.37,福岡県福岡市早良区高取２,https://suumo.jp//ms/chuko/fukuoka/sc_fukuokashisawara/nc_21438801/
21438815,サヴォイ　ザ・リバーテラス,4599,20,地下鉄空港線,中洲川端,9,2LDK,49.89,福岡県福岡市博多区中洲中島町3-20,https://suumo.jp//ms/chuko/fukuoka/sc_fukuokashihakata/nc_21438815/
21439067,ロワールマンション西公園2,2990,42,地下鉄空港線,大濠公園,15,2LDK,55.04,福岡県福岡市中央区港３,https://suumo.jp//ms/chuko/fukuoka/sc_fukuokashichuo/nc_21439067/
21440281,ロイヤルマンションユトリテ田島,4980,21,地下鉄七隈線,別府,13,3LDK+S（納戸）,91.98,福岡県福岡市城南区田島１-4-18,https://suumo.jp//ms/chuko/fukuoka/sc_fukuokashijonan/nc_21440281/
21441061,エバーライフ住吉,2990,41,ＪＲ鹿児島本線,博多,13,2LDK+S（納戸）,52.48,福岡県福岡市博多区住吉４,https://suumo.jp//ms/chuko/fukuoka/sc_fukuokashihakata/nc_21441061/
21441994,クリオラベルヴィ呉服町,3199,8,地下鉄空港線,中洲川端,12,1LDK,34.4,福岡県福岡市博多区下呉服町,https://suumo.jp//ms/chuko/fukuoka/sc_fukuokashihakata/nc_21441994/
21442010,サーパス大博通り,3399,36,地下鉄空港線,中洲川端,15,1LDK,48.39,福岡県福岡市博多区大博町,https://suumo.jp//ms/chuko/fukuoka/sc_fukuokashihakata/nc_21442010/
21442978,ＭＪＲ博多ザ・レジデンス,9000,1,ＪＲ鹿児島本線,博多,13,2LDK,70.1,福岡県福岡市博多区美野島１,https://suumo.jp//ms/chuko/fukuoka/sc_fukuokashihakata/nc_21442978/
21443065,Ｂｒｉｌｌｉａ　Ｔｏｗｅｒ西新・ＰＲＡＬＩＶＡ,24500,5,地下鉄空港線,西新,1,4LDK,100.08,福岡県福岡市早良区西新４,https://suumo.jp//ms/chuko/fukuoka/sc_fukuokashisawara/nc_21443065/
21444701,西公園下住宅2号棟2階,1490,54,地下鉄空港線,唐人町,11,3LDK,63.22,福岡県福岡市中央区福浜２-５－２,https://suumo.jp//ms/chuko/fukuoka/sc_fukuokashichuo/nc_21444701/
21444845,ハイムニュー桜坂,2480,51,地下鉄七隈線,桜坂,4,2LDK+S（納戸）,70.33,福岡県福岡市中央区桜坂３,https://suumo.jp//ms/chuko/fukuoka/sc_fukuokashichuo/nc_21444845/
21445802,ライフピア舞鶴,3499,44,地下鉄空港線,赤坂,7,2LDK,72.3,福岡県福岡市中央区舞鶴３,https://suumo.jp//ms/chuko/fukuoka/sc_fukuokashichuo/nc_21445802/
21445985,ペルル奈良屋,6199,27,地下鉄空港線,中洲川端,11,3LDK,79.96,福岡県福岡市博多区奈良屋町7-21,https://suumo.jp//ms/chuko/fukuoka/sc_fukuokashihakata/nc_21445985/
21448109,マンション鳥飼204,1600,53,地下鉄七隈線,六本松,12,1LDK,49.8,福岡県福岡市中央区鳥飼１-3-19,https://suumo.jp//ms/chuko/fukuoka/sc_fukuokashichuo/nc_21448109/
21448315,ゾンネンハイム大手門203号,1599,53,地下鉄空港線,大濠公園,7,1K,33.0,福岡県福岡市中央区大手門２,https://suumo.jp//ms/chuko/fukuoka/sc_fukuokashichuo/nc_21448315/
21448317,ライフピア舞鶴301号,3499,44,地下鉄空港線,赤坂,7,2LDK,72.3,福岡県福岡市中央区舞鶴３,https://suumo.jp//ms/chuko/fukuoka/sc_fukuokashichuo/nc_21448317/
21449159,ゾンネンハイム大手門,1599,53,地下鉄空港線,大濠公園,7,1K,33.0,福岡県福岡市中央区大手門２-5-10,https://suumo.jp//ms/chuko/fukuoka/sc_fukuokashichuo/nc_21449159/
21450314,シャンボール桜坂,2145,52,地下鉄七隈線,桜坂,6,2LDK,51.93,福岡県福岡市中央区古小烏町81,https://suumo.jp//ms/chuko/fukuoka/sc_fukuokashichuo/nc_21450314/
21450341,アートウィル赤坂,4490,31,地下鉄七隈線,桜坂,11,2LDK,65.61,福岡県福岡市中央区赤坂３-2-35,https://suumo.jp//ms/chuko/fukuoka/sc_fukuokashichuo/nc_21450341/
21450353,ニューライフ平尾,2920,45,地下鉄七隈線,薬院,8,3LDK,66.7,福岡県福岡市中央区平尾１-13,https://suumo.jp//ms/chuko/fukuoka/sc_fukuokashichuo/nc_21450353/
21450578,東カングランドマンション大濠パークサイド,2980,52,地下鉄七隈線,六本松,13,2LDK,55.0,福岡県福岡市中央区鳥飼１,https://suumo.jp//ms/chuko/fukuoka/sc_fukuokashichuo/nc_21450578/
21450691,ネオグランデ赤坂　605号,7800,25,地下鉄空港線,赤坂,10,2LDK,90.53,福岡県福岡市中央区赤坂２,https://suumo.jp//ms/chuko/fukuoka/sc_fukuokashichuo/nc_21450691/
21450802,アンピール西新,7200,22,地下鉄空港線,西新,8,4LDK,93.58,福岡県福岡市早良区城西３,https://suumo.jp//ms/chuko/fukuoka/sc_fukuokashisawara/nc_21450802/
21450877,ハイラーク舞鶴,3480,46,地下鉄空港線,赤坂,9,2LDK,67.98,福岡県福岡市中央区舞鶴１,https://suumo.jp//ms/chuko/fukuoka/sc_fukuokashichuo/nc_21450877/
21451003,モントーレ東比恵クレア,4199,7,地下鉄空港線,東比恵,2,1LDK,42.77,福岡県福岡市博多区東比恵３,https://suumo.jp//ms/chuko/fukuoka/sc_fukuokashihakata/nc_21451003/
21451031,グランフォーレ西新,3699,20,地下鉄空港線,西新,5,1LDK,40.05,福岡県福岡市早良区城西１,https://suumo.jp//ms/chuko/fukuoka/sc_fukuokashisawara/nc_21451031/
21451064,ロイヤルマンション西新,4399,39,地下鉄空港線,西新,8,4LDK,84.48,福岡県福岡市早良区祖原,https://suumo.jp//ms/chuko/fukuoka/sc_fukuokashisawara/nc_21451064/
21452375,ＭＪＲ赤坂タワー,13900,9,地下鉄空港線,赤坂,1,2LDK,69.03,福岡県福岡市中央区赤坂１,https://suumo.jp//ms/chuko/fukuoka/sc_fukuokashichuo/nc_21452375/
21452589,オーヴィジョン六本松レジデンス,8280,3,地下鉄七隈線,六本松,7,2LDK,74.53,福岡県福岡市中央区六本松３,https://suumo.jp//ms/chuko/fukuoka/sc_fukuokashichuo/nc_21452589/
21452699,サーパス原一丁目,4480,18,地下鉄空港線,藤崎,14,3LDK,74.41,福岡県福岡市早良区原１,https://suumo.jp//ms/chuko/fukuoka/sc_fukuokashisawara/nc_21452699/
21452700,エンゼルハイム大濠,8480,24,地下鉄空港線,唐人町,7,3LDK,79.51,福岡県福岡市中央区今川１,https://suumo.jp//ms/chuko/fukuoka/sc_fukuokashichuo/nc_21452700/
21452724,アメックス博多ベルテックステージ,11800,16,地下鉄空港線,中洲川端,3,2LDK,90.1,福岡県福岡市博多区下川端町,https://suumo.jp//ms/chuko/fukuoka/sc_fukuokashihakata/nc_21452724/
21453046,グランディア百道浜通り,6380,20,地下鉄空港線,西新,8,3LDK,68.66,福岡県福岡市早良区西新２-23-12,https://suumo.jp//ms/chuko/fukuoka/sc_fukuokashisawara/nc_21453046/
21454496,藤和薬院コープ,3798,47,地下鉄七隈線,薬院大通,3,3LDK,71.18,福岡県福岡市中央区薬院２,https://suumo.jp//ms/chuko/fukuoka/sc_fukuokashichuo/nc_21454496/
21454848,ソレイユ赤坂南,4898,37,地下鉄七隈線,桜坂,7,3LDK,75.03,福岡県福岡市中央区六本松３,https://suumo.jp//ms/chuko/fukuoka/sc_fukuokashichuo/nc_21454848/
21455969,ネオハイツ大濠Ⅱ,2000,44,地下鉄七隈線,六本松,12,2LDK,79.06,福岡県福岡市中央区鳥飼１,https://suumo.jp//ms/chuko/fukuoka/sc_fukuokashichuo/nc_21455969/
21456309,サヴォイ　ザ・リバーテラス,4599,20,地下鉄空港線,中洲川端,5,2LDK,49.89,福岡県福岡市博多区中洲中島町,https://suumo.jp//ms/chuko/fukuoka/sc_fukuokashihakata/nc_21456309/
21456420,ローズマンション川端,2700,52,地下鉄空港線,中洲川端,3,ワンルーム,45.0,福岡県福岡市博多区上川端町,https://suumo.jp//ms/chuko/fukuoka/sc_fukuokashihakata/nc_21456420/
21456525,ソピア大濠西,5280,27,地下鉄空港線,西新,9,3LDK,69.57,福岡県福岡市中央区鳥飼３-16-3,https://suumo.jp//ms/chuko/fukuoka/sc_fukuokashichuo/nc_21456525/
21456527,アンピール百年橋,4190,31,地下鉄七隈線,渡辺通,15,3LDK,70.11,福岡県福岡市中央区清川３-9-23,https://suumo.jp//ms/chuko/fukuoka/sc_fukuokashichuo/nc_21456527/
21456616,ライオンズプラザ平尾,5498,30,地下鉄七隈線,薬院,9,3LDK,73.76,福岡県福岡市中央区平尾１,https://suumo.jp//ms/chuko/fukuoka/sc_fukuokashichuo/nc_21456616/
21456618,ライオンズガーデンシティ鳥飼２番館,6980,28,地下鉄空港線,西新,15,4LDK,94.25,福岡県福岡市城南区鳥飼４,https://suumo.jp//ms/chuko/fukuoka/sc_fukuokashijonan/nc_21456618/
21457348,アーバンパレスアルカディア博多駅東,5900,29,地下鉄空港線,東比恵,2,3LDK,86.5,福岡県福岡市博多区東比恵４,https://suumo.jp//ms/chuko/fukuoka/sc_fukuokashihakata/nc_21457348/
21458221,ニューライフ西公園,4380,44,地下鉄空港線,唐人町,10,3LDK,87.56,福岡県福岡市中央区荒戸３,https://suumo.jp//ms/chuko/fukuoka/sc_fukuokashichuo/nc_21458221/
21458923,アンピール百年橋,4190,31,地下鉄七隈線,渡辺通,15,3LDK,70.11,福岡県福岡市中央区清川３,https://suumo.jp//ms/chuko/fukuoka/sc_fukuokashichuo/nc_21458923/
21460353,日商岩井弥生マンション,1390,47,地下鉄空港線,藤崎,12,4LDK,87.49,福岡県福岡市早良区原１,https://suumo.jp//ms/chuko/fukuoka/sc_fukuokashisawara/nc_21460353/
21460598,ソレイユ赤坂南,4898,37,地下鉄七隈線,桜坂,6,3LDK,75.03,福岡県福岡市中央区六本松３-5-35,https://suumo.jp//ms/chuko/fukuoka/sc_fukuokashichuo/nc_21460598/
21460978,ロワールガーデン西公園東２,6980,26,地下鉄空港線,大濠公園,7,3LDK,73.15,福岡県福岡市中央区港１,https://suumo.jp//ms/chuko/fukuoka/sc_fukuokashichuo/nc_21460978/
21460980,朝日プラザ薬院,3880,42,地下鉄七隈線,薬院大通,5,2LDK,63.32,福岡県福岡市中央区薬院２,https://suumo.jp//ms/chuko/fukuoka/sc_fukuokashichuo/nc_21460980/
21460982,ブライトパークサンリヤン地行,8050,14,地下鉄空港線,西新,6,3LDK,73.59,福岡県福岡市中央区地行２,https://suumo.jp//ms/chuko/fukuoka/sc_fukuokashichuo/nc_21460982/
21461259,博多ニッコーハイツ,2380,47,地下鉄空港線,福岡空港,10,3LDK,70.2,福岡県福岡市博多区博多駅東３,https://suumo.jp//ms/chuko/fukuoka/sc_fukuokashihakata/nc_21461259/
21462299,ザ・パークハウス藤崎紅葉山,7980,5,地下鉄空港線,藤崎,10,3LDK,70.44,福岡県福岡市早良区昭代３,https://suumo.jp//ms/chuko/fukuoka/sc_fukuokashisawara/nc_21462299/
21463293,パーク・サンリヤン博多の森,3980,21,地下鉄空港線,福岡空港,14,4LDK,99.56,福岡県糟屋郡志免町別府西２,https://suumo.jp//ms/chuko/fukuoka/sc_kasuyagunshime/nc_21463293/
21463429,ライフピア舞鶴,3499,44,地下鉄空港線,赤坂,7,2LDK,72.3,福岡県福岡市中央区舞鶴３-3-4,https://suumo.jp//ms/chuko/fukuoka/sc_fukuokashichuo/nc_21463429/
21463466,藤崎ロジュマン,4350,38,地下鉄空港線,藤崎,10,4LDK,82.76,福岡県福岡市早良区昭代３-9-5,https://suumo.jp//ms/chuko/fukuoka/sc_fukuokashisawara/nc_21463466/
21463468,ライオンズマンション昭代,2198,45,地下鉄空港線,西新,13,2LDK,58.8,福岡県福岡市早良区昭代１-2,https://suumo.jp//ms/chuko/fukuoka/sc_fukuokashisawara/nc_21463468/
21464318,アンピール百年橋,4190,31,地下鉄七隈線,渡辺通,15,3LDK,70.11,福岡県福岡市中央区清川３-9-23,https://suumo.jp//ms/chuko/fukuoka/sc_fukuokashichuo/nc_21464318/
21464319,パークホームズ室見二丁目,5280,13,地下鉄空港線,藤崎,13,3LDK,79.15,福岡県福岡市早良区室見２-9-22,https://suumo.jp//ms/chuko/fukuoka/sc_fukuokashisawara/nc_21464319/
21464546,ネストピア渡辺通,6180,3,地下鉄七隈線,渡辺通,6,2LDK,53.87,福岡県福岡市中央区清川１,https://suumo.jp//ms/chuko/fukuoka/sc_fukuokashichuo/nc_21464546/
21464547,インプレスト天神オークタワー,6080,6,地下鉄空港線,赤坂,9,2LDK,61.28,福岡県福岡市中央区長浜２,https://suumo.jp//ms/chuko/fukuoka/sc_fukuokashichuo/nc_21464547/
21466296,シーサイドももちヴェルデコート6番館,6680,35,地下鉄空港線,藤崎,11,3LDK,94.47,福岡県福岡市早良区百道浜３,https://suumo.jp//ms/chuko/fukuoka/sc_fukuokashisawara/nc_21466296/
21466439,東カングランドマンション大濠パークサイド,2880,52,地下鉄七隈線,六本松,12,2LDK,55.0,福岡県福岡市中央区鳥飼１,https://suumo.jp//ms/chuko/fukuoka/sc_fukuokashichuo/nc_21466439/
21466839,ヒューマインド博多駅東ネクスタイル,4199,21,地下鉄空港線,東比恵,4,2LDK,58.3,福岡県福岡市博多区東比恵３,https://suumo.jp//ms/chuko/fukuoka/sc_fukuokashihakata/nc_21466839/
21467015,グランディア百道浜通り,6380,20,地下鉄空港線,西新,9,3LDK,68.66,福岡県福岡市早良区西新２,https://suumo.jp//ms/chuko/fukuoka/sc_fukuokashisawara/nc_21467015/
21467105,ゾンネンハイム大手門,1599,53,地下鉄空港線,大濠公園,8,1K,33.0,福岡県福岡市中央区大手門２,https://suumo.jp//ms/chuko/fukuoka/sc_fukuokashichuo/nc_21467105/
21467812,アンピール百年橋,4190,31,地下鉄七隈線,渡辺通,15,3LDK,70.11,福岡県福岡市中央区清川３,https://suumo.jp//ms/chuko/fukuoka/sc_fukuokashichuo/nc_21467812/
21468183,クリオラベルヴィ呉服町,3199,8,地下鉄箱崎線,中洲川端,12,1LDK,34.4,福岡県福岡市博多区下呉服町,https://suumo.jp//ms/chuko/fukuoka/sc_fukuokashihakata/nc_21468183/
21468214,アルファライフ博多プレシャス,4499,15,ＪＲ篠栗線,博多,14,1LDK,53.04,福岡県福岡市博多区住吉５,https://suumo.jp//ms/chuko/fukuoka/sc_fukuokashihakata/nc_21468214/
21468611,ライオンズ大濠公園グランゲイト,6980,11,地下鉄空港線,大濠公園,7,3LDK,77.04,福岡県福岡市中央区大手門２,https://suumo.jp//ms/chuko/fukuoka/sc_fukuokashichuo/nc_21468611/
21468612,ＪＱ浄水東通り,6980,20,地下鉄七隈線,薬院大通,5,1LDK,67.58,福岡県福岡市中央区薬院４,https://suumo.jp//ms/chuko/fukuoka/sc_fukuokashichuo/nc_21468612/
21468855,藤崎ロジュマン,4350,38,地下鉄空港線,藤崎,13,4LDK,82.76,福岡県福岡市早良区昭代３,https://suumo.jp//ms/chuko/fukuoka/sc_fukuokashisawara/nc_21468855/
21469809,ザ・パークハウス西新二丁目,9480,10,地下鉄空港線,西新,8,3LDK,72.32,福岡県福岡市早良区西新２,https://suumo.jp//ms/chuko/fukuoka/sc_fukuokashisawara/nc_21469809/
21469810,サンリヤン西新弐番館,7290,24,地下鉄空港線,西新,7,3LDK+S（納戸）,86.06,福岡県福岡市早良区西新２,https://suumo.jp//ms/chuko/fukuoka/sc_fukuokashisawara/nc_21469810/
21469817,グランドメゾン赤坂ＪＯＨＳＥＫＩ,9500,4,地下鉄空港線,赤坂,12,2LDK,52.76,福岡県福岡市中央区赤坂２,https://suumo.jp//ms/chuko/fukuoka/sc_fukuokashichuo/nc_21469817/
21469823,ファミール平尾,5280,30,地下鉄七隈線,薬院,15,2LDK,70.4,福岡県福岡市中央区那の川２,https://suumo.jp//ms/chuko/fukuoka/sc_fukuokashichuo/nc_21469823/
21469825,グランドサンリヤン大濠２丁目,8280,24,地下鉄空港線,唐人町,7,2LDK,69.4,福岡県福岡市中央区大濠２,https://suumo.jp//ms/chuko/fukuoka/sc_fukuokashichuo/nc_21469825/
21469826,ロイヤルアーク空港前,4180,18,地下鉄空港線,福岡空港,8,4LDK,90.13,福岡県福岡市博多区空港前３,https://suumo.jp//ms/chuko/fukuoka/sc_fukuokashihakata/nc_21469826/
21469830,朝日プラザ博多,3190,41,ＪＲ鹿児島本線,博多,13,2LDK,54.18,福岡県福岡市博多区博多駅前４,https://suumo.jp//ms/chuko/fukuoka/sc_fukuokashihakata/nc_21469830/
21470877,アメックス博多ベルテックステージ,6890,16,地下鉄空港線,中洲川端,5,1LDK+S（納戸）,53.59,福岡県福岡市博多区下川端町10-16,https://suumo.jp//ms/chuko/fukuoka/sc_fukuokashihakata/nc_21470877/
21471749,エステートマンション赤坂けやき通り,3790,31,地下鉄七隈線,桜坂,11,3LDK,68.53,福岡県福岡市中央区赤坂３,https://suumo.jp//ms/chuko/fukuoka/sc_fukuokashichuo/nc_21471749/
71893185,スワローハイツ山荘通,2180,40,地下鉄七隈線,薬院大通,14,3LDK,79.27,福岡県福岡市中央区平尾４,https://suumo.jp//ms/chuko/fukuoka/sc_fukuokashichuo/nc_71893185/
73662868,サングレート薬院駅ロイヤルウィン,5680,23,西鉄天神大牟田線,薬院,4,1LDK,55.72,福岡県福岡市中央区平尾１,https://suumo.jp//ms/chuko/fukuoka/sc_fukuokashichuo/nc_73662868/
74279125,ザ・パークハウス桜坂サンリヤン,16500,8,地下鉄七隈線,桜坂,3,4LDK,105.07,福岡県福岡市中央区桜坂３,https://suumo.jp//ms/chuko/fukuoka/sc_fukuokashichuo/nc_74279125/
74671558,ティアラ薬院,4580,35,地下鉄七隈線,薬院大通,3,2LDK,87.4,福岡県福岡市中央区薬院２,https://suumo.jp//ms/chuko/fukuoka/sc_fukuokashichuo/nc_74671558/
74991725,オーセントスクエア室見アーバンコンフォート,3200,22,地下鉄空港線,藤崎,15,2LDK,60.03,福岡県福岡市早良区室見４,https://suumo.jp//ms/chuko/fukuoka/sc_fukuokashisawara/nc_74991725/
75745223,オープンレジデンシア博多住吉,3490,3,地下鉄七隈線,櫛田神社前,8,1LDK,31.13,福岡県福岡市博多区住吉２-7-1,https://suumo.jp//ms/chuko/fukuoka/sc_fukuokashihakata/nc_75745223/
75894792,オープンレジデンシア天神今泉,3750,3,地下鉄七隈線,薬院大通,7,1LDK,34.12,福岡県福岡市中央区今泉２,https://suumo.jp//ms/chuko/fukuoka/sc_fukuokashichuo/nc_75894792/
76105420,オープンレジデンシア大濠西,3200,2,地下鉄空港線,唐人町,8,1LDK,34.31,福岡県福岡市中央区今川２,https://suumo.jp//ms/chuko/fukuoka/sc_fukuokashichuo/nc_76105420/
76206976,朝日プラザ天神,3180,40,地下鉄空港線,天神,4,ワンルーム,43.65,福岡県福岡市中央区舞鶴１,https://suumo.jp//ms/chuko/fukuoka/sc_fukuokashichuo/nc_76206976/
76431436,アーバンパレスアクス大濠Ⅱ,4890,27,地下鉄空港線,唐人町,5,3LDK,74.2,福岡県福岡市中央区荒戸３-3-15,https://suumo.jp//ms/chuko/fukuoka/sc_fukuokashichuo/nc_76431436/
76842988,アクタス大手門パークシティ,9980,21,地下鉄空港線,赤坂,7,3LDK,93.92,福岡県福岡市中央区大手門１-２－１８,https://suumo.jp//ms/chuko/fukuoka/sc_fukuokashichuo/nc_76842988/
76865748,アクタス大手門パークシティ,9980,21,地下鉄空港線,赤坂,7,3LDK,93.92,福岡県福岡市中央区大手門１,https://suumo.jp//ms/chuko/fukuoka/sc_fukuokashichuo/nc_76865748/
76993707,サングレート平尾山荘,8000,8,地下鉄七隈線,薬院大通,15,2LDK,83.36,福岡県福岡市中央区平尾５,https://suumo.jp//ms/chuko/fukuoka/sc_fukuokashichuo/nc_76993707/
77427348,アクタス大手門パークシティ,9980,21,地下鉄空港線,赤坂,6,3LDK,93.92,福岡県福岡市中央区大手門１,https://suumo.jp//ms/chuko/fukuoka/sc_fukuokashichuo/nc_77427348/
77529888,西公園ハウス,2380,40,地下鉄空港線,大濠公園,14,2LDK,71.7,福岡県福岡市中央区西公園11-10,https://suumo.jp//ms/chuko/fukuoka/sc_fukuokashichuo/nc_77529888/
77539723,グランドステイツ大濠公園南,8280,22,地下鉄七隈線,六本松,3,3LDK,80.69,福岡県福岡市中央区六本松３,https://suumo.jp//ms/chuko/fukuoka/sc_fukuokashichuo/nc_77539723/
77553274,オープンレジデンシア博多住吉,3980,3,地下鉄七隈線,櫛田神社前,6,1LDK,38.65,福岡県福岡市博多区住吉２,https://suumo.jp//ms/chuko/fukuoka/sc_fukuokashihakata/nc_77553274/
77583529,グランドメゾン百道プレイス,10820,10,地下鉄空港線,藤崎,3,3LDK,90.65,福岡県福岡市早良区百道２,https://suumo.jp//ms/chuko/fukuoka/sc_fukuokashisawara/nc_77583529/
77605697,CLUB THE. 薬院ステーションタワー,46000,6,地下鉄七隈線,薬院,2,2LDK+S（納戸）,138.16,福岡県福岡市中央区白金１-17-34,https://suumo.jp//ms/chuko/fukuoka/sc_fukuokashichuo/nc_77605697/
77631768,コアマンション祖原公園,3980,27,地下鉄空港線,西新,15,2LDK,71.8,福岡県福岡市早良区昭代１,https://suumo.jp//ms/chuko/fukuoka/sc_fukuokashisawara/nc_77631768/
77676580,CLUB THE. 薬院ステーションタワー,46000,6,西鉄天神大牟田線,薬院,2,2LDK+S（納戸）,138.16,福岡県福岡市中央区白金１,https://suumo.jp//ms/chuko/fukuoka/sc_fukuokashichuo/nc_77676580/
77748360,レーベン福岡天神ONETOWER,15358,2,地下鉄空港線,天神,6,3LDK,83.43,福岡県福岡市中央区天神５,https://suumo.jp//ms/chuko/fukuoka/sc_fukuokashichuo/nc_77748360/
77788575,ライオンズマンション西新,2980,44,地下鉄空港線,藤崎,4,2LDK,66.36,福岡県福岡市早良区西新７,https://suumo.jp//ms/chuko/fukuoka/sc_fukuokashisawara/nc_77788575/
77793403,レーベン福岡天神　ＯＮＥ　ＴＯＷＥＲ,15358,2,地下鉄空港線,天神,9,3LDK,83.43,福岡県福岡市中央区天神５,https://suumo.jp//ms/chuko/fukuoka/sc_fukuokashichuo/nc_77793403/
77794350,ライオンズマンションマキシム桜坂II,4380,28,地下鉄七隈線,桜坂,5,3LDK,85.78,福岡県福岡市中央区谷１,https://suumo.jp//ms/chuko/fukuoka/sc_fukuokashichuo/nc_77794350/
77821582,ハイライフ平尾,2690,49,地下鉄七隈線,薬院大通,14,1LDK,57.13,福岡県福岡市中央区平尾４-7-17,https://suumo.jp//ms/chuko/fukuoka/sc_fukuokashichuo/nc_77821582/
77878615,オープンレジデンシア博多空港通り,4448,2,ＪＲ鹿児島本線,博多,9,2LDK,48.97,福岡県福岡市博多区東光２-6-12,https://suumo.jp//ms/chuko/fukuoka/sc_fukuokashihakata/nc_77878615/
77889490,アルデ別府,4490,20,地下鉄七隈線,別府,6,4LDK,107.96,福岡県福岡市城南区別府１-16-28,https://suumo.jp//ms/chuko/fukuoka/sc_fukuokashijonan/nc_77889490/
77890908,Brillia Tower西新　ブリリアタワー西新,33000,5,地下鉄空港線,西新,1,2LDK,101.82,福岡県福岡市早良区西新４,https://suumo.jp//ms/chuko/fukuoka/sc_fukuokashisawara/nc_77890908/
77892861,MJR赤坂タワー,13900,9,地下鉄空港線,赤坂,1,2LDK,69.03,福岡県福岡市中央区赤坂１,https://suumo.jp//ms/chuko/fukuoka/sc_fukuokashichuo/nc_77892861/
77901231,Brillia　Tower西新,33000,5,地下鉄空港線,西新,2,2LDK,101.82,福岡県福岡市早良区西新４,https://suumo.jp//ms/chuko/fukuoka/sc_fukuokashisawara/nc_77901231/
77901688,ブリリアタワー西新,33000,5,地下鉄空港線,西新,1,2LDK,101.82,福岡県福岡市早良区西新４,https://suumo.jp//ms/chuko/fukuoka/sc_fukuokashisawara/nc_77901688/
77915413,MJR赤坂タワー,13900,9,地下鉄空港線,赤坂,1,2LDK,69.03,福岡県福岡市中央区赤坂１,https://suumo.jp//ms/chuko/fukuoka/sc_fukuokashichuo/nc_77915413/
77918095,BrilliaTower西新（ブリリアタワー西新）,33000,5,地下鉄空港線,西新,1,2LDK+S（納戸）,101.82,福岡県福岡市早良区西新４,https://suumo.jp//ms/chuko/fukuoka/sc_fukuokashisawara/nc_77918095/
77934409,MJR赤坂タワー,13900,9,地下鉄空港線,赤坂,1,2LDK,69.03,福岡県福岡市中央区赤坂１,https://suumo.jp//ms/chuko/fukuoka/sc_fukuokashichuo/nc_77934409/
77940315,Ｂｒｉｌｌｉａ　Ｔｏｗｅｒ西新・ＰＲＡＬＩＶＡ,33000,5,地下鉄空港線,西新,1,2LDK+S（納戸）,101.82,福岡県福岡市早良区西新４,https://suumo.jp//ms/chuko/fukuoka/sc_fukuokashisawara/nc_77940315/
77940319,ＭＪＲ赤坂タワー,13900,9,地下鉄空港線,赤坂,1,2LDK,69.03,福岡県福岡市中央区赤坂１,https://suumo.jp//ms/chuko/fukuoka/sc_fukuokashichuo/nc_77940319/
77951272,コープ野村博多東,2680,46,地下鉄空港線,東比恵,5,2LDK,69.36,福岡県福岡市博多区比恵町4-27,https://suumo.jp//ms/chuko/fukuoka/sc_fukuokashihakata/nc_77951272/
77959137,MJR赤坂タワー,13900,9,地下鉄空港線,赤坂,1,2LDK,69.03,福岡県福岡市中央区赤坂１,https://suumo.jp//ms/chuko/fukuoka/sc_fukuokashichuo/nc_77959137/
78014368,クリスタージュ２番館,4990,34,地下鉄空港線,藤崎,11,4LDK,102.28,福岡県福岡市早良区百道浜４,https://suumo.jp//ms/chuko/fukuoka/sc_fukuokashisawara/nc_78014368/
78092052,ライオンズマンションマキシム浄水通り,1980,45,地下鉄七隈線,薬院大通,3,ワンルーム,36.55,福岡県福岡市中央区薬院４-18-15,https://suumo.jp//ms/chuko/fukuoka/sc_fukuokashichuo/nc_78092052/
78105959,Brillia平尾浄水,12500,17,地下鉄七隈線,薬院大通,11,3LDK,127.99,福岡県福岡市中央区平尾浄水町4-7,https://suumo.jp//ms/chuko/fukuoka/sc_fukuokashichuo/nc_78105959/
78135127,オープンレジデンシア渡辺通南,3800,2,地下鉄七隈線,渡辺通,10,1LDK,38.25,福岡県福岡市中央区清川２,https://suumo.jp//ms/chuko/fukuoka/sc_fukuokashichuo/nc_78135127/
78138910,ダイナコート赤坂南,2100,38,地下鉄七隈線,桜坂,5,3LDK,63.3,福岡県福岡市中央区桜坂２-5-43,https://suumo.jp//ms/chuko/fukuoka/sc_fukuokashichuo/nc_78138910/
78147889,ネオグランデ六本松ヒルズ,4200,27,地下鉄七隈線,六本松,6,3LDK,78.14,福岡県福岡市中央区六本松３-11-12,https://suumo.jp//ms/chuko/fukuoka/sc_fukuokashichuo/nc_78147889/
78252151,デュオヴェール平尾,3498,3,西鉄天神大牟田線,薬院,15,1LDK,34.05,福岡県福岡市中央区平尾２,https://suumo.jp//ms/chuko/fukuoka/sc_fukuokashichuo/nc_78252151/
78294683,ネクサス薬院,12880,11,地下鉄七隈線,薬院大通,3,3LDK,94.52,福岡県福岡市中央区薬院１,https://suumo.jp//ms/chuko/fukuoka/sc_fukuokashichuo/nc_78294683/
78307032,シティマンション大名,4500,39,地下鉄空港線,赤坂,6,3LDK,64.98,福岡県福岡市中央区大名１,https://suumo.jp//ms/chuko/fukuoka/sc_fukuokashichuo/nc_78307032/
78348132,オープンレジデンシア博多住吉,3980,3,地下鉄空港線,博多,9,1LDK,38.65,福岡県福岡市博多区住吉２,https://suumo.jp//ms/chuko/fukuoka/sc_fukuokashihakata/nc_78348132/
78371177,日商岩井新福陵マンション,2280,48,地下鉄空港線,藤崎,14,4LDK,92.26,福岡県福岡市早良区荒江３,https://suumo.jp//ms/chuko/fukuoka/sc_fukuokashisawara/nc_78371177/
78392749,藤崎ロジュマン,4350,38,地下鉄空港線,藤崎,10,4LDK,82.76,福岡県福岡市早良区昭代３-9-5,https://suumo.jp//ms/chuko/fukuoka/sc_fukuokashisawara/nc_78392749/
78393758,サニークレスト荒江,1690,44,地下鉄七隈線,別府,14,4LDK,81.47,福岡県福岡市城南区荒江１,https://suumo.jp//ms/chuko/fukuoka/sc_fukuokashijonan/nc_78393758/
78395279,レーベン福岡天神ＯＮＥＴＯＷＥＲ,15358,2,地下鉄空港線,天神,6,3LDK,83.43,福岡県福岡市中央区天神５,https://suumo.jp//ms/chuko/fukuoka/sc_fukuokashichuo/nc_78395279/
78457540,藤崎ロジュマン,4350,38,地下鉄空港線,藤崎,10,4LDK,82.76,福岡県福岡市早良区昭代３,https://suumo.jp//ms/chuko/fukuoka/sc_fukuokashisawara/nc_78457540/
78533278,星和今泉コーポラス,3690,44,地下鉄七隈線,薬院大通,7,3LDK,88.0,福岡県福岡市中央区今泉２,https://suumo.jp//ms/chuko/fukuoka/sc_fukuokashichuo/nc_78533278/
78550441,Ｂｒｉｌｌｉａ　Ｔｏｗｅｒ西新・ＰＲＡＬＩＶＡ,31000,5,地下鉄空港線,西新,1,2LDK,101.13,福岡県福岡市早良区西新４,https://suumo.jp//ms/chuko/fukuoka/sc_fukuokashisawara/nc_78550441/
78553902,オープンレジデンシア天神今泉,4900,3,地下鉄七隈線,薬院大通,6,2LDK,46.01,福岡県福岡市中央区今泉２,https://suumo.jp//ms/chuko/fukuoka/sc_fukuokashichuo/nc_78553902/
78566794,皐月マンション奈良屋,1980,46,地下鉄空港線,中洲川端,11,2LDK,53.28,福岡県福岡市博多区奈良屋町12‐18,https://suumo.jp//ms/chuko/fukuoka/sc_fukuokashihakata/nc_78566794/
78598929,パークコート赤坂ヒルトップレジデンス,9880,16,地下鉄七隈線,桜坂,9,3LDK,88.76,福岡県福岡市中央区赤坂３,https://suumo.jp//ms/chuko/fukuoka/sc_fukuokashichuo/nc_78598929/
78635330,ザ・パークハウス福岡タワーズＥＡＳＴ,7490,6,地下鉄空港線,唐人町,12,2LDK,64.28,福岡県福岡市中央区地行浜２,https://suumo.jp//ms/chuko/fukuoka/sc_fukuokashichuo/nc_78635330/
78640538,パークコート赤坂ヒルトップレジデンス,9880,16,地下鉄七隈線,桜坂,10,3LDK,88.76,福岡県福岡市中央区赤坂３-６－６,https://suumo.jp//ms/chuko/fukuoka/sc_fukuokashichuo/nc_78640538/
78661055,グランドメゾン福岡　Ｔｈｅ　Ｃｅｎｔｒａｌ　Ｌｕｘｅ,9480,1,西鉄天神大牟田線,薬院,2,1LDK,63.29,福岡県福岡市中央区渡辺通２,https://suumo.jp//ms/chuko/fukuoka/sc_fukuokashichuo/nc_78661055/
78668157,オープンレジデンシア西新,3400,1,地下鉄空港線,西新,5,1LDK,31.65,福岡県福岡市早良区城西１,https://suumo.jp//ms/chuko/fukuoka/sc_fukuokashisawara/nc_78668157/
78680505,ネクサス薬院,12880,11,地下鉄七隈線,薬院大通,4,3LDK,94.52,福岡県福岡市中央区薬院１,https://suumo.jp//ms/chuko/fukuoka/sc_fukuokashichuo/nc_78680505/
78705032,藤崎ロジュマン,4350,38,地下鉄空港線,藤崎,11,4LDK,82.76,福岡県福岡市早良区昭代３,https://suumo.jp//ms/chuko/fukuoka/sc_fukuokashisawara/nc_78705032/
78708894,ハイツ21,2180,49,地下鉄空港線,西新,6,2LDK,61.83,福岡県福岡市早良区城西１,https://suumo.jp//ms/chuko/fukuoka/sc_fukuokashisawara/nc_78708894/
78722109,クリスタージュ２番館,5480,34,地下鉄空港線,藤崎,11,4LDK,102.28,福岡県福岡市早良区百道浜４,https://suumo.jp//ms/chuko/fukuoka/sc_fukuokashisawara/nc_78722109/
78757591,エンゼルハイム鳥飼中央,4880,25,地下鉄空港線,西新,13,3LDK,75.68,福岡県福岡市中央区鳥飼１-４－４３,https://suumo.jp//ms/chuko/fukuoka/sc_fukuokashichuo/nc_78757591/
78773022,ゾンネンハイム大手門,2655,53,地下鉄空港線,大濠公園,7,3LDK,66.0,福岡県福岡市中央区大手門２-5,https://suumo.jp//ms/chuko/fukuoka/sc_fukuokashichuo/nc_78773022/
78809967,パーク・サンリヤン博多の森Ⅰ・Ⅱ番館,4190,23,地下鉄空港線,福岡空港,10,3LDK,82.19,福岡県糟屋郡志免町別府西２,https://suumo.jp//ms/chuko/fukuoka/sc_kasuyagunshime/nc_78809967/
78823570,グランド・サンリヤン西新,8200,2,地下鉄空港線,西新,5,3LDK,68.73,福岡県福岡市早良区城西１,https://suumo.jp//ms/chuko/fukuoka/sc_fukuokashisawara/nc_78823570/
78841624,ブランシエラ赤坂はなみずき通り,8980,6,地下鉄七隈線,桜坂,6,3LDK,77.39,福岡県福岡市中央区桜坂１,https://suumo.jp//ms/chuko/fukuoka/sc_fukuokashichuo/nc_78841624/
78851188,ＫＢＣマンションユーハイム赤坂南,3000,40,地下鉄七隈線,薬院大通,7,2LDK,84.87,福岡県福岡市中央区警固２,https://suumo.jp//ms/chuko/fukuoka/sc_fukuokashichuo/nc_78851188/
78879298,ザ・パークハウス桜坂サンリヤン,18800,8,地下鉄七隈線,桜坂,3,2LDK+S（納戸）,105.07,福岡県福岡市中央区桜坂３,https://suumo.jp//ms/chuko/fukuoka/sc_fukuokashichuo/nc_78879298/
78888074,藤和別府コープ,2599,43,地下鉄七隈線,別府,5,3LDK,62.16,福岡県福岡市城南区別府５-2-5,https://suumo.jp//ms/chuko/fukuoka/sc_fukuokashijonan/nc_78888074/
78922034,ロマネスク大濠アネツクス,2999,39,地下鉄空港線,唐人町,12,2LDK,59.65,福岡県福岡市中央区鳥飼２,https://suumo.jp//ms/chuko/fukuoka/sc_fukuokashichuo/nc_78922034/
78927453,モントーレ東比恵クレア,4199,7,地下鉄空港線,東比恵,2,1LDK,42.77,福岡県福岡市博多区東比恵３,https://suumo.jp//ms/chuko/fukuoka/sc_fukuokashihakata/nc_78927453/
78947683,シティマンション平尾Ⅱ,2780,41,西鉄天神大牟田線,薬院,10,3LDK,58.24,福岡県福岡市中央区平尾２,https://suumo.jp//ms/chuko/fukuoka/sc_fukuokashichuo/nc_78947683/
78952756,ブリリア平尾浄水,11800,17,地下鉄七隈線,薬院大通,11,3LDK,114.43,福岡県福岡市中央区平尾浄水町,https://suumo.jp//ms/chuko/fukuoka/sc_fukuokashichuo/nc_78952756/
78957814,インプレスト天神オークタワー,5990,6,地下鉄空港線,赤坂,9,2LDK,56.79,福岡県福岡市中央区長浜２,https://suumo.jp//ms/chuko/fukuoka/sc_fukuokashichuo/nc_78957814/
78973290,インプレスト天神オークタワー,5990,6,地下鉄空港線,赤坂,9,2LDK,56.79,福岡県福岡市中央区長浜２,https://suumo.jp//ms/chuko/fukuoka/sc_fukuokashichuo/nc_78973290/
78982914,アクロス天神センタープラザ,6880,21,地下鉄七隈線,渡辺通,6,2LDK,71.11,福岡県福岡市中央区渡辺通３,https://suumo.jp//ms/chuko/fukuoka/sc_fukuokashichuo/nc_78982914/
78996625,ルッシュ・西公園,14000,36,地下鉄空港線,唐人町,13,4LDK,131.05,福岡県福岡市中央区荒戸３-5-46,https://suumo.jp//ms/chuko/fukuoka/sc_fukuokashichuo/nc_78996625/
79003032,プレミスト大濠公園,24800,1,地下鉄空港線,唐人町,3,3LDK,120.71,福岡県福岡市中央区荒戸３,https://suumo.jp//ms/chuko/fukuoka/sc_fukuokashichuo/nc_79003032/
79004709,コープ野村博多東,3380,46,地下鉄空港線,東比恵,5,3LDK,98.41,福岡県福岡市博多区比恵町,https://suumo.jp//ms/chuko/fukuoka/sc_fukuokashihakata/nc_79004709/
79015072,アンピール空港通りⅡ,7380,17,地下鉄空港線,東比恵,12,4LDK,105.28,福岡県福岡市博多区豊２,https://suumo.jp//ms/chuko/fukuoka/sc_fukuokashihakata/nc_79015072/
79028575,クリオラベルヴィ呉服町,3199,8,地下鉄空港線,中洲川端,12,1LDK,34.4,福岡県福岡市博多区下呉服町3-19,https://suumo.jp//ms/chuko/fukuoka/sc_fukuokashihakata/nc_79028575/
79035434,クリオ ラベルヴィ呉服町,3199,8,地下鉄空港線,中洲川端,12,1LDK,34.4,福岡県福岡市博多区下呉服町,https://suumo.jp//ms/chuko/fukuoka/sc_fukuokashihakata/nc_79035434/
79039453,シャンボール舞鶴,3480,47,地下鉄空港線,赤坂,3,1LDK+S（納戸）,56.7,福岡県福岡市中央区舞鶴２,https://suumo.jp//ms/chuko/fukuoka/sc_fukuokashichuo/nc_79039453/
79049647,ザ・パークハウス福岡タワーズ EAST,12800,6,地下鉄空港線,唐人町,12,3LDK,83.96,福岡県福岡市中央区地行浜２,https://suumo.jp//ms/chuko/fukuoka/sc_fukuokashichuo/nc_79049647/
79050803,ブリリアタワー西新,33000,5,地下鉄空港線,西新,1,2LDK+S（納戸）,101.82,福岡県福岡市早良区西新４,https://suumo.jp//ms/chuko/fukuoka/sc_fukuokashisawara/nc_79050803/
79053877,藤崎ロジュマン,4350,38,地下鉄空港線,藤崎,11,4LDK,82.76,福岡県福岡市早良区昭代３,https://suumo.jp//ms/chuko/fukuoka/sc_fukuokashisawara/nc_79053877/
79057012,クリオラベルヴィ呉服町,3199,8,地下鉄箱崎線,中洲川端,11,1LDK,34.4,福岡県福岡市博多区下呉服町,https://suumo.jp//ms/chuko/fukuoka/sc_fukuokashihakata/nc_79057012/
79059997,MJR赤坂タワー,13900,9,地下鉄空港線,赤坂,1,2LDK,69.03,福岡県福岡市中央区赤坂１,https://suumo.jp//ms/chuko/fukuoka/sc_fukuokashichuo/nc_79059997/
79060704,ビレッタ百道,2680,51,地下鉄空港線,藤崎,11,2LDK,55.39,福岡県福岡市早良区百道１,https://suumo.jp//ms/chuko/fukuoka/sc_fukuokashisawara/nc_79060704/
79062235,赤坂エクセル,3449,52,地下鉄空港線,赤坂,13,2LDK,79.5,福岡県福岡市中央区赤坂３,https://suumo.jp//ms/chuko/fukuoka/sc_fukuokashichuo/nc_79062235/
79065759,クリオラベルヴィ呉服町,3199,8,地下鉄空港線,中洲川端,10,1LDK,34.4,福岡県福岡市博多区下呉服町,https://suumo.jp//ms/chuko/fukuoka/sc_fukuokashihakata/nc_79065759/
79072559,インプレスト天神オークタワー,5990,6,地下鉄空港線,赤坂,10,2LDK,56.79,福岡県福岡市中央区長浜２,https://suumo.jp//ms/chuko/fukuoka/sc_fukuokashichuo/nc_79072559/
79074334,グランドメゾン浄水ガーデンシティフォレストゲートⅢ,12500,8,地下鉄七隈線,薬院大通,5,3LDK,83.15,福岡県福岡市中央区薬院４,https://suumo.jp//ms/chuko/fukuoka/sc_fukuokashichuo/nc_79074334/
79076927,クリオラベルヴィ呉服町,3199,8,地下鉄空港線,中洲川端,12,1LDK,34.4,福岡県福岡市博多区下呉服町3-19,https://suumo.jp//ms/chuko/fukuoka/sc_fukuokashihakata/nc_79076927/
79081279,フリーディア藤崎レジデンス,10300,7,地下鉄空港線,藤崎,4,3LDK,97.45,福岡県福岡市早良区藤崎１,https://suumo.jp//ms/chuko/fukuoka/sc_fukuokashisawara/nc_79081279/
79089881,赤坂エクセル,3449,52,地下鉄七隈線,桜坂,13,2LDK,79.5,福岡県福岡市中央区赤坂３-8-26,https://suumo.jp//ms/chuko/fukuoka/sc_fukuokashichuo/nc_79089881/
79094486,グランドメゾン大濠ブルクレール,9280,20,地下鉄七隈線,六本松,9,3LDK,85.42,福岡県福岡市中央区草香江２,https://suumo.jp//ms/chuko/fukuoka/sc_fukuokashichuo/nc_79094486/
79098275,百道タワー,8980,22,地下鉄空港線,西新,10,2LDK,81.73,福岡県福岡市早良区百道浜１,https://suumo.jp//ms/chuko/fukuoka/sc_fukuokashisawara/nc_79098275/
79101544,赤坂エクセル,3449,52,地下鉄七隈線,桜坂,13,2LDK,79.5,福岡県福岡市中央区赤坂３,https://suumo.jp//ms/chuko/fukuoka/sc_fukuokashichuo/nc_79101544/
79102216,グランドメゾン福岡　The Central Luxe…,12660,1,西鉄天神大牟田線,薬院,2,1LDK,69.72,福岡県福岡市中央区渡辺通２-7-23,https://suumo.jp//ms/chuko/fukuoka/sc_fukuokashichuo/nc_79102216/
79104390,グランドメゾン赤坂弐番館,12300,22,地下鉄空港線,赤坂,12,3LDK,110.0,福岡県福岡市中央区赤坂２,https://suumo.jp//ms/chuko/fukuoka/sc_fukuokashichuo/nc_79104390/
79104940,赤坂エクセル,3449,52,地下鉄空港線,赤坂,12,2LDK,79.5,福岡県福岡市中央区赤坂３,https://suumo.jp//ms/chuko/fukuoka/sc_fukuokashichuo/nc_79104940/
79107636,ライオンズプラザ大濠公園,5780,31,地下鉄空港線,唐人町,6,3LDK,66.63,福岡県福岡市中央区荒戸３,https://suumo.jp//ms/chuko/fukuoka/sc_fukuokashichuo/nc_79107636/
79108337,デュ・レジア薬院テラス,6980,4,地下鉄七隈線,薬院,11,2LDK,63.0,福岡県福岡市中央区高砂２,https://suumo.jp//ms/chuko/fukuoka/sc_fukuokashichuo/nc_79108337/
79112729,アートウィル赤坂,4280,32,地下鉄七隈線,桜坂,9,3LDK,65.61,福岡県福岡市中央区赤坂３,https://suumo.jp//ms/chuko/fukuoka/sc_fukuokashichuo/nc_79112729/
79121075,百道タワー,8980,22,地下鉄空港線,西新,10,2LDK,81.73,福岡県福岡市早良区百道浜１,https://suumo.jp//ms/chuko/fukuoka/sc_fukuokashisawara/nc_79121075/
79124599,オープンレジデンシア室見,3250,1,地下鉄空港線,藤崎,15,1LDK,33.64,福岡県福岡市西区愛宕２,https://suumo.jp//ms/chuko/fukuoka/sc_fukuokashinishi/nc_79124599/
79139452,赤坂エクセル,3449,52,地下鉄空港線,赤坂,12,2LDK,79.5,福岡県福岡市中央区赤坂３,https://suumo.jp//ms/chuko/fukuoka/sc_fukuokashichuo/nc_79139452/
79143193,赤坂エクセル,3449,52,地下鉄空港線,赤坂,13,2LDK,79.5,福岡県福岡市中央区赤坂３,https://suumo.jp//ms/chuko/fukuoka/sc_fukuokashichuo/nc_79143193/
79152708,グランアーキ大濠一丁目 ザ・レジデンス,19100,6,地下鉄空港線,大濠公園,15,2LDK,83.09,福岡県福岡市中央区大濠１,https://suumo.jp//ms/chuko/fukuoka/sc_fukuokashichuo/nc_79152708/
79167310,アルファライフ博多,4499,15,ＪＲ鹿児島本線,博多,14,1LDK,53.04,福岡県福岡市博多区住吉５,https://suumo.jp//ms/chuko/fukuoka/sc_fukuokashihakata/nc_79167310/
79169561,モントーレ東比恵クレア,4199,7,地下鉄空港線,東比恵,3,1LDK,42.77,福岡県福岡市博多区東比恵３,https://suumo.jp//ms/chuko/fukuoka/sc_fukuokashihakata/nc_79169561/
79170354,オープンレジデンシア天神今泉,4900,3,地下鉄七隈線,薬院大通,6,2LDK,46.01,福岡県福岡市中央区今泉２,https://suumo.jp//ms/chuko/fukuoka/sc_fukuokashichuo/nc_79170354/
79172819,モントーレ東比恵クレア,4199,7,地下鉄空港線,東比恵,3,1LDK,42.77,福岡県福岡市博多区東比恵３,https://suumo.jp//ms/chuko/fukuoka/sc_fukuokashihakata/nc_79172819/
79174995,グリーンハイツ輝国,2430,46,地下鉄七隈線,六本松,13,3LDK,73.32,福岡県福岡市中央区輝国２,https://suumo.jp//ms/chuko/fukuoka/sc_fukuokashichuo/nc_79174995/
79194902,モントーレ東比恵クレア【担当：鍋嶋】　までお気軽にお…,4199,7,地下鉄空港線,東比恵,2,1LDK,42.77,福岡県福岡市博多区東比恵３,https://suumo.jp//ms/chuko/fukuoka/sc_fukuokashihakata/nc_79194902/
79197908,モントーレ東比恵クレア,4199,7,地下鉄空港線,東比恵,3,1LDK,42.77,福岡県福岡市博多区東比恵３,https://suumo.jp//ms/chuko/fukuoka/sc_fukuokashihakata/nc_79197908/
79200824,スカイ・クリエート天神南,730,35,地下鉄七隈線,渡辺通,7,ワンルーム,19.71,福岡県福岡市中央区春吉２-19-17,https://suumo.jp//ms/chuko/fukuoka/sc_fukuokashichuo/nc_79200824/
79200862,MJR赤坂タワー,12500,9,地下鉄空港線,赤坂,1,2LDK,64.8,福岡県福岡市中央区赤坂１,https://suumo.jp//ms/chuko/fukuoka/sc_fukuokashichuo/nc_79200862/
79201047,赤坂エクセル,3449,52,地下鉄空港線,赤坂,12,2LDK,79.5,福岡県福岡市中央区赤坂３-８－２６,https://suumo.jp//ms/chuko/fukuoka/sc_fukuokashichuo/nc_79201047/
79220468,ブリリアタワー西新,16800,5,地下鉄空港線,西新,1,2LDK,79.93,福岡県福岡市早良区西新４,https://suumo.jp//ms/chuko/fukuoka/sc_fukuokashisawara/nc_79220468/
79225116,警固ハウス,2999,46,地下鉄七隈線,薬院大通,8,2LDK,66.0,福岡県福岡市中央区警固１,https://suumo.jp//ms/chuko/fukuoka/sc_fukuokashichuo/nc_79225116/
79226603,ＫＢＣマンションユーハイム赤坂南,3000,40,地下鉄七隈線,薬院大通,7,2LDK,84.87,福岡県福岡市中央区警固２,https://suumo.jp//ms/chuko/fukuoka/sc_fukuokashichuo/nc_79226603/
79226606,リファレンス天神南,4199,24,地下鉄七隈線,渡辺通,12,3LDK,65.32,福岡県福岡市中央区清川２,https://suumo.jp//ms/chuko/fukuoka/sc_fukuokashichuo/nc_79226606/
