id,name,price,age,line,station_name,minutes,layout,area,address,url
20000398,エフグラン室見,5380,7,地下鉄空港線,藤崎,6,2LDK,59.49,福岡県福岡市早良区室見２,https://suumo.jp//ms/chuko/fukuoka/sc_fukuokashisawara/nc_20000398/
20003640,ヴェルドミール薬院,2899,46,地下鉄七隈線,薬院大通,6,2LDK,68.26,福岡県福岡市中央区薬院３-12-12,https://suumo.jp//ms/chuko/fukuoka/sc_fukuokashichuo/nc_20003640/
20005198,グランドメゾン大濠公園THE CLASS,12000,2,地下鉄空港線,大濠公園,4,2LDK,60.35,福岡県福岡市中央区荒戸２,https://suumo.jp//ms/chuko/fukuoka/sc_fukuokashichuo/nc_20005198/
20010345,赤坂エクセル,3450,52,地下鉄七隈線,桜坂,13,2LDK,79.5,福岡県福岡市中央区赤坂３,https://suumo.jp//ms/chuko/fukuoka/sc_fukuokashichuo/nc_20010345/
20011979,ロイヤルアーク大濠公園,16800,25,地下鉄空港線,大濠公園,2,3LDK,124.77,福岡県福岡市中央区大手門１,https://suumo.jp//ms/chuko/fukuoka/sc_fukuokashichuo/nc_20011979/
20014031,ＭＪＲ博多ザ・レジデンス,8500,1,ＪＲ鹿児島本線,博多,13,3LDK,70.49,福岡県福岡市博多区美野島１,https://suumo.jp//ms/chuko/fukuoka/sc_fukuokashihakata/nc_20014031/
20020216,朝日プラザ桜坂,3480,40,地下鉄七隈線,桜坂,6,2LDK,67.26,福岡県福岡市中央区谷１,https://suumo.jp//ms/chuko/fukuoka/sc_fukuokashichuo/nc_20020216/
20023189,MJR博多ザ・レジデンス,8480,1,地下鉄七隈線,博多,12,2LDK+S（納戸）,70.1,福岡県福岡市博多区美野島１,https://suumo.jp//ms/chuko/fukuoka/sc_fukuokashihakata/nc_20023189/
20024816,グランドメゾン福岡The Central Luxe,11000,1,西鉄天神大牟田線,薬院,2,1LDK,51.35,福岡県福岡市中央区渡辺通２,https://suumo.jp//ms/chuko/fukuoka/sc_fukuokashichuo/nc_20024816/
20028481,クリオ渡辺通サザンマークス,5980,2,地下鉄七隈線,渡辺通,14,3LDK,67.0,福岡県福岡市中央区清川３,https://suumo.jp//ms/chuko/fukuoka/sc_fukuokashichuo/nc_20028481/
20031460,サーパス桜坂,4900,26,地下鉄七隈線,桜坂,5,3LDK,71.63,福岡県福岡市中央区桜坂３,https://suumo.jp//ms/chuko/fukuoka/sc_fukuokashichuo/nc_20031460/
20032764,CLUB THE 大濠二丁目,12780,7,地下鉄空港線,唐人町,7,2LDK,91.07,福岡県福岡市中央区大濠２,https://suumo.jp//ms/chuko/fukuoka/sc_fukuokashichuo/nc_20032764/
20033456,リファレンス天神南,4399,24,地下鉄七隈線,渡辺通,13,3LDK,65.32,福岡県福岡市中央区清川２,https://suumo.jp//ms/chuko/fukuoka/sc_fukuokashichuo/nc_20033456/
20033645,パーク・サンリヤン博多の森Ⅴ番館,4180,9,地下鉄空港線,福岡空港,12,4LDK,85.36,福岡県糟屋郡志免町別府西２,https://suumo.jp//ms/chuko/fukuoka/sc_kasuyagunshime/nc_20033645/
20036479,グランドメゾン浄水ガーデンシティセントラルフォレスト…,9390,4,地下鉄七隈線,薬院大通,9,2LDK,65.42,福岡県福岡市中央区薬院４-１４番１,https://suumo.jp//ms/chuko/fukuoka/sc_fukuokashichuo/nc_20036479/
20040622,エクセレンス谷,2590,47,地下鉄七隈線,六本松,6,2LDK,57.23,福岡県福岡市中央区谷１,https://suumo.jp//ms/chuko/fukuoka/sc_fukuokashichuo/nc_20040622/
20043788,グランドメゾン西新テラス,10780,12,地下鉄空港線,西新,7,3LDK,96.41,福岡県福岡市早良区城西１,https://suumo.jp//ms/chuko/fukuoka/sc_fukuokashisawara/nc_20043788/
20044338,藤和城西コープ,1998,52,地下鉄七隈線,別府,8,2LDK,52.82,福岡県福岡市城南区別府４,https://suumo.jp//ms/chuko/fukuoka/sc_fukuokashijonan/nc_20044338/
20045528,103大稲マンション,2080,51,地下鉄七隈線,薬院大通,1,2LDK,55.62,福岡県福岡市中央区薬院２-4-5,https://suumo.jp//ms/chuko/fukuoka/sc_fukuokashichuo/nc_20045528/
20045615,日商岩井新福陵マンション２号棟,1598,48,地下鉄空港線,藤崎,14,4LDK,83.19,福岡県福岡市早良区荒江３,https://suumo.jp//ms/chuko/fukuoka/sc_fukuokashisawara/nc_20045615/
20052456,103大稲マンション,2080,51,地下鉄七隈線,薬院大通,1,2LDK,55.68,福岡県福岡市中央区薬院２-4-5,https://suumo.jp//ms/chuko/fukuoka/sc_fukuokashichuo/nc_20052456/
20052926,西公園ツインタワー,4630,36,地下鉄空港線,大濠公園,7,3LDK,83.05,福岡県福岡市中央区荒戸２,https://suumo.jp//ms/chuko/fukuoka/sc_fukuokashichuo/nc_20052926/
20052927,エクセレンス谷,2590,47,地下鉄七隈線,桜坂,6,2LDK,57.23,福岡県福岡市中央区谷１,https://suumo.jp//ms/chuko/fukuoka/sc_fukuokashichuo/nc_20052927/
20054400,グランドメゾン平尾,5600,28,西鉄天神大牟田線,薬院,12,4LDK,89.17,福岡県福岡市中央区平尾２,https://suumo.jp//ms/chuko/fukuoka/sc_fukuokashichuo/nc_20054400/
20054950,オープンレジデンシア大濠公園,3850,3,地下鉄空港線,大濠公園,5,1LDK,34.78,福岡県福岡市中央区大手門２,https://suumo.jp//ms/chuko/fukuoka/sc_fukuokashichuo/nc_20054950/
20056310,リファレンス天神南,4299,24,地下鉄七隈線,渡辺通,13,3LDK,65.32,福岡県福岡市中央区清川２,https://suumo.jp//ms/chuko/fukuoka/sc_fukuokashichuo/nc_20056310/
20059581,コアマンション桜坂プレジオ弐番館,8290,25,地下鉄七隈線,桜坂,4,3LDK+S（納戸）,103.4,福岡県福岡市中央区六本松３,https://suumo.jp//ms/chuko/fukuoka/sc_fukuokashichuo/nc_20059581/
20062724,サンライフ六本松,3980,42,地下鉄七隈線,六本松,2,1LDK+S（納戸）,60.02,福岡県福岡市中央区草香江２,https://suumo.jp//ms/chuko/fukuoka/sc_fukuokashichuo/nc_20062724/
20062726,藤和平尾山荘ホームズ,6999,29,地下鉄七隈線,薬院大通,15,3LDK,90.68,福岡県福岡市中央区平尾４,https://suumo.jp//ms/chuko/fukuoka/sc_fukuokashichuo/nc_20062726/
20066553,ツインタワー空港通り,3499,32,地下鉄空港線,東比恵,12,3LDK,71.7,福岡県福岡市博多区豊１,https://suumo.jp//ms/chuko/fukuoka/sc_fukuokashihakata/nc_20066553/
20066674,ツインタワー空港通り,3499,32,地下鉄空港線,東比恵,12,3LDK,71.7,福岡県福岡市博多区豊１,https://suumo.jp//ms/chuko/fukuoka/sc_fukuokashihakata/nc_20066674/
20069784,グランドメゾン福岡　Ｔｈｅ　Ｃｅｎｔｒａｌ　Ｌｕｘｅ,6900,1,西鉄天神大牟田線,薬院,3,1LDK,44.25,福岡県福岡市中央区渡辺通２,https://suumo.jp//ms/chuko/fukuoka/sc_fukuokashichuo/nc_20069784/
20069809,エトワール博多,870,49,地下鉄空港線,博多,5,ワンルーム,27.72,福岡県福岡市博多区博多駅前１,https://suumo.jp//ms/chuko/fukuoka/sc_fukuokashihakata/nc_20069809/
20073071,≪GW期間ご内覧可能です≫アートウィル赤坂,4980,32,地下鉄七隈線,桜坂,11,2LDK,65.61,福岡県福岡市中央区赤坂３,https://suumo.jp//ms/chuko/fukuoka/sc_fukuokashichuo/nc_20073071/
20078023,ライオンズマンション平尾,3580,47,地下鉄七隈線,薬院大通,15,3LDK,83.29,福岡県福岡市中央区平尾２,https://suumo.jp//ms/chuko/fukuoka/sc_fukuokashichuo/nc_20078023/
20082171,モントーレ東比恵クレア,4199,7,地下鉄空港線,東比恵,2,1LDK,42.77,福岡県福岡市博多区東比恵３-19-10,https://suumo.jp//ms/chuko/fukuoka/sc_fukuokashihakata/nc_20082171/
20084916,ライオンズマンション西新,2780,44,地下鉄空港線,藤崎,5,2DK,45.97,福岡県福岡市早良区西新７,https://suumo.jp//ms/chuko/fukuoka/sc_fukuokashisawara/nc_20084916/
20091063,ダイアパレス・グランデージ博多駅前1004号,5380,28,ＪＲ鹿児島本線,博多,9,3LDK,71.76,福岡県福岡市博多区博多駅前４,https://suumo.jp//ms/chuko/fukuoka/sc_fukuokashihakata/nc_20091063/
20091079,グランドメゾン赤坂けやきレジデンス,7580,8,地下鉄空港線,赤坂,8,ワンルーム,63.59,福岡県福岡市中央区赤坂２,https://suumo.jp//ms/chuko/fukuoka/sc_fukuokashichuo/nc_20091079/
20091541,コアマンション桜坂プレジオ弐番館,8290,25,地下鉄七隈線,桜坂,4,3LDK+S（納戸）,103.4,福岡県福岡市中央区六本松３,https://suumo.jp//ms/chuko/fukuoka/sc_fukuokashichuo/nc_20091541/
20094571,藤和城西コーポ 301,2699,52,地下鉄七隈線,別府,7,3LDK,84.5,福岡県福岡市城南区別府４-13-29,https://suumo.jp//ms/chuko/fukuoka/sc_fukuokashijonan/nc_20094571/
20096135,リファレンス天神南,4399,24,地下鉄七隈線,渡辺通,13,3LDK,65.32,福岡県福岡市中央区清川２,https://suumo.jp//ms/chuko/fukuoka/sc_fukuokashichuo/nc_20096135/
20097897,【ロワールマンション博多駅南】博多駅徒歩圏！最新リノ…,3390,41,ＪＲ鹿児島本線,博多,15,3LDK,69.51,福岡県福岡市博多区博多駅南３,https://suumo.jp//ms/chuko/fukuoka/sc_fukuokashihakata/nc_20097897/
20098723,グリーンハイツ赤坂,2998,52,地下鉄七隈線,六本松,11,2LDK,72.57,福岡県福岡市中央区赤坂２-６番２３号,https://suumo.jp//ms/chuko/fukuoka/sc_fukuokashichuo/nc_20098723/
20100959,Ｂｒｉｌｌｉａ　Ｔｏｗｅｒ西新・ＰＲＡＬＩＶＡ,23500,5,地下鉄空港線,西新,1,4LDK,100.08,福岡県福岡市早良区西新４,https://suumo.jp//ms/chuko/fukuoka/sc_fukuokashisawara/nc_20100959/
20101766,シティマンション薬院,3090,42,西鉄天神大牟田線,薬院,6,2LDK,56.22,福岡県福岡市中央区薬院１-10-16,https://suumo.jp//ms/chuko/fukuoka/sc_fukuokashichuo/nc_20101766/
20102140,コスモレジデンス西新,6280,20,地下鉄空港線,藤崎,5,4LDK,85.51,福岡県福岡市早良区西新７,https://suumo.jp//ms/chuko/fukuoka/sc_fukuokashisawara/nc_20102140/
20102772,グランドメゾン福岡The Central Luxe,11000,1,西鉄天神大牟田線,薬院,3,1LDK,51.35,福岡県福岡市中央区渡辺通２-7-28,https://suumo.jp//ms/chuko/fukuoka/sc_fukuokashichuo/nc_20102772/
20105424,ネオハイツ南公園,2790,38,地下鉄七隈線,桜坂,8,3LDK,77.9,福岡県福岡市中央区谷２,https://suumo.jp//ms/chuko/fukuoka/sc_fukuokashichuo/nc_20105424/
20106814,モントーレ東比恵クレア,4199,7,地下鉄空港線,東比恵,3,1LDK,42.77,福岡県福岡市博多区東比恵３,https://suumo.jp//ms/chuko/fukuoka/sc_fukuokashihakata/nc_20106814/
20117698,グランドメゾン大濠南,10990,25,地下鉄七隈線,六本松,3,3LDK+S（納戸）,98.79,福岡県福岡市中央区草香江２,https://suumo.jp//ms/chuko/fukuoka/sc_fukuokashichuo/nc_20117698/
20118961,アーバンパレス大濠,5980,34,地下鉄空港線,大濠公園,6,3LDK,82.16,福岡県福岡市中央区荒戸２-2－42,https://suumo.jp//ms/chuko/fukuoka/sc_fukuokashichuo/nc_20118961/
20120081,グランドメゾン大濠公園THE CLASS,12000,2,地下鉄空港線,大濠公園,6,2LDK,60.35,福岡県福岡市中央区荒戸２-3-9,https://suumo.jp//ms/chuko/fukuoka/sc_fukuokashichuo/nc_20120081/
20120211,【秀和警固レジデンス】天神を日常にする好立地。青い屋…,3280,52,地下鉄空港線,赤坂,8,2LDK,69.43,福岡県福岡市中央区警固２,https://suumo.jp//ms/chuko/fukuoka/sc_fukuokashichuo/nc_20120211/
20121900,モントーレヴェルキューブシティ福岡空港駅,3200,16,地下鉄空港線,福岡空港,9,2LDK,59.19,福岡県糟屋郡志免町別府西３,https://suumo.jp//ms/chuko/fukuoka/sc_kasuyagunshime/nc_20121900/
20123810,アクロス天神センタープラザ,6999,21,地下鉄七隈線,渡辺通,5,2LDK,71.11,福岡県福岡市中央区渡辺通３-10-39,https://suumo.jp//ms/chuko/fukuoka/sc_fukuokashichuo/nc_20123810/
20126844,パークハウス大濠,11880,28,地下鉄空港線,唐人町,12,3LDK,107.28,福岡県福岡市中央区大濠１,https://suumo.jp//ms/chuko/fukuoka/sc_fukuokashichuo/nc_20126844/
20126908,オープンレジデンシア平尾市崎,6800,4,地下鉄七隈線,薬院,15,3LDK,66.0,福岡県福岡市南区市崎１,https://suumo.jp//ms/chuko/fukuoka/sc_fukuokashiminami/nc_20126908/
20126920,トーカンマンション呉服町,1980,45,地下鉄空港線,中洲川端,14,1LDK+S（納戸）,59.85,福岡県福岡市博多区下呉服町,https://suumo.jp//ms/chuko/fukuoka/sc_fukuokashihakata/nc_20126920/
20127337,クリオラベルヴィ呉服町,3299,8,地下鉄箱崎線,中洲川端,12,1LDK,34.4,福岡県福岡市博多区下呉服町3,https://suumo.jp//ms/chuko/fukuoka/sc_fukuokashihakata/nc_20127337/
20127359,クリオラベルヴィ呉服町,4499,8,地下鉄箱崎線,中洲川端,12,2LDK,47.0,福岡県福岡市博多区下呉服町3,https://suumo.jp//ms/chuko/fukuoka/sc_fukuokashihakata/nc_20127359/
20127824,ロイヤルマンション六本松,6500,37,地下鉄七隈線,六本松,6,2LDK,87.12,福岡県福岡市中央区梅光園１,https://suumo.jp//ms/chuko/fukuoka/sc_fukuokashichuo/nc_20127824/
20128719,グランドメゾン福岡　The Central Luxe,9500,1,西鉄天神大牟田線,薬院,2,1LDK,63.29,福岡県福岡市中央区渡辺通２-７－２８,https://suumo.jp//ms/chuko/fukuoka/sc_fukuokashichuo/nc_20128719/
20130348,祖原公園ハウス,2430,43,地下鉄空港線,西新,9,3DK,57.04,福岡県福岡市早良区祖原22-25,https://suumo.jp//ms/chuko/fukuoka/sc_fukuokashisawara/nc_20130348/
20130349,サンシャイン別府,2880,47,地下鉄七隈線,別府,8,4LDK,85.62,福岡県福岡市城南区別府４-2-4,https://suumo.jp//ms/chuko/fukuoka/sc_fukuokashijonan/nc_20130349/
20130351,GSハイム博多,2622,46,地下鉄空港線,東比恵,5,3DK,66.15,福岡県福岡市博多区博多駅東２-13-21,https://suumo.jp//ms/chuko/fukuoka/sc_fukuokashihakata/nc_20130351/
20131070,百道タワー,9300,22,地下鉄空港線,西新,10,1LDK,90.28,福岡県福岡市早良区百道浜１,https://suumo.jp//ms/chuko/fukuoka/sc_fukuokashisawara/nc_20131070/
20133049,三井薬院ハイツ,10880,44,地下鉄七隈線,薬院大通,6,8LDK,172.94,福岡県福岡市中央区薬院２,https://suumo.jp//ms/chuko/fukuoka/sc_fukuokashichuo/nc_20133049/
20133549,ソピア大濠西,5290,27,地下鉄空港線,西新,10,3LDK,69.57,福岡県福岡市中央区鳥飼３,https://suumo.jp//ms/chuko/fukuoka/sc_fukuokashichuo/nc_20133549/
20140679,MJR桜坂ザ・レジデンス,8990,7,地下鉄七隈線,桜坂,1,3LDK,89.39,福岡県福岡市中央区桜坂１,https://suumo.jp//ms/chuko/fukuoka/sc_fukuokashichuo/nc_20140679/
20141412,【シティマンション薬院】天神徒歩圏。ペット可×フルリ…,3090,42,地下鉄七隈線,薬院大通,5,2LDK,56.22,福岡県福岡市中央区薬院１,https://suumo.jp//ms/chuko/fukuoka/sc_fukuokashichuo/nc_20141412/
20142502,グランドメゾン大濠公園 THE CLASS,12000,2,地下鉄空港線,大濠公園,4,2LDK,60.35,福岡県福岡市中央区荒戸２,https://suumo.jp//ms/chuko/fukuoka/sc_fukuokashichuo/nc_20142502/
20142596,グランドメゾン福岡 The Central Luxe,11000,1,西鉄天神大牟田線,薬院,2,1LDK,51.35,福岡県福岡市中央区渡辺通２,https://suumo.jp//ms/chuko/fukuoka/sc_fukuokashichuo/nc_20142596/
20148820,GSハイム博多,2622,46,ＪＲ鹿児島本線,博多,9,4DK,66.15,福岡県福岡市博多区博多駅東２,https://suumo.jp//ms/chuko/fukuoka/sc_fukuokashihakata/nc_20148820/
20148823,パークホームズ警固本通り,7800,17,地下鉄空港線,赤坂,9,3LDK,82.96,福岡県福岡市中央区警固２-16-30,https://suumo.jp//ms/chuko/fukuoka/sc_fukuokashichuo/nc_20148823/
20150416,クリオラベルヴィ呉服町,4499,8,地下鉄空港線,中洲川端,12,2LDK,47.0,福岡県福岡市博多区下呉服町,https://suumo.jp//ms/chuko/fukuoka/sc_fukuokashihakata/nc_20150416/
20152977,ダイナコートエスパシオ舞鶴,4400,30,地下鉄空港線,赤坂,6,2LDK,52.92,福岡県福岡市中央区舞鶴２,https://suumo.jp//ms/chuko/fukuoka/sc_fukuokashichuo/nc_20152977/
20152980,グランフォーレラグゼ博多駅南,2999,10,地下鉄空港線,東比恵,15,1LDK,33.41,福岡県福岡市博多区博多駅南４,https://suumo.jp//ms/chuko/fukuoka/sc_fukuokashihakata/nc_20152980/
20155224,アルファライフ博多,4699,15,地下鉄七隈線,博多,13,1LDK,53.04,福岡県福岡市博多区住吉５,https://suumo.jp//ms/chuko/fukuoka/sc_fukuokashihakata/nc_20155224/
20160182,大蔵マンション東博多,1990,46,地下鉄空港線,東比恵,8,3LDK,66.74,福岡県福岡市博多区東比恵３,https://suumo.jp//ms/chuko/fukuoka/sc_fukuokashihakata/nc_20160182/
20160990,Ｂｒｉｌｌｉａ平尾浄水,9980,17,地下鉄七隈線,薬院大通,12,3LDK,108.17,福岡県福岡市中央区平尾浄水町,https://suumo.jp//ms/chuko/fukuoka/sc_fukuokashichuo/nc_20160990/
20161225,藤和コープ・サンウェルス,2080,46,地下鉄空港線,赤坂,8,1LDK,66.0,福岡県福岡市中央区警固２,https://suumo.jp//ms/chuko/fukuoka/sc_fukuokashichuo/nc_20161225/
20162432,ＭＪＲ博多ザ・レジデンス,11200,1,ＪＲ鹿児島本線,博多,12,3LDK,97.26,福岡県福岡市博多区美野島１,https://suumo.jp//ms/chuko/fukuoka/sc_fukuokashihakata/nc_20162432/
20163090,アクロス天神センタープラザ,7570,21,地下鉄七隈線,渡辺通,5,4LDK,82.26,福岡県福岡市中央区渡辺通３,https://suumo.jp//ms/chuko/fukuoka/sc_fukuokashichuo/nc_20163090/
20163284,エクセレンス谷,2590,47,地下鉄七隈線,桜坂,6,2LDK,57.23,福岡県福岡市中央区谷１-16-58,https://suumo.jp//ms/chuko/fukuoka/sc_fukuokashichuo/nc_20163284/
20163293,アルファライフ博多,4699,15,ＪＲ篠栗線,博多,14,1LDK,53.04,福岡県福岡市博多区住吉５-5-22,https://suumo.jp//ms/chuko/fukuoka/sc_fukuokashihakata/nc_20163293/
20164538,サンシティ鳥飼,3899,32,地下鉄七隈線,別府,9,3LDK,68.49,福岡県福岡市城南区鳥飼４-9-3,https://suumo.jp//ms/chuko/fukuoka/sc_fukuokashijonan/nc_20164538/
20165386,シーサイドももちアクアコート5番館,6780,33,地下鉄空港線,藤崎,14,3LDK,97.34,福岡県福岡市早良区百道浜３,https://suumo.jp//ms/chuko/fukuoka/sc_fukuokashisawara/nc_20165386/
20171751,グランドメゾン大濠公園南,10990,25,地下鉄七隈線,六本松,4,3LDK+S（納戸）,98.79,福岡県福岡市中央区草香江２,https://suumo.jp//ms/chuko/fukuoka/sc_fukuokashichuo/nc_20171751/
20171965,サントーア薬院,5280,31,地下鉄七隈線,薬院大通,5,2LDK,73.35,福岡県福岡市中央区薬院２,https://suumo.jp//ms/chuko/fukuoka/sc_fukuokashichuo/nc_20171965/
20172796,【リファレンス天神南】リフォーム済みの3面採光角部屋…,4299,24,地下鉄七隈線,渡辺通,13,3LDK,65.32,福岡県福岡市中央区清川２,https://suumo.jp//ms/chuko/fukuoka/sc_fukuokashichuo/nc_20172796/
20173664,藤和今泉コープ,2725,47,地下鉄七隈線,薬院大通,9,3LDK,69.6,福岡県福岡市中央区今泉２,https://suumo.jp//ms/chuko/fukuoka/sc_fukuokashichuo/nc_20173664/
20174895,サンシャイン別府,2880,47,地下鉄七隈線,別府,5,4LDK,85.62,福岡県福岡市城南区別府４,https://suumo.jp//ms/chuko/fukuoka/sc_fukuokashijonan/nc_20174895/
20178365,コスモ博多古門戸,4399,23,地下鉄空港線,中洲川端,9,1LDK+S（納戸）,54.49,福岡県福岡市博多区古門戸町,https://suumo.jp//ms/chuko/fukuoka/sc_fukuokashihakata/nc_20178365/
20178485,【ロマネスク大濠アネックス】大濠公園徒歩8分！16帖…,3099,39,地下鉄空港線,唐人町,14,2LDK,59.65,福岡県福岡市中央区鳥飼２,https://suumo.jp//ms/chuko/fukuoka/sc_fukuokashichuo/nc_20178485/
20178579,【サンシティ鳥飼】鳥飼小学校1分・内装リノベ済！アフ…,3899,32,地下鉄七隈線,別府,11,3LDK,68.48,福岡県福岡市城南区鳥飼４,https://suumo.jp//ms/chuko/fukuoka/sc_fukuokashijonan/nc_20178579/
20179644,グランドメゾン大濠公園ＴＨＥ　ＴＯＷＥＲ,11500,3,地下鉄空港線,唐人町,2,3LDK,70.67,福岡県福岡市中央区唐人町１,https://suumo.jp//ms/chuko/fukuoka/sc_fukuokashichuo/nc_20179644/
20181726,グランドメゾン大濠南,10990,25,地下鉄七隈線,六本松,3,3LDK+S（納戸）,98.79,福岡県福岡市中央区草香江２,https://suumo.jp//ms/chuko/fukuoka/sc_fukuokashichuo/nc_20181726/
20182967,グランドメゾン大濠公園THE TOWER,11500,3,地下鉄空港線,唐人町,2,3LDK,70.67,福岡県福岡市中央区唐人町１,https://suumo.jp//ms/chuko/fukuoka/sc_fukuokashichuo/nc_20182967/
20186273,薬院パークホームズ,2700,45,地下鉄七隈線,薬院大通,7,4LDK,82.59,福岡県福岡市中央区薬院２-11-28,https://suumo.jp//ms/chuko/fukuoka/sc_fukuokashichuo/nc_20186273/
20187670,藤崎ロジュマン,4380,38,地下鉄空港線,藤崎,13,4LDK,82.76,福岡県福岡市早良区昭代３,https://suumo.jp//ms/chuko/fukuoka/sc_fukuokashisawara/nc_20187670/
20188314,ロワールマンション西公園ビュー,2198,36,地下鉄空港線,大濠公園,15,2LDK,53.27,福岡県福岡市中央区港３,https://suumo.jp//ms/chuko/fukuoka/sc_fukuokashichuo/nc_20188314/
20199429,オリエントハイツ別府,4790,36,地下鉄七隈線,別府,1,3LDK,84.0,福岡県福岡市城南区別府１,https://suumo.jp//ms/chuko/fukuoka/sc_fukuokashijonan/nc_20199429/
20199483,ＭＪＲ博多ザ・レジデンス,11200,1,地下鉄空港線,博多,12,3LDK,97.26,福岡県福岡市博多区美野島１,https://suumo.jp//ms/chuko/fukuoka/sc_fukuokashihakata/nc_20199483/
20201400,赤坂エクセル,3450,52,地下鉄空港線,赤坂,13,2LDK,79.5,福岡県福岡市中央区赤坂３,https://suumo.jp//ms/chuko/fukuoka/sc_fukuokashichuo/nc_20201400/
20201860,アルファライフ博多,4699,15,ＪＲ鹿児島本線,博多,14,1LDK,53.04,福岡県福岡市博多区住吉５-5-22,https://suumo.jp//ms/chuko/fukuoka/sc_fukuokashihakata/nc_20201860/
20201901,サンシティ鳥飼,3899,32,地下鉄七隈線,別府,10,3LDK,68.48,福岡県福岡市城南区鳥飼４-9-3,https://suumo.jp//ms/chuko/fukuoka/sc_fukuokashijonan/nc_20201901/
20204209,コモダス天神,5699,29,地下鉄七隈線,薬院大通,8,3LDK,66.78,福岡県福岡市中央区今泉２,https://suumo.jp//ms/chuko/fukuoka/sc_fukuokashichuo/nc_20204209/
20205874,藤崎ロジュマン,4380,38,地下鉄空港線,藤崎,11,3LDK,82.76,福岡県福岡市早良区昭代３-9-5,https://suumo.jp//ms/chuko/fukuoka/sc_fukuokashisawara/nc_20205874/
20207719,コアマンション桜坂プレジオ弐番館,8290,25,地下鉄七隈線,桜坂,4,3LDK+S（納戸）,103.4,福岡県福岡市中央区六本松３,https://suumo.jp//ms/chuko/fukuoka/sc_fukuokashichuo/nc_20207719/
20208386,アンピール別府Ⅱ,4990,33,地下鉄七隈線,別府,2,3LDK,71.25,福岡県福岡市城南区別府３-2-13,https://suumo.jp//ms/chuko/fukuoka/sc_fukuokashijonan/nc_20208386/
20209727,東急ドエルアルス天神,2450,43,地下鉄七隈線,天神南,1,1K,36.62,福岡県福岡市中央区渡辺通５,https://suumo.jp//ms/chuko/fukuoka/sc_fukuokashichuo/nc_20209727/
20211012,パークハイツ桜坂,2390,49,地下鉄七隈線,桜坂,4,2LDK+2S（納戸）,67.2,福岡県福岡市中央区桜坂３-12-78,https://suumo.jp//ms/chuko/fukuoka/sc_fukuokashichuo/nc_20211012/
20213313,リファレンス天神南,4299,24,地下鉄七隈線,渡辺通,13,3LDK,65.32,福岡県福岡市中央区清川２-4-9,https://suumo.jp//ms/chuko/fukuoka/sc_fukuokashichuo/nc_20213313/
20214629,プレミスト天神赤坂タワー,18900,7,地下鉄空港線,赤坂,3,1LDK,62.77,福岡県福岡市中央区大名２-10-8,https://suumo.jp//ms/chuko/fukuoka/sc_fukuokashichuo/nc_20214629/
20214981,藤崎ロジュマン,4380,38,地下鉄空港線,藤崎,13,4LDK,82.76,福岡県福岡市早良区昭代３,https://suumo.jp//ms/chuko/fukuoka/sc_fukuokashisawara/nc_20214981/
20217576,ゾンネンハイム大手門,2622,53,地下鉄空港線,大濠公園,7,1LDK,66.0,福岡県福岡市中央区大手門２,https://suumo.jp//ms/chuko/fukuoka/sc_fukuokashichuo/nc_20217576/
20219578,トーカンマンション今泉,3880,46,地下鉄七隈線,天神南,7,3LDK,78.26,福岡県福岡市中央区今泉１,https://suumo.jp//ms/chuko/fukuoka/sc_fukuokashichuo/nc_20219578/
20219897,エクセレンス谷,2590,47,地下鉄七隈線,桜坂,6,2LDK,57.23,福岡県福岡市中央区谷１-１６－５８,https://suumo.jp//ms/chuko/fukuoka/sc_fukuokashichuo/nc_20219897/
20225032,ダイアパレス平尾２,3080,43,西鉄天神大牟田線,薬院,11,2LDK,64.1,福岡県福岡市中央区大宮２,https://suumo.jp//ms/chuko/fukuoka/sc_fukuokashichuo/nc_20225032/
20225511,ライオンズマンション平尾,2780,47,西鉄天神大牟田線,薬院,13,3DK,65.71,福岡県福岡市中央区平尾２,https://suumo.jp//ms/chuko/fukuoka/sc_fukuokashichuo/nc_20225511/
20225587,パソナ―ル博多,1290,53,地下鉄空港線,中洲川端,15,ワンルーム,37.26,福岡県福岡市博多区神屋町,https://suumo.jp//ms/chuko/fukuoka/sc_fukuokashihakata/nc_20225587/
20229053,赤坂エクセル,3450,52,地下鉄空港線,赤坂,12,2LDK,79.5,福岡県福岡市中央区赤坂３,https://suumo.jp//ms/chuko/fukuoka/sc_fukuokashichuo/nc_20229053/
20230046,アーティックス大濠,5598,22,地下鉄七隈線,六本松,11,2LDK,71.43,福岡県福岡市中央区鳥飼１,https://suumo.jp//ms/chuko/fukuoka/sc_fukuokashichuo/nc_20230046/
20230915,シティマンション輝国,950,42,地下鉄七隈線,六本松,15,3DK,55.43,福岡県福岡市中央区輝国２,https://suumo.jp//ms/chuko/fukuoka/sc_fukuokashichuo/nc_20230915/
20232459,リファレンス天神南,4299,24,地下鉄七隈線,渡辺通,13,3LDK,65.32,福岡県福岡市中央区清川２,https://suumo.jp//ms/chuko/fukuoka/sc_fukuokashichuo/nc_20232459/
20236085,ロワールマンション大濠Ⅱ,4480,40,地下鉄空港線,大濠公園,3,2LDK,67.29,福岡県福岡市中央区荒戸２,https://suumo.jp//ms/chuko/fukuoka/sc_fukuokashichuo/nc_20236085/
20236116,シティハウス鳥飼,7680,7,地下鉄七隈線,別府,7,4LDK,83.78,福岡県福岡市城南区鳥飼６,https://suumo.jp//ms/chuko/fukuoka/sc_fukuokashijonan/nc_20236116/
20236709,グランドメゾン大濠南,10990,25,地下鉄七隈線,六本松,2,3LDK+S（納戸）,98.79,福岡県福岡市中央区草香江２-1-38,https://suumo.jp//ms/chuko/fukuoka/sc_fukuokashichuo/nc_20236709/
20237744,パークホームズ大濠二丁目,21000,9,地下鉄空港線,唐人町,4,2LDK,101.47,福岡県福岡市中央区大濠２,https://suumo.jp//ms/chuko/fukuoka/sc_fukuokashichuo/nc_20237744/
20237745,ＭＪＲ赤坂タワー,7780,9,地下鉄空港線,赤坂,1,2LDK,55.38,福岡県福岡市中央区赤坂１,https://suumo.jp//ms/chuko/fukuoka/sc_fukuokashichuo/nc_20237745/
20237746,アーバンパレスアクス大濠,6380,31,地下鉄空港線,大濠公園,7,3LDK,72.48,福岡県福岡市中央区荒戸３,https://suumo.jp//ms/chuko/fukuoka/sc_fukuokashichuo/nc_20237746/
20237747,ＣＬＵＢ　ＴＨＥ．薬院ステーションタワー,46000,6,地下鉄七隈線,薬院,2,2LDK+S（納戸）,138.16,福岡県福岡市中央区白金１,https://suumo.jp//ms/chuko/fukuoka/sc_fukuokashichuo/nc_20237747/
20239975,エンクレスト天神南Ⅲ,2499,21,地下鉄七隈線,渡辺通,13,1LDK,37.86,福岡県福岡市中央区清川３-2-9,https://suumo.jp//ms/chuko/fukuoka/sc_fukuokashichuo/nc_20239975/
20241317,ロイヤルマンション別府六,3290,32,地下鉄七隈線,別府,6,3LDK,82.27,福岡県福岡市城南区別府６,https://suumo.jp//ms/chuko/fukuoka/sc_fukuokashijonan/nc_20241317/
20243653,藤和城西コーポ,1690,52,地下鉄七隈線,別府,9,2LDK,52.82,福岡県福岡市城南区別府４-13－29,https://suumo.jp//ms/chuko/fukuoka/sc_fukuokashijonan/nc_20243653/
20245114,フリーディア西新レジデンス,8180,2,地下鉄空港線,藤崎,5,1LDK,72.93,福岡県福岡市早良区西新７,https://suumo.jp//ms/chuko/fukuoka/sc_fukuokashisawara/nc_20245114/
20245193,ＭＪＲ博多ザ・レジデンス,9000,1,地下鉄空港線,博多,12,2LDK,70.1,福岡県福岡市博多区美野島１-1-1,https://suumo.jp//ms/chuko/fukuoka/sc_fukuokashihakata/nc_20245193/
20245678,輝国住宅1号棟,2180,52,地下鉄七隈線,六本松,14,3LDK,64.42,福岡県福岡市中央区輝国２,https://suumo.jp//ms/chuko/fukuoka/sc_fukuokashichuo/nc_20245678/
20247585,ＭＪＲ赤坂タワー,15800,9,地下鉄空港線,赤坂,1,2LDK,69.03,福岡県福岡市中央区赤坂１,https://suumo.jp//ms/chuko/fukuoka/sc_fukuokashichuo/nc_20247585/
20247587,ＣＬＵＢ　ＴＨＥ．薬院ステーションタワー,46000,6,地下鉄七隈線,薬院,2,2LDK+S（納戸）,138.16,福岡県福岡市中央区白金１,https://suumo.jp//ms/chuko/fukuoka/sc_fukuokashichuo/nc_20247587/
20247920,ユーハイム大濠西,2830,41,地下鉄空港線,唐人町,1,1LDK,48.09,福岡県福岡市中央区黒門6-40,https://suumo.jp//ms/chuko/fukuoka/sc_fukuokashichuo/nc_20247920/
20247925,第7プリンスマンション高砂,2798,48,地下鉄七隈線,渡辺通,9,3LDK,77.93,福岡県福岡市中央区高砂１-15-23,https://suumo.jp//ms/chuko/fukuoka/sc_fukuokashichuo/nc_20247925/
20248803,藤崎ロジュマン,4380,38,地下鉄空港線,藤崎,10,4LDK,82.76,福岡県福岡市早良区昭代３,https://suumo.jp//ms/chuko/fukuoka/sc_fukuokashisawara/nc_20248803/
20249037,アルテマインド浄水平丘,10800,16,地下鉄七隈線,薬院大通,10,3LDK,94.63,福岡県福岡市中央区平丘町1-16,https://suumo.jp//ms/chuko/fukuoka/sc_fukuokashichuo/nc_20249037/
20249542,リファレンス天神南,4299,24,地下鉄七隈線,渡辺通,13,3LDK,65.32,福岡県福岡市中央区清川２-4-9,https://suumo.jp//ms/chuko/fukuoka/sc_fukuokashichuo/nc_20249542/
20250868,ライオンズマンション天神南,1380,34,地下鉄七隈線,薬院大通,10,ワンルーム,21.0,福岡県福岡市中央区今泉２,https://suumo.jp//ms/chuko/fukuoka/sc_fukuokashichuo/nc_20250868/
20253656,クリオ渡辺通アーバンマークス,5380,3,地下鉄七隈線,渡辺通,10,2LDK,53.94,福岡県福岡市中央区清川２,https://suumo.jp//ms/chuko/fukuoka/sc_fukuokashichuo/nc_20253656/
20255236,西新ビル,1850,54,地下鉄空港線,西新,5,2LDK,60.8,福岡県福岡市早良区高取１,https://suumo.jp//ms/chuko/fukuoka/sc_fukuokashisawara/nc_20255236/
20255968,エンクレスト天神南Ⅲ,2499,21,地下鉄七隈線,渡辺通,13,1LDK,37.86,福岡県福岡市中央区清川３,https://suumo.jp//ms/chuko/fukuoka/sc_fukuokashichuo/nc_20255968/
20264144,シティライフ山王公園南,4199,27,地下鉄空港線,東比恵,15,4LDK,80.16,福岡県福岡市博多区半道橋１,https://suumo.jp//ms/chuko/fukuoka/sc_fukuokashihakata/nc_20264144/
20268504,大濠公園グランドヒルズ,6980,36,地下鉄空港線,大濠公園,4,2LDK+S（納戸）,79.08,福岡県福岡市中央区荒戸２-3-49,https://suumo.jp//ms/chuko/fukuoka/sc_fukuokashichuo/nc_20268504/
20271682,サントーア薬院,5280,31,地下鉄七隈線,薬院大通,3,2LDK,73.35,福岡県福岡市中央区薬院２,https://suumo.jp//ms/chuko/fukuoka/sc_fukuokashichuo/nc_20271682/
20272095,リファレンス天神南,4299,24,地下鉄七隈線,渡辺通,13,3LDK,65.32,福岡県福岡市中央区清川２-4-9,https://suumo.jp//ms/chuko/fukuoka/sc_fukuokashichuo/nc_20272095/
20272288,アダージュ薬院弐番館,4980,23,地下鉄七隈線,薬院大通,3,2LDK,65.11,福岡県福岡市中央区薬院２,https://suumo.jp//ms/chuko/fukuoka/sc_fukuokashichuo/nc_20272288/
20272676,ライオンズマンション大名,3082,44,地下鉄空港線,赤坂,8,3DK,56.72,福岡県福岡市中央区大名１-2-20,https://suumo.jp//ms/chuko/fukuoka/sc_fukuokashichuo/nc_20272676/
20272768,赤坂エクセル,2380,52,地下鉄空港線,赤坂,13,1LDK,52.57,福岡県福岡市中央区赤坂３,https://suumo.jp//ms/chuko/fukuoka/sc_fukuokashichuo/nc_20272768/
20272769,アートウィル赤坂,4780,32,地下鉄七隈線,桜坂,10,2LDK,65.61,福岡県福岡市中央区赤坂３,https://suumo.jp//ms/chuko/fukuoka/sc_fukuokashichuo/nc_20272769/
20277000,グレイス大濠公園,298,36,地下鉄空港線,大濠公園,9,1K,17.08,福岡県福岡市中央区西公園,https://suumo.jp//ms/chuko/fukuoka/sc_fukuokashichuo/nc_20277000/
20277705,ソレイユ赤坂南,4680,37,地下鉄七隈線,六本松,9,3LDK,75.03,福岡県福岡市中央区六本松３,https://suumo.jp//ms/chuko/fukuoka/sc_fukuokashichuo/nc_20277705/
20282820,デュレジア薬院スタンス,10980,3,地下鉄七隈線,薬院大通,5,2LDK+S（納戸）,70.33,福岡県福岡市中央区薬院３,https://suumo.jp//ms/chuko/fukuoka/sc_fukuokashichuo/nc_20282820/
20283315,ラフィネスシャトードゥ赤坂,3699,24,地下鉄空港線,赤坂,7,1LDK,32.81,福岡県福岡市中央区大手門１-3-31,https://suumo.jp//ms/chuko/fukuoka/sc_fukuokashichuo/nc_20283315/
20283446,エスポワール城西,5480,32,地下鉄空港線,西新,4,3LDK,65.92,福岡県福岡市早良区城西３,https://suumo.jp//ms/chuko/fukuoka/sc_fukuokashisawara/nc_20283446/
20286451,グランドメゾン大濠南,10990,25,地下鉄七隈線,六本松,3,3LDK+S（納戸）,98.79,福岡県福岡市中央区草香江２,https://suumo.jp//ms/chuko/fukuoka/sc_fukuokashichuo/nc_20286451/
20286452,朝日プラザ赤坂,1480,44,地下鉄空港線,赤坂,10,2DK,39.26,福岡県福岡市中央区警固２,https://suumo.jp//ms/chuko/fukuoka/sc_fukuokashichuo/nc_20286452/
20289797,ザ・パークハウス藤崎紅葉山,6880,5,地下鉄空港線,藤崎,10,3LDK,70.44,福岡県福岡市早良区昭代３,https://suumo.jp//ms/chuko/fukuoka/sc_fukuokashisawara/nc_20289797/
20292231,ラフィネスシャトードゥ赤坂,3699,24,地下鉄空港線,赤坂,7,1LK,32.81,福岡県福岡市中央区大手門１-3番31,https://suumo.jp//ms/chuko/fukuoka/sc_fukuokashichuo/nc_20292231/
20292711,コスモ西新七丁目,5980,26,地下鉄空港線,藤崎,4,2LDK+S（納戸）,70.01,福岡県福岡市早良区西新７-1-17,https://suumo.jp//ms/chuko/fukuoka/sc_fukuokashisawara/nc_20292711/
20293641,シティマンション輝国,1430,42,地下鉄七隈線,六本松,15,3DK,55.06,福岡県福岡市中央区輝国２,https://suumo.jp//ms/chuko/fukuoka/sc_fukuokashichuo/nc_20293641/
20294623,ラフィネスシャトードゥ赤坂,3699,24,地下鉄空港線,赤坂,7,1LDK,32.81,福岡県福岡市中央区大手門１,https://suumo.jp//ms/chuko/fukuoka/sc_fukuokashichuo/nc_20294623/
20298722,ビレッタ百道,1690,51,地下鉄空港線,藤崎,12,2LDK,55.39,福岡県福岡市早良区百道１,https://suumo.jp//ms/chuko/fukuoka/sc_fukuokashisawara/nc_20298722/
20299417,グランドステイツ大濠公園南,8280,22,地下鉄七隈線,六本松,3,3LDK,80.69,福岡県福岡市中央区六本松３-10-28,https://suumo.jp//ms/chuko/fukuoka/sc_fukuokashichuo/nc_20299417/
20301505,パークハイツ桜坂,1820,49,地下鉄七隈線,桜坂,3,ワンルーム,67.2,福岡県福岡市中央区桜坂３,https://suumo.jp//ms/chuko/fukuoka/sc_fukuokashichuo/nc_20301505/
20301800,エンクレストベイサイド通り1408号,4599,10,地下鉄箱崎線,中洲川端,15,1LDK+S（納戸）,54.65,福岡県福岡市博多区築港本町,https://suumo.jp//ms/chuko/fukuoka/sc_fukuokashihakata/nc_20301800/
20301814,アルテマインド浄水平丘,10300,16,地下鉄七隈線,薬院大通,9,3LDK,94.63,福岡県福岡市中央区平丘町,https://suumo.jp//ms/chuko/fukuoka/sc_fukuokashichuo/nc_20301814/
20303490,東急ドエル・アルス博多ステーションサイド,4980,26,地下鉄空港線,東比恵,9,3LDK,78.63,福岡県福岡市博多区比恵町,https://suumo.jp//ms/chuko/fukuoka/sc_fukuokashihakata/nc_20303490/
20307928,ハイラーク博多駅前,2000,45,地下鉄空港線,祇園,4,ワンルーム,38.52,福岡県福岡市博多区博多駅前２,https://suumo.jp//ms/chuko/fukuoka/sc_fukuokashihakata/nc_20307928/
20308901,東峰マンション博多駅・東,2390,41,地下鉄空港線,東比恵,6,1LDK,42.82,福岡県福岡市博多区比恵町,https://suumo.jp//ms/chuko/fukuoka/sc_fukuokashihakata/nc_20308901/
20310107,プレイスポットしんばしビル本館,2330,51,地下鉄七隈線,櫛田神社前,2,1DK,40.63,福岡県福岡市博多区中洲２,https://suumo.jp//ms/chuko/fukuoka/sc_fukuokashihakata/nc_20310107/
20310482,サンシティ鳥飼,3899,32,地下鉄七隈線,別府,11,3LDK,68.48,福岡県福岡市城南区鳥飼４,https://suumo.jp//ms/chuko/fukuoka/sc_fukuokashijonan/nc_20310482/
20310563,シティマンション薬院Ⅱ,2890,41,西鉄天神大牟田線,薬院,5,2LDK,48.8,福岡県福岡市中央区大宮１,https://suumo.jp//ms/chuko/fukuoka/sc_fukuokashichuo/nc_20310563/
20312015,パークホームズ警固本通り,7800,17,地下鉄空港線,赤坂,9,3LDK,82.96,福岡県福岡市中央区警固２,https://suumo.jp//ms/chuko/fukuoka/sc_fukuokashichuo/nc_20312015/
20312519,グランドパレス浄水通り,12850,9,地下鉄七隈線,薬院大通,8,2LDK+S（納戸）,101.74,福岡県福岡市中央区薬院４-15-10,https://suumo.jp//ms/chuko/fukuoka/sc_fukuokashichuo/nc_20312519/
20313483,オープンレジデンシア天神今泉,4900,3,地下鉄七隈線,薬院大通,6,2LDK,46.01,福岡県福岡市中央区今泉２,https://suumo.jp//ms/chuko/fukuoka/sc_fukuokashichuo/nc_20313483/
20313985,アーバンパレスアクス大濠,6380,31,地下鉄空港線,大濠公園,7,3LDK,72.48,福岡県福岡市中央区荒戸３,https://suumo.jp//ms/chuko/fukuoka/sc_fukuokashichuo/nc_20313985/
20314213,ソピア大濠西,5280,27,地下鉄空港線,西新,10,3LDK,69.57,福岡県福岡市中央区鳥飼３-16-9,https://suumo.jp//ms/chuko/fukuoka/sc_fukuokashichuo/nc_20314213/
20316237,赤坂エクセル,3450,52,地下鉄空港線,赤坂,12,2LDK,79.5,福岡県福岡市中央区赤坂３-8-26,https://suumo.jp//ms/chuko/fukuoka/sc_fukuokashichuo/nc_20316237/
20317485,オープンレジデンシア天神今泉,4900,3,地下鉄七隈線,薬院大通,6,2LDK,46.01,福岡県福岡市中央区今泉２,https://suumo.jp//ms/chuko/fukuoka/sc_fukuokashichuo/nc_20317485/
20320814,ロマネスク渡辺通第2,1749,37,地下鉄七隈線,渡辺通,12,1LDK,33.29,福岡県福岡市中央区高砂２-6-15,https://suumo.jp//ms/chuko/fukuoka/sc_fukuokashichuo/nc_20320814/
20320872,レジデンス西新パークサイド,6200,12,地下鉄空港線,西新,10,3LDK,70.1,福岡県福岡市早良区祖原25,https://suumo.jp//ms/chuko/fukuoka/sc_fukuokashisawara/nc_20320872/
20325130,ロマネスク渡辺通第2,1749,37,西鉄天神大牟田線,薬院,13,1LDK,33.29,福岡県福岡市中央区高砂２,https://suumo.jp//ms/chuko/fukuoka/sc_fukuokashichuo/nc_20325130/
20326885,ロマネスク渡辺通第２,1749,37,地下鉄七隈線,渡辺通,12,1LDK,33.29,福岡県福岡市中央区高砂２-６－１５,https://suumo.jp//ms/chuko/fukuoka/sc_fukuokashichuo/nc_20326885/
20327626,ロマネスク渡辺通第２,1749,37,地下鉄七隈線,渡辺通,12,1LDK,33.29,福岡県福岡市中央区高砂２-6-15,https://suumo.jp//ms/chuko/fukuoka/sc_fukuokashichuo/nc_20327626/
20329272,グランドパレス浄水通り,12850,9,地下鉄七隈線,薬院大通,6,2LDK+S（納戸）,101.74,福岡県福岡市中央区薬院４,https://suumo.jp//ms/chuko/fukuoka/sc_fukuokashichuo/nc_20329272/
20331839,日商岩井レジオン大濠,4799,29,地下鉄空港線,唐人町,1,2LDK,51.05,福岡県福岡市中央区黒門,https://suumo.jp//ms/chuko/fukuoka/sc_fukuokashichuo/nc_20331839/
20332513,朝日プラザ桜坂　中古マンション,2780,40,地下鉄七隈線,桜坂,6,3LDK,62.34,福岡県福岡市中央区谷１,https://suumo.jp//ms/chuko/fukuoka/sc_fukuokashichuo/nc_20332513/
20332850,ロマネスク渡辺通第2,1749,37,地下鉄七隈線,渡辺通,13,1LDK,33.29,福岡県福岡市中央区高砂２,https://suumo.jp//ms/chuko/fukuoka/sc_fukuokashichuo/nc_20332850/
20333444,シティライフ呉服町,4680,26,地下鉄空港線,中洲川端,13,2LDK,64.76,福岡県福岡市博多区下呉服町,https://suumo.jp//ms/chuko/fukuoka/sc_fukuokashihakata/nc_20333444/
20336580,グランドパレス浄水通り,12850,9,地下鉄七隈線,薬院大通,6,2LDK,101.74,福岡県福岡市中央区薬院４,https://suumo.jp//ms/chuko/fukuoka/sc_fukuokashichuo/nc_20336580/
20337457,祖原公園ハウス,2430,43,地下鉄空港線,西新,12,2DK,57.04,福岡県福岡市早良区祖原,https://suumo.jp//ms/chuko/fukuoka/sc_fukuokashisawara/nc_20337457/
20337474,GSハイム博多,2622,46,地下鉄空港線,東比恵,7,4DK,66.15,福岡県福岡市博多区博多駅東２,https://suumo.jp//ms/chuko/fukuoka/sc_fukuokashihakata/nc_20337474/
20337475,藤和今泉コープ（居住中）,2725,47,地下鉄七隈線,薬院大通,9,3LDK,69.6,福岡県福岡市中央区今泉２,https://suumo.jp//ms/chuko/fukuoka/sc_fukuokashichuo/nc_20337475/
20337661,ロマネスク渡辺通第2　中古マンション,1749,37,地下鉄七隈線,渡辺通,12,1LDK,33.29,福岡県福岡市中央区高砂２,https://suumo.jp//ms/chuko/fukuoka/sc_fukuokashichuo/nc_20337661/
20338825,朝日プラザ桜坂,2780,40,地下鉄七隈線,桜坂,5,2LDK,65.49,福岡県福岡市中央区谷１,https://suumo.jp//ms/chuko/fukuoka/sc_fukuokashichuo/nc_20338825/
20343565,ソピア天神,6480,27,地下鉄空港線,赤坂,10,2LDK+S（納戸）,74.0,福岡県福岡市中央区警固１,https://suumo.jp//ms/chuko/fukuoka/sc_fukuokashichuo/nc_20343565/
20343709,アトリーチェ西新,4120,27,地下鉄空港線,西新,3,2LDK,51.64,福岡県福岡市早良区西新１,https://suumo.jp//ms/chuko/fukuoka/sc_fukuokashisawara/nc_20343709/
20346627,グランドメゾン大濠公園ＴＨＥ　ＣＬＡＳＳ,12000,2,地下鉄空港線,大濠公園,4,2LDK,60.35,福岡県福岡市中央区荒戸２,https://suumo.jp//ms/chuko/fukuoka/sc_fukuokashichuo/nc_20346627/
20350288,コモダスパッソ天神,4980,26,地下鉄七隈線,天神南,3,2LDK,60.87,福岡県福岡市中央区渡辺通５-6－18,https://suumo.jp//ms/chuko/fukuoka/sc_fukuokashichuo/nc_20350288/
20351680,プレイスポットしんばしビル本館,2330,51,地下鉄七隈線,櫛田神社前,5,1DK,40.63,福岡県福岡市博多区中洲２-1-11,https://suumo.jp//ms/chuko/fukuoka/sc_fukuokashihakata/nc_20351680/
20352263,日商岩井今泉マンション,3980,52,地下鉄七隈線,薬院大通,7,3LDK,78.75,福岡県福岡市中央区今泉２,https://suumo.jp//ms/chuko/fukuoka/sc_fukuokashichuo/nc_20352263/
20354631,サンメゾン西新,8990,6,地下鉄空港線,西新,12,4LDK,97.16,福岡県福岡市早良区曙１,https://suumo.jp//ms/chuko/fukuoka/sc_fukuokashisawara/nc_20354631/
20354636,グランドステイツ大濠公園南,8280,22,地下鉄七隈線,六本松,5,3LDK,80.69,福岡県福岡市中央区六本松３,https://suumo.jp//ms/chuko/fukuoka/sc_fukuokashichuo/nc_20354636/
20354638,ライオンズマンション南薬院,2380,43,西鉄天神大牟田線,薬院,5,1LDK,47.79,福岡県福岡市中央区薬院３,https://suumo.jp//ms/chuko/fukuoka/sc_fukuokashichuo/nc_20354638/
20354639,東峰マンション空港通り,2200,28,地下鉄空港線,東比恵,12,2LDK,55.56,福岡県福岡市博多区豊１,https://suumo.jp//ms/chuko/fukuoka/sc_fukuokashihakata/nc_20354639/
20354640,アメックス博多ベルテックステージ,5280,16,地下鉄空港線,中洲川端,3,1LDK,42.66,福岡県福岡市博多区下川端町,https://suumo.jp//ms/chuko/fukuoka/sc_fukuokashihakata/nc_20354640/
20355646,第7プリンスマンション,2798,48,地下鉄七隈線,渡辺通,10,3LDK,74.01,福岡県福岡市中央区高砂１-15-32,https://suumo.jp//ms/chuko/fukuoka/sc_fukuokashichuo/nc_20355646/
20355816,ＣＬＵＢ　ＴＨＥ．薬院ステーションタワー,46000,6,西鉄天神大牟田線,薬院,2,2LDK+S（納戸）,138.16,福岡県福岡市中央区白金１-17-34,https://suumo.jp//ms/chuko/fukuoka/sc_fukuokashichuo/nc_20355816/
20359423,ライオンズマンション平尾,2780,47,地下鉄七隈線,薬院大通,14,3DK,65.71,福岡県福岡市中央区平尾２,https://suumo.jp//ms/chuko/fukuoka/sc_fukuokashichuo/nc_20359423/
20359832,ダイアパレス平尾２,3080,43,西鉄天神大牟田線,薬院,10,2LDK,64.1,福岡県福岡市中央区大宮２,https://suumo.jp//ms/chuko/fukuoka/sc_fukuokashichuo/nc_20359832/
20360375,秀和警固レジデンス,3280,52,地下鉄空港線,赤坂,7,2LDK+S（納戸）,69.43,福岡県福岡市中央区警固２,https://suumo.jp//ms/chuko/fukuoka/sc_fukuokashichuo/nc_20360375/
20361225,ロワールマンション西公園ビュー,2198,36,地下鉄空港線,大濠公園,14,2LDK,53.27,福岡県福岡市中央区港３,https://suumo.jp//ms/chuko/fukuoka/sc_fukuokashichuo/nc_20361225/
20365400,コスモ博多古門戸,4399,23,地下鉄空港線,中洲川端,8,1LDK+S（納戸）,54.49,福岡県福岡市博多区古門戸町,https://suumo.jp//ms/chuko/fukuoka/sc_fukuokashihakata/nc_20365400/
20365714,グランドステイツ大濠公園南,8280,22,地下鉄七隈線,六本松,4,3LDK,80.69,福岡県福岡市中央区六本松３-10-28,https://suumo.jp//ms/chuko/fukuoka/sc_fukuokashichuo/nc_20365714/
20367370,第2住吉ハイツ,1680,47,地下鉄七隈線,渡辺通,10,1LDK,55.55,福岡県福岡市博多区住吉３,https://suumo.jp//ms/chuko/fukuoka/sc_fukuokashihakata/nc_20367370/
20367604,Brillia平尾浄水,11800,17,地下鉄七隈線,薬院大通,12,3LDK,114.43,福岡県福岡市中央区平尾浄水町,https://suumo.jp//ms/chuko/fukuoka/sc_fukuokashichuo/nc_20367604/
20367967,パークハイツ平尾山荘　21棟,2490,45,地下鉄七隈線,薬院大通,15,3LDK,79.44,福岡県福岡市中央区平尾５,https://suumo.jp//ms/chuko/fukuoka/sc_fukuokashichuo/nc_20367967/
20368371,ツインタワー空港通り,3499,32,地下鉄空港線,東比恵,12,3LDK,71.7,福岡県福岡市博多区豊１-1-17,https://suumo.jp//ms/chuko/fukuoka/sc_fukuokashihakata/nc_20368371/
20370112,MJR博多ザ・レジデンス,8200,1,ＪＲ鹿児島本線,博多,13,2LDK,70.1,福岡県福岡市博多区美野島１,https://suumo.jp//ms/chuko/fukuoka/sc_fukuokashihakata/nc_20370112/
20370315,コアマンション城南ネクステージ,4490,22,地下鉄七隈線,別府,13,3LDK,77.02,福岡県福岡市城南区田島１,https://suumo.jp//ms/chuko/fukuoka/sc_fukuokashijonan/nc_20370315/
20370756,ツインタワー空港通り,3499,32,地下鉄空港線,東比恵,13,3LDK,71.7,福岡県福岡市博多区豊１-1-17,https://suumo.jp//ms/chuko/fukuoka/sc_fukuokashihakata/nc_20370756/
20370839,大名サンハイツ,2820,45,地下鉄空港線,赤坂,6,3LDK,62.32,福岡県福岡市中央区大名１-11-5,https://suumo.jp//ms/chuko/fukuoka/sc_fukuokashichuo/nc_20370839/
20371760,サンシティ鳥飼,3899,32,地下鉄七隈線,別府,11,3LDK,64.48,福岡県福岡市城南区鳥飼４-9-3,https://suumo.jp//ms/chuko/fukuoka/sc_fukuokashijonan/nc_20371760/
20372579,チサンマンション祇園,3180,46,地下鉄空港線,祇園,4,2LDK,52.98,福岡県福岡市博多区祇園町,https://suumo.jp//ms/chuko/fukuoka/sc_fukuokashihakata/nc_20372579/
20372624,大名サンハイツ,2820,45,地下鉄空港線,赤坂,5,3LDK,62.32,福岡県福岡市中央区大名１,https://suumo.jp//ms/chuko/fukuoka/sc_fukuokashichuo/nc_20372624/
20375081,エクセレンス谷,2590,47,地下鉄七隈線,桜坂,6,2LDK,57.23,福岡県福岡市中央区谷１,https://suumo.jp//ms/chuko/fukuoka/sc_fukuokashichuo/nc_20375081/
20375808,ロマネスク渡辺通第２,1749,37,地下鉄七隈線,渡辺通,12,1LDK,33.29,福岡県福岡市中央区高砂２,https://suumo.jp//ms/chuko/fukuoka/sc_fukuokashichuo/nc_20375808/
20378888,藤崎ロジュマン,4380,38,地下鉄空港線,藤崎,10,3LDK,82.76,福岡県福岡市早良区昭代３,https://suumo.jp//ms/chuko/fukuoka/sc_fukuokashisawara/nc_20378888/
20382600,東洋マンション大名,2980,47,地下鉄空港線,赤坂,5,3LDK,65.7,福岡県福岡市中央区大名２,https://suumo.jp//ms/chuko/fukuoka/sc_fukuokashichuo/nc_20382600/
20382669,オープンレジデンシア薬院白金,3498,3,西鉄天神大牟田線,薬院,8,1LDK,33.92,福岡県福岡市中央区白金２,https://suumo.jp//ms/chuko/fukuoka/sc_fukuokashichuo/nc_20382669/
20383590,サントーア薬院,5280,31,地下鉄七隈線,薬院大通,5,2LDK,73.35,福岡県福岡市中央区薬院２,https://suumo.jp//ms/chuko/fukuoka/sc_fukuokashichuo/nc_20383590/
20384520,シャンボール大名A棟,3490,45,地下鉄七隈線,薬院大通,7,3DK,61.08,福岡県福岡市中央区薬院２,https://suumo.jp//ms/chuko/fukuoka/sc_fukuokashichuo/nc_20384520/
20387762,パーク・エステート博多503号室,5139,29,地下鉄空港線,祇園,6,2LDK,60.81,福岡県福岡市博多区店屋町,https://suumo.jp//ms/chuko/fukuoka/sc_fukuokashihakata/nc_20387762/
20388734,コーポラス東光,1680,52,地下鉄空港線,東比恵,7,1LDK,46.67,福岡県福岡市博多区東光２,https://suumo.jp//ms/chuko/fukuoka/sc_fukuokashihakata/nc_20388734/
20388737,ソレイユ赤坂南,5298,37,地下鉄七隈線,桜坂,6,3LDK,75.03,福岡県福岡市中央区六本松３,https://suumo.jp//ms/chuko/fukuoka/sc_fukuokashichuo/nc_20388737/
20389892,グランドメゾン福岡Ｔｈｅ　Ｃｅｎｔｒａｌ　Ｌｕｘｅ,11000,1,西鉄天神大牟田線,薬院,3,1LDK,51.35,福岡県福岡市中央区渡辺通２,https://suumo.jp//ms/chuko/fukuoka/sc_fukuokashichuo/nc_20389892/
20389894,アンピール舞鶴,6790,22,地下鉄空港線,赤坂,7,2LDK,69.44,福岡県福岡市中央区舞鶴１,https://suumo.jp//ms/chuko/fukuoka/sc_fukuokashichuo/nc_20389894/
20392282,ロマネスク渡辺通第2,1749,37,地下鉄七隈線,渡辺通,12,1LDK,33.29,福岡県福岡市中央区高砂２,https://suumo.jp//ms/chuko/fukuoka/sc_fukuokashichuo/nc_20392282/
20392329,ラフィネスシャトードゥ赤坂,3699,24,地下鉄空港線,赤坂,7,1LDK,32.81,福岡県福岡市中央区大手門１,https://suumo.jp//ms/chuko/fukuoka/sc_fukuokashichuo/nc_20392329/
20392505,デュオヴェール博多駅,4480,3,ＪＲ鹿児島本線,博多,8,1LDK,43.82,福岡県福岡市博多区博多駅東１,https://suumo.jp//ms/chuko/fukuoka/sc_fukuokashihakata/nc_20392505/
20393142,ロマネスク渡辺通第2,1749,37,地下鉄七隈線,渡辺通,12,1LDK,33.29,福岡県福岡市中央区高砂２,https://suumo.jp//ms/chuko/fukuoka/sc_fukuokashichuo/nc_20393142/
20395185,アンピール舞鶴,6790,22,地下鉄空港線,赤坂,8,2LDK,69.44,福岡県福岡市中央区舞鶴１,https://suumo.jp//ms/chuko/fukuoka/sc_fukuokashichuo/nc_20395185/
20395435,サンシティ鳥飼,3899,32,地下鉄七隈線,別府,11,3LDK,68.48,福岡県福岡市城南区鳥飼４,https://suumo.jp//ms/chuko/fukuoka/sc_fukuokashijonan/nc_20395435/
20395544,Ｂｒｉｌｌｉａ平尾浄水,11800,17,地下鉄七隈線,薬院大通,12,3LDK,114.43,福岡県福岡市中央区平尾浄水町,https://suumo.jp//ms/chuko/fukuoka/sc_fukuokashichuo/nc_20395544/
20395545,グランドメゾン福岡　Ｔｈｅ　Ｃｅｎｔｒａｌ　Ｌｕｘｅ,7580,1,西鉄天神大牟田線,薬院,2,1LDK,51.35,福岡県福岡市中央区渡辺通２,https://suumo.jp//ms/chuko/fukuoka/sc_fukuokashichuo/nc_20395545/
20395547,アンピール舞鶴,6790,22,地下鉄空港線,天神,7,2LDK,69.44,福岡県福岡市中央区舞鶴１,https://suumo.jp//ms/chuko/fukuoka/sc_fukuokashichuo/nc_20395547/
20401001,グランドメゾン浄水ガーデンシティ　フォレストゲートⅢ,19800,8,地下鉄七隈線,薬院大通,5,3LDK,100.07,福岡県福岡市中央区薬院４,https://suumo.jp//ms/chuko/fukuoka/sc_fukuokashichuo/nc_20401001/
20401002,フリーディア赤坂プレミアム,20000,6,地下鉄空港線,赤坂,6,2LDK,103.54,福岡県福岡市中央区舞鶴３,https://suumo.jp//ms/chuko/fukuoka/sc_fukuokashichuo/nc_20401002/
20401004,アクロス大濠公園グランビュー,4280,1,地下鉄空港線,唐人町,3,1LDK,37.11,福岡県福岡市中央区黒門,https://suumo.jp//ms/chuko/fukuoka/sc_fukuokashichuo/nc_20401004/
20401158,リファレンス天神南,4299,24,地下鉄七隈線,渡辺通,13,3LDK,65.32,福岡県福岡市中央区清川２,https://suumo.jp//ms/chuko/fukuoka/sc_fukuokashichuo/nc_20401158/
20401835,ダイアパレス西公園Ⅱ,5680,41,地下鉄空港線,大濠公園,7,4LDK,116.59,福岡県福岡市中央区荒戸２,https://suumo.jp//ms/chuko/fukuoka/sc_fukuokashichuo/nc_20401835/
20401837,グランドメゾン赤坂１丁目,11580,13,地下鉄空港線,赤坂,6,3LDK,88.11,福岡県福岡市中央区赤坂１,https://suumo.jp//ms/chuko/fukuoka/sc_fukuokashichuo/nc_20401837/
20402892,ロマネスク渡辺通第2,1749,37,地下鉄七隈線,渡辺通,12,1LDK,33.29,福岡県福岡市中央区高砂２,https://suumo.jp//ms/chuko/fukuoka/sc_fukuokashichuo/nc_20402892/
20407256,ブリリアタワー西新,30000,5,地下鉄空港線,西新,1,2LDK,101.65,福岡県福岡市早良区西新４-1-1,https://suumo.jp//ms/chuko/fukuoka/sc_fukuokashisawara/nc_20407256/
20407791,ロマネスク大濠アネックス,3099,39,地下鉄空港線,唐人町,14,2LDK,59.65,福岡県福岡市中央区鳥飼２,https://suumo.jp//ms/chuko/fukuoka/sc_fukuokashichuo/nc_20407791/
20407977,シティマンション薬院,1900,42,地下鉄七隈線,薬院大通,3,2DK,43.82,福岡県福岡市中央区薬院１,https://suumo.jp//ms/chuko/fukuoka/sc_fukuokashichuo/nc_20407977/
20408895,オープンレジデンシア博多駅南,4080,2,ＪＲ鹿児島本線,博多,11,1DK,34.58,福岡県福岡市博多区博多駅南２,https://suumo.jp//ms/chuko/fukuoka/sc_fukuokashihakata/nc_20408895/
20408984,ダイアパレスグランデージ大名,6280,28,地下鉄空港線,赤坂,6,2LDK+S（納戸）,70.69,福岡県福岡市中央区大名１,https://suumo.jp//ms/chuko/fukuoka/sc_fukuokashichuo/nc_20408984/
20409313,アルテマインド浄水平丘,10800,16,地下鉄七隈線,薬院大通,9,3LDK,94.63,福岡県福岡市中央区平丘町,https://suumo.jp//ms/chuko/fukuoka/sc_fukuokashichuo/nc_20409313/
20410240,イニシアイオ大名,4280,18,地下鉄空港線,赤坂,5,1LDK,45.0,福岡県福岡市中央区大名１-9-4,https://suumo.jp//ms/chuko/fukuoka/sc_fukuokashichuo/nc_20410240/
20410832,ライオンズマンション大名（賃貸中）,3082,44,地下鉄空港線,赤坂,10,3DK,56.72,福岡県福岡市中央区大名１,https://suumo.jp//ms/chuko/fukuoka/sc_fukuokashichuo/nc_20410832/
20412591,ライオンズマンション六本松第２,1480,38,地下鉄七隈線,桜坂,6,2DK,44.96,福岡県福岡市中央区六本松３,https://suumo.jp//ms/chuko/fukuoka/sc_fukuokashichuo/nc_20412591/
20412861,グランドメゾン大濠南,10990,25,地下鉄七隈線,六本松,3,3LDK+S（納戸）,98.79,福岡県福岡市中央区草香江２-1-38,https://suumo.jp//ms/chuko/fukuoka/sc_fukuokashichuo/nc_20412861/
20415226,西新パークマンション,2480,38,地下鉄空港線,西新,7,3LDK,70.97,福岡県福岡市早良区西新３,https://suumo.jp//ms/chuko/fukuoka/sc_fukuokashisawara/nc_20415226/
20415519,グランドメゾン大濠公園THE CLASS,12000,2,地下鉄空港線,大濠公園,5,2LDK,60.35,福岡県福岡市中央区荒戸２,https://suumo.jp//ms/chuko/fukuoka/sc_fukuokashichuo/nc_20415519/
20415847,第三住吉ハイツ,2599,46,ＪＲ鹿児島本線,博多,14,2LDK,67.2,福岡県福岡市博多区住吉５,https://suumo.jp//ms/chuko/fukuoka/sc_fukuokashihakata/nc_20415847/
20416508,グランドメゾン福岡　Ｔｈｅ　Ｃｅｎｔｒａｌ　Ｌｕｘｅ,18500,1,西鉄天神大牟田線,薬院,2,2LDK,77.39,福岡県福岡市中央区渡辺通２,https://suumo.jp//ms/chuko/fukuoka/sc_fukuokashichuo/nc_20416508/
20416709,グランドメゾン百道浜オーシャン＆フォレスト,25800,16,地下鉄空港線,西新,15,3LDK,155.52,福岡県福岡市早良区百道浜３,https://suumo.jp//ms/chuko/fukuoka/sc_fukuokashisawara/nc_20416709/
20416810,【ツインタワー空港通り】陽当り良好な四方角部屋！博多…,3499,32,地下鉄空港線,東比恵,14,3LDK,71.7,福岡県福岡市博多区豊１,https://suumo.jp//ms/chuko/fukuoka/sc_fukuokashihakata/nc_20416810/
20417239,ロマネスク大濠アネックス,3099,39,地下鉄空港線,唐人町,14,2LDK,59.65,福岡県福岡市中央区鳥飼２,https://suumo.jp//ms/chuko/fukuoka/sc_fukuokashichuo/nc_20417239/
20417461,パークホームズ大濠二丁目,17200,9,地下鉄空港線,唐人町,4,3LDK,101.47,福岡県福岡市中央区大濠２,https://suumo.jp//ms/chuko/fukuoka/sc_fukuokashichuo/nc_20417461/
20418122,第三住吉ハイツ 702,2599,46,ＪＲ鹿児島本線,博多,13,2LDK,67.2,福岡県福岡市博多区住吉５-10-7,https://suumo.jp//ms/chuko/fukuoka/sc_fukuokashihakata/nc_20418122/
20418728,第三住吉ハイツ,2599,46,地下鉄七隈線,博多,15,2LDK,67.2,福岡県福岡市博多区住吉５-10-7,https://suumo.jp//ms/chuko/fukuoka/sc_fukuokashihakata/nc_20418728/
20420261,グランドメゾン福岡　Ｔｈｅ　Ｃｅｎｔｒａｌ　Ｌｕｘｅ,12000,1,西鉄天神大牟田線,薬院,3,ワンルーム,69.63,福岡県福岡市中央区渡辺通２,https://suumo.jp//ms/chuko/fukuoka/sc_fukuokashichuo/nc_20420261/
20420725,グランドメゾン桜坂ヒルズ,9600,15,地下鉄七隈線,桜坂,5,3LDK,90.75,福岡県福岡市中央区警固３,https://suumo.jp//ms/chuko/fukuoka/sc_fukuokashichuo/nc_20420725/
20420878,エンクレストベイサイド通り,4599,10,地下鉄空港線,中洲川端,12,1LDK+S（納戸）,54.65,福岡県福岡市博多区築港本町7-14,https://suumo.jp//ms/chuko/fukuoka/sc_fukuokashihakata/nc_20420878/
20421796,ツインタワー空港通り,3499,32,地下鉄空港線,東比恵,13,3LDK,71.7,福岡県福岡市博多区豊１-1-17,https://suumo.jp//ms/chuko/fukuoka/sc_fukuokashihakata/nc_20421796/
20422608,ウェリス大濠公園Z-Stage,14800,13,地下鉄空港線,唐人町,2,3LDK,86.42,福岡県福岡市中央区黒門,https://suumo.jp//ms/chuko/fukuoka/sc_fukuokashichuo/nc_20422608/
20423283,シーサイドももちアクアコート5番館,6780,33,地下鉄空港線,藤崎,13,3LDK,97.34,福岡県福岡市早良区百道浜３,https://suumo.jp//ms/chuko/fukuoka/sc_fukuokashisawara/nc_20423283/
20423568,ライオンズマンション高砂,3280,48,地下鉄七隈線,渡辺通,7,1LDK+S（納戸）,55.69,福岡県福岡市中央区高砂１,https://suumo.jp//ms/chuko/fukuoka/sc_fukuokashichuo/nc_20423568/
20426588,エバーライフ赤坂,4480,38,地下鉄七隈線,桜坂,14,1LDK,63.63,福岡県福岡市中央区赤坂３,https://suumo.jp//ms/chuko/fukuoka/sc_fukuokashichuo/nc_20426588/
20426860,パソナ―ル博多,1250,53,地下鉄空港線,中洲川端,15,1LDK,38.57,福岡県福岡市博多区神屋町,https://suumo.jp//ms/chuko/fukuoka/sc_fukuokashihakata/nc_20426860/
20428536,GSハイム博多,2622,46,地下鉄空港線,東比恵,5,4DK,66.15,福岡県福岡市博多区博多駅東２-13-21,https://suumo.jp//ms/chuko/fukuoka/sc_fukuokashihakata/nc_20428536/
20429317,藤和城西コープ,1998,52,地下鉄七隈線,別府,9,2LDK,52.82,福岡県福岡市城南区別府４-13-29,https://suumo.jp//ms/chuko/fukuoka/sc_fukuokashijonan/nc_20429317/
20429318,藤崎ロジュマン,4380,38,地下鉄空港線,藤崎,13,4LDK,82.76,福岡県福岡市早良区昭代３-9-5,https://suumo.jp//ms/chuko/fukuoka/sc_fukuokashisawara/nc_20429318/
20429863,第三住吉ハイツ,2599,46,地下鉄空港線,博多,13,2LDK,67.2,福岡県福岡市博多区住吉５,https://suumo.jp//ms/chuko/fukuoka/sc_fukuokashihakata/nc_20429863/
20431843,ツインタワー空港通り,3499,32,地下鉄空港線,東比恵,12,3LDK,71.7,福岡県福岡市博多区豊１-１－１７,https://suumo.jp//ms/chuko/fukuoka/sc_fukuokashihakata/nc_20431843/
20433759,ツインタワー空港通り,3499,32,地下鉄空港線,東比恵,12,3LDK,71.7,福岡県福岡市博多区豊１-1-17,https://suumo.jp//ms/chuko/fukuoka/sc_fukuokashihakata/nc_20433759/
20434466,コスモ大手門,5090,24,地下鉄空港線,大濠公園,8,2LDK,61.2,福岡県福岡市中央区大手門２,https://suumo.jp//ms/chuko/fukuoka/sc_fukuokashichuo/nc_20434466/
20434666,警固ハウス,3190,46,地下鉄七隈線,薬院大通,9,3LDK,66.0,福岡県福岡市中央区警固１-15-15,https://suumo.jp//ms/chuko/fukuoka/sc_fukuokashichuo/nc_20434666/
20435141,グランドメゾン大濠南,6980,25,地下鉄七隈線,六本松,2,3LDK,73.43,福岡県福岡市中央区草香江２,https://suumo.jp//ms/chuko/fukuoka/sc_fukuokashichuo/nc_20435141/
20435722,ライオンズマンション天神南,5480,34,地下鉄七隈線,薬院大通,7,1LDK,86.02,福岡県福岡市中央区今泉２,https://suumo.jp//ms/chuko/fukuoka/sc_fukuokashichuo/nc_20435722/
20437130,ロマネスク大濠アネックス,2880,39,地下鉄空港線,唐人町,14,2LDK,61.5,福岡県福岡市中央区鳥飼２,https://suumo.jp//ms/chuko/fukuoka/sc_fukuokashichuo/nc_20437130/
20438664,第三住吉ハイツ,2599,46,九州新幹線,博多,13,2LDK,67.2,福岡県福岡市博多区住吉５,https://suumo.jp//ms/chuko/fukuoka/sc_fukuokashihakata/nc_20438664/
20438757,藤和城西コーポ,2390,52,地下鉄七隈線,別府,8,3LDK,71.5,福岡県福岡市城南区別府４-13-29,https://suumo.jp//ms/chuko/fukuoka/sc_fukuokashijonan/nc_20438757/
20442837,エメラルドマンション比恵,1998,44,地下鉄空港線,東比恵,3,2LDK,51.16,福岡県福岡市博多区東比恵３,https://suumo.jp//ms/chuko/fukuoka/sc_fukuokashihakata/nc_20442837/
20443266,クリオラベルヴィ呉服町,4499,8,地下鉄空港線,中洲川端,12,2LDK,47.0,福岡県福岡市博多区下呉服町,https://suumo.jp//ms/chuko/fukuoka/sc_fukuokashihakata/nc_20443266/
20443605,リファレンス天神南,4299,24,地下鉄七隈線,渡辺通,13,3LDK,65.32,福岡県福岡市中央区清川２-4-9,https://suumo.jp//ms/chuko/fukuoka/sc_fukuokashichuo/nc_20443605/
20445148,コアマンションけやき通りプレジオ,13400,24,地下鉄七隈線,六本松,11,3LDK+S（納戸）,150.4,福岡県福岡市中央区赤坂３,https://suumo.jp//ms/chuko/fukuoka/sc_fukuokashichuo/nc_20445148/
20445271,チサンマンション第三博多,2290,52,地下鉄七隈線,薬院大通,3,ワンルーム,64.8,福岡県福岡市中央区薬院２,https://suumo.jp//ms/chuko/fukuoka/sc_fukuokashichuo/nc_20445271/
20445302,第三住吉ハイツ,2599,46,ＪＲ篠栗線,博多,14,2LDK,67.2,福岡県福岡市博多区住吉５,https://suumo.jp//ms/chuko/fukuoka/sc_fukuokashihakata/nc_20445302/
20445475,サンシティ鳥飼,3899,32,地下鉄七隈線,別府,10,3LDK,68.48,福岡県福岡市城南区鳥飼４-9,https://suumo.jp//ms/chuko/fukuoka/sc_fukuokashijonan/nc_20445475/
20445675,ザ・パークハウス福岡タワーズ　WEST,32000,7,地下鉄空港線,唐人町,12,1LDK,102.56,福岡県福岡市中央区地行浜２,https://suumo.jp//ms/chuko/fukuoka/sc_fukuokashichuo/nc_20445675/
20446736,ツインタワー空港通り,3499,32,地下鉄空港線,東比恵,13,3LDK,71.7,福岡県福岡市博多区豊１,https://suumo.jp//ms/chuko/fukuoka/sc_fukuokashihakata/nc_20446736/
20447816,ソピア天神,6180,27,地下鉄七隈線,薬院大通,7,3LDK,66.24,福岡県福岡市中央区警固１,https://suumo.jp//ms/chuko/fukuoka/sc_fukuokashichuo/nc_20447816/
20448061,藤和城西コーポ　【担当：鍋嶋】　までお気軽にお問合せ…,2390,52,地下鉄七隈線,別府,7,3LDK,71.5,福岡県福岡市城南区別府４,https://suumo.jp//ms/chuko/fukuoka/sc_fukuokashijonan/nc_20448061/
20449213,エンクレストベイサイド通り,4599,10,地下鉄空港線,中洲川端,14,1LDK+S（納戸）,54.65,福岡県福岡市博多区築港本町,https://suumo.jp//ms/chuko/fukuoka/sc_fukuokashihakata/nc_20449213/
20449347,藤和城西コーポ,2390,52,地下鉄七隈線,別府,10,3LDK,71.5,福岡県福岡市城南区別府４-13-29,https://suumo.jp//ms/chuko/fukuoka/sc_fukuokashijonan/nc_20449347/
20449512,朝日プラザ大濠,3750,43,地下鉄七隈線,六本松,4,3LDK,69.12,福岡県福岡市中央区草香江２,https://suumo.jp//ms/chuko/fukuoka/sc_fukuokashichuo/nc_20449512/
20450630,平尾ハウス,3499,46,西鉄天神大牟田線,薬院,7,2LDK,79.05,福岡県福岡市中央区平尾１,https://suumo.jp//ms/chuko/fukuoka/sc_fukuokashichuo/nc_20450630/
20451508,ロイヤルマンション別府六,3700,32,地下鉄七隈線,別府,6,4LDK,81.19,福岡県福岡市城南区別府６,https://suumo.jp//ms/chuko/fukuoka/sc_fukuokashijonan/nc_20451508/
20451509,アンピール別府Ⅱ,4380,33,地下鉄七隈線,別府,3,3LDK,66.29,福岡県福岡市城南区別府３,https://suumo.jp//ms/chuko/fukuoka/sc_fukuokashijonan/nc_20451509/
20451513,平尾フェニックスマンション,5380,35,西鉄天神大牟田線,薬院,6,3LDK,79.07,福岡県福岡市中央区平尾１,https://suumo.jp//ms/chuko/fukuoka/sc_fukuokashichuo/nc_20451513/
20452034,ライオンズマンション舞鶴第3,1580,41,地下鉄空港線,赤坂,7,1DK,30.07,福岡県福岡市中央区舞鶴２,https://suumo.jp//ms/chuko/fukuoka/sc_fukuokashichuo/nc_20452034/
20452057,ザ・パークハウス桜坂サンリヤン,8200,8,地下鉄七隈線,桜坂,3,3LDK,70.74,福岡県福岡市中央区桜坂３,https://suumo.jp//ms/chuko/fukuoka/sc_fukuokashichuo/nc_20452057/
20452096,コスモ博多古門戸,4399,23,地下鉄箱崎線,中洲川端,9,1LDK+S（納戸）,54.49,福岡県福岡市博多区古門戸町,https://suumo.jp//ms/chuko/fukuoka/sc_fukuokashihakata/nc_20452096/
20452963,エクセレンス谷,2590,44,地下鉄七隈線,桜坂,6,2LDK,57.23,福岡県福岡市中央区谷１,https://suumo.jp//ms/chuko/fukuoka/sc_fukuokashichuo/nc_20452963/
20454753,藤和城西コーポ,2390,52,地下鉄七隈線,別府,10,3LDK,71.5,福岡県福岡市城南区別府４,https://suumo.jp//ms/chuko/fukuoka/sc_fukuokashijonan/nc_20454753/
20454959,ダイアパレス・グランデージ博多駅前　中古マンション,5480,28,ＪＲ鹿児島本線,博多,14,3LDK,71.76,福岡県福岡市博多区博多駅前４,https://suumo.jp//ms/chuko/fukuoka/sc_fukuokashihakata/nc_20454959/
20455101,百道タワー,9300,22,地下鉄空港線,西新,10,1LDK,90.28,福岡県福岡市早良区百道浜１,https://suumo.jp//ms/chuko/fukuoka/sc_fukuokashisawara/nc_20455101/
20455295,コアマンション桜坂プレジオ弐番館,8290,25,地下鉄七隈線,桜坂,5,4LDK,103.4,福岡県福岡市中央区六本松３,https://suumo.jp//ms/chuko/fukuoka/sc_fukuokashichuo/nc_20455295/
20455413,藤和城西コーポ　中古マンション,2390,52,地下鉄七隈線,別府,10,3LDK,71.5,福岡県福岡市城南区別府４,https://suumo.jp//ms/chuko/fukuoka/sc_fukuokashijonan/nc_20455413/
20456602,アクロス天神ファーストステージ,5780,25,地下鉄七隈線,渡辺通,10,3LDK,80.8,福岡県福岡市中央区清川２,https://suumo.jp//ms/chuko/fukuoka/sc_fukuokashichuo/nc_20456602/
20457505,藤和城西コープ,1998,52,地下鉄七隈線,別府,7,2LDK,52.82,福岡県福岡市城南区別府４,https://suumo.jp//ms/chuko/fukuoka/sc_fukuokashijonan/nc_20457505/
20458331,西新ビル,1850,54,地下鉄空港線,藤崎,5,2LDK,60.8,福岡県福岡市早良区高取１,https://suumo.jp//ms/chuko/fukuoka/sc_fukuokashisawara/nc_20458331/
20458386,ステイツ天神,3780,36,地下鉄七隈線,薬院大通,9,2LDK,46.8,福岡県福岡市中央区警固１-6-41,https://suumo.jp//ms/chuko/fukuoka/sc_fukuokashichuo/nc_20458386/
20459552,パークホームズ西新トラッドマークス,8480,8,地下鉄空港線,西新,3,3LDK,75.11,福岡県福岡市早良区西新２,https://suumo.jp//ms/chuko/fukuoka/sc_fukuokashisawara/nc_20459552/
20459569,ＭＪＲ博多ザ・レジデンス,5280,1,ＪＲ鹿児島本線,博多,13,1LDK,52.78,福岡県福岡市博多区美野島１,https://suumo.jp//ms/chuko/fukuoka/sc_fukuokashihakata/nc_20459569/
20459842,コスモ大手門,5090,24,地下鉄空港線,大濠公園,7,2LDK,61.2,福岡県福岡市中央区大手門２-4-23,https://suumo.jp//ms/chuko/fukuoka/sc_fukuokashichuo/nc_20459842/
20460207,ダイナコート六本松,2980,39,地下鉄七隈線,桜坂,6,2LDK,59.9,福岡県福岡市中央区谷１,https://suumo.jp//ms/chuko/fukuoka/sc_fukuokashichuo/nc_20460207/
20461596,グリーンマンション平尾,4180,30,地下鉄七隈線,薬院,13,3LDK,71.38,福岡県福岡市中央区平尾２,https://suumo.jp//ms/chuko/fukuoka/sc_fukuokashichuo/nc_20461596/
20462310,アーティックス大濠,9980,22,地下鉄七隈線,六本松,13,4LDK,108.59,福岡県福岡市中央区鳥飼１,https://suumo.jp//ms/chuko/fukuoka/sc_fukuokashichuo/nc_20462310/
20463772,ジャルダン大濠,4680,45,地下鉄七隈線,六本松,6,3LDK,86.13,福岡県福岡市中央区草香江２,https://suumo.jp//ms/chuko/fukuoka/sc_fukuokashichuo/nc_20463772/
20463862,サンハイツ平尾,2900,52,地下鉄七隈線,薬院大通,15,2LDK,81.46,福岡県福岡市中央区平尾２,https://suumo.jp//ms/chuko/fukuoka/sc_fukuokashichuo/nc_20463862/
20464597,エステートモア祇園,1330,28,地下鉄七隈線,櫛田神社前,6,1K,20.73,福岡県福岡市博多区冷泉町,https://suumo.jp//ms/chuko/fukuoka/sc_fukuokashihakata/nc_20464597/
20464758,クリオラベルヴィ呉服町,3299,8,地下鉄空港線,中洲川端,11,1LDK,34.4,福岡県福岡市博多区下呉服町,https://suumo.jp//ms/chuko/fukuoka/sc_fukuokashihakata/nc_20464758/
20464842,シティマンション薬院,3090,42,地下鉄七隈線,薬院大通,3,2LDK,56.22,福岡県福岡市中央区薬院１,https://suumo.jp//ms/chuko/fukuoka/sc_fukuokashichuo/nc_20464842/
20465143,クリオラベルヴィ呉服町,4499,8,地下鉄空港線,中洲川端,11,2LDK,47.0,福岡県福岡市博多区下呉服町,https://suumo.jp//ms/chuko/fukuoka/sc_fukuokashihakata/nc_20465143/
20465347,ツインタワー空港通り,3499,32,地下鉄空港線,東比恵,14,3LDK+2S（納戸）,71.7,福岡県福岡市博多区豊１,https://suumo.jp//ms/chuko/fukuoka/sc_fukuokashihakata/nc_20465347/
20465479,リファレンス天神南 ２０２,4299,24,地下鉄七隈線,渡辺通,13,3LDK,65.32,福岡県福岡市中央区清川２,https://suumo.jp//ms/chuko/fukuoka/sc_fukuokashichuo/nc_20465479/
20465822,ダイアパレスグランデージ大名,6950,28,地下鉄空港線,赤坂,6,2LDK,80.47,福岡県福岡市中央区大名１,https://suumo.jp//ms/chuko/fukuoka/sc_fukuokashichuo/nc_20465822/
20467027,西新パークマンション,2480,38,地下鉄空港線,西新,10,3LDK,70.97,福岡県福岡市早良区西新３,https://suumo.jp//ms/chuko/fukuoka/sc_fukuokashisawara/nc_20467027/
20469143,オープンレジデンシア薬院二丁目,5800,3,地下鉄七隈線,薬院大通,3,2LDK,42.54,福岡県福岡市中央区薬院２,https://suumo.jp//ms/chuko/fukuoka/sc_fukuokashichuo/nc_20469143/
20469317,第三住吉ハイツ,2599,46,ＪＲ鹿児島本線,博多,13,2LDK,67.2,福岡県福岡市博多区住吉５,https://suumo.jp//ms/chuko/fukuoka/sc_fukuokashihakata/nc_20469317/
20469730,グランドメゾン大濠南,7680,25,地下鉄七隈線,六本松,3,4LDK,98.79,福岡県福岡市中央区草香江２,https://suumo.jp//ms/chuko/fukuoka/sc_fukuokashichuo/nc_20469730/
20469938,藤和城西コーポ,2390,52,地下鉄七隈線,別府,7,3LDK,71.5,福岡県福岡市城南区別府４-13-29,https://suumo.jp//ms/chuko/fukuoka/sc_fukuokashijonan/nc_20469938/
20469945,第三住吉ハイツ,2599,46,ＪＲ篠栗線,博多,13,2LDK,67.2,福岡県福岡市博多区住吉５-10-7,https://suumo.jp//ms/chuko/fukuoka/sc_fukuokashihakata/nc_20469945/
20470261,第7プリンスマンション,2798,48,地下鉄七隈線,渡辺通,9,3LDK,74.01,福岡県福岡市中央区高砂１-15-32,https://suumo.jp//ms/chuko/fukuoka/sc_fukuokashichuo/nc_20470261/
20470263,ユーハイム大濠西,2830,41,地下鉄空港線,唐人町,1,1LDK,48.09,福岡県福岡市中央区黒門6-40,https://suumo.jp//ms/chuko/fukuoka/sc_fukuokashichuo/nc_20470263/
20470485,第三住吉ハイツ,2599,46,地下鉄七隈線,博多,15,2LDK,67.2,福岡県福岡市博多区住吉５-10-7,https://suumo.jp//ms/chuko/fukuoka/sc_fukuokashihakata/nc_20470485/
20472262,ロマネスク渡辺通第2,1749,37,地下鉄七隈線,渡辺通,12,1LDK,33.29,福岡県福岡市中央区高砂２,https://suumo.jp//ms/chuko/fukuoka/sc_fukuokashichuo/nc_20472262/
20474520,オープンレジデンシア薬院南,3580,4,西鉄天神大牟田線,薬院,9,1LDK,34.54,福岡県福岡市中央区平尾３-5-6,https://suumo.jp//ms/chuko/fukuoka/sc_fukuokashichuo/nc_20474520/
20475936,グランドメゾン赤坂弐番館,12800,22,地下鉄空港線,赤坂,11,3LDK,110.0,福岡県福岡市中央区赤坂２,https://suumo.jp//ms/chuko/fukuoka/sc_fukuokashichuo/nc_20475936/
20476499,ザ・パークハウス桜坂サンリヤン,14800,8,地下鉄七隈線,桜坂,3,3LDK+S（納戸）,84.98,福岡県福岡市中央区桜坂３,https://suumo.jp//ms/chuko/fukuoka/sc_fukuokashichuo/nc_20476499/
20477027,ツインタワー空港通り,3499,32,地下鉄空港線,東比恵,12,3LDK,71.7,福岡県福岡市博多区豊１,https://suumo.jp//ms/chuko/fukuoka/sc_fukuokashihakata/nc_20477027/
20477045,グランドステイツ大濠公園南,8280,22,地下鉄七隈線,六本松,4,3LDK,80.69,福岡県福岡市中央区六本松３,https://suumo.jp//ms/chuko/fukuoka/sc_fukuokashichuo/nc_20477045/
20478980,コスモ大手門,5090,24,地下鉄空港線,大濠公園,8,2LDK,58.39,福岡県福岡市中央区大手門２,https://suumo.jp//ms/chuko/fukuoka/sc_fukuokashichuo/nc_20478980/
20478981,シャンボール桜坂,1880,52,地下鉄七隈線,桜坂,6,1LDK,47.88,福岡県福岡市中央区古小烏町,https://suumo.jp//ms/chuko/fukuoka/sc_fukuokashichuo/nc_20478981/
20483259,サンライフ六本松,4280,42,地下鉄七隈線,六本松,2,1LDK,60.48,福岡県福岡市中央区草香江２,https://suumo.jp//ms/chuko/fukuoka/sc_fukuokashichuo/nc_20483259/
20483283,ライオンズ大濠レジデンス,9980,19,地下鉄七隈線,六本松,10,3LDK,100.05,福岡県福岡市中央区草香江２,https://suumo.jp//ms/chuko/fukuoka/sc_fukuokashichuo/nc_20483283/
20483321,ＭＪＲ博多ザ・レジデンス,5280,1,地下鉄空港線,博多,13,1LDK,52.78,福岡県福岡市博多区美野島１,https://suumo.jp//ms/chuko/fukuoka/sc_fukuokashihakata/nc_20483321/
20483861,ピュアドーム博多21,1350,21,地下鉄空港線,東比恵,9,1K,24.95,福岡県福岡市博多区博多駅東３,https://suumo.jp//ms/chuko/fukuoka/sc_fukuokashihakata/nc_20483861/
20484049,ロマネスク大濠アネックス,3099,39,地下鉄空港線,唐人町,12,2LDK,59.65,福岡県福岡市中央区鳥飼２-6-15,https://suumo.jp//ms/chuko/fukuoka/sc_fukuokashichuo/nc_20484049/
20484350,藤和櫻坂ホームズ,3600,31,地下鉄七隈線,桜坂,6,3LDK,68.91,福岡県福岡市中央区桜坂２,https://suumo.jp//ms/chuko/fukuoka/sc_fukuokashichuo/nc_20484350/
20486171,インプレスト天神オークタワー,6450,6,地下鉄空港線,赤坂,8,2LDK,61.28,福岡県福岡市中央区長浜２,https://suumo.jp//ms/chuko/fukuoka/sc_fukuokashichuo/nc_20486171/
20488096,藤和城西コーポ,2390,52,地下鉄七隈線,別府,10,3LDK,71.5,福岡県福岡市城南区別府４,https://suumo.jp//ms/chuko/fukuoka/sc_fukuokashijonan/nc_20488096/
20489857,ツインタワー空港通り,3499,32,地下鉄空港線,東比恵,14,3LDK,71.7,福岡県福岡市博多区豊１,https://suumo.jp//ms/chuko/fukuoka/sc_fukuokashihakata/nc_20489857/
20490588,朝日プラザ大濠,3680,43,地下鉄七隈線,六本松,5,3LDK,69.12,福岡県福岡市中央区草香江２,https://suumo.jp//ms/chuko/fukuoka/sc_fukuokashichuo/nc_20490588/
20491037,コモダスパッソ天神,4600,26,地下鉄七隈線,天神南,3,2LDK,64.15,福岡県福岡市中央区渡辺通５-6-18,https://suumo.jp//ms/chuko/fukuoka/sc_fukuokashichuo/nc_20491037/
20491482,グランドパレス藤崎,6210,8,地下鉄空港線,藤崎,4,3LDK,70.08,福岡県福岡市早良区藤崎１,https://suumo.jp//ms/chuko/fukuoka/sc_fukuokashisawara/nc_20491482/
20491490,コモダス天神２,5880,27,西鉄天神大牟田線,薬院,9,3LDK,72.9,福岡県福岡市中央区今泉２,https://suumo.jp//ms/chuko/fukuoka/sc_fukuokashichuo/nc_20491490/
20491491,グランドメゾン赤坂弐番館,12800,22,地下鉄空港線,赤坂,11,3LDK,110.0,福岡県福岡市中央区赤坂２,https://suumo.jp//ms/chuko/fukuoka/sc_fukuokashichuo/nc_20491491/
20491493,コスモ大手門,5090,24,地下鉄空港線,大濠公園,6,2LDK,61.2,福岡県福岡市中央区大手門２,https://suumo.jp//ms/chuko/fukuoka/sc_fukuokashichuo/nc_20491493/
20491495,第三住吉ハイツ,2599,46,ＪＲ鹿児島本線,博多,12,2LDK,67.2,福岡県福岡市博多区住吉５,https://suumo.jp//ms/chuko/fukuoka/sc_fukuokashihakata/nc_20491495/
20495376,モントーレ東比恵クレア,4199,38,地下鉄空港線,東比恵,5,1LDK+S（納戸）,42.77,福岡県福岡市博多区東比恵３,https://suumo.jp//ms/chuko/fukuoka/sc_fukuokashihakata/nc_20495376/
20495566,エクセレンス谷,2590,47,地下鉄七隈線,桜坂,6,2LDK,57.23,福岡県福岡市中央区谷１,https://suumo.jp//ms/chuko/fukuoka/sc_fukuokashichuo/nc_20495566/
20496537,グランドメゾン赤坂弐番館,12800,22,地下鉄空港線,赤坂,11,3LDK,110.0,福岡県福岡市中央区赤坂２,https://suumo.jp//ms/chuko/fukuoka/sc_fukuokashichuo/nc_20496537/
20497049,コスモ博多古門戸 302号,4399,23,地下鉄箱崎線,中洲川端,9,1LDK+S（納戸）,54.49,福岡県福岡市博多区古門戸町10-5,https://suumo.jp//ms/chuko/fukuoka/sc_fukuokashihakata/nc_20497049/
20498783,モントーレラコルタユニバ通り,2580,13,地下鉄空港線,福岡空港,9,3LDK,76.52,福岡県糟屋郡志免町別府西３,https://suumo.jp//ms/chuko/fukuoka/sc_kasuyagunshime/nc_20498783/
20500470,ツインタワー空港通り,3499,32,地下鉄空港線,東比恵,12,3LDK,71.7,福岡県福岡市博多区豊１,https://suumo.jp//ms/chuko/fukuoka/sc_fukuokashihakata/nc_20500470/
20502428,リファレンス天神南,4299,24,地下鉄七隈線,渡辺通,13,3LDK,65.32,福岡県福岡市中央区清川２-4-9,https://suumo.jp//ms/chuko/fukuoka/sc_fukuokashichuo/nc_20502428/
20503677,チサンマンション天神III,1480,46,地下鉄空港線,赤坂,1,1DK,28.2,福岡県福岡市中央区大名２,https://suumo.jp//ms/chuko/fukuoka/sc_fukuokashichuo/nc_20503677/
20503717,天神スカイマンション,5980,45,地下鉄空港線,天神,10,3LDK,100.94,福岡県福岡市中央区長浜１,https://suumo.jp//ms/chuko/fukuoka/sc_fukuokashichuo/nc_20503717/
20503937,エフグラン室見,6480,7,地下鉄空港線,藤崎,6,3LDK,80.11,福岡県福岡市早良区室見２,https://suumo.jp//ms/chuko/fukuoka/sc_fukuokashisawara/nc_20503937/
20504005,ティアラ薬院,6500,35,地下鉄七隈線,薬院大通,4,3LDK,100.84,福岡県福岡市中央区薬院２,https://suumo.jp//ms/chuko/fukuoka/sc_fukuokashichuo/nc_20504005/
20504208,グランドメゾン大濠南,10990,25,地下鉄七隈線,六本松,4,3LDK+S（納戸）,98.79,福岡県福岡市中央区草香江２,https://suumo.jp//ms/chuko/fukuoka/sc_fukuokashichuo/nc_20504208/
20504232,第三住吉ハイツ,2599,46,ＪＲ鹿児島本線,博多,13,2LDK,67.2,福岡県福岡市博多区住吉５,https://suumo.jp//ms/chuko/fukuoka/sc_fukuokashihakata/nc_20504232/
20507192,エンゼルハイム鳥飼中央,4980,25,地下鉄七隈線,六本松,15,3LDK,75.68,福岡県福岡市中央区鳥飼１,https://suumo.jp//ms/chuko/fukuoka/sc_fukuokashichuo/nc_20507192/
20511705,オープンレジデンシア渡辺通南,5780,2,地下鉄七隈線,渡辺通,9,2LDK,52.27,福岡県福岡市中央区清川２,https://suumo.jp//ms/chuko/fukuoka/sc_fukuokashichuo/nc_20511705/
20511947,レジデンス百道,9300,11,地下鉄空港線,藤崎,3,2LDK+S（納戸）,83.33,福岡県福岡市早良区百道２,https://suumo.jp//ms/chuko/fukuoka/sc_fukuokashisawara/nc_20511947/
20513628,グランドメゾン桜坂ヒルズ,9600,15,地下鉄七隈線,桜坂,5,3LDK,90.75,福岡県福岡市中央区警固３,https://suumo.jp//ms/chuko/fukuoka/sc_fukuokashichuo/nc_20513628/
20514069,ライオンズプラザ平尾,4980,30,西鉄天神大牟田線,薬院,10,3LDK,70.02,福岡県福岡市中央区平尾１,https://suumo.jp//ms/chuko/fukuoka/sc_fukuokashichuo/nc_20514069/
20516591,ロイヤルマンション西新,4599,39,地下鉄空港線,西新,12,4LDK,84.48,福岡県福岡市早良区祖原,https://suumo.jp//ms/chuko/fukuoka/sc_fukuokashisawara/nc_20516591/
20518457,ル・サンク高取,7090,12,地下鉄空港線,藤崎,7,3LDK,81.22,福岡県福岡市早良区高取１,https://suumo.jp//ms/chuko/fukuoka/sc_fukuokashisawara/nc_20518457/
20519777,コアマンション城南ネクステージ　中古マンション,4490,22,地下鉄七隈線,別府,15,3LDK,77.02,福岡県福岡市城南区田島１,https://suumo.jp//ms/chuko/fukuoka/sc_fukuokashijonan/nc_20519777/
20520250,ロマネスク大濠アネックス　中古マンション,3099,39,地下鉄空港線,唐人町,14,2LDK,59.65,福岡県福岡市中央区鳥飼２,https://suumo.jp//ms/chuko/fukuoka/sc_fukuokashichuo/nc_20520250/
20520587,舞鶴パークホームズ,4000,46,地下鉄空港線,赤坂,7,4LDK,80.05,福岡県福岡市中央区舞鶴２,https://suumo.jp//ms/chuko/fukuoka/sc_fukuokashichuo/nc_20520587/
20521773,ザ・パークハウス桜坂サンリヤン,14800,8,地下鉄七隈線,桜坂,3,3LDK+S（納戸）,84.98,福岡県福岡市中央区桜坂３,https://suumo.jp//ms/chuko/fukuoka/sc_fukuokashichuo/nc_20521773/
20523002,ファーネスト西新南,5390,26,地下鉄空港線,藤崎,15,4LDK,77.96,福岡県福岡市早良区昭代２,https://suumo.jp//ms/chuko/fukuoka/sc_fukuokashisawara/nc_20523002/
20523797,MJR博多ザ・レジデンス,5280,1,地下鉄空港線,博多,13,1LDK,52.78,福岡県福岡市博多区美野島１,https://suumo.jp//ms/chuko/fukuoka/sc_fukuokashihakata/nc_20523797/
20525339,ホワイティ薬院,2298,51,西鉄天神大牟田線,薬院,3,1LDK,38.81,福岡県福岡市中央区薬院１,https://suumo.jp//ms/chuko/fukuoka/sc_fukuokashichuo/nc_20525339/
20527006,ライオンズマンション昭代　中古マンション,2298,45,地下鉄空港線,西新,15,2LDK,58.8,福岡県福岡市早良区昭代１,https://suumo.jp//ms/chuko/fukuoka/sc_fukuokashisawara/nc_20527006/
20528044,ウェルリバービュー天神,6180,20,地下鉄空港線,中洲川端,7,3LDK,80.29,福岡県福岡市博多区中洲中島町,https://suumo.jp//ms/chuko/fukuoka/sc_fukuokashihakata/nc_20528044/
20529132,ル・サンク大濠公園,9300,6,地下鉄空港線,大濠公園,8,2LDK+S（納戸）,85.86,福岡県福岡市中央区大手門２,https://suumo.jp//ms/chuko/fukuoka/sc_fukuokashichuo/nc_20529132/
20530372,サークコート大濠公園駅,10000,25,地下鉄空港線,大濠公園,3,4LDK,85.18,福岡県福岡市中央区荒戸２,https://suumo.jp//ms/chuko/fukuoka/sc_fukuokashichuo/nc_20530372/
20530374,パークリュクス博多駅前,3580,2,ＪＲ鹿児島本線,博多,11,1LDK,30.04,福岡県福岡市博多区博多駅前４,https://suumo.jp//ms/chuko/fukuoka/sc_fukuokashihakata/nc_20530374/
20530817,アーバンパレスアクス大濠,6380,31,地下鉄空港線,唐人町,8,3LDK,72.48,福岡県福岡市中央区荒戸３,https://suumo.jp//ms/chuko/fukuoka/sc_fukuokashichuo/nc_20530817/
20531723,フラワーコーポ六本松 503,1799,47,地下鉄七隈線,六本松,4,1LDK,39.36,福岡県福岡市中央区草香江２-2-6,https://suumo.jp//ms/chuko/fukuoka/sc_fukuokashichuo/nc_20531723/
20532587,サンシティ鳥飼,3899,32,地下鉄七隈線,別府,10,3LDK,68.48,福岡県福岡市城南区鳥飼４-9-3,https://suumo.jp//ms/chuko/fukuoka/sc_fukuokashijonan/nc_20532587/
20532590,ロマネスク大濠アネックス,3099,39,地下鉄空港線,唐人町,13,2LDK,59.65,福岡県福岡市中央区鳥飼２-6-15,https://suumo.jp//ms/chuko/fukuoka/sc_fukuokashichuo/nc_20532590/
20532601,赤坂エクセル,3450,52,地下鉄七隈線,桜坂,13,2LDK,79.5,福岡県福岡市中央区赤坂３-8-26,https://suumo.jp//ms/chuko/fukuoka/sc_fukuokashichuo/nc_20532601/
20532606,モントーレ東比恵クレア,4199,7,地下鉄空港線,東比恵,2,1LDK,42.77,福岡県福岡市博多区東比恵３-19-10,https://suumo.jp//ms/chuko/fukuoka/sc_fukuokashihakata/nc_20532606/
20532608,秀和警固レジデンス,3280,52,地下鉄空港線,赤坂,9,2LDK,69.43,福岡県福岡市中央区警固２-17-26,https://suumo.jp//ms/chuko/fukuoka/sc_fukuokashichuo/nc_20532608/
20532609,シティマンション薬院,3090,42,地下鉄七隈線,薬院大通,4,2LDK,56.22,福岡県福岡市中央区薬院１-10-16,https://suumo.jp//ms/chuko/fukuoka/sc_fukuokashichuo/nc_20532609/
20532612,ロマネスク渡辺通第2,1749,37,地下鉄七隈線,渡辺通,12,1LDK,33.29,福岡県福岡市中央区高砂２-6-15,https://suumo.jp//ms/chuko/fukuoka/sc_fukuokashichuo/nc_20532612/
20532937,ライオンズマンション六本松第2,2280,38,地下鉄七隈線,六本松,7,2DK,40.74,福岡県福岡市中央区六本松３,https://suumo.jp//ms/chuko/fukuoka/sc_fukuokashichuo/nc_20532937/
20534168,ローズマンション第2博多,880,51,ＪＲ鹿児島本線,博多,14,1LDK,36.23,福岡県福岡市博多区博多駅南３,https://suumo.jp//ms/chuko/fukuoka/sc_fukuokashihakata/nc_20534168/
20536103,ネクサス薬院,12880,11,地下鉄七隈線,薬院大通,4,3LDK,94.52,福岡県福岡市中央区薬院１-12-10,https://suumo.jp//ms/chuko/fukuoka/sc_fukuokashichuo/nc_20536103/
20536120,ライオンズマンション昭代,2298,45,地下鉄空港線,西新,15,2LDK,54.91,福岡県福岡市早良区昭代１,https://suumo.jp//ms/chuko/fukuoka/sc_fukuokashisawara/nc_20536120/
20538366,サングレート薬院駅ロイヤルウィン,4980,23,西鉄天神大牟田線,薬院,5,2LDK,55.72,福岡県福岡市中央区平尾１,https://suumo.jp//ms/chuko/fukuoka/sc_fukuokashichuo/nc_20538366/
20540265,フラワーコーポ六本松,1799,47,地下鉄七隈線,六本松,4,1LDK,39.36,福岡県福岡市中央区草香江２,https://suumo.jp//ms/chuko/fukuoka/sc_fukuokashichuo/nc_20540265/
20541546,ロマネスク渡辺通第2,1749,37,地下鉄七隈線,渡辺通,12,1LDK,33.29,福岡県福岡市中央区高砂２,https://suumo.jp//ms/chuko/fukuoka/sc_fukuokashichuo/nc_20541546/
20542835,エンクレストベイサイド通り,4599,10,地下鉄空港線,中洲川端,14,1LDK+S（納戸）,54.65,福岡県福岡市博多区築港本町,https://suumo.jp//ms/chuko/fukuoka/sc_fukuokashihakata/nc_20542835/
20543911,ラフィネスシャトードゥ赤坂,3699,24,地下鉄空港線,赤坂,7,1LDK,32.81,福岡県福岡市中央区大手門１,https://suumo.jp//ms/chuko/fukuoka/sc_fukuokashichuo/nc_20543911/
20544256,アンピール・マキシム大濠,9180,26,地下鉄空港線,大濠公園,6,3LDK,85.37,福岡県福岡市中央区荒戸２,https://suumo.jp//ms/chuko/fukuoka/sc_fukuokashichuo/nc_20544256/
20544264,Ｄ’クラディア高取,6980,22,地下鉄空港線,西新,7,3LDK,72.14,福岡県福岡市早良区高取１,https://suumo.jp//ms/chuko/fukuoka/sc_fukuokashisawara/nc_20544264/
20544576,ロイヤルマンション西新,4599,39,地下鉄空港線,西新,8,4LDK,84.48,福岡県福岡市早良区祖原,https://suumo.jp//ms/chuko/fukuoka/sc_fukuokashisawara/nc_20544576/
20546042,ザ・パークハウス桜坂サンリヤン,14800,8,地下鉄七隈線,桜坂,3,3LDK+S（納戸）,84.98,福岡県福岡市中央区桜坂３,https://suumo.jp//ms/chuko/fukuoka/sc_fukuokashichuo/nc_20546042/
20547474,アルファライフ博多,4799,15,ＪＲ鹿児島本線,博多,14,1LDK,53.04,福岡県福岡市博多区住吉５,https://suumo.jp//ms/chuko/fukuoka/sc_fukuokashihakata/nc_20547474/
20547639,ロイヤルマンション西新,4599,39,地下鉄空港線,西新,8,4LDK,84.48,福岡県福岡市早良区祖原23-20,https://suumo.jp//ms/chuko/fukuoka/sc_fukuokashisawara/nc_20547639/
20547675,藤崎センタービル,2550,47,地下鉄空港線,藤崎,1,1LDK,42.55,福岡県福岡市早良区高取２-18-6,https://suumo.jp//ms/chuko/fukuoka/sc_fukuokashisawara/nc_20547675/
20549076,グランドメゾン別府レジデンス,8700,2,地下鉄七隈線,別府,2,2LDK,70.44,福岡県福岡市城南区別府３,https://suumo.jp//ms/chuko/fukuoka/sc_fukuokashijonan/nc_20549076/
20549407,サンポートハイツ,2590,52,地下鉄空港線,大濠公園,8,2LDK,61.56,福岡県福岡市中央区港２,https://suumo.jp//ms/chuko/fukuoka/sc_fukuokashichuo/nc_20549407/
20550610,アルファライフ博多,4699,15,ＪＲ篠栗線,博多,14,1LDK,53.04,福岡県福岡市博多区住吉５-5-22,https://suumo.jp//ms/chuko/fukuoka/sc_fukuokashihakata/nc_20550610/
20551813,クレアホームズ赤坂けやきの杜,6680,23,地下鉄七隈線,桜坂,6,2LDK,79.12,福岡県福岡市中央区六本松３,https://suumo.jp//ms/chuko/fukuoka/sc_fukuokashichuo/nc_20551813/
20552088,エクセレンス谷,2590,47,地下鉄七隈線,六本松,7,2LDK,57.23,福岡県福岡市中央区谷１,https://suumo.jp//ms/chuko/fukuoka/sc_fukuokashichuo/nc_20552088/
20554328,アルファライフ博多,4699,15,地下鉄七隈線,博多,13,1LDK,53.04,福岡県福岡市博多区住吉５,https://suumo.jp//ms/chuko/fukuoka/sc_fukuokashihakata/nc_20554328/
20554447,コアマンション別府,3990,31,地下鉄七隈線,別府,3,3LDK,72.6,福岡県福岡市城南区別府３,https://suumo.jp//ms/chuko/fukuoka/sc_fukuokashijonan/nc_20554447/
20554532,アルファライフ博多,4699,15,ＪＲ鹿児島本線,博多,12,1LDK,53.04,福岡県福岡市博多区住吉５-5-22,https://suumo.jp//ms/chuko/fukuoka/sc_fukuokashihakata/nc_20554532/
20554803,ライオンズプラザ平尾,4980,30,地下鉄七隈線,薬院,10,3LDK,70.02,福岡県福岡市中央区平尾１,https://suumo.jp//ms/chuko/fukuoka/sc_fukuokashichuo/nc_20554803/
20555429,ハイラーク博多駅前,980,45,地下鉄空港線,祇園,4,ワンルーム,21.35,福岡県福岡市博多区博多駅前２,https://suumo.jp//ms/chuko/fukuoka/sc_fukuokashihakata/nc_20555429/
20555466,デュオヴェール博多駅,4480,3,ＪＲ鹿児島本線,博多,8,1LDK,43.82,福岡県福岡市博多区博多駅東１,https://suumo.jp//ms/chuko/fukuoka/sc_fukuokashihakata/nc_20555466/
20556199,アルファライフ博多,4699,15,ＪＲ鹿児島本線,博多,14,1LDK,53.04,福岡県福岡市博多区住吉５,https://suumo.jp//ms/chuko/fukuoka/sc_fukuokashihakata/nc_20556199/
20556250,藤和城西コープ,2390,52,地下鉄七隈線,別府,10,3LDK,71.5,福岡県福岡市城南区別府４,https://suumo.jp//ms/chuko/fukuoka/sc_fukuokashijonan/nc_20556250/
20556337,ロワールマンション大名,2700,46,地下鉄空港線,赤坂,6,3LDK,68.04,福岡県福岡市中央区大名１,https://suumo.jp//ms/chuko/fukuoka/sc_fukuokashichuo/nc_20556337/
20558081,アソシアタワー大濠ベネフィス,8690,21,地下鉄空港線,唐人町,7,4LDK,92.04,福岡県福岡市中央区荒戸３,https://suumo.jp//ms/chuko/fukuoka/sc_fukuokashichuo/nc_20558081/
20559073,アンピール別府II,4990,33,地下鉄七隈線,別府,2,3LDK,71.25,福岡県福岡市城南区別府３,https://suumo.jp//ms/chuko/fukuoka/sc_fukuokashijonan/nc_20559073/
20559248,古河平丘台マンション,2500,55,地下鉄七隈線,薬院大通,13,2DK,59.35,福岡県福岡市中央区平尾３,https://suumo.jp//ms/chuko/fukuoka/sc_fukuokashichuo/nc_20559248/
20560356,藤和城西コーポ,2390,52,地下鉄七隈線,別府,7,3LDK,71.5,福岡県福岡市城南区別府４,https://suumo.jp//ms/chuko/fukuoka/sc_fukuokashijonan/nc_20560356/
20564572,アルファライフ博多,4799,15,ＪＲ鹿児島本線,博多,14,1LDK,53.04,福岡県福岡市博多区住吉５,https://suumo.jp//ms/chuko/fukuoka/sc_fukuokashihakata/nc_20564572/
20567946,カーサ大濠,2199,52,地下鉄七隈線,六本松,7,1LDK,51.66,福岡県福岡市中央区六本松３,https://suumo.jp//ms/chuko/fukuoka/sc_fukuokashichuo/nc_20567946/
20568373,アクロス天神センタープラザ,6999,21,地下鉄七隈線,渡辺通,5,2LDK,71.11,福岡県福岡市中央区渡辺通３,https://suumo.jp//ms/chuko/fukuoka/sc_fukuokashichuo/nc_20568373/
20568679,オープンレジデンシア渡辺通,3240,5,地下鉄七隈線,渡辺通,6,1LDK,34.25,福岡県福岡市中央区清川１,https://suumo.jp//ms/chuko/fukuoka/sc_fukuokashichuo/nc_20568679/
20572204,ライオンズ大濠公園グランゲイト,6780,11,地下鉄空港線,大濠公園,7,3LDK,67.03,福岡県福岡市中央区大手門２,https://suumo.jp//ms/chuko/fukuoka/sc_fukuokashichuo/nc_20572204/
20572205,ライオンズマンション城南,2180,39,地下鉄七隈線,別府,13,2LDK,55.0,福岡県福岡市城南区荒江１,https://suumo.jp//ms/chuko/fukuoka/sc_fukuokashijonan/nc_20572205/
20572265,ロマネスク大濠アネックス,3099,39,地下鉄空港線,唐人町,12,2LDK,59.65,福岡県福岡市中央区鳥飼２-6-15,https://suumo.jp//ms/chuko/fukuoka/sc_fukuokashichuo/nc_20572265/
20574350,プレミスト天神赤坂タワー,14800,7,地下鉄空港線,赤坂,2,2LDK,69.22,福岡県福岡市中央区大名２,https://suumo.jp//ms/chuko/fukuoka/sc_fukuokashichuo/nc_20574350/
20575796,エバーライフすの子小前,2380,43,地下鉄空港線,大濠公園,8,1LDK+S（納戸）,52.48,福岡県福岡市中央区港２,https://suumo.jp//ms/chuko/fukuoka/sc_fukuokashichuo/nc_20575796/
20576082,藤和城西コーポ,1998,52,地下鉄七隈線,別府,10,2LDK,52.82,福岡県福岡市城南区別府４-13-29,https://suumo.jp//ms/chuko/fukuoka/sc_fukuokashijonan/nc_20576082/
20576519,オープンレジデンシア大濠公園,4250,3,地下鉄空港線,大濠公園,5,1LDK,34.78,福岡県福岡市中央区大手門２,https://suumo.jp//ms/chuko/fukuoka/sc_fukuokashichuo/nc_20576519/
20577275,コスモ六本松シティフォルム,7399,26,地下鉄七隈線,六本松,4,3LDK,70.58,福岡県福岡市中央区草香江２,https://suumo.jp//ms/chuko/fukuoka/sc_fukuokashichuo/nc_20577275/
20577302,百道タワー,9300,22,地下鉄空港線,西新,10,1LDK+S（納戸）,90.28,福岡県福岡市早良区百道浜１,https://suumo.jp//ms/chuko/fukuoka/sc_fukuokashisawara/nc_20577302/
20577594,アンピール別府Ⅱ,4990,33,地下鉄七隈線,別府,2,3LDK,71.25,福岡県福岡市城南区別府３,https://suumo.jp//ms/chuko/fukuoka/sc_fukuokashijonan/nc_20577594/
20577786,パークコート赤坂ヒルトップレジデンス,6980,16,地下鉄七隈線,桜坂,9,2LDK,68.48,福岡県福岡市中央区赤坂３,https://suumo.jp//ms/chuko/fukuoka/sc_fukuokashichuo/nc_20577786/
20577787,室見二丁目パーク・マンション,7650,31,地下鉄空港線,藤崎,7,4LDK,137.36,福岡県福岡市早良区室見２,https://suumo.jp//ms/chuko/fukuoka/sc_fukuokashisawara/nc_20577787/
20577788,クリオラベルヴィ博多,5480,7,地下鉄空港線,東比恵,4,2LDK,54.01,福岡県福岡市博多区比恵町,https://suumo.jp//ms/chuko/fukuoka/sc_fukuokashihakata/nc_20577788/
20577794,リーベスト鳥飼,4370,30,地下鉄七隈線,別府,5,4LDK,80.2,福岡県福岡市城南区鳥飼５,https://suumo.jp//ms/chuko/fukuoka/sc_fukuokashijonan/nc_20577794/
20577795,アルテマインド室見,6450,14,地下鉄空港線,藤崎,7,3LDK,83.52,福岡県福岡市早良区室見２,https://suumo.jp//ms/chuko/fukuoka/sc_fukuokashisawara/nc_20577795/
20577800,ネオハイツ薬院,4280,40,西鉄天神大牟田線,薬院,5,2LDK,65.7,福岡県福岡市中央区薬院３,https://suumo.jp//ms/chuko/fukuoka/sc_fukuokashichuo/nc_20577800/
20577801,平尾フェニックスマンション,4850,35,西鉄天神大牟田線,薬院,6,3LDK,61.29,福岡県福岡市中央区平尾１,https://suumo.jp//ms/chuko/fukuoka/sc_fukuokashichuo/nc_20577801/
20577802,エンクレスト天神ＬＡＲＫ,5830,7,地下鉄空港線,中洲川端,8,1LDK,58.38,福岡県福岡市博多区対馬小路,https://suumo.jp//ms/chuko/fukuoka/sc_fukuokashihakata/nc_20577802/
20577804,ＣＬＵＢ　ＴＨＥ．大濠二丁目,22800,7,地下鉄空港線,唐人町,7,4LDK,133.27,福岡県福岡市中央区大濠２,https://suumo.jp//ms/chuko/fukuoka/sc_fukuokashichuo/nc_20577804/
20577808,コモダスパッソ天神,4980,26,地下鉄七隈線,天神南,3,1LDK+S（納戸）,62.44,福岡県福岡市中央区渡辺通５,https://suumo.jp//ms/chuko/fukuoka/sc_fukuokashichuo/nc_20577808/
20577810,グランドメゾン福岡Ｔｈｅ　Ｃｅｎｔｒａｌ　Ｌｕｘｅ,10300,1,西鉄天神大牟田線,薬院,2,1LDK,69.63,福岡県福岡市中央区渡辺通２,https://suumo.jp//ms/chuko/fukuoka/sc_fukuokashichuo/nc_20577810/
20577813,藤和コープソシエ大名,3680,47,地下鉄七隈線,天神南,8,2LDK,67.0,福岡県福岡市中央区大名１,https://suumo.jp//ms/chuko/fukuoka/sc_fukuokashichuo/nc_20577813/
20577817,藤和城西コーポ,2390,52,地下鉄七隈線,別府,7,3LDK,71.5,福岡県福岡市城南区別府４,https://suumo.jp//ms/chuko/fukuoka/sc_fukuokashijonan/nc_20577817/
20577821,グランドメゾン福岡Ｔｈｅ　Ｃｅｎｔｒａｌ　Ｌｕｘｅ,8900,1,西鉄天神大牟田線,薬院,2,1LDK,62.25,福岡県福岡市中央区渡辺通２,https://suumo.jp//ms/chuko/fukuoka/sc_fukuokashichuo/nc_20577821/
20577823,パークホームズ西新トラッドマークス,25000,8,地下鉄空港線,西新,3,3LDK+S（納戸）,163.09,福岡県福岡市早良区西新２,https://suumo.jp//ms/chuko/fukuoka/sc_fukuokashisawara/nc_20577823/
20577831,Ｂｒｉｌｌｉａ　Ｔｏｗｅｒ西新・ＰＲＡＬＩＶＡ,23300,5,地下鉄空港線,西新,1,3LDK,99.1,福岡県福岡市早良区西新４,https://suumo.jp//ms/chuko/fukuoka/sc_fukuokashisawara/nc_20577831/
20577832,ブライトンヒルズ藤崎,6290,23,地下鉄空港線,藤崎,6,3LDK,79.23,福岡県福岡市早良区藤崎１,https://suumo.jp//ms/chuko/fukuoka/sc_fukuokashisawara/nc_20577832/
20578912,レジデンス西新パークサイド,6200,12,地下鉄空港線,西新,10,3LDK,70.1,福岡県福岡市早良区祖原,https://suumo.jp//ms/chuko/fukuoka/sc_fukuokashisawara/nc_20578912/
20579461,グランフォーレ西公園ルネッサンス,7599,19,地下鉄空港線,大濠公園,5,3LDK,75.65,福岡県福岡市中央区荒戸１,https://suumo.jp//ms/chuko/fukuoka/sc_fukuokashichuo/nc_20579461/
20579963,博多駅前ビル,3180,52,ＪＲ鹿児島本線,博多,5,2LDK,79.26,福岡県福岡市博多区博多駅前１,https://suumo.jp//ms/chuko/fukuoka/sc_fukuokashihakata/nc_20579963/
20579973,ライオンズマンション薬院第3,3090,46,西鉄天神大牟田線,薬院,5,2LDK,56.1,福岡県福岡市中央区薬院３,https://suumo.jp//ms/chuko/fukuoka/sc_fukuokashichuo/nc_20579973/
20582536,ジョイナス天神タワー,3999,29,地下鉄空港線,中洲川端,12,2LDK,56.14,福岡県福岡市博多区対馬小路12-20,https://suumo.jp//ms/chuko/fukuoka/sc_fukuokashihakata/nc_20582536/
20582537,コスモ博多古門戸,4399,23,地下鉄箱崎線,中洲川端,9,1LDK,54.49,福岡県福岡市博多区古門戸町10-5,https://suumo.jp//ms/chuko/fukuoka/sc_fukuokashihakata/nc_20582537/
20582540,ファーネスト百道2丁目,6500,26,地下鉄空港線,藤崎,3,4LDK,87.85,福岡県福岡市早良区百道２-15-17,https://suumo.jp//ms/chuko/fukuoka/sc_fukuokashisawara/nc_20582540/
20582541,エクセレンス谷,2590,47,地下鉄七隈線,桜坂,6,2LDK,57.23,福岡県福岡市中央区谷１-16-58,https://suumo.jp//ms/chuko/fukuoka/sc_fukuokashichuo/nc_20582541/
20582551,ダイアパレス薬院,2380,42,地下鉄七隈線,薬院大通,4,1LDK,36.37,福岡県福岡市中央区薬院２-2-26,https://suumo.jp//ms/chuko/fukuoka/sc_fukuokashichuo/nc_20582551/
20582553,クリオラベルヴィ呉服町,3299,8,地下鉄空港線,中洲川端,13,1LDK,34.4,福岡県福岡市博多区下呉服町3-19,https://suumo.jp//ms/chuko/fukuoka/sc_fukuokashihakata/nc_20582553/
20582554,アルファライフ博多プレシャス,4699,15,ＪＲ鹿児島本線,博多,14,1LDK,53.04,福岡県福岡市博多区住吉５-5-22,https://suumo.jp//ms/chuko/fukuoka/sc_fukuokashihakata/nc_20582554/
20582566,ロイヤルマンション西新,4599,39,地下鉄空港線,西新,12,4LDK,84.48,福岡県福岡市早良区祖原23‐20,https://suumo.jp//ms/chuko/fukuoka/sc_fukuokashisawara/nc_20582566/
20583258,第3住吉ハイツ702号室,2599,46,ＪＲ鹿児島本線,博多,13,2LDK,67.2,福岡県福岡市博多区住吉５,https://suumo.jp//ms/chuko/fukuoka/sc_fukuokashihakata/nc_20583258/
20585209,ライオンズマンション薬院第3,3090,46,地下鉄七隈線,薬院大通,5,2LDK,56.1,福岡県福岡市中央区薬院３,https://suumo.jp//ms/chuko/fukuoka/sc_fukuokashichuo/nc_20585209/
20586947,ライオンズマンション薬院第3,3090,46,地下鉄七隈線,薬院大通,7,2LDK,56.1,福岡県福岡市中央区薬院３,https://suumo.jp//ms/chuko/fukuoka/sc_fukuokashichuo/nc_20586947/
20586973,マンションアベニュー,2180,52,地下鉄空港線,西新,3,2LDK,53.91,福岡県福岡市早良区西新５,https://suumo.jp//ms/chuko/fukuoka/sc_fukuokashisawara/nc_20586973/
20586988,オープンレジデンシア薬院南,3690,4,西鉄天神大牟田線,薬院,8,1LDK,39.99,福岡県福岡市中央区平尾３,https://suumo.jp//ms/chuko/fukuoka/sc_fukuokashichuo/nc_20586988/
20587896,レーベン福岡天神ＯＮＥ　ＴＯＷＥＲ,15358,2,地下鉄空港線,天神,8,2LDK+S（納戸）,83.43,福岡県福岡市中央区天神５,https://suumo.jp//ms/chuko/fukuoka/sc_fukuokashichuo/nc_20587896/
20587897,グランフォーレ西新レジデンス,9250,9,地下鉄空港線,西新,4,3LDK,90.01,福岡県福岡市早良区西新２,https://suumo.jp//ms/chuko/fukuoka/sc_fukuokashisawara/nc_20587897/
20588156,ジョイナス地行浜東　リフォーム渡し,6490,20,地下鉄空港線,唐人町,12,4LDK,85.47,福岡県福岡市中央区伊崎17-11,https://suumo.jp//ms/chuko/fukuoka/sc_fukuokashichuo/nc_20588156/
20588209,藤和城西コープ,2390,52,地下鉄七隈線,別府,7,3LDK,71.5,福岡県福岡市城南区別府４,https://suumo.jp//ms/chuko/fukuoka/sc_fukuokashijonan/nc_20588209/
20588497,百道浜パークハウス,15800,28,地下鉄空港線,西新,13,4LDK,131.0,福岡県福岡市早良区百道浜１,https://suumo.jp//ms/chuko/fukuoka/sc_fukuokashisawara/nc_20588497/
20588687,サンシティ鳥飼,3899,32,地下鉄七隈線,別府,10,3LDK,68.48,福岡県福岡市城南区鳥飼４,https://suumo.jp//ms/chuko/fukuoka/sc_fukuokashijonan/nc_20588687/
20588692,ロイヤルマンション西新,4599,39,地下鉄空港線,西新,8,4LDK,84.48,福岡県福岡市早良区祖原,https://suumo.jp//ms/chuko/fukuoka/sc_fukuokashisawara/nc_20588692/
20588725,ロマネスク大濠アネックス,3099,39,地下鉄空港線,唐人町,12,2LDK,59.65,福岡県福岡市中央区鳥飼２,https://suumo.jp//ms/chuko/fukuoka/sc_fukuokashichuo/nc_20588725/
20589194,リファレンス天神南,4299,24,地下鉄七隈線,渡辺通,12,3LDK,65.32,福岡県福岡市中央区清川２,https://suumo.jp//ms/chuko/fukuoka/sc_fukuokashichuo/nc_20589194/
20589240,ライオンズマンション薬院第3,3090,46,地下鉄七隈線,薬院,6,2LDK,56.1,福岡県福岡市中央区薬院３,https://suumo.jp//ms/chuko/fukuoka/sc_fukuokashichuo/nc_20589240/
20590539,コスモ博多古門戸,4399,23,地下鉄空港線,中洲川端,9,1LDK+S（納戸）,54.49,福岡県福岡市博多区古門戸町,https://suumo.jp//ms/chuko/fukuoka/sc_fukuokashihakata/nc_20590539/
20590548,アルファライフ博多プレシャス,4699,15,地下鉄七隈線,博多,15,1LDK,53.04,福岡県福岡市博多区住吉５,https://suumo.jp//ms/chuko/fukuoka/sc_fukuokashihakata/nc_20590548/
20590555,モントーレ東比恵クレア,4199,7,地下鉄空港線,東比恵,3,1LDK,42.77,福岡県福岡市博多区東比恵３,https://suumo.jp//ms/chuko/fukuoka/sc_fukuokashihakata/nc_20590555/
20590556,エンクレストベイサイド通り,4599,10,地下鉄空港線,中洲川端,14,1LDK+S（納戸）,54.65,福岡県福岡市博多区築港本町,https://suumo.jp//ms/chuko/fukuoka/sc_fukuokashihakata/nc_20590556/
20590562,第三住吉ハイツ,2599,46,ＪＲ鹿児島本線,博多,14,2LDK,67.2,福岡県福岡市博多区住吉５,https://suumo.jp//ms/chuko/fukuoka/sc_fukuokashihakata/nc_20590562/
20590770,藤和薬院コープ,3998,47,地下鉄七隈線,薬院大通,2,3LDK,71.18,福岡県福岡市中央区薬院２,https://suumo.jp//ms/chuko/fukuoka/sc_fukuokashichuo/nc_20590770/
20591570,エステートマンション大濠フローレス,6380,37,地下鉄七隈線,六本松,13,2LDK,97.42,福岡県福岡市中央区鳥飼１,https://suumo.jp//ms/chuko/fukuoka/sc_fukuokashichuo/nc_20591570/
20591721,ライオンズマンション舞鶴第2,3290,44,地下鉄空港線,赤坂,6,2DK+S（納戸）,52.72,福岡県福岡市中央区舞鶴３,https://suumo.jp//ms/chuko/fukuoka/sc_fukuokashichuo/nc_20591721/
20592059,ヴェルドミール今泉,2750,46,地下鉄七隈線,薬院大通,7,1LDK,74.17,福岡県福岡市中央区今泉２,https://suumo.jp//ms/chuko/fukuoka/sc_fukuokashichuo/nc_20592059/
20592795,古河平丘台マンション,2500,55,地下鉄七隈線,薬院大通,13,2DK,59.35,福岡県福岡市中央区平尾３,https://suumo.jp//ms/chuko/fukuoka/sc_fukuokashichuo/nc_20592795/
20593483,オープンレジデンシア博多空港通り,4780,2,ＪＲ鹿児島本線,博多,9,2LDK,48.97,福岡県福岡市博多区東光２,https://suumo.jp//ms/chuko/fukuoka/sc_fukuokashihakata/nc_20593483/
20593675,ソピア大濠西,5290,27,地下鉄空港線,西新,9,3LDK,69.57,福岡県福岡市中央区鳥飼３-16-9,https://suumo.jp//ms/chuko/fukuoka/sc_fukuokashichuo/nc_20593675/
20593776,サーパス城南,4380,19,地下鉄七隈線,別府,12,3LDK,78.98,福岡県福岡市城南区田島１,https://suumo.jp//ms/chuko/fukuoka/sc_fukuokashijonan/nc_20593776/
20593782,赤坂エクセル,2380,52,地下鉄空港線,赤坂,12,1LDK,52.57,福岡県福岡市中央区赤坂３,https://suumo.jp//ms/chuko/fukuoka/sc_fukuokashichuo/nc_20593782/
20593784,第参参プリンスマンション城南,2899,40,地下鉄七隈線,別府,2,2LDK,65.65,福岡県福岡市城南区別府１,https://suumo.jp//ms/chuko/fukuoka/sc_fukuokashijonan/nc_20593784/
20593788,カーサ大濠,2199,52,地下鉄七隈線,六本松,7,1LDK,51.66,福岡県福岡市中央区六本松３,https://suumo.jp//ms/chuko/fukuoka/sc_fukuokashichuo/nc_20593788/
20593789,エクセレンス天神,2490,46,地下鉄空港線,天神,9,2LDK,67.8,福岡県福岡市中央区那の津１,https://suumo.jp//ms/chuko/fukuoka/sc_fukuokashichuo/nc_20593789/
20594188,ヒルズ平尾,5200,28,地下鉄七隈線,薬院,15,2LDK,80.79,福岡県福岡市中央区平尾４,https://suumo.jp//ms/chuko/fukuoka/sc_fukuokashichuo/nc_20594188/
20594449,アソシアビュー博多アドレス,6980,11,地下鉄空港線,博多,14,4LDK,84.28,福岡県福岡市博多区豊１,https://suumo.jp//ms/chuko/fukuoka/sc_fukuokashihakata/nc_20594449/
20594520,アンピール別府Ⅱ,4990,33,地下鉄七隈線,別府,2,3LDK,71.25,福岡県福岡市城南区別府３,https://suumo.jp//ms/chuko/fukuoka/sc_fukuokashijonan/nc_20594520/
20594589,エンクレストベイサイド通り,4599,10,地下鉄空港線,中洲川端,13,1LDK+S（納戸）,54.65,福岡県福岡市博多区築港本町,https://suumo.jp//ms/chuko/fukuoka/sc_fukuokashihakata/nc_20594589/
20594963,アンピール・マキシム大濠,13500,26,地下鉄空港線,大濠公園,8,3LDK,123.43,福岡県福岡市中央区荒戸２,https://suumo.jp//ms/chuko/fukuoka/sc_fukuokashichuo/nc_20594963/
20595837,室見リバーコーポ,1100,52,地下鉄空港線,藤崎,8,2LDK,55.6,福岡県福岡市早良区室見２,https://suumo.jp//ms/chuko/fukuoka/sc_fukuokashisawara/nc_20595837/
20595838,ザ・パークハウス福岡タワーズ,8780,6,地下鉄空港線,唐人町,12,2LDK,82.52,福岡県福岡市中央区地行浜２,https://suumo.jp//ms/chuko/fukuoka/sc_fukuokashichuo/nc_20595838/
20595839,コスモ六本松シティフォルム,7399,26,地下鉄七隈線,六本松,4,3LDK,70.58,福岡県福岡市中央区草香江２,https://suumo.jp//ms/chuko/fukuoka/sc_fukuokashichuo/nc_20595839/
20596247,ライオンズマンション薬院第3,3090,46,地下鉄七隈線,薬院,5,2LDK,56.1,福岡県福岡市中央区薬院３-11-16,https://suumo.jp//ms/chuko/fukuoka/sc_fukuokashichuo/nc_20596247/
20596744,アンピール天神南,3299,40,西鉄天神大牟田線,薬院,6,2LDK,52.8,福岡県福岡市中央区今泉１-4-2,https://suumo.jp//ms/chuko/fukuoka/sc_fukuokashichuo/nc_20596744/
20596745,クレアセンターマーク,7299,26,地下鉄七隈線,薬院大通,11,3LDK,80.25,福岡県福岡市中央区今泉２-4-48,https://suumo.jp//ms/chuko/fukuoka/sc_fukuokashichuo/nc_20596745/
20596774,ロイヤルマンション西新,4599,39,地下鉄空港線,西新,9,4LDK,84.48,福岡県福岡市早良区祖原,https://suumo.jp//ms/chuko/fukuoka/sc_fukuokashisawara/nc_20596774/
20596775,西新ビル　中古マンション,1850,54,地下鉄空港線,藤崎,6,2LDK,60.8,福岡県福岡市早良区高取１,https://suumo.jp//ms/chuko/fukuoka/sc_fukuokashisawara/nc_20596775/
20597892,コスモ六本松シティフォルム,7399,26,地下鉄七隈線,六本松,5,3LDK,70.58,福岡県福岡市中央区草香江２,https://suumo.jp//ms/chuko/fukuoka/sc_fukuokashichuo/nc_20597892/
20598329,エクセレンス谷,2590,47,地下鉄七隈線,六本松,7,2LDK,57.23,福岡県福岡市中央区谷１-16-58,https://suumo.jp//ms/chuko/fukuoka/sc_fukuokashichuo/nc_20598329/
20599370,第三住吉ハイツ,2599,46,ＪＲ鹿児島本線,博多,13,2LDK,67.2,福岡県福岡市博多区住吉５,https://suumo.jp//ms/chuko/fukuoka/sc_fukuokashihakata/nc_20599370/
20601170,サンメゾン今川,9780,7,地下鉄空港線,唐人町,6,3LDK,86.13,福岡県福岡市中央区今川１,https://suumo.jp//ms/chuko/fukuoka/sc_fukuokashichuo/nc_20601170/
20601172,ハイツ城西,1680,52,地下鉄空港線,西新,5,1LDK,48.51,福岡県福岡市早良区城西１,https://suumo.jp//ms/chuko/fukuoka/sc_fukuokashisawara/nc_20601172/
20601189,ＭＪＲ六本松,11800,9,地下鉄七隈線,六本松,2,4LDK+S（納戸）,97.18,福岡県福岡市中央区六本松４,https://suumo.jp//ms/chuko/fukuoka/sc_fukuokashichuo/nc_20601189/
20601934,パークホームズ西新トラッドマークス,7490,8,地下鉄空港線,西新,3,2LDK,67.72,福岡県福岡市早良区西新２,https://suumo.jp//ms/chuko/fukuoka/sc_fukuokashisawara/nc_20601934/
20602025,パークヒルズ櫻坂ステージI,6480,33,地下鉄七隈線,桜坂,5,3LDK,131.34,福岡県福岡市中央区桜坂３,https://suumo.jp//ms/chuko/fukuoka/sc_fukuokashichuo/nc_20602025/
20602081,サングレート別府の杜アルカンフォール,4180,16,地下鉄七隈線,六本松,9,2LDK,62.83,福岡県福岡市城南区別府団地10-1,https://suumo.jp//ms/chuko/fukuoka/sc_fukuokashijonan/nc_20602081/
20602513,ロマネスク大濠アネックス,3099,39,地下鉄空港線,唐人町,12,2LDK,59.65,福岡県福岡市中央区鳥飼２-6-15,https://suumo.jp//ms/chuko/fukuoka/sc_fukuokashichuo/nc_20602513/
20604902,エンゼルハイム鳥飼中央,4980,25,地下鉄七隈線,別府,13,3LDK,75.68,福岡県福岡市中央区鳥飼１-4-43,https://suumo.jp//ms/chuko/fukuoka/sc_fukuokashichuo/nc_20604902/
20605017,アンピール六本松,5980,32,地下鉄七隈線,六本松,6,3LDK,71.23,福岡県福岡市中央区六本松４,https://suumo.jp//ms/chuko/fukuoka/sc_fukuokashichuo/nc_20605017/
20605290,シテイマンション平尾Ⅱ,2648,41,地下鉄七隈線,薬院,11,3LDK,58.24,福岡県福岡市中央区平尾２-2-21,https://suumo.jp//ms/chuko/fukuoka/sc_fukuokashichuo/nc_20605290/
20605983,ハイツ大手門,3180,44,地下鉄空港線,大濠公園,5,3LDK,67.63,福岡県福岡市中央区大手門２,https://suumo.jp//ms/chuko/fukuoka/sc_fukuokashichuo/nc_20605983/
20606079,コアマンション大手門タワー,8680,23,地下鉄空港線,赤坂,7,3LDK,95.82,福岡県福岡市中央区大手門１,https://suumo.jp//ms/chuko/fukuoka/sc_fukuokashichuo/nc_20606079/
20606579,コアマンション百道プレジオ,8800,20,地下鉄空港線,藤崎,9,3LDK,92.96,福岡県福岡市早良区百道１,https://suumo.jp//ms/chuko/fukuoka/sc_fukuokashisawara/nc_20606579/
20606611,赤坂エクセル,3450,52,地下鉄七隈線,桜坂,13,2LDK,79.5,福岡県福岡市中央区赤坂３,https://suumo.jp//ms/chuko/fukuoka/sc_fukuokashichuo/nc_20606611/
20607910,ライオンズマンション薬院第3,3090,46,地下鉄七隈線,薬院大通,5,2LDK,56.1,福岡県福岡市中央区薬院３,https://suumo.jp//ms/chuko/fukuoka/sc_fukuokashichuo/nc_20607910/
20609010,トーカンマンション大濠公園駅前,3180,45,地下鉄空港線,大濠公園,3,2LDK,63.68,福岡県福岡市中央区大手門３,https://suumo.jp//ms/chuko/fukuoka/sc_fukuokashichuo/nc_20609010/
20609312,アンピール別府Ⅱ◆駅徒歩2分の好立地×角部屋×リフォ…,4990,33,地下鉄七隈線,別府,3,3LDK,71.25,福岡県福岡市城南区別府３,https://suumo.jp//ms/chuko/fukuoka/sc_fukuokashijonan/nc_20609312/
20609632,ダイアパレスセントラルコート薬院,5280,29,地下鉄七隈線,薬院,5,3LDK,63.6,福岡県福岡市中央区薬院３-１０－４５,https://suumo.jp//ms/chuko/fukuoka/sc_fukuokashichuo/nc_20609632/
20609707,グランドメゾン薬院　ザ・タワーレジデンス,10500,4,地下鉄七隈線,薬院大通,5,2LDK+S（納戸）,70.06,福岡県福岡市中央区薬院３,https://suumo.jp//ms/chuko/fukuoka/sc_fukuokashichuo/nc_20609707/
20610221,アルファライフ博多,4699,15,ＪＲ鹿児島本線,博多,13,1LDK,53.04,福岡県福岡市博多区住吉５,https://suumo.jp//ms/chuko/fukuoka/sc_fukuokashihakata/nc_20610221/
20610325,アンピール舞鶴,6790,22,地下鉄空港線,赤坂,9,2LDK,69.44,福岡県福岡市中央区舞鶴１,https://suumo.jp//ms/chuko/fukuoka/sc_fukuokashichuo/nc_20610325/
20610326,ウェルリバービュー天神,6000,20,地下鉄空港線,中洲川端,7,3LDK,75.11,福岡県福岡市博多区中洲中島町,https://suumo.jp//ms/chuko/fukuoka/sc_fukuokashihakata/nc_20610326/
20610563,西新防塁パーク・マンション,4598,32,地下鉄空港線,藤崎,7,3LDK,65.49,福岡県福岡市早良区西新７-2-46,https://suumo.jp//ms/chuko/fukuoka/sc_fukuokashisawara/nc_20610563/
20610566,モントーレ鳥飼ガーデン,5498,24,地下鉄七隈線,別府,5,3LDK,76.7,福岡県福岡市城南区鳥飼６-10-12,https://suumo.jp//ms/chuko/fukuoka/sc_fukuokashijonan/nc_20610566/
20610961,アンピール別府Ⅱ,4990,33,地下鉄七隈線,別府,2,3LDK,71.25,福岡県福岡市城南区別府３,https://suumo.jp//ms/chuko/fukuoka/sc_fukuokashijonan/nc_20610961/
20611107,アルファライフ博多,4699,15,ＪＲ鹿児島本線,博多,14,1LDK,53.04,福岡県福岡市博多区住吉５,https://suumo.jp//ms/chuko/fukuoka/sc_fukuokashihakata/nc_20611107/
20612025,パーク・エステート博多,5139,29,地下鉄空港線,祇園,7,2LDK,60.81,福岡県福岡市博多区店屋町,https://suumo.jp//ms/chuko/fukuoka/sc_fukuokashihakata/nc_20612025/
20612548,百道タワー,9300,22,地下鉄空港線,西新,10,1LDK,90.28,福岡県福岡市早良区百道浜１,https://suumo.jp//ms/chuko/fukuoka/sc_fukuokashisawara/nc_20612548/
20612889,赤坂エクセル,3450,52,地下鉄空港線,赤坂,12,2LDK,79.5,福岡県福岡市中央区赤坂３-8-26,https://suumo.jp//ms/chuko/fukuoka/sc_fukuokashichuo/nc_20612889/
20614851,アンピール別府Ⅱ,4990,33,地下鉄七隈線,別府,2,3LDK,71.25,福岡県福岡市城南区別府３-2-13,https://suumo.jp//ms/chuko/fukuoka/sc_fukuokashijonan/nc_20614851/
20614954,グランドメゾン大濠南,10990,25,地下鉄七隈線,六本松,4,3LDK+S（納戸）,98.79,福岡県福岡市中央区草香江２,https://suumo.jp//ms/chuko/fukuoka/sc_fukuokashichuo/nc_20614954/
20616084,モントーレヴェルキューブシティ福岡空港駅,3490,16,地下鉄空港線,福岡空港,11,2LDK,59.19,福岡県糟屋郡志免町別府西３,https://suumo.jp//ms/chuko/fukuoka/sc_kasuyagunshime/nc_20616084/
20616455,モントーレヴェルキューブシティ福岡空港駅,3490,16,地下鉄空港線,福岡空港,11,2LDK,59.19,福岡県糟屋郡志免町別府西３,https://suumo.jp//ms/chuko/fukuoka/sc_kasuyagunshime/nc_20616455/
20617864,ロイヤルマンション西新,4599,39,地下鉄空港線,西新,10,4LDK,84.48,福岡県福岡市早良区祖原,https://suumo.jp//ms/chuko/fukuoka/sc_fukuokashisawara/nc_20617864/
20618191,ライオンズマンション天神南,1280,34,西鉄天神大牟田線,薬院,8,1K,21.0,福岡県福岡市中央区今泉２,https://suumo.jp//ms/chuko/fukuoka/sc_fukuokashichuo/nc_20618191/
20622035,ツインタワー空港通り,3499,32,地下鉄空港線,東比恵,12,3LDK,71.7,福岡県福岡市博多区豊１,https://suumo.jp//ms/chuko/fukuoka/sc_fukuokashihakata/nc_20622035/
20623163,ライオンズマンション大濠第二,4580,43,地下鉄空港線,唐人町,3,3LDK,72.5,福岡県福岡市中央区黒門,https://suumo.jp//ms/chuko/fukuoka/sc_fukuokashichuo/nc_20623163/
20626330,アーバンパレス大濠,12000,34,地下鉄空港線,大濠公園,4,4LDK,151.77,福岡県福岡市中央区荒戸２,https://suumo.jp//ms/chuko/fukuoka/sc_fukuokashichuo/nc_20626330/
20626960,グランドメゾン平尾,5180,28,地下鉄七隈線,薬院,11,3LDK,75.34,福岡県福岡市中央区平尾２,https://suumo.jp//ms/chuko/fukuoka/sc_fukuokashichuo/nc_20626960/
20628876,コスモ六本松シティフォルム,7399,26,地下鉄七隈線,六本松,4,3LDK,70.58,福岡県福岡市中央区草香江２,https://suumo.jp//ms/chuko/fukuoka/sc_fukuokashichuo/nc_20628876/
20628890,エクセレンス谷,2590,47,地下鉄七隈線,六本松,6,2LDK,57.23,福岡県福岡市中央区谷１,https://suumo.jp//ms/chuko/fukuoka/sc_fukuokashichuo/nc_20628890/
20629314,第二プリンスビル,1580,52,地下鉄空港線,赤坂,7,ワンルーム,24.77,福岡県福岡市中央区大名２-９－２９,https://suumo.jp//ms/chuko/fukuoka/sc_fukuokashichuo/nc_20629314/
20629461,第三住吉ハイツ,2599,46,ＪＲ鹿児島本線,博多,14,2LDK,67.2,福岡県福岡市博多区住吉５-10-7,https://suumo.jp//ms/chuko/fukuoka/sc_fukuokashihakata/nc_20629461/
20631173,ソレイユ赤坂南,5298,37,地下鉄七隈線,桜坂,7,3LDK,75.03,福岡県福岡市中央区六本松３-5-35,https://suumo.jp//ms/chuko/fukuoka/sc_fukuokashichuo/nc_20631173/
20631328,アドニス西公園,4980,33,地下鉄空港線,大濠公園,9,4LDK,85.35,福岡県福岡市中央区西公園,https://suumo.jp//ms/chuko/fukuoka/sc_fukuokashichuo/nc_20631328/
20631927,朝日プラザ天神,3480,40,地下鉄空港線,天神,4,1LDK,63.0,福岡県福岡市中央区舞鶴１,https://suumo.jp//ms/chuko/fukuoka/sc_fukuokashichuo/nc_20631927/
20632329,アンピール天神南,3399,40,西鉄天神大牟田線,薬院,6,2LDK,52.8,福岡県福岡市中央区今泉１,https://suumo.jp//ms/chuko/fukuoka/sc_fukuokashichuo/nc_20632329/
20632991,クレアセンターマーク,7299,26,西鉄天神大牟田線,薬院,11,3LDK,80.25,福岡県福岡市中央区今泉２,https://suumo.jp//ms/chuko/fukuoka/sc_fukuokashichuo/nc_20632991/
20634817,アーバンパレス大濠,12000,34,地下鉄空港線,大濠公園,6,4LDK,151.77,福岡県福岡市中央区荒戸２,https://suumo.jp//ms/chuko/fukuoka/sc_fukuokashichuo/nc_20634817/
20635372,パークホームズ警固本通り,7800,17,地下鉄空港線,赤坂,9,3LDK,82.96,福岡県福岡市中央区警固２,https://suumo.jp//ms/chuko/fukuoka/sc_fukuokashichuo/nc_20635372/
20635589,ダイアパレス平尾Ⅱ,2930,43,西鉄天神大牟田線,薬院,11,1LDK+S（納戸）,55.62,福岡県福岡市中央区大宮２,https://suumo.jp//ms/chuko/fukuoka/sc_fukuokashichuo/nc_20635589/
20635624,モントーレヴェルキューブシティ福岡空港駅,3490,16,地下鉄空港線,福岡空港,11,2LDK,59.19,福岡県糟屋郡志免町別府西３,https://suumo.jp//ms/chuko/fukuoka/sc_kasuyagunshime/nc_20635624/
20636452,東急ドエルアルス桜坂,6290,30,地下鉄七隈線,桜坂,6,3LDK+S（納戸）,84.11,福岡県福岡市中央区桜坂１-15-13,https://suumo.jp//ms/chuko/fukuoka/sc_fukuokashichuo/nc_20636452/
20636529,第三住吉ハイツ,2599,46,地下鉄空港線,博多,13,2LDK,67.2,福岡県福岡市博多区住吉５,https://suumo.jp//ms/chuko/fukuoka/sc_fukuokashihakata/nc_20636529/
20636973,サンシャイン別府,2880,47,地下鉄七隈線,別府,8,4LDK,85.62,福岡県福岡市城南区別府４,https://suumo.jp//ms/chuko/fukuoka/sc_fukuokashijonan/nc_20636973/
20636975,ライオンズマンション薬院第3,3090,46,地下鉄七隈線,薬院大通,5,2LDK,56.1,福岡県福岡市中央区薬院３-11-16,https://suumo.jp//ms/chuko/fukuoka/sc_fukuokashichuo/nc_20636975/
20637004,モントーレヴェルキューブシティ福岡空港駅,3490,16,地下鉄空港線,福岡空港,11,2LDK,59.19,福岡県糟屋郡志免町別府西３-14-1,https://suumo.jp//ms/chuko/fukuoka/sc_kasuyagunshime/nc_20637004/
20637739,ロイヤルアーク藤崎,5898,24,地下鉄空港線,藤崎,12,4LDK,82.48,福岡県福岡市早良区昭代３,https://suumo.jp//ms/chuko/fukuoka/sc_fukuokashisawara/nc_20637739/
20637895,ヒューマインド茶山駅前,6000,13,地下鉄七隈線,別府,13,4LDK,87.01,福岡県福岡市城南区茶山１-９－４０,https://suumo.jp//ms/chuko/fukuoka/sc_fukuokashijonan/nc_20637895/
20637907,シティマンション平尾Ⅱ,2648,41,地下鉄七隈線,薬院,11,3LDK,58.24,福岡県福岡市中央区平尾２-2-21,https://suumo.jp//ms/chuko/fukuoka/sc_fukuokashichuo/nc_20637907/
20639000,モントーレヴェルキューブシティ福岡空港駅,3490,16,地下鉄空港線,福岡空港,11,2LDK,59.19,福岡県糟屋郡志免町別府西３,https://suumo.jp//ms/chuko/fukuoka/sc_kasuyagunshime/nc_20639000/
20640080,ソレイユ赤坂南,5298,37,地下鉄七隈線,桜坂,6,3LDK,75.03,福岡県福岡市中央区六本松３-5-35,https://suumo.jp//ms/chuko/fukuoka/sc_fukuokashichuo/nc_20640080/
20641325,ヴェルドミール今泉,2990,46,地下鉄七隈線,薬院大通,7,2LDK+S（納戸）,74.17,福岡県福岡市中央区今泉２,https://suumo.jp//ms/chuko/fukuoka/sc_fukuokashichuo/nc_20641325/
20641599,グランドメゾン大濠南,10990,25,地下鉄七隈線,六本松,3,3LDK,98.79,福岡県福岡市中央区草香江２,https://suumo.jp//ms/chuko/fukuoka/sc_fukuokashichuo/nc_20641599/
20642323,オープンレジデンシア薬院二丁目,4350,3,西鉄天神大牟田線,薬院,9,1LDK,34.21,福岡県福岡市中央区薬院２,https://suumo.jp//ms/chuko/fukuoka/sc_fukuokashichuo/nc_20642323/
20642325,アムール山王公園南,3450,28,地下鉄空港線,東比恵,15,3LDK,64.89,福岡県福岡市博多区半道橋１,https://suumo.jp//ms/chuko/fukuoka/sc_fukuokashihakata/nc_20642325/
20642326,モントーレヴェルキューブシティ福岡空港駅,3490,16,地下鉄空港線,福岡空港,11,2LDK,59.19,福岡県糟屋郡志免町別府西３,https://suumo.jp//ms/chuko/fukuoka/sc_kasuyagunshime/nc_20642326/
20645262,アーバンパレス大濠,12000,34,地下鉄空港線,大濠公園,6,4LDK,151.77,福岡県福岡市中央区荒戸２-2-42,https://suumo.jp//ms/chuko/fukuoka/sc_fukuokashichuo/nc_20645262/
20646715,モントーレヴェルキューブシティ福岡空港駅,3490,16,地下鉄空港線,福岡空港,11,2LDK,59.19,福岡県糟屋郡志免町別府西３-14-1,https://suumo.jp//ms/chuko/fukuoka/sc_kasuyagunshime/nc_20646715/
20646744,リファレンス天神南,4399,24,地下鉄七隈線,渡辺通,13,3LDK,65.32,福岡県福岡市中央区清川２,https://suumo.jp//ms/chuko/fukuoka/sc_fukuokashichuo/nc_20646744/
20646788,ロイヤルマンションユトリテ田島,5280,21,地下鉄七隈線,別府,13,3LDK+S（納戸）,91.98,福岡県福岡市城南区田島１-4-18,https://suumo.jp//ms/chuko/fukuoka/sc_fukuokashijonan/nc_20646788/
20647010,オープンレジデンシア博多住吉,5680,3,地下鉄七隈線,櫛田神社前,5,2LDK,51.18,福岡県福岡市博多区住吉２-7-1,https://suumo.jp//ms/chuko/fukuoka/sc_fukuokashihakata/nc_20647010/
20647152,クリオ渡辺通サザンマークス,6480,2,地下鉄七隈線,渡辺通,15,2LDK,67.0,福岡県福岡市中央区清川３,https://suumo.jp//ms/chuko/fukuoka/sc_fukuokashichuo/nc_20647152/
20647404,モントーレヴェルキューブシティ福岡空港駅,3490,16,地下鉄空港線,福岡空港,13,2LDK,59.19,福岡県糟屋郡志免町別府西３,https://suumo.jp//ms/chuko/fukuoka/sc_kasuyagunshime/nc_20647404/
20647791,サンシティ鳥飼,3899,32,地下鉄七隈線,別府,10,3LDK,68.48,福岡県福岡市城南区鳥飼４,https://suumo.jp//ms/chuko/fukuoka/sc_fukuokashijonan/nc_20647791/
20647792,藤和城西コープ,2390,52,地下鉄七隈線,別府,7,3LDK,71.5,福岡県福岡市城南区別府４,https://suumo.jp//ms/chuko/fukuoka/sc_fukuokashijonan/nc_20647792/
20648244,チサンマンション祇園,1878,46,地下鉄空港線,祇園,4,1LDK,40.08,福岡県福岡市博多区祇園町４－３,https://suumo.jp//ms/chuko/fukuoka/sc_fukuokashihakata/nc_20648244/
20648503,コスモ警固ロイヤルフォルム,7580,25,地下鉄空港線,赤坂,8,3LDK,66.18,福岡県福岡市中央区警固１,https://suumo.jp//ms/chuko/fukuoka/sc_fukuokashichuo/nc_20648503/
20648821,博多ニッコーハイツ,2380,47,地下鉄空港線,東比恵,6,3DK,58.04,福岡県福岡市博多区博多駅東３,https://suumo.jp//ms/chuko/fukuoka/sc_fukuokashihakata/nc_20648821/
20649999,ウェリス大濠公園Ｚ－Ｓｔａｇｅ,14800,13,地下鉄空港線,唐人町,2,3LDK,86.42,福岡県福岡市中央区黒門,https://suumo.jp//ms/chuko/fukuoka/sc_fukuokashichuo/nc_20649999/
20650001,東峰マンション大宮,1880,48,地下鉄七隈線,薬院,7,2LDK,63.86,福岡県福岡市中央区大宮１,https://suumo.jp//ms/chuko/fukuoka/sc_fukuokashichuo/nc_20650001/
20650003,西公園ツインタワー,4630,36,地下鉄空港線,大濠公園,8,3LDK,83.05,福岡県福岡市中央区荒戸２,https://suumo.jp//ms/chuko/fukuoka/sc_fukuokashichuo/nc_20650003/
20650007,グランドメゾン福岡　Ｔｈｅ　Ｃｅｎｔｒａｌ　Ｌｕｘｅ,10500,1,西鉄天神大牟田線,薬院,2,1LDK,69.63,福岡県福岡市中央区渡辺通２,https://suumo.jp//ms/chuko/fukuoka/sc_fukuokashichuo/nc_20650007/
20650667,コーポラス東光,800,52,地下鉄空港線,東比恵,8,2DK,42.68,福岡県福岡市博多区東光２,https://suumo.jp//ms/chuko/fukuoka/sc_fukuokashihakata/nc_20650667/
20651837,ザ・パークハウス福岡タワーズＷＥＳＴ,19800,7,地下鉄空港線,唐人町,12,2LDK,92.49,福岡県福岡市中央区地行浜２,https://suumo.jp//ms/chuko/fukuoka/sc_fukuokashichuo/nc_20651837/
20652108,六本松ビル,2980,53,地下鉄七隈線,六本松,2,2LDK,65.65,福岡県福岡市中央区六本松２,https://suumo.jp//ms/chuko/fukuoka/sc_fukuokashichuo/nc_20652108/
20652340,ロイヤルマンション西新,4599,39,地下鉄空港線,西新,8,4LDK,84.8,福岡県福岡市早良区祖原23-20,https://suumo.jp//ms/chuko/fukuoka/sc_fukuokashisawara/nc_20652340/
20653483,ザ・パークハウス 福岡タワー EAST,7490,6,地下鉄空港線,唐人町,12,3LDK,71.77,福岡県福岡市中央区地行浜２,https://suumo.jp//ms/chuko/fukuoka/sc_fukuokashichuo/nc_20653483/
20656678,パレスト・リッツガーデン百道,7650,9,地下鉄空港線,藤崎,9,3LDK,76.44,福岡県福岡市早良区西新７,https://suumo.jp//ms/chuko/fukuoka/sc_fukuokashisawara/nc_20656678/
20656954,グランドステイツ大濠公園南,8280,22,地下鉄七隈線,六本松,4,3LDK,80.69,福岡県福岡市中央区六本松３-10-28,https://suumo.jp//ms/chuko/fukuoka/sc_fukuokashichuo/nc_20656954/
20656955,マンション鳥飼204,1700,53,地下鉄七隈線,六本松,12,1LDK,46.78,福岡県福岡市中央区鳥飼１-3-19,https://suumo.jp//ms/chuko/fukuoka/sc_fukuokashichuo/nc_20656955/
20656968,グランディア空港ソラーレ,2890,19,地下鉄空港線,福岡空港,9,3LDK,68.98,福岡県糟屋郡志免町別府北４-2-17,https://suumo.jp//ms/chuko/fukuoka/sc_kasuyagunshime/nc_20656968/
20657377,モントーレヴェルキューブシティ福岡空港駅,3490,16,地下鉄空港線,福岡空港,11,2LDK,59.19,福岡県糟屋郡志免町別府西３-14-1,https://suumo.jp//ms/chuko/fukuoka/sc_kasuyagunshime/nc_20657377/
20658098,クリオ ラベルヴィ呉服町,4499,8,地下鉄空港線,中洲川端,12,2LDK,47.0,福岡県福岡市博多区下呉服町,https://suumo.jp//ms/chuko/fukuoka/sc_fukuokashihakata/nc_20658098/
20658477,ネオハイツ薬院,3680,40,地下鉄七隈線,薬院,5,2LDK+S（納戸）,79.38,福岡県福岡市中央区薬院３,https://suumo.jp//ms/chuko/fukuoka/sc_fukuokashichuo/nc_20658477/
20658691,アルファライフ博多,4699,15,ＪＲ鹿児島本線,博多,14,1LDK,53.04,福岡県福岡市博多区住吉５,https://suumo.jp//ms/chuko/fukuoka/sc_fukuokashihakata/nc_20658691/
20658742,グリーンハイツ輝国,1980,46,地下鉄七隈線,六本松,13,3LDK,76.3,福岡県福岡市中央区輝国２,https://suumo.jp//ms/chuko/fukuoka/sc_fukuokashichuo/nc_20658742/
20658743,クレアランドマーク,3580,25,地下鉄七隈線,櫛田神社前,4,1LDK,40.43,福岡県福岡市博多区冷泉町,https://suumo.jp//ms/chuko/fukuoka/sc_fukuokashihakata/nc_20658743/
20659067,エスポワール大濠公園,650,39,地下鉄空港線,唐人町,2,ワンルーム,16.54,福岡県福岡市中央区黒門6-4,https://suumo.jp//ms/chuko/fukuoka/sc_fukuokashichuo/nc_20659067/
20660212,サンライフ六本松,3980,42,地下鉄七隈線,六本松,4,2LDK,60.02,福岡県福岡市中央区草香江２-1-40,https://suumo.jp//ms/chuko/fukuoka/sc_fukuokashichuo/nc_20660212/
20660235,リファレンス天神南,4299,24,地下鉄七隈線,渡辺通,13,3LDK,65.32,福岡県福岡市中央区清川２-4-9,https://suumo.jp//ms/chuko/fukuoka/sc_fukuokashichuo/nc_20660235/
20660782,ライオンズマンション大名,3082,44,地下鉄空港線,赤坂,9,3DK,56.72,福岡県福岡市中央区大名１-2-20,https://suumo.jp//ms/chuko/fukuoka/sc_fukuokashichuo/nc_20660782/
20661146,東急ドエルアルス桜坂,6290,30,地下鉄七隈線,桜坂,7,3LDK,84.11,福岡県福岡市中央区桜坂１,https://suumo.jp//ms/chuko/fukuoka/sc_fukuokashichuo/nc_20661146/
20662585,コアマンション城南ネクステージ,4490,22,地下鉄七隈線,別府,14,3LDK,77.02,福岡県福岡市城南区田島１,https://suumo.jp//ms/chuko/fukuoka/sc_fukuokashijonan/nc_20662585/
20663410,グランドサンリヤン大濠公園パークビュー,9150,21,地下鉄七隈線,六本松,9,3LDK,96.91,福岡県福岡市中央区草香江１,https://suumo.jp//ms/chuko/fukuoka/sc_fukuokashichuo/nc_20663410/
20665914,スカイ・クリエート天神南,750,35,地下鉄七隈線,渡辺通,7,ワンルーム,19.71,福岡県福岡市中央区春吉２,https://suumo.jp//ms/chuko/fukuoka/sc_fukuokashichuo/nc_20665914/
20666149,赤坂ハウス,3680,45,地下鉄空港線,赤坂,5,3LDK,68.34,福岡県福岡市中央区赤坂１,https://suumo.jp//ms/chuko/fukuoka/sc_fukuokashichuo/nc_20666149/
20666446,エクレール平尾,3750,30,西鉄天神大牟田線,薬院,8,3LDK,72.8,福岡県福岡市中央区平尾１,https://suumo.jp//ms/chuko/fukuoka/sc_fukuokashichuo/nc_20666446/
20666447,エバーライフすの子小前,1320,43,地下鉄空港線,大濠公園,6,1DK,45.28,福岡県福岡市中央区港２,https://suumo.jp//ms/chuko/fukuoka/sc_fukuokashichuo/nc_20666447/
20666923,西公園ツインタワー,4200,36,地下鉄空港線,大濠公園,10,4LDK,81.69,福岡県福岡市中央区荒戸２,https://suumo.jp//ms/chuko/fukuoka/sc_fukuokashichuo/nc_20666923/
20667031,アムール山王公園南,3450,28,地下鉄空港線,東比恵,15,3LDK,64.89,福岡県福岡市博多区半道橋１,https://suumo.jp//ms/chuko/fukuoka/sc_fukuokashihakata/nc_20667031/
20667143,東急ドエル・アルス博多・古門戸町,4690,29,地下鉄箱崎線,中洲川端,6,2LDK,55.39,福岡県福岡市博多区古門戸町,https://suumo.jp//ms/chuko/fukuoka/sc_fukuokashihakata/nc_20667143/
20667495,ロイヤルマンション西新,4599,39,地下鉄空港線,西新,10,4LDK,84.48,福岡県福岡市早良区祖原23-20,https://suumo.jp//ms/chuko/fukuoka/sc_fukuokashisawara/nc_20667495/
20668086,グランドメゾン大濠公園ＴＨＥ　ＴＯＷＥＲ,6250,3,地下鉄空港線,唐人町,4,1LDK,42.34,福岡県福岡市中央区唐人町１,https://suumo.jp//ms/chuko/fukuoka/sc_fukuokashichuo/nc_20668086/
20668272,グランドメゾン薬院ザ・タワーレジデンス,5800,4,地下鉄七隈線,薬院大通,7,1LDK,39.23,福岡県福岡市中央区薬院３,https://suumo.jp//ms/chuko/fukuoka/sc_fukuokashichuo/nc_20668272/
20670361,東急ドエル・アルス博多ステーションサイド,4980,26,地下鉄空港線,東比恵,8,3LDK,78.63,福岡県福岡市博多区比恵町,https://suumo.jp//ms/chuko/fukuoka/sc_fukuokashihakata/nc_20670361/
20670705,ライオンズ鳥飼イーストフォート,7400,16,地下鉄七隈線,別府,10,4LDK,100.01,福岡県福岡市城南区鳥飼６,https://suumo.jp//ms/chuko/fukuoka/sc_fukuokashijonan/nc_20670705/
20672805,チサンマンション第一博多,1650,54,ＪＲ鹿児島本線,博多,5,1LDK,36.9,福岡県福岡市博多区博多駅前３,https://suumo.jp//ms/chuko/fukuoka/sc_fukuokashihakata/nc_20672805/
20673473,東峰マンション渡辺通,3490,40,地下鉄七隈線,渡辺通,5,2LDK,49.64,福岡県福岡市中央区春吉２,https://suumo.jp//ms/chuko/fukuoka/sc_fukuokashichuo/nc_20673473/
20673715,グランドメゾン赤坂LUXE,25000,10,地下鉄空港線,赤坂,8,3LDK,142.11,福岡県福岡市中央区赤坂２,https://suumo.jp//ms/chuko/fukuoka/sc_fukuokashichuo/nc_20673715/
20674574,オープンレジデンシア渡辺通南,3480,2,地下鉄七隈線,渡辺通,10,1LDK,34.3,福岡県福岡市中央区清川２,https://suumo.jp//ms/chuko/fukuoka/sc_fukuokashichuo/nc_20674574/
20674605,ネクサス六本松,8080,13,地下鉄七隈線,六本松,5,3LDK,76.4,福岡県福岡市中央区六本松３,https://suumo.jp//ms/chuko/fukuoka/sc_fukuokashichuo/nc_20674605/
20674722,エクセレンス谷,2080,47,地下鉄七隈線,六本松,6,3LDK,66.68,福岡県福岡市中央区谷１,https://suumo.jp//ms/chuko/fukuoka/sc_fukuokashichuo/nc_20674722/
20675061,東急ドエル・アルス博多ステーションサイド,4980,26,地下鉄空港線,東比恵,7,3LDK,78.63,福岡県福岡市博多区比恵町10-20,https://suumo.jp//ms/chuko/fukuoka/sc_fukuokashihakata/nc_20675061/
20675085,アーバンパレスアクス大濠,6380,31,地下鉄空港線,大濠公園,7,3LDK,72.48,福岡県福岡市中央区荒戸３-２－４５,https://suumo.jp//ms/chuko/fukuoka/sc_fukuokashichuo/nc_20675085/
20675253,グリーンハイツ輝国,2430,46,地下鉄七隈線,六本松,13,3LDK,73.32,福岡県福岡市中央区輝国２-24-55,https://suumo.jp//ms/chuko/fukuoka/sc_fukuokashichuo/nc_20675253/
20675468,藤和コープソシエ大名,3490,47,地下鉄空港線,天神,11,2LDK,67.0,福岡県福岡市中央区大名１,https://suumo.jp//ms/chuko/fukuoka/sc_fukuokashichuo/nc_20675468/
20676273,パストラルハイム六本松,5980,35,地下鉄七隈線,六本松,6,4LDK,93.85,福岡県福岡市中央区谷１,https://suumo.jp//ms/chuko/fukuoka/sc_fukuokashichuo/nc_20676273/
20676490,クリオラベルヴィ呉服町,4499,8,地下鉄空港線,中洲川端,12,2LDK,47.0,福岡県福岡市博多区下呉服町,https://suumo.jp//ms/chuko/fukuoka/sc_fukuokashihakata/nc_20676490/
20679280,第参参プリンスマンション城南,2899,40,地下鉄七隈線,別府,2,2LDK,65.65,福岡県福岡市城南区別府１,https://suumo.jp//ms/chuko/fukuoka/sc_fukuokashijonan/nc_20679280/
20680872,駅徒歩約4分♪ シティマンション薬院Ⅱ,2880,41,西鉄天神大牟田線,薬院,4,2LDK,48.8,福岡県福岡市中央区大宮１,https://suumo.jp//ms/chuko/fukuoka/sc_fukuokashichuo/nc_20680872/
20683145,パストラルハイム六本松,5980,35,地下鉄七隈線,六本松,7,4LDK,93.85,福岡県福岡市中央区谷１,https://suumo.jp//ms/chuko/fukuoka/sc_fukuokashichuo/nc_20683145/
20683977,パーク・サンリヤン博多の森Ⅰ・Ⅱ番館,4280,23,地下鉄空港線,福岡空港,12,3LDK,82.19,福岡県糟屋郡志免町別府西２-24-2,https://suumo.jp//ms/chuko/fukuoka/sc_kasuyagunshime/nc_20683977/
20684091,コアマンション百道プレジオ,8100,20,地下鉄空港線,藤崎,8,3LDK,93.57,福岡県福岡市早良区百道１,https://suumo.jp//ms/chuko/fukuoka/sc_fukuokashisawara/nc_20684091/
20684096,ＪＧＭロイヤルガーデン浄水通り,7480,22,地下鉄七隈線,薬院大通,7,4LDK,98.37,福岡県福岡市中央区浄水通,https://suumo.jp//ms/chuko/fukuoka/sc_fukuokashichuo/nc_20684096/
20684097,シティタワー大濠,5500,26,地下鉄七隈線,六本松,8,3LDK,76.68,福岡県福岡市中央区六本松３,https://suumo.jp//ms/chuko/fukuoka/sc_fukuokashichuo/nc_20684097/
20685145,ロマネスク渡辺通第2,1749,37,地下鉄七隈線,渡辺通,12,1LDK,33.29,福岡県福岡市中央区高砂２-6-15,https://suumo.jp//ms/chuko/fukuoka/sc_fukuokashichuo/nc_20685145/
20685889,Ｂｒｉｌｌｉａ平尾浄水,10800,17,地下鉄七隈線,薬院大通,11,3LDK,108.17,福岡県福岡市中央区平尾浄水町,https://suumo.jp//ms/chuko/fukuoka/sc_fukuokashichuo/nc_20685889/
20686665,アーバンパレス大濠,12000,34,地下鉄空港線,大濠公園,4,4LDK,151.77,福岡県福岡市中央区荒戸２,https://suumo.jp//ms/chuko/fukuoka/sc_fukuokashichuo/nc_20686665/
20688489,第参参プリンスマンション城南,2899,40,地下鉄七隈線,別府,2,2LDK,65.65,福岡県福岡市城南区別府１,https://suumo.jp//ms/chuko/fukuoka/sc_fukuokashijonan/nc_20688489/
20688496,ライオンズマンション薬院第３,3090,46,地下鉄七隈線,薬院大通,7,2LDK,56.1,福岡県福岡市中央区薬院３,https://suumo.jp//ms/chuko/fukuoka/sc_fukuokashichuo/nc_20688496/
20689080,東峰マンション西公園,2780,48,地下鉄空港線,大濠公園,5,2LDK,48.59,福岡県福岡市中央区荒戸３,https://suumo.jp//ms/chuko/fukuoka/sc_fukuokashichuo/nc_20689080/
20689449,大濠公園グランドヒルズ,5780,36,地下鉄空港線,大濠公園,4,3LDK,70.11,福岡県福岡市中央区荒戸２,https://suumo.jp//ms/chuko/fukuoka/sc_fukuokashichuo/nc_20689449/
20689977,レーベン福岡天神　ＯＮＥ　ＴＯＷＥＲ,6880,2,地下鉄空港線,天神,9,1LDK,43.7,福岡県福岡市中央区天神５-4-1,https://suumo.jp//ms/chuko/fukuoka/sc_fukuokashichuo/nc_20689977/
20690267,オープンレジデンシア大濠西,5980,2,地下鉄空港線,唐人町,10,2LDK,53.62,福岡県福岡市中央区今川２,https://suumo.jp//ms/chuko/fukuoka/sc_fukuokashichuo/nc_20690267/
20690452,ロマネスク浄水通り,5480,40,地下鉄七隈線,薬院大通,5,3LDK,91.98,福岡県福岡市中央区薬院４,https://suumo.jp//ms/chuko/fukuoka/sc_fukuokashichuo/nc_20690452/
20690454,グランドメゾン大濠南,8680,25,地下鉄七隈線,六本松,3,3LDK+S（納戸）,92.1,福岡県福岡市中央区草香江２,https://suumo.jp//ms/chuko/fukuoka/sc_fukuokashichuo/nc_20690454/
20690459,六本松ビル,2980,50,地下鉄七隈線,六本松,3,2LDK,79.42,福岡県福岡市中央区六本松２,https://suumo.jp//ms/chuko/fukuoka/sc_fukuokashichuo/nc_20690459/
20690460,東急ドエルアルス博多ステーションサイド,4980,26,地下鉄空港線,東比恵,7,3LDK,78.63,福岡県福岡市博多区比恵町,https://suumo.jp//ms/chuko/fukuoka/sc_fukuokashihakata/nc_20690460/
20692016,アーバンパレスアクス大濠,6380,31,地下鉄空港線,唐人町,8,3LDK,72.48,福岡県福岡市中央区荒戸３-2-45,https://suumo.jp//ms/chuko/fukuoka/sc_fukuokashichuo/nc_20692016/
20693850,パークホームズ大濠二丁目,15500,9,地下鉄空港線,唐人町,6,3LDK,102.15,福岡県福岡市中央区大濠２,https://suumo.jp//ms/chuko/fukuoka/sc_fukuokashichuo/nc_20693850/
20693951,ブリリアタワー西新,16500,5,地下鉄空港線,西新,1,2LDK,79.93,福岡県福岡市早良区西新４,https://suumo.jp//ms/chuko/fukuoka/sc_fukuokashisawara/nc_20693951/
20694610,グランフォーレラグゼ博多駅南,2999,10,地下鉄空港線,東比恵,14,1LDK,33.41,福岡県福岡市博多区博多駅南４-2-26,https://suumo.jp//ms/chuko/fukuoka/sc_fukuokashihakata/nc_20694610/
20696773,ダイアパレス西新,2180,42,地下鉄空港線,西新,9,1LDK,40.77,福岡県福岡市早良区祖原,https://suumo.jp//ms/chuko/fukuoka/sc_fukuokashisawara/nc_20696773/
20696989,シティタワー大濠,5500,26,地下鉄七隈線,六本松,8,3LDK,76.68,福岡県福岡市中央区六本松３,https://suumo.jp//ms/chuko/fukuoka/sc_fukuokashichuo/nc_20696989/
20696990,ＪＧＭロイヤルガーデン薬院,12800,22,地下鉄七隈線,薬院大通,1,4LDK,104.94,福岡県福岡市中央区薬院２,https://suumo.jp//ms/chuko/fukuoka/sc_fukuokashichuo/nc_20696990/
20697135,エクセレンス谷,2590,47,地下鉄七隈線,桜坂,6,2LDK,57.23,福岡県福岡市中央区谷１,https://suumo.jp//ms/chuko/fukuoka/sc_fukuokashichuo/nc_20697135/
20698049,ライオンズマンション室見ガーデン,2150,41,地下鉄空港線,藤崎,15,2LDK,55.49,福岡県福岡市早良区室見５-6-26,https://suumo.jp//ms/chuko/fukuoka/sc_fukuokashisawara/nc_20698049/
20698081,新川端グレイスマンション,2920,54,地下鉄空港線,中洲川端,2,3LDK,66.69,福岡県福岡市博多区上川端町,https://suumo.jp//ms/chuko/fukuoka/sc_fukuokashihakata/nc_20698081/
20698153,トーカンマンション今泉１０,3880,46,地下鉄七隈線,天神南,7,3LDK,78.26,福岡県福岡市中央区今泉１,https://suumo.jp//ms/chuko/fukuoka/sc_fukuokashichuo/nc_20698153/
20698154,ダイアパレス輝国,3280,45,地下鉄七隈線,六本松,10,3LDK,90.2,福岡県福岡市中央区輝国２,https://suumo.jp//ms/chuko/fukuoka/sc_fukuokashichuo/nc_20698154/
20698812,アンピール空港通り２,4499,17,地下鉄空港線,東比恵,11,3LDK,77.26,福岡県福岡市博多区豊２,https://suumo.jp//ms/chuko/fukuoka/sc_fukuokashihakata/nc_20698812/
20700961,藤和シティコープ平尾駅前,4590,30,西鉄天神大牟田線,薬院,13,3LDK,66.82,福岡県福岡市中央区那の川２-11-10,https://suumo.jp//ms/chuko/fukuoka/sc_fukuokashichuo/nc_20700961/
20701338,ラフィネスネオシティ平尾,980,25,西鉄天神大牟田線,薬院,13,ワンルーム,23.4,福岡県福岡市中央区大宮２,https://suumo.jp//ms/chuko/fukuoka/sc_fukuokashichuo/nc_20701338/
20702372,コモダス天神２,5500,27,地下鉄七隈線,薬院大通,9,1LDK+S（納戸）,64.8,福岡県福岡市中央区今泉２,https://suumo.jp//ms/chuko/fukuoka/sc_fukuokashichuo/nc_20702372/
20702865,ライオンズマンション薬院第3,3090,46,地下鉄七隈線,薬院大通,5,2LDK,56.1,福岡県福岡市中央区薬院３,https://suumo.jp//ms/chuko/fukuoka/sc_fukuokashichuo/nc_20702865/
20702908,ザ・パークハウス平尾浄水通り,22800,8,地下鉄七隈線,薬院大通,8,3LDK,124.62,福岡県福岡市中央区平尾３,https://suumo.jp//ms/chuko/fukuoka/sc_fukuokashichuo/nc_20702908/
20703199,ロマネスク渡辺通第2,1749,37,地下鉄七隈線,渡辺通,12,1LDK,33.29,福岡県福岡市中央区高砂２-6-15,https://suumo.jp//ms/chuko/fukuoka/sc_fukuokashichuo/nc_20703199/
20703963,コスモ六本松シティフォルム,7399,26,地下鉄七隈線,六本松,4,3LDK,70.58,福岡県福岡市中央区草香江２,https://suumo.jp//ms/chuko/fukuoka/sc_fukuokashichuo/nc_20703963/
20704171,ジェネラスマンション百道,6490,22,地下鉄空港線,藤崎,9,4LDK,92.0,福岡県福岡市早良区西新７,https://suumo.jp//ms/chuko/fukuoka/sc_fukuokashisawara/nc_20704171/
20704173,アンピール輝国,4180,13,地下鉄七隈線,六本松,15,3LDK,78.11,福岡県福岡市中央区輝国２,https://suumo.jp//ms/chuko/fukuoka/sc_fukuokashichuo/nc_20704173/
20704362,グランフォーレ西新,3699,20,地下鉄空港線,西新,5,1LDK,40.05,福岡県福岡市早良区城西１,https://suumo.jp//ms/chuko/fukuoka/sc_fukuokashisawara/nc_20704362/
20704379,レーベン福岡天神ＯＮＥ ＴＯＷＥＲ,15358,2,地下鉄空港線,天神,9,3LDK,83.43,福岡県福岡市中央区天神５,https://suumo.jp//ms/chuko/fukuoka/sc_fukuokashichuo/nc_20704379/
20704735,コスモ六本松シティフォルム,7399,26,地下鉄七隈線,六本松,3,3LDK,70.58,福岡県福岡市中央区草香江２,https://suumo.jp//ms/chuko/fukuoka/sc_fukuokashichuo/nc_20704735/
20704796,ソピア大濠西,6390,27,地下鉄空港線,西新,10,4LDK,83.2,福岡県福岡市中央区鳥飼３,https://suumo.jp//ms/chuko/fukuoka/sc_fukuokashichuo/nc_20704796/
20704999,パークホームズ警固本通り,7800,17,地下鉄空港線,赤坂,9,3LDK,82.96,福岡県福岡市中央区警固２-１６－３０,https://suumo.jp//ms/chuko/fukuoka/sc_fukuokashichuo/nc_20704999/
20706207,東急ドエルアルス博多ステーションサイド,4980,26,地下鉄空港線,東比恵,7,3LDK,78.63,福岡県福岡市博多区比恵町10-20,https://suumo.jp//ms/chuko/fukuoka/sc_fukuokashihakata/nc_20706207/
20707365,コープ野村博多東,3380,46,地下鉄空港線,東比恵,5,3LDK,98.41,福岡県福岡市博多区比恵町,https://suumo.jp//ms/chuko/fukuoka/sc_fukuokashihakata/nc_20707365/
20708068,アーバンパレス大濠,12000,34,地下鉄空港線,大濠公園,4,4LDK,151.77,福岡県福岡市中央区荒戸２-２－４２,https://suumo.jp//ms/chuko/fukuoka/sc_fukuokashichuo/nc_20708068/
20708382,プチメゾン薬院,590,42,西鉄天神大牟田線,薬院,7,ワンルーム,15.0,福岡県福岡市中央区白金１-13-11,https://suumo.jp//ms/chuko/fukuoka/sc_fukuokashichuo/nc_20708382/
20708446,シティマンション平尾Ⅱ,2648,41,地下鉄七隈線,薬院,11,3LDK,58.24,福岡県福岡市中央区平尾２-2-21,https://suumo.jp//ms/chuko/fukuoka/sc_fukuokashichuo/nc_20708446/
20708458,ユーハイム大濠西,2830,41,地下鉄空港線,唐人町,3,1LDK,48.09,福岡県福岡市中央区黒門,https://suumo.jp//ms/chuko/fukuoka/sc_fukuokashichuo/nc_20708458/
20711061,KBCマンションユーハイム赤坂南,3980,40,地下鉄七隈線,薬院大通,7,2LDK,84.87,福岡県福岡市中央区警固２,https://suumo.jp//ms/chuko/fukuoka/sc_fukuokashichuo/nc_20711061/
20711534,オープンレジデンシア天神今泉,5299,3,地下鉄七隈線,薬院大通,6,2LDK,46.28,福岡県福岡市中央区今泉２,https://suumo.jp//ms/chuko/fukuoka/sc_fukuokashichuo/nc_20711534/
20711824,グランドメゾン鳥飼,5680,26,地下鉄七隈線,別府,8,3LDK,72.93,福岡県福岡市城南区鳥飼６,https://suumo.jp//ms/chuko/fukuoka/sc_fukuokashijonan/nc_20711824/
20712187,コスモ六本松シティフォルム,7399,26,地下鉄七隈線,六本松,4,3LDK,70.58,福岡県福岡市中央区草香江２,https://suumo.jp//ms/chuko/fukuoka/sc_fukuokashichuo/nc_20712187/
20712437,ラフィネスシャトードゥ赤坂,3699,24,地下鉄空港線,赤坂,7,1LDK,32.81,福岡県福岡市中央区大手門１,https://suumo.jp//ms/chuko/fukuoka/sc_fukuokashichuo/nc_20712437/
20712620,藤和城西コープ,2699,52,地下鉄七隈線,別府,7,3LDK,84.5,福岡県福岡市城南区別府４,https://suumo.jp//ms/chuko/fukuoka/sc_fukuokashijonan/nc_20712620/
20712871,ライオンズマンション薬院第6,980,35,地下鉄七隈線,薬院大通,6,1K,21.0,福岡県福岡市中央区薬院４,https://suumo.jp//ms/chuko/fukuoka/sc_fukuokashichuo/nc_20712871/
20713011,パーク・サンリヤン博多の森Ⅰ・Ⅱ番館,4280,23,地下鉄空港線,福岡空港,11,3LDK,82.19,福岡県糟屋郡志免町別府西２-24-2,https://suumo.jp//ms/chuko/fukuoka/sc_kasuyagunshime/nc_20713011/
20713112,リファレンス天神南,4299,14,地下鉄七隈線,渡辺通,13,3LDK,65.32,福岡県福岡市中央区清川２,https://suumo.jp//ms/chuko/fukuoka/sc_fukuokashichuo/nc_20713112/
20714433,アンピールリーヴァス天神,7980,28,地下鉄七隈線,渡辺通,7,3LDK,99.87,福岡県福岡市中央区春吉１,https://suumo.jp//ms/chuko/fukuoka/sc_fukuokashichuo/nc_20714433/
20714459,オープンレジデンシア博多空港通り,3480,2,ＪＲ鹿児島本線,博多,10,1LDK,34.38,福岡県福岡市博多区東光２,https://suumo.jp//ms/chuko/fukuoka/sc_fukuokashihakata/nc_20714459/
20714760,アーサー大濠倶楽部スカイコート,5490,30,地下鉄空港線,唐人町,4,2LDK,72.6,福岡県福岡市中央区荒戸３,https://suumo.jp//ms/chuko/fukuoka/sc_fukuokashichuo/nc_20714760/
20715685,グランドメゾン鳥飼,5680,26,地下鉄七隈線,別府,7,3LDK,72.93,福岡県福岡市城南区鳥飼６-20-33,https://suumo.jp//ms/chuko/fukuoka/sc_fukuokashijonan/nc_20715685/
20716356,アンピール西新,7200,22,地下鉄空港線,西新,9,4LDK,93.58,福岡県福岡市早良区城西３-12-27,https://suumo.jp//ms/chuko/fukuoka/sc_fukuokashisawara/nc_20716356/
20718770,ニューライフ天神,2800,43,地下鉄空港線,天神,8,2LDK,53.85,福岡県福岡市中央区天神４,https://suumo.jp//ms/chuko/fukuoka/sc_fukuokashichuo/nc_20718770/
20720681,東急ドエル・アルス博多ステーションサイド,4980,26,地下鉄空港線,東比恵,7,3LDK,78.63,福岡県福岡市博多区比恵町,https://suumo.jp//ms/chuko/fukuoka/sc_fukuokashihakata/nc_20720681/
20721145,クレアセンターマーク,7299,26,地下鉄七隈線,薬院大通,10,3LDK+S（納戸）,80.25,福岡県福岡市中央区今泉２-4-48,https://suumo.jp//ms/chuko/fukuoka/sc_fukuokashichuo/nc_20721145/
20721532,アンピール西新,7200,22,地下鉄空港線,西新,10,4LDK,93.58,福岡県福岡市早良区城西３-12－27,https://suumo.jp//ms/chuko/fukuoka/sc_fukuokashisawara/nc_20721532/
20722347,ロマネスク天神アネックス,740,35,地下鉄七隈線,天神南,5,ワンルーム,20.8,福岡県福岡市中央区渡辺通５,https://suumo.jp//ms/chuko/fukuoka/sc_fukuokashichuo/nc_20722347/
20722561,アーバンパレス大濠,12000,34,地下鉄空港線,大濠公園,4,4LDK,151.77,福岡県福岡市中央区荒戸２,https://suumo.jp//ms/chuko/fukuoka/sc_fukuokashichuo/nc_20722561/
20722809,百道浜パークハウス,7480,28,地下鉄空港線,西新,14,3LDK+S（納戸）,104.9,福岡県福岡市早良区百道浜１,https://suumo.jp//ms/chuko/fukuoka/sc_fukuokashisawara/nc_20722809/
20723458,藤和城西コーポ,2699,52,地下鉄七隈線,別府,10,3LDK,84.5,福岡県福岡市城南区別府４,https://suumo.jp//ms/chuko/fukuoka/sc_fukuokashijonan/nc_20723458/
20723493,コスモ博多古門戸,4499,23,地下鉄空港線,中洲川端,9,1LDK+S（納戸）,54.49,福岡県福岡市博多区古門戸町,https://suumo.jp//ms/chuko/fukuoka/sc_fukuokashihakata/nc_20723493/
20723653,コスモ六本松シティフォルム,7399,26,地下鉄七隈線,六本松,4,3LDK,70.58,福岡県福岡市中央区草香江２-1-13,https://suumo.jp//ms/chuko/fukuoka/sc_fukuokashichuo/nc_20723653/
20724056,コアマンション大手門タワー,22000,23,地下鉄空港線,赤坂,6,4LDK,136.91,福岡県福岡市中央区大手門１,https://suumo.jp//ms/chuko/fukuoka/sc_fukuokashichuo/nc_20724056/
20724057,グランドメゾン大濠レジデンス,18900,11,地下鉄空港線,唐人町,7,2LDK,97.71,福岡県福岡市中央区大濠２,https://suumo.jp//ms/chuko/fukuoka/sc_fukuokashichuo/nc_20724057/
20724058,パーク・サンリヤン博多の森Ⅰ・Ⅱ番館,4280,23,地下鉄空港線,福岡空港,11,3LDK,82.19,福岡県糟屋郡志免町別府西２,https://suumo.jp//ms/chuko/fukuoka/sc_kasuyagunshime/nc_20724058/
20724060,藤和シティコープ平尾駅前,4590,30,地下鉄七隈線,薬院,14,3LDK,66.82,福岡県福岡市中央区那の川２,https://suumo.jp//ms/chuko/fukuoka/sc_fukuokashichuo/nc_20724060/
20724392,コアマンションけやき通りプレジオ,13500,24,地下鉄七隈線,桜坂,12,4LDK,133.37,福岡県福岡市中央区赤坂３-４－２２,https://suumo.jp//ms/chuko/fukuoka/sc_fukuokashichuo/nc_20724392/
20724983,アンピール百年橋,4080,31,地下鉄七隈線,渡辺通,15,3LDK,70.11,福岡県福岡市中央区清川３,https://suumo.jp//ms/chuko/fukuoka/sc_fukuokashichuo/nc_20724983/
20726051,ラフィネスシャトードゥ赤坂,3699,24,地下鉄空港線,赤坂,8,1LDK,32.81,福岡県福岡市中央区大手門１,https://suumo.jp//ms/chuko/fukuoka/sc_fukuokashichuo/nc_20726051/
20726052,藤崎センタービル,2550,47,地下鉄空港線,藤崎,1,1LDK,42.55,福岡県福岡市早良区高取２,https://suumo.jp//ms/chuko/fukuoka/sc_fukuokashisawara/nc_20726052/
20726243,アーバンパレスアクス大濠,6380,31,地下鉄空港線,唐人町,7,3LDK,72.48,福岡県福岡市中央区荒戸３-2-45,https://suumo.jp//ms/chuko/fukuoka/sc_fukuokashichuo/nc_20726243/
20726244,ヴェルドミール今泉,2750,46,地下鉄七隈線,薬院大通,8,1LDK,74.17,福岡県福岡市中央区今泉２-4-24,https://suumo.jp//ms/chuko/fukuoka/sc_fukuokashichuo/nc_20726244/
20726680,ネオハイツ南公園,2790,38,地下鉄七隈線,桜坂,12,3LDK,77.9,福岡県福岡市中央区谷２,https://suumo.jp//ms/chuko/fukuoka/sc_fukuokashichuo/nc_20726680/
20726708,アンピール大濠西,4780,38,地下鉄空港線,西新,11,3LDK,72.85,福岡県福岡市中央区鳥飼１-5-22,https://suumo.jp//ms/chuko/fukuoka/sc_fukuokashichuo/nc_20726708/
20727247,グランドメゾン鳥飼,5680,26,地下鉄七隈線,別府,8,3LDK,72.93,福岡県福岡市城南区鳥飼６,https://suumo.jp//ms/chuko/fukuoka/sc_fukuokashijonan/nc_20727247/
20727273,ネクサス薬院,12880,11,地下鉄七隈線,薬院大通,3,3LDK,94.52,福岡県福岡市中央区薬院１,https://suumo.jp//ms/chuko/fukuoka/sc_fukuokashichuo/nc_20727273/
20728981,エクセレンス谷,2590,47,地下鉄七隈線,六本松,5,2LDK,57.23,福岡県福岡市中央区谷１,https://suumo.jp//ms/chuko/fukuoka/sc_fukuokashichuo/nc_20728981/
20730355,藤和城西コーポ　中古マンション,2699,52,地下鉄七隈線,別府,10,3LDK,84.5,福岡県福岡市城南区別府４,https://suumo.jp//ms/chuko/fukuoka/sc_fukuokashijonan/nc_20730355/
20730589,ソピア大濠西,6390,27,地下鉄空港線,西新,10,4LDK,83.2,福岡県福岡市中央区鳥飼３,https://suumo.jp//ms/chuko/fukuoka/sc_fukuokashichuo/nc_20730589/
20731815,ダイナコートブロッサム藤崎,5200,30,地下鉄空港線,藤崎,6,3LDK,85.77,福岡県福岡市早良区弥生１,https://suumo.jp//ms/chuko/fukuoka/sc_fukuokashisawara/nc_20731815/
20731818,パークスタイル・ザ・シェイプ,7980,18,地下鉄七隈線,別府,5,4LDK,93.59,福岡県福岡市城南区鳥飼５,https://suumo.jp//ms/chuko/fukuoka/sc_fukuokashijonan/nc_20731818/
20731822,ロワールマンション西公園ビュー,2198,36,地下鉄空港線,大濠公園,13,2LDK,53.27,福岡県福岡市中央区港３,https://suumo.jp//ms/chuko/fukuoka/sc_fukuokashichuo/nc_20731822/
20731823,アーバンパレス大濠,12000,34,地下鉄空港線,大濠公園,4,4LDK,151.77,福岡県福岡市中央区荒戸２,https://suumo.jp//ms/chuko/fukuoka/sc_fukuokashichuo/nc_20731823/
20731830,アーバンパレス空港前,2680,30,地下鉄空港線,福岡空港,8,3LDK,71.01,福岡県福岡市博多区青木１,https://suumo.jp//ms/chuko/fukuoka/sc_fukuokashihakata/nc_20731830/
20732472,パークホームズ室見駅前,4980,22,地下鉄空港線,藤崎,13,3LDK,71.47,福岡県福岡市早良区室見５,https://suumo.jp//ms/chuko/fukuoka/sc_fukuokashisawara/nc_20732472/
20733026,大名サンハイツ,2820,45,地下鉄空港線,赤坂,6,3LDK,62.32,福岡県福岡市中央区大名１-11-5,https://suumo.jp//ms/chuko/fukuoka/sc_fukuokashichuo/nc_20733026/
20733029,ネオハイツ南公園,2790,38,地下鉄七隈線,桜坂,9,3LDK,77.9,福岡県福岡市中央区谷２-2-28,https://suumo.jp//ms/chuko/fukuoka/sc_fukuokashichuo/nc_20733029/
20733989,ロマネスク渡辺通第2,1749,37,地下鉄七隈線,渡辺通,12,1LDK,33.29,福岡県福岡市中央区高砂２-6-15,https://suumo.jp//ms/chuko/fukuoka/sc_fukuokashichuo/nc_20733989/
20733990,アルファライフ博多,4799,15,ＪＲ篠栗線,博多,14,1LDK,53.04,福岡県福岡市博多区住吉５-5-22,https://suumo.jp//ms/chuko/fukuoka/sc_fukuokashihakata/nc_20733990/
20734810,ネオハイツ南公園,2790,38,地下鉄七隈線,桜坂,9,3LDK,77.9,福岡県福岡市中央区谷２,https://suumo.jp//ms/chuko/fukuoka/sc_fukuokashichuo/nc_20734810/
20734997,オープンレジデンシア博多住吉,5499,3,地下鉄七隈線,櫛田神社前,5,2LDK,51.18,福岡県福岡市博多区住吉２,https://suumo.jp//ms/chuko/fukuoka/sc_fukuokashihakata/nc_20734997/
20735319,グランドメゾン大濠南,10990,25,地下鉄七隈線,六本松,4,3LDK+S（納戸）,98.79,福岡県福岡市中央区草香江２-1-38,https://suumo.jp//ms/chuko/fukuoka/sc_fukuokashichuo/nc_20735319/
20737105,ブライトンヒルズ藤崎,6290,23,地下鉄空港線,藤崎,6,3LDK,79.23,福岡県福岡市早良区藤崎１,https://suumo.jp//ms/chuko/fukuoka/sc_fukuokashisawara/nc_20737105/
20737120,クリオラベルヴィ西新グランクラス,7300,1,地下鉄空港線,西新,1,2LDK,52.2,福岡県福岡市早良区西新１,https://suumo.jp//ms/chuko/fukuoka/sc_fukuokashisawara/nc_20737120/
20737121,ブラントン六本松,3780,6,地下鉄七隈線,六本松,3,1LDK,33.61,福岡県福岡市中央区草香江２,https://suumo.jp//ms/chuko/fukuoka/sc_fukuokashichuo/nc_20737121/
20737937,コスモシティ地行,6980,24,地下鉄空港線,唐人町,5,4LDK,91.01,福岡県福岡市中央区地行４,https://suumo.jp//ms/chuko/fukuoka/sc_fukuokashichuo/nc_20737937/
20737938,ヴェルドミール今泉,2750,46,地下鉄七隈線,薬院大通,7,1LDK,74.17,福岡県福岡市中央区今泉２,https://suumo.jp//ms/chuko/fukuoka/sc_fukuokashichuo/nc_20737938/
20738575,ザ・パークハウス福岡タワーズ　EAST,9980,6,地下鉄空港線,唐人町,12,3LDK,81.41,福岡県福岡市中央区地行浜２,https://suumo.jp//ms/chuko/fukuoka/sc_fukuokashichuo/nc_20738575/
20739366,Asobi+　シティオ荒江,3640,31,地下鉄空港線,西新,15,3LDK,71.5,福岡県福岡市城南区荒江１,https://suumo.jp//ms/chuko/fukuoka/sc_fukuokashijonan/nc_20739366/
20739447,コアマンション城南ネクステージ,4490,22,地下鉄七隈線,別府,11,3LDK,77.02,福岡県福岡市城南区田島１,https://suumo.jp//ms/chuko/fukuoka/sc_fukuokashijonan/nc_20739447/
20739587,南薬院パークマンション,5480,41,地下鉄七隈線,薬院大通,4,3LDK,72.08,福岡県福岡市中央区薬院２-12-3,https://suumo.jp//ms/chuko/fukuoka/sc_fukuokashichuo/nc_20739587/
20740573,サンライフ六本松,3980,42,地下鉄七隈線,六本松,4,2LDK,60.02,福岡県福岡市中央区草香江２,https://suumo.jp//ms/chuko/fukuoka/sc_fukuokashichuo/nc_20740573/
20740894,ロマネスク大濠アネックス,3099,39,地下鉄空港線,唐人町,12,2LDK,59.65,福岡県福岡市中央区鳥飼２,https://suumo.jp//ms/chuko/fukuoka/sc_fukuokashichuo/nc_20740894/
20741683,グランドメゾン鳥飼,5680,26,地下鉄七隈線,別府,10,3LDK,72.93,福岡県福岡市城南区鳥飼６,https://suumo.jp//ms/chuko/fukuoka/sc_fukuokashijonan/nc_20741683/
20743360,グランドメゾン浄水ガーデンシティ　セントラルフォレス…,12800,5,地下鉄七隈線,薬院大通,11,3LDK,74.84,福岡県福岡市中央区薬院４-14-1,https://suumo.jp//ms/chuko/fukuoka/sc_fukuokashichuo/nc_20743360/
20743678,オリエントハイツ別府,3980,36,地下鉄七隈線,別府,1,3LDK,69.7,福岡県福岡市城南区別府１,https://suumo.jp//ms/chuko/fukuoka/sc_fukuokashijonan/nc_20743678/
20743745,ロイヤルマンション西新,4599,39,地下鉄空港線,西新,11,4LDK,84.48,福岡県福岡市早良区祖原23-20,https://suumo.jp//ms/chuko/fukuoka/sc_fukuokashisawara/nc_20743745/
20743794,グランコート高砂,4980,30,地下鉄七隈線,薬院,12,3LDK,64.23,福岡県福岡市中央区高砂２,https://suumo.jp//ms/chuko/fukuoka/sc_fukuokashichuo/nc_20743794/
20743987,サンリベラ・プライム天神大名レジデンス,14980,34,地下鉄空港線,赤坂,4,1LDK,100.4,福岡県福岡市中央区大名２-4-5,https://suumo.jp//ms/chuko/fukuoka/sc_fukuokashichuo/nc_20743987/
20744647,アーバンパレス大濠,12000,34,地下鉄空港線,大濠公園,4,4LDK,151.77,福岡県福岡市中央区荒戸２,https://suumo.jp//ms/chuko/fukuoka/sc_fukuokashichuo/nc_20744647/
20744649,ネオハイツ南公園,2790,38,地下鉄七隈線,桜坂,7,3LDK,77.9,福岡県福岡市中央区谷２,https://suumo.jp//ms/chuko/fukuoka/sc_fukuokashichuo/nc_20744649/
20745034,西新百道パークホームズ,5980,25,地下鉄空港線,西新,12,3LDK,76.83,福岡県福岡市早良区西新７,https://suumo.jp//ms/chuko/fukuoka/sc_fukuokashisawara/nc_20745034/
20746427,グランドメゾン赤坂１丁目,9800,13,地下鉄空港線,赤坂,6,2LDK,71.55,福岡県福岡市中央区赤坂１,https://suumo.jp//ms/chuko/fukuoka/sc_fukuokashichuo/nc_20746427/
20746436,アンピール百年橋,4080,31,地下鉄七隈線,渡辺通,14,3LDK,70.11,福岡県福岡市中央区清川３,https://suumo.jp//ms/chuko/fukuoka/sc_fukuokashichuo/nc_20746436/
20747160,ライオンズマンション大濠パークサイド,10500,23,地下鉄七隈線,六本松,12,3LDK,103.85,福岡県福岡市中央区鳥飼２-1-40,https://suumo.jp//ms/chuko/fukuoka/sc_fukuokashichuo/nc_20747160/
20747302,≪GW期間ご内覧可能です≫ソピア大濠西,4680,27,地下鉄空港線,西新,10,3LDK,69.57,福岡県福岡市中央区鳥飼３,https://suumo.jp//ms/chuko/fukuoka/sc_fukuokashichuo/nc_20747302/
20747734,西新中央マンション　702,4299,43,地下鉄空港線,西新,6,3LDK,84.66,福岡県福岡市早良区西新７-1-7,https://suumo.jp//ms/chuko/fukuoka/sc_fukuokashisawara/nc_20747734/
20748300,アーサー大濠倶楽部,6390,30,地下鉄空港線,唐人町,4,3LDK,72.6,福岡県福岡市中央区荒戸３,https://suumo.jp//ms/chuko/fukuoka/sc_fukuokashichuo/nc_20748300/
20750965,ロワールマンション西公園2,1890,42,地下鉄空港線,大濠公園,15,2LDK,55.04,福岡県福岡市中央区港３,https://suumo.jp//ms/chuko/fukuoka/sc_fukuokashichuo/nc_20750965/
20751183,ライオンズマンション天神,3100,47,地下鉄空港線,赤坂,5,2LDK,54.09,福岡県福岡市中央区舞鶴１,https://suumo.jp//ms/chuko/fukuoka/sc_fukuokashichuo/nc_20751183/
20751269,ネオハイツ南公園,2790,38,地下鉄七隈線,桜坂,8,3LDK,77.9,福岡県福岡市中央区谷２,https://suumo.jp//ms/chuko/fukuoka/sc_fukuokashichuo/nc_20751269/
20751343,ライオンズプラザ平尾,4980,30,地下鉄七隈線,薬院,8,3LDK,70.02,福岡県福岡市中央区平尾１,https://suumo.jp//ms/chuko/fukuoka/sc_fukuokashichuo/nc_20751343/
20751441,藤崎センタービル,2550,47,地下鉄空港線,藤崎,1,1LDK,42.55,福岡県福岡市早良区高取２,https://suumo.jp//ms/chuko/fukuoka/sc_fukuokashisawara/nc_20751441/
20751445,ロマネスク大濠アネックス,3099,39,地下鉄空港線,唐人町,11,2LDK,59.65,福岡県福岡市中央区鳥飼２,https://suumo.jp//ms/chuko/fukuoka/sc_fukuokashichuo/nc_20751445/
20752088,グランドメゾン鳥飼,5680,26,地下鉄七隈線,別府,10,3LDK,72.93,福岡県福岡市城南区鳥飼６,https://suumo.jp//ms/chuko/fukuoka/sc_fukuokashijonan/nc_20752088/
20752404,パークホームズ警固本通り,7800,17,地下鉄空港線,赤坂,8,3LDK,82.96,福岡県福岡市中央区警固２,https://suumo.jp//ms/chuko/fukuoka/sc_fukuokashichuo/nc_20752404/
20752901,グランドメゾン浄水ガーデンシティ　セントラルフォレス…,12800,4,地下鉄七隈線,薬院大通,6,3LDK,74.84,福岡県福岡市中央区薬院４,https://suumo.jp//ms/chuko/fukuoka/sc_fukuokashichuo/nc_20752901/
20753130,リベール博多駅前,6380,2,地下鉄空港線,博多,9,2LDK,57.57,福岡県福岡市博多区博多駅前４,https://suumo.jp//ms/chuko/fukuoka/sc_fukuokashihakata/nc_20753130/
20753206,ＭＪＲ赤坂タワー,36000,9,地下鉄空港線,赤坂,1,2LDK,119.42,福岡県福岡市中央区赤坂１,https://suumo.jp//ms/chuko/fukuoka/sc_fukuokashichuo/nc_20753206/
20753490,ネオハイツ南公園,2790,38,地下鉄七隈線,桜坂,7,3LDK,77.9,福岡県福岡市中央区谷２-2-28,https://suumo.jp//ms/chuko/fukuoka/sc_fukuokashichuo/nc_20753490/
20753981,エスポワール城西,5280,32,地下鉄空港線,西新,4,3LDK,67.29,福岡県福岡市早良区城西３,https://suumo.jp//ms/chuko/fukuoka/sc_fukuokashisawara/nc_20753981/
20753988,グランドメゾン鳥飼,5680,26,地下鉄七隈線,別府,8,3LDK,72.93,福岡県福岡市城南区鳥飼６,https://suumo.jp//ms/chuko/fukuoka/sc_fukuokashijonan/nc_20753988/
20753989,ネオハイツ南公園,2790,38,地下鉄七隈線,桜坂,7,3LDK,77.9,福岡県福岡市中央区谷２,https://suumo.jp//ms/chuko/fukuoka/sc_fukuokashichuo/nc_20753989/
20753991,グランドメゾン浄水ガーデンシティセントラルフォレスト…,12800,4,地下鉄七隈線,薬院大通,9,3LDK,74.84,福岡県福岡市中央区薬院４,https://suumo.jp//ms/chuko/fukuoka/sc_fukuokashichuo/nc_20753991/
20754810,ゾンネンハイム大手門　203,1599,53,地下鉄空港線,大濠公園,7,1DK,33.0,福岡県福岡市中央区大手門２-5-10,https://suumo.jp//ms/chuko/fukuoka/sc_fukuokashichuo/nc_20754810/
20755435,ラフィネスシャトードゥ赤坂,3699,24,地下鉄空港線,赤坂,8,1LDK,32.81,福岡県福岡市中央区大手門１-3-31,https://suumo.jp//ms/chuko/fukuoka/sc_fukuokashichuo/nc_20755435/
20755438,グランドメゾン浄水ガーデンシティ　セントラルフォレス…,12800,5,地下鉄七隈線,薬院大通,10,3LDK,74.84,福岡県福岡市中央区薬院４-14-1,https://suumo.jp//ms/chuko/fukuoka/sc_fukuokashichuo/nc_20755438/
20755571,ラ・レジダンス・ド・レーヌ,380,35,地下鉄七隈線,渡辺通,7,1K,16.61,福岡県福岡市中央区春吉２-9-25,https://suumo.jp//ms/chuko/fukuoka/sc_fukuokashichuo/nc_20755571/
20755833,シャンボール桜坂,2399,52,地下鉄七隈線,桜坂,7,2LDK,51.93,福岡県福岡市中央区古小烏町81,https://suumo.jp//ms/chuko/fukuoka/sc_fukuokashichuo/nc_20755833/
20756563,シーサイドももちアクアコート10番館,6880,33,地下鉄空港線,藤崎,12,4LDK,98.04,福岡県福岡市早良区百道浜３-4-10,https://suumo.jp//ms/chuko/fukuoka/sc_fukuokashisawara/nc_20756563/
20758909,パークエステート博多,5139,29,地下鉄箱崎線,中洲川端,6,3LDK,60.81,福岡県福岡市博多区店屋町,https://suumo.jp//ms/chuko/fukuoka/sc_fukuokashihakata/nc_20758909/
20759180,コアマンション城南ネクステージ,4490,22,地下鉄七隈線,別府,13,3LDK,77.02,福岡県福岡市城南区田島１-4-8,https://suumo.jp//ms/chuko/fukuoka/sc_fukuokashijonan/nc_20759180/
20760055,サンシティ鳥飼,3899,32,地下鉄七隈線,別府,10,3LDK,68.48,福岡県福岡市城南区鳥飼４,https://suumo.jp//ms/chuko/fukuoka/sc_fukuokashijonan/nc_20760055/
20760089,グランドメゾン薬院ザ・タワーレジデンス,7480,4,地下鉄七隈線,薬院大通,5,1LDK,53.67,福岡県福岡市中央区薬院３,https://suumo.jp//ms/chuko/fukuoka/sc_fukuokashichuo/nc_20760089/
20760407,西公園ツインタワー,4798,36,地下鉄空港線,大濠公園,10,3LDK,83.05,福岡県福岡市中央区荒戸２,https://suumo.jp//ms/chuko/fukuoka/sc_fukuokashichuo/nc_20760407/
20760864,モントーレ東比恵クレア,4199,7,地下鉄空港線,東比恵,3,1LDK,42.77,福岡県福岡市博多区東比恵３,https://suumo.jp//ms/chuko/fukuoka/sc_fukuokashihakata/nc_20760864/
20760888,イトーピア大濠,5480,44,地下鉄空港線,唐人町,8,3LDK+S（納戸）,95.31,福岡県福岡市中央区今川１-25-18,https://suumo.jp//ms/chuko/fukuoka/sc_fukuokashichuo/nc_20760888/
20761464,ゾンネンハイム大手門,2622,53,地下鉄空港線,大濠公園,9,1LDK,66.0,福岡県福岡市中央区大手門２-5,https://suumo.jp//ms/chuko/fukuoka/sc_fukuokashichuo/nc_20761464/
20762672,ザ・パークハウス藤崎紅葉山,6880,5,地下鉄空港線,藤崎,10,3LDK+S（納戸）,70.44,福岡県福岡市早良区昭代３-4-8,https://suumo.jp//ms/chuko/fukuoka/sc_fukuokashisawara/nc_20762672/
20763545,ブライト・サンリヤン藤崎二丁目,6980,14,地下鉄空港線,藤崎,9,4LDK,91.8,福岡県福岡市早良区藤崎２,https://suumo.jp//ms/chuko/fukuoka/sc_fukuokashisawara/nc_20763545/
20763546,シティハウス六本松ツインタワーズ,4980,17,地下鉄七隈線,六本松,3,2LDK,63.21,福岡県福岡市中央区草香江２,https://suumo.jp//ms/chuko/fukuoka/sc_fukuokashichuo/nc_20763546/
20764595,インプレスト天神オークタワー,5880,6,地下鉄空港線,赤坂,9,2LDK,56.79,福岡県福岡市中央区長浜２,https://suumo.jp//ms/chuko/fukuoka/sc_fukuokashichuo/nc_20764595/
20766285,グランドメゾン浄水ガーデンシティセントラルフォレスト…,12800,5,地下鉄七隈線,薬院大通,9,3LDK,74.84,福岡県福岡市中央区薬院４-341,https://suumo.jp//ms/chuko/fukuoka/sc_fukuokashichuo/nc_20766285/
20766289,藤和城西コーポ,2699,52,地下鉄七隈線,別府,7,3LDK,84.5,福岡県福岡市城南区別府４-13-29,https://suumo.jp//ms/chuko/fukuoka/sc_fukuokashijonan/nc_20766289/
20766547,住吉ハイツ,2599,46,ＪＲ鹿児島本線,博多,14,2LDK,67.2,福岡県福岡市博多区住吉５,https://suumo.jp//ms/chuko/fukuoka/sc_fukuokashihakata/nc_20766547/
20767793,ネクサス薬院,12880,11,地下鉄七隈線,薬院大通,4,3LDK,94.52,福岡県福岡市中央区薬院１,https://suumo.jp//ms/chuko/fukuoka/sc_fukuokashichuo/nc_20767793/
20768257,モントーレヴェルキューブシティ福岡空港駅,3490,16,地下鉄空港線,福岡空港,11,2LDK,59.19,福岡県糟屋郡志免町別府西３,https://suumo.jp//ms/chuko/fukuoka/sc_kasuyagunshime/nc_20768257/
20770093,サンシティ鳥飼,3899,32,地下鉄七隈線,別府,10,3LDK,68.48,福岡県福岡市城南区鳥飼４,https://suumo.jp//ms/chuko/fukuoka/sc_fukuokashijonan/nc_20770093/
20770211,東峰マンション博多駅東,1280,41,地下鉄空港線,東比恵,8,1K,23.17,福岡県福岡市博多区比恵町7-27,https://suumo.jp//ms/chuko/fukuoka/sc_fukuokashihakata/nc_20770211/
20771795,ライオンズマンション薬院第３,3090,46,地下鉄七隈線,薬院大通,7,2LDK,56.1,福岡県福岡市中央区薬院３-11-16,https://suumo.jp//ms/chuko/fukuoka/sc_fukuokashichuo/nc_20771795/
20772301,グランドメゾン西新,7280,29,地下鉄空港線,西新,6,2LDK,71.37,福岡県福岡市早良区城西１,https://suumo.jp//ms/chuko/fukuoka/sc_fukuokashisawara/nc_20772301/
20772735,グラン・コート薬院,5380,28,西鉄天神大牟田線,薬院,4,3LDK,68.04,福岡県福岡市中央区薬院１,https://suumo.jp//ms/chuko/fukuoka/sc_fukuokashichuo/nc_20772735/
20773709,東峰マンション第二西公園,3498,44,地下鉄空港線,唐人町,9,3LDK,73.55,福岡県福岡市中央区荒戸３-3-48,https://suumo.jp//ms/chuko/fukuoka/sc_fukuokashichuo/nc_20773709/
20773745,フリーディア赤坂レジデンス,10880,8,地下鉄空港線,赤坂,5,3LDK,84.69,福岡県福岡市中央区舞鶴３,https://suumo.jp//ms/chuko/fukuoka/sc_fukuokashichuo/nc_20773745/
20773746,大濠公園パークホームズ,7500,26,地下鉄空港線,唐人町,8,3LDK,83.42,福岡県福岡市中央区今川１,https://suumo.jp//ms/chuko/fukuoka/sc_fukuokashichuo/nc_20773746/
20775804,アンピール西新,7200,22,地下鉄空港線,西新,9,4LDK,93.58,福岡県福岡市早良区城西３,https://suumo.jp//ms/chuko/fukuoka/sc_fukuokashisawara/nc_20775804/
20776147,グランドメゾン大濠南,10990,25,地下鉄七隈線,六本松,3,3LDK+S（納戸）,98.79,福岡県福岡市中央区草香江２-1-38,https://suumo.jp//ms/chuko/fukuoka/sc_fukuokashichuo/nc_20776147/
20776332,アーサー大濠?楽部スカイコート,6390,30,地下鉄空港線,唐人町,5,3LDK,72.6,福岡県福岡市中央区荒戸３,https://suumo.jp//ms/chuko/fukuoka/sc_fukuokashichuo/nc_20776332/
20776671,エンクレストベイサイド通り,4599,10,地下鉄空港線,中洲川端,15,1LDK+S（納戸）,54.65,福岡県福岡市博多区築港本町7-14,https://suumo.jp//ms/chuko/fukuoka/sc_fukuokashihakata/nc_20776671/
20776674,クリオラベルヴィ呉服町,4499,8,地下鉄空港線,中洲川端,13,2LDK,47.0,福岡県福岡市博多区下呉服町3-19,https://suumo.jp//ms/chuko/fukuoka/sc_fukuokashihakata/nc_20776674/
20776675,クリオラベルヴィ呉服町,3299,8,地下鉄空港線,中洲川端,13,1LDK,34.4,福岡県福岡市博多区下呉服町3-19,https://suumo.jp//ms/chuko/fukuoka/sc_fukuokashihakata/nc_20776675/
20777150,赤坂パインマンション,3899,45,地下鉄空港線,赤坂,8,2LDK,72.0,福岡県福岡市中央区赤坂１-2-6,https://suumo.jp//ms/chuko/fukuoka/sc_fukuokashichuo/nc_20777150/
20779585,朝日プラザ薬院,4180,42,地下鉄七隈線,薬院大通,7,2LDK,63.32,福岡県福岡市中央区薬院２-11-10,https://suumo.jp//ms/chuko/fukuoka/sc_fukuokashichuo/nc_20779585/
20779998,アクロス天神センタープラザ,6999,21,地下鉄七隈線,天神南,6,2LDK,71.11,福岡県福岡市中央区渡辺通３,https://suumo.jp//ms/chuko/fukuoka/sc_fukuokashichuo/nc_20779998/
20780000,ザ・パークハウス天神今泉,17200,6,西鉄天神大牟田線,薬院,6,3LDK,104.72,福岡県福岡市中央区今泉２,https://suumo.jp//ms/chuko/fukuoka/sc_fukuokashichuo/nc_20780000/
20780392,サンライフ六本松,4280,42,地下鉄七隈線,六本松,2,1LDK,60.04,福岡県福岡市中央区草香江２,https://suumo.jp//ms/chuko/fukuoka/sc_fukuokashichuo/nc_20780392/
20780394,デュオヴェール博多駅,5999,3,地下鉄空港線,博多,7,2LDK,48.76,福岡県福岡市博多区博多駅南１,https://suumo.jp//ms/chuko/fukuoka/sc_fukuokashihakata/nc_20780394/
20780485,ブリリアタワー西新,18680,5,地下鉄空港線,西新,1,3LDK,80.74,福岡県福岡市早良区西新４,https://suumo.jp//ms/chuko/fukuoka/sc_fukuokashisawara/nc_20780485/
20780488,アクセス天神Ⅱ,6380,25,西鉄天神大牟田線,薬院,5,3LDK,83.28,福岡県福岡市中央区今泉１,https://suumo.jp//ms/chuko/fukuoka/sc_fukuokashichuo/nc_20780488/
20780545,チサンマンション西公園,3799,42,地下鉄空港線,大濠公園,8,2LDK,57.32,福岡県福岡市中央区荒戸２,https://suumo.jp//ms/chuko/fukuoka/sc_fukuokashichuo/nc_20780545/
20780548,藤和シティホームズ別府,5780,30,地下鉄七隈線,別府,1,3LDK,70.15,福岡県福岡市城南区別府２,https://suumo.jp//ms/chuko/fukuoka/sc_fukuokashijonan/nc_20780548/
20780549,ロイヤルマンション大濠セーヌ,7280,23,地下鉄七隈線,六本松,7,2LDK+S（納戸）,71.25,福岡県福岡市中央区草香江２,https://suumo.jp//ms/chuko/fukuoka/sc_fukuokashichuo/nc_20780549/
20782142,ネオハイツ南公園,2790,38,地下鉄七隈線,桜坂,7,3LDK,77.9,福岡県福岡市中央区谷２,https://suumo.jp//ms/chuko/fukuoka/sc_fukuokashichuo/nc_20782142/
20782158,ロワールガーデン西公園東２,7280,26,地下鉄空港線,大濠公園,7,4LDK,82.19,福岡県福岡市中央区港１,https://suumo.jp//ms/chuko/fukuoka/sc_fukuokashichuo/nc_20782158/
20782163,コアマンション神屋町,5480,30,地下鉄空港線,中洲川端,10,3LDK,71.85,福岡県福岡市博多区神屋町,https://suumo.jp//ms/chuko/fukuoka/sc_fukuokashihakata/nc_20782163/
20782749,ロマネスク西公園第７,3490,35,地下鉄空港線,大濠公園,15,1LDK+S（納戸）,69.3,福岡県福岡市中央区港３,https://suumo.jp//ms/chuko/fukuoka/sc_fukuokashichuo/nc_20782749/
20785394,アンピールマキシム大濠,13500,26,地下鉄空港線,大濠公園,6,3LDK,123.43,福岡県福岡市中央区荒戸２,https://suumo.jp//ms/chuko/fukuoka/sc_fukuokashichuo/nc_20785394/
20785395,ライオンズマンション大濠パークサイド,10700,23,地下鉄空港線,唐人町,11,4LDK,103.85,福岡県福岡市中央区鳥飼２,https://suumo.jp//ms/chuko/fukuoka/sc_fukuokashichuo/nc_20785395/
20785396,チサンマンション大手門,2780,45,地下鉄空港線,大濠公園,6,2LDK,72.05,福岡県福岡市中央区大手門２,https://suumo.jp//ms/chuko/fukuoka/sc_fukuokashichuo/nc_20785396/
20785843,西新防塁パーク・マンション,4598,32,地下鉄空港線,藤崎,8,3LDK,65.49,福岡県福岡市早良区西新７,https://suumo.jp//ms/chuko/fukuoka/sc_fukuokashisawara/nc_20785843/
20785852,ソレイユ赤坂南,5298,37,地下鉄七隈線,桜坂,7,3LDK+S（納戸）,75.03,福岡県福岡市中央区六本松３,https://suumo.jp//ms/chuko/fukuoka/sc_fukuokashichuo/nc_20785852/
20785856,ロイヤルマンション別府６,3700,32,地下鉄七隈線,別府,8,4LDK,81.19,福岡県福岡市城南区別府６,https://suumo.jp//ms/chuko/fukuoka/sc_fukuokashijonan/nc_20785856/
20786093,エンゼルハイム鳥飼中央,4980,25,地下鉄空港線,唐人町,15,3LDK,75.68,福岡県福岡市中央区鳥飼１,https://suumo.jp//ms/chuko/fukuoka/sc_fukuokashichuo/nc_20786093/
20786690,トラスト福岡空港駅レジデンス,3940,2,地下鉄空港線,福岡空港,14,3LDK,67.85,福岡県糟屋郡志免町別府北４,https://suumo.jp//ms/chuko/fukuoka/sc_kasuyagunshime/nc_20786690/
20786978,藤和城西コーポ,2390,52,地下鉄七隈線,別府,7,3LDK,71.5,福岡県福岡市城南区別府４,https://suumo.jp//ms/chuko/fukuoka/sc_fukuokashijonan/nc_20786978/
71893185,スワローハイツ山荘通,2180,40,地下鉄七隈線,薬院大通,14,3LDK,79.27,福岡県福岡市中央区平尾４,https://suumo.jp//ms/chuko/fukuoka/sc_fukuokashichuo/nc_71893185/
73662868,サングレート薬院駅ロイヤルウィン,5680,23,西鉄天神大牟田線,薬院,4,1LDK,55.72,福岡県福岡市中央区平尾１,https://suumo.jp//ms/chuko/fukuoka/sc_fukuokashichuo/nc_73662868/
74279125,ザ・パークハウス桜坂サンリヤン,16500,8,地下鉄七隈線,桜坂,3,4LDK,105.07,福岡県福岡市中央区桜坂３,https://suumo.jp//ms/chuko/fukuoka/sc_fukuokashichuo/nc_74279125/
74671558,ティアラ薬院,4580,35,地下鉄七隈線,薬院大通,3,2LDK,87.4,福岡県福岡市中央区薬院２,https://suumo.jp//ms/chuko/fukuoka/sc_fukuokashichuo/nc_74671558/
74991725,オーセントスクエア室見アーバンコンフォート,3200,22,地下鉄空港線,藤崎,15,2LDK,60.03,福岡県福岡市早良区室見４,https://suumo.jp//ms/chuko/fukuoka/sc_fukuokashisawara/nc_74991725/
75026535,エステートマンション大濠・相羽ビル,6800,40,地下鉄七隈線,六本松,9,3LDK,102.26,福岡県福岡市中央区大濠１,https://suumo.jp//ms/chuko/fukuoka/sc_fukuokashichuo/nc_75026535/
75745223,オープンレジデンシア博多住吉,3490,3,地下鉄七隈線,櫛田神社前,8,1LDK,31.13,福岡県福岡市博多区住吉２-7-1,https://suumo.jp//ms/chuko/fukuoka/sc_fukuokashihakata/nc_75745223/
75782046,天神ロイヤルハイツ,9900,45,地下鉄空港線,天神,10,ワンルーム,68.37,福岡県福岡市中央区天神５,https://suumo.jp//ms/chuko/fukuoka/sc_fukuokashichuo/nc_75782046/
75894792,オープンレジデンシア天神今泉,3750,3,地下鉄七隈線,薬院大通,7,1LDK,34.12,福岡県福岡市中央区今泉２,https://suumo.jp//ms/chuko/fukuoka/sc_fukuokashichuo/nc_75894792/
75917403,オープンレジデンシア薬院白金,3590,3,地下鉄七隈線,薬院,8,1LDK,33.92,福岡県福岡市中央区白金２-1-24,https://suumo.jp//ms/chuko/fukuoka/sc_fukuokashichuo/nc_75917403/
75963392,ライオンズマンション浄水,1880,49,地下鉄七隈線,薬院大通,6,3DK,71.67,福岡県福岡市中央区御所ヶ谷,https://suumo.jp//ms/chuko/fukuoka/sc_fukuokashichuo/nc_75963392/
76105420,オープンレジデンシア大濠西,3220,2,地下鉄空港線,唐人町,8,1LDK,34.31,福岡県福岡市中央区今川２,https://suumo.jp//ms/chuko/fukuoka/sc_fukuokashichuo/nc_76105420/
76206976,朝日プラザ天神,3180,40,地下鉄空港線,天神,4,ワンルーム,43.65,福岡県福岡市中央区舞鶴１,https://suumo.jp//ms/chuko/fukuoka/sc_fukuokashichuo/nc_76206976/
76364232,ブリリアタワー西新,23800,5,地下鉄空港線,西新,1,3LDK,100.08,福岡県福岡市早良区西新４,https://suumo.jp//ms/chuko/fukuoka/sc_fukuokashisawara/nc_76364232/
76431436,アーバンパレスアクス大濠Ⅱ,4890,27,地下鉄空港線,唐人町,5,3LDK,74.2,福岡県福岡市中央区荒戸３-3-15,https://suumo.jp//ms/chuko/fukuoka/sc_fukuokashichuo/nc_76431436/
76842988,アクタス大手門パークシティ,9980,21,地下鉄空港線,赤坂,7,3LDK,93.92,福岡県福岡市中央区大手門１-２－１８,https://suumo.jp//ms/chuko/fukuoka/sc_fukuokashichuo/nc_76842988/
76865748,アクタス大手門パークシティ,9980,21,地下鉄空港線,赤坂,7,3LDK,93.92,福岡県福岡市中央区大手門１,https://suumo.jp//ms/chuko/fukuoka/sc_fukuokashichuo/nc_76865748/
76993707,サングレート平尾山荘,8000,8,地下鉄七隈線,薬院大通,15,2LDK,83.36,福岡県福岡市中央区平尾５,https://suumo.jp//ms/chuko/fukuoka/sc_fukuokashichuo/nc_76993707/
77192946,藤和コープソシエ大名,2900,47,地下鉄七隈線,天神南,8,1LDK,58.91,福岡県福岡市中央区大名１,https://suumo.jp//ms/chuko/fukuoka/sc_fukuokashichuo/nc_77192946/
77201526,エンゼルハイム大濠公園南,3899,36,地下鉄七隈線,別府,4,3LDK,69.03,福岡県福岡市城南区鳥飼６,https://suumo.jp//ms/chuko/fukuoka/sc_fukuokashijonan/nc_77201526/
77251778,トラスト福岡空港駅レジデンス,3790,2,地下鉄空港線,福岡空港,14,3LDK,65.55,福岡県糟屋郡志免町別府北４,https://suumo.jp//ms/chuko/fukuoka/sc_kasuyagunshime/nc_77251778/
77332781,アメックス大濠タワー,17800,20,地下鉄空港線,大濠公園,5,3LDK,145.2,福岡県福岡市中央区大手門３-1-30,https://suumo.jp//ms/chuko/fukuoka/sc_fukuokashichuo/nc_77332781/
77341516,グランドメゾン大濠公園ＴＨＥ　ＣＬＡＳＳ,14000,2,地下鉄空港線,大濠公園,4,3LDK,80.07,福岡県福岡市中央区荒戸２,https://suumo.jp//ms/chuko/fukuoka/sc_fukuokashichuo/nc_77341516/
77357198,マンションアベニュー,2680,52,地下鉄空港線,西新,4,1LDK,44.57,福岡県福岡市早良区西新５,https://suumo.jp//ms/chuko/fukuoka/sc_fukuokashisawara/nc_77357198/
77427348,アクタス大手門パークシティ,9980,21,地下鉄空港線,赤坂,6,3LDK,93.92,福岡県福岡市中央区大手門１,https://suumo.jp//ms/chuko/fukuoka/sc_fukuokashichuo/nc_77427348/
77529888,西公園ハウス,2450,40,地下鉄空港線,大濠公園,14,2LDK,71.7,福岡県福岡市中央区西公園11-10,https://suumo.jp//ms/chuko/fukuoka/sc_fukuokashichuo/nc_77529888/
77530800,皐月マンシヨン博多,890,47,地下鉄空港線,博多,6,ワンルーム,23.06,福岡県福岡市博多区博多駅前３,https://suumo.jp//ms/chuko/fukuoka/sc_fukuokashihakata/nc_77530800/
77534876,ダイアパレス大名第２,2980,40,地下鉄空港線,赤坂,5,1LDK,63.0,福岡県福岡市中央区大名１-8-32,https://suumo.jp//ms/chuko/fukuoka/sc_fukuokashichuo/nc_77534876/
77539723,グランドステイツ大濠公園南,8280,22,地下鉄七隈線,六本松,3,3LDK,80.69,福岡県福岡市中央区六本松３,https://suumo.jp//ms/chuko/fukuoka/sc_fukuokashichuo/nc_77539723/
77553274,オープンレジデンシア博多住吉,3980,3,地下鉄七隈線,櫛田神社前,6,1LDK,38.65,福岡県福岡市博多区住吉２,https://suumo.jp//ms/chuko/fukuoka/sc_fukuokashihakata/nc_77553274/
77583529,グランドメゾン百道プレイス,10820,10,地下鉄空港線,藤崎,3,3LDK,90.65,福岡県福岡市早良区百道２,https://suumo.jp//ms/chuko/fukuoka/sc_fukuokashisawara/nc_77583529/
77585206,ロイヤルマンション別府6,3700,32,地下鉄七隈線,別府,6,4LDK,81.19,福岡県福岡市城南区別府６,https://suumo.jp//ms/chuko/fukuoka/sc_fukuokashijonan/nc_77585206/
77605697,CLUB THE. 薬院ステーションタワー,46000,6,地下鉄七隈線,薬院,2,2LDK+S（納戸）,138.16,福岡県福岡市中央区白金１-17-34,https://suumo.jp//ms/chuko/fukuoka/sc_fukuokashichuo/nc_77605697/
77616720,アーサー別府プレミアム,6480,23,地下鉄七隈線,別府,9,4LDK+S（納戸）,138.62,福岡県福岡市城南区別府４,https://suumo.jp//ms/chuko/fukuoka/sc_fukuokashijonan/nc_77616720/
77631768,コアマンション祖原公園,3980,27,地下鉄空港線,西新,15,2LDK,71.8,福岡県福岡市早良区昭代１,https://suumo.jp//ms/chuko/fukuoka/sc_fukuokashisawara/nc_77631768/
77676580,CLUB THE. 薬院ステーションタワー,46000,6,西鉄天神大牟田線,薬院,2,2LDK+S（納戸）,138.16,福岡県福岡市中央区白金１,https://suumo.jp//ms/chuko/fukuoka/sc_fukuokashichuo/nc_77676580/
77737101,ロイヤルマンション別府六,3700,32,地下鉄七隈線,別府,7,4LDK,81.19,福岡県福岡市城南区別府６,https://suumo.jp//ms/chuko/fukuoka/sc_fukuokashijonan/nc_77737101/
77748360,レーベン福岡天神ONETOWER,15358,2,地下鉄空港線,天神,6,3LDK,83.43,福岡県福岡市中央区天神５,https://suumo.jp//ms/chuko/fukuoka/sc_fukuokashichuo/nc_77748360/
77763961,オープンレジデンシア博多空港通り,3490,2,地下鉄空港線,博多,11,1LDK,34.38,福岡県福岡市博多区東光２,https://suumo.jp//ms/chuko/fukuoka/sc_fukuokashihakata/nc_77763961/
77788575,ライオンズマンション西新,2980,44,地下鉄空港線,藤崎,4,2LDK,66.36,福岡県福岡市早良区西新７,https://suumo.jp//ms/chuko/fukuoka/sc_fukuokashisawara/nc_77788575/
77794350,ライオンズマンションマキシム桜坂II,4380,28,地下鉄七隈線,桜坂,5,3LDK,85.78,福岡県福岡市中央区谷１,https://suumo.jp//ms/chuko/fukuoka/sc_fukuokashichuo/nc_77794350/
77821582,ハイライフ平尾,2690,49,地下鉄七隈線,薬院大通,14,1LDK,57.13,福岡県福岡市中央区平尾４-7-17,https://suumo.jp//ms/chuko/fukuoka/sc_fukuokashichuo/nc_77821582/
77854406,藤和城西コープ,1998,52,地下鉄七隈線,別府,8,2LDK,52.82,福岡県福岡市城南区別府４,https://suumo.jp//ms/chuko/fukuoka/sc_fukuokashijonan/nc_77854406/
77878615,オープンレジデンシア博多空港通り,4448,2,ＪＲ鹿児島本線,博多,9,2LDK,48.97,福岡県福岡市博多区東光２-6-12,https://suumo.jp//ms/chuko/fukuoka/sc_fukuokashihakata/nc_77878615/
77889490,アルデ別府,4490,20,地下鉄七隈線,別府,6,4LDK,107.96,福岡県福岡市城南区別府１-16-28,https://suumo.jp//ms/chuko/fukuoka/sc_fukuokashijonan/nc_77889490/
77890908,Brillia Tower西新　ブリリアタワー西新,33000,5,地下鉄空港線,西新,1,2LDK,101.82,福岡県福岡市早良区西新４,https://suumo.jp//ms/chuko/fukuoka/sc_fukuokashisawara/nc_77890908/
77892861,MJR赤坂タワー,15800,9,地下鉄空港線,赤坂,1,2LDK,69.03,福岡県福岡市中央区赤坂１,https://suumo.jp//ms/chuko/fukuoka/sc_fukuokashichuo/nc_77892861/
77901231,Brillia　Tower西新,33000,5,地下鉄空港線,西新,2,2LDK,101.82,福岡県福岡市早良区西新４,https://suumo.jp//ms/chuko/fukuoka/sc_fukuokashisawara/nc_77901231/
77901688,ブリリアタワー西新,33000,5,地下鉄空港線,西新,1,2LDK,101.82,福岡県福岡市早良区西新４,https://suumo.jp//ms/chuko/fukuoka/sc_fukuokashisawara/nc_77901688/
77915413,MJR赤坂タワー,15800,9,地下鉄空港線,赤坂,1,2LDK,69.03,福岡県福岡市中央区赤坂１,https://suumo.jp//ms/chuko/fukuoka/sc_fukuokashichuo/nc_77915413/
77918095,BrilliaTower西新（ブリリアタワー西新）,33000,5,地下鉄空港線,西新,1,2LDK+S（納戸）,101.82,福岡県福岡市早良区西新４,https://suumo.jp//ms/chuko/fukuoka/sc_fukuokashisawara/nc_77918095/
77918934,ＧＳハイム博多,2200,46,地下鉄空港線,東比恵,5,3LDK,66.15,福岡県福岡市博多区博多駅東２,https://suumo.jp//ms/chuko/fukuoka/sc_fukuokashihakata/nc_77918934/
77933473,ライオンズマンション西新,2980,44,地下鉄空港線,藤崎,3,2LDK,66.36,福岡県福岡市早良区西新７,https://suumo.jp//ms/chuko/fukuoka/sc_fukuokashisawara/nc_77933473/
77934409,MJR赤坂タワー,15800,9,地下鉄空港線,赤坂,1,2LDK,69.03,福岡県福岡市中央区赤坂１,https://suumo.jp//ms/chuko/fukuoka/sc_fukuokashichuo/nc_77934409/
77940315,Ｂｒｉｌｌｉａ　Ｔｏｗｅｒ西新・ＰＲＡＬＩＶＡ,33000,5,地下鉄空港線,西新,1,2LDK+S（納戸）,101.82,福岡県福岡市早良区西新４,https://suumo.jp//ms/chuko/fukuoka/sc_fukuokashisawara/nc_77940315/
77940319,ＭＪＲ赤坂タワー,15800,9,地下鉄空港線,赤坂,1,2LDK,69.03,福岡県福岡市中央区赤坂１,https://suumo.jp//ms/chuko/fukuoka/sc_fukuokashichuo/nc_77940319/
77951272,コープ野村博多東,2680,46,地下鉄空港線,東比恵,5,2LDK,69.36,福岡県福岡市博多区比恵町4-27,https://suumo.jp//ms/chuko/fukuoka/sc_fukuokashihakata/nc_77951272/
77959137,MJR赤坂タワー,15800,9,地下鉄空港線,赤坂,1,2LDK,69.03,福岡県福岡市中央区赤坂１,https://suumo.jp//ms/chuko/fukuoka/sc_fukuokashichuo/nc_77959137/
77963044,シティオ鳥飼,3680,30,地下鉄七隈線,六本松,5,3LDK,66.69,福岡県福岡市城南区鳥飼５,https://suumo.jp//ms/chuko/fukuoka/sc_fukuokashijonan/nc_77963044/
78014368,クリスタージュ２番館,4990,34,地下鉄空港線,藤崎,11,4LDK,102.28,福岡県福岡市早良区百道浜４,https://suumo.jp//ms/chuko/fukuoka/sc_fukuokashisawara/nc_78014368/
78062008,ホワイティ薬院,2248,51,西鉄天神大牟田線,薬院,3,1LDK,38.81,福岡県福岡市中央区薬院１,https://suumo.jp//ms/chuko/fukuoka/sc_fukuokashichuo/nc_78062008/
78077315,ＭＪＲ桜坂ザ・レジデンス,8990,7,地下鉄七隈線,桜坂,1,3LDK,89.39,福岡県福岡市中央区桜坂１,https://suumo.jp//ms/chuko/fukuoka/sc_fukuokashichuo/nc_78077315/
78085177,グランドメゾン大濠公園２０１７,13500,9,地下鉄空港線,大濠公園,4,2LDK,93.44,福岡県福岡市中央区荒戸１,https://suumo.jp//ms/chuko/fukuoka/sc_fukuokashichuo/nc_78085177/
78092052,ライオンズマンションマキシム浄水通り,1980,45,地下鉄七隈線,薬院大通,3,ワンルーム,36.55,福岡県福岡市中央区薬院４-18-15,https://suumo.jp//ms/chuko/fukuoka/sc_fukuokashichuo/nc_78092052/
78097789,ザ・パークハウス桜坂サンリヤン,8900,8,地下鉄七隈線,桜坂,3,3LDK,75.95,福岡県福岡市中央区桜坂３,https://suumo.jp//ms/chuko/fukuoka/sc_fukuokashichuo/nc_78097789/
78105959,Brillia平尾浄水,12900,17,地下鉄七隈線,薬院大通,11,3LDK,127.99,福岡県福岡市中央区平尾浄水町4-7,https://suumo.jp//ms/chuko/fukuoka/sc_fukuokashichuo/nc_78105959/
78108711,KBCマンションユーハイム百道,3750,40,地下鉄空港線,藤崎,6,3LDK,83.47,福岡県福岡市早良区百道１,https://suumo.jp//ms/chuko/fukuoka/sc_fukuokashisawara/nc_78108711/
78112179,オープンレジデンシア渡辺通,6490,5,地下鉄七隈線,渡辺通,6,2LDK,66.02,福岡県福岡市中央区清川１,https://suumo.jp//ms/chuko/fukuoka/sc_fukuokashichuo/nc_78112179/
78116650,百道タワー,10980,22,地下鉄空港線,西新,13,3LDK,108.68,福岡県福岡市早良区百道浜１,https://suumo.jp//ms/chuko/fukuoka/sc_fukuokashisawara/nc_78116650/
78135127,オープンレジデンシア渡辺通南,3800,2,地下鉄七隈線,渡辺通,10,1LDK,38.25,福岡県福岡市中央区清川２,https://suumo.jp//ms/chuko/fukuoka/sc_fukuokashichuo/nc_78135127/
78138910,ダイナコート赤坂南,2100,38,地下鉄七隈線,桜坂,5,3LDK,63.3,福岡県福岡市中央区桜坂２-5-43,https://suumo.jp//ms/chuko/fukuoka/sc_fukuokashichuo/nc_78138910/
78200191,クリオ渡辺通サザンマークス,5980,2,地下鉄七隈線,渡辺通,15,3LDK,67.0,福岡県福岡市中央区清川３,https://suumo.jp//ms/chuko/fukuoka/sc_fukuokashichuo/nc_78200191/
78214946,【リフォーム完了しました☆彡】サンシティ鳥飼,3899,32,地下鉄七隈線,別府,10,3LDK,68.48,福岡県福岡市城南区鳥飼４-9-3,https://suumo.jp//ms/chuko/fukuoka/sc_fukuokashijonan/nc_78214946/
78230993,ロイヤルマンション別府６,3700,32,地下鉄七隈線,別府,7,4LDK,81.19,福岡県福岡市城南区別府６,https://suumo.jp//ms/chuko/fukuoka/sc_fukuokashijonan/nc_78230993/
78239404,サンシティ鳥飼,3899,32,地下鉄七隈線,別府,10,3LDK,68.48,福岡県福岡市城南区鳥飼４-9-3,https://suumo.jp//ms/chuko/fukuoka/sc_fukuokashijonan/nc_78239404/
78252151,デュオヴェール平尾,3498,3,西鉄天神大牟田線,薬院,15,1LDK,34.05,福岡県福岡市中央区平尾２,https://suumo.jp//ms/chuko/fukuoka/sc_fukuokashichuo/nc_78252151/
78268682,サンシティ鳥飼,3899,32,地下鉄七隈線,別府,9,3LDK,68.48,福岡県福岡市城南区鳥飼４,https://suumo.jp//ms/chuko/fukuoka/sc_fukuokashijonan/nc_78268682/
78294683,ネクサス薬院,12880,11,地下鉄七隈線,薬院大通,3,3LDK,94.52,福岡県福岡市中央区薬院１,https://suumo.jp//ms/chuko/fukuoka/sc_fukuokashichuo/nc_78294683/
78307032,シティマンション大名,4500,39,地下鉄空港線,赤坂,6,3LDK,64.98,福岡県福岡市中央区大名１,https://suumo.jp//ms/chuko/fukuoka/sc_fukuokashichuo/nc_78307032/
78314270,サンシティ鳥飼,3899,32,地下鉄七隈線,別府,11,3LDK,68.48,福岡県福岡市城南区鳥飼４,https://suumo.jp//ms/chuko/fukuoka/sc_fukuokashijonan/nc_78314270/
78317769,サンシティ鳥飼,3899,32,地下鉄七隈線,別府,11,3LDK,68.48,福岡県福岡市城南区鳥飼４,https://suumo.jp//ms/chuko/fukuoka/sc_fukuokashijonan/nc_78317769/
78325037,ロマネスク大濠アネックス,3099,39,地下鉄空港線,唐人町,13,2LDK,59.65,福岡県福岡市中央区鳥飼２,https://suumo.jp//ms/chuko/fukuoka/sc_fukuokashichuo/nc_78325037/
78330015,ヒルズ平尾,6480,28,地下鉄七隈線,薬院大通,15,4LDK,93.25,福岡県福岡市中央区平尾４,https://suumo.jp//ms/chuko/fukuoka/sc_fukuokashichuo/nc_78330015/
78333936,オープンレジデンシア博多駅南(未入居),4248,2,ＪＲ博多南線,博多,14,2LDK,41.35,福岡県福岡市博多区博多駅南２-8-34,https://suumo.jp//ms/chuko/fukuoka/sc_fukuokashihakata/nc_78333936/
78334003,オープンレジデンシア博多空港通り(未入居),4448,2,ＪＲ篠栗線,博多,12,2LDK,48.97,福岡県福岡市博多区東光２-6-12,https://suumo.jp//ms/chuko/fukuoka/sc_fukuokashihakata/nc_78334003/
78334227,ロマネスク大濠アネックス,3099,39,地下鉄空港線,唐人町,14,2LDK,59.65,福岡県福岡市中央区鳥飼２-6-15,https://suumo.jp//ms/chuko/fukuoka/sc_fukuokashichuo/nc_78334227/
78348132,オープンレジデンシア博多住吉,3980,3,地下鉄空港線,博多,9,1LDK,38.65,福岡県福岡市博多区住吉２,https://suumo.jp//ms/chuko/fukuoka/sc_fukuokashihakata/nc_78348132/
78355670,ライオンズマンション薬院第５,3180,44,地下鉄七隈線,薬院大通,3,2LDK,65.31,福岡県福岡市中央区薬院２,https://suumo.jp//ms/chuko/fukuoka/sc_fukuokashichuo/nc_78355670/
78371177,日商岩井新福陵マンション,2380,48,地下鉄空港線,藤崎,14,4LDK,92.26,福岡県福岡市早良区荒江３,https://suumo.jp//ms/chuko/fukuoka/sc_fukuokashisawara/nc_78371177/
78379810,モントーレラコルタユニバ通り,2580,13,地下鉄空港線,福岡空港,9,3LDK,76.52,福岡県糟屋郡志免町別府西３-13-7,https://suumo.jp//ms/chuko/fukuoka/sc_kasuyagunshime/nc_78379810/
78388805,ＭＪＲ百道二丁目,6980,19,地下鉄空港線,藤崎,5,4LDK,94.63,福岡県福岡市早良区百道２,https://suumo.jp//ms/chuko/fukuoka/sc_fukuokashisawara/nc_78388805/
78392749,藤崎ロジュマン,4380,38,地下鉄空港線,藤崎,10,4LDK,82.76,福岡県福岡市早良区昭代３-9-5,https://suumo.jp//ms/chuko/fukuoka/sc_fukuokashisawara/nc_78392749/
78393758,サニークレスト荒江,1790,44,地下鉄七隈線,別府,14,4LDK,81.47,福岡県福岡市城南区荒江１,https://suumo.jp//ms/chuko/fukuoka/sc_fukuokashijonan/nc_78393758/
78393786,藤崎ロジュマン,4380,38,地下鉄空港線,藤崎,13,4LDK,82.76,福岡県福岡市早良区昭代３-9-5,https://suumo.jp//ms/chuko/fukuoka/sc_fukuokashisawara/nc_78393786/
78395279,レーベン福岡天神ＯＮＥＴＯＷＥＲ,15358,2,地下鉄空港線,天神,6,3LDK,83.43,福岡県福岡市中央区天神５,https://suumo.jp//ms/chuko/fukuoka/sc_fukuokashichuo/nc_78395279/
78397837,シャトレ大濠,1680,45,地下鉄空港線,西新,12,1LDK,50.81,福岡県福岡市中央区鳥飼１-4-38,https://suumo.jp//ms/chuko/fukuoka/sc_fukuokashichuo/nc_78397837/
78404649,赤坂エクセル　207,3450,52,地下鉄空港線,赤坂,12,2LDK,79.5,福岡県福岡市中央区赤坂３-8-26,https://suumo.jp//ms/chuko/fukuoka/sc_fukuokashichuo/nc_78404649/
78439167,コスモ博多古門戸,4399,23,地下鉄箱崎線,中洲川端,9,1LDK+S（納戸）,54.49,福岡県福岡市博多区古門戸町,https://suumo.jp//ms/chuko/fukuoka/sc_fukuokashihakata/nc_78439167/
78457540,藤崎ロジュマン,4380,38,地下鉄空港線,藤崎,10,4LDK,82.76,福岡県福岡市早良区昭代３,https://suumo.jp//ms/chuko/fukuoka/sc_fukuokashisawara/nc_78457540/
78473165,モントーレラコルタユニバ通り,2280,13,地下鉄空港線,福岡空港,11,2LDK,66.03,福岡県糟屋郡志免町別府西３,https://suumo.jp//ms/chuko/fukuoka/sc_kasuyagunshime/nc_78473165/
78475513,コスモ博多古門戸,4399,23,地下鉄箱崎線,中洲川端,9,1LDK+S（納戸）,54.49,福岡県福岡市博多区古門戸町10,https://suumo.jp//ms/chuko/fukuoka/sc_fukuokashihakata/nc_78475513/
78475889,サングレート博多ロイヤルステージ,4780,14,地下鉄空港線,東比恵,12,4LDK,91.02,福岡県福岡市博多区半道橋１,https://suumo.jp//ms/chuko/fukuoka/sc_fukuokashihakata/nc_78475889/
78492222,アンピール大濠公園,6990,20,地下鉄空港線,大濠公園,7,2LDK+S（納戸）,82.08,福岡県福岡市中央区荒戸２,https://suumo.jp//ms/chuko/fukuoka/sc_fukuokashichuo/nc_78492222/
78511958,チサンマンション祇園,1878,46,地下鉄七隈線,櫛田神社前,5,1LDK,40.08,福岡県福岡市博多区祇園町,https://suumo.jp//ms/chuko/fukuoka/sc_fukuokashihakata/nc_78511958/
78515294,日商岩井弥生マンション,1340,47,地下鉄空港線,藤崎,14,4LDK,87.49,福岡県福岡市早良区原１-41 - 1,https://suumo.jp//ms/chuko/fukuoka/sc_fukuokashisawara/nc_78515294/
78516843,ミスモ天神,3880,3,地下鉄七隈線,渡辺通,4,1LDK,33.37,福岡県福岡市中央区渡辺通２,https://suumo.jp//ms/chuko/fukuoka/sc_fukuokashichuo/nc_78516843/
78517451,朝日プラザ桜坂,3480,40,地下鉄七隈線,桜坂,6,2LDK,67.26,福岡県福岡市中央区桜坂１,https://suumo.jp//ms/chuko/fukuoka/sc_fukuokashichuo/nc_78517451/
78525272,コスモ博多古門戸,4399,23,地下鉄空港線,中洲川端,9,1LDK+S（納戸）,54.49,福岡県福岡市博多区古門戸町,https://suumo.jp//ms/chuko/fukuoka/sc_fukuokashihakata/nc_78525272/
78533278,星和今泉コーポラス,3780,44,地下鉄七隈線,薬院大通,7,3LDK,88.0,福岡県福岡市中央区今泉２,https://suumo.jp//ms/chuko/fukuoka/sc_fukuokashichuo/nc_78533278/
78536383,ロマネスク大濠アネックス,3099,39,地下鉄空港線,唐人町,11,2LDK,59.65,福岡県福岡市中央区鳥飼２-6-15,https://suumo.jp//ms/chuko/fukuoka/sc_fukuokashichuo/nc_78536383/
78536704,ロマネスク大濠アネックス,3099,39,地下鉄空港線,唐人町,14,2LDK,59.65,福岡県福岡市中央区鳥飼２,https://suumo.jp//ms/chuko/fukuoka/sc_fukuokashichuo/nc_78536704/
78550441,Ｂｒｉｌｌｉａ　Ｔｏｗｅｒ西新・ＰＲＡＬＩＶＡ,31000,5,地下鉄空港線,西新,1,2LDK,101.13,福岡県福岡市早良区西新４,https://suumo.jp//ms/chuko/fukuoka/sc_fukuokashisawara/nc_78550441/
78551396,ミスモ天神,3880,3,地下鉄七隈線,薬院,4,1LDK,33.37,福岡県福岡市中央区渡辺通２,https://suumo.jp//ms/chuko/fukuoka/sc_fukuokashichuo/nc_78551396/
78553902,オープンレジデンシア天神今泉,4900,3,地下鉄七隈線,薬院大通,6,2LDK,46.01,福岡県福岡市中央区今泉２,https://suumo.jp//ms/chuko/fukuoka/sc_fukuokashichuo/nc_78553902/
78566794,皐月マンション奈良屋,2280,46,地下鉄空港線,中洲川端,11,2LDK,53.28,福岡県福岡市博多区奈良屋町12‐18,https://suumo.jp//ms/chuko/fukuoka/sc_fukuokashihakata/nc_78566794/
78569633,ＭＪＲ博多ザ・レジデンス,4450,1,ＪＲ鹿児島本線,博多,13,1LDK,41.57,福岡県福岡市博多区美野島１,https://suumo.jp//ms/chuko/fukuoka/sc_fukuokashihakata/nc_78569633/
78569733,第参参プリンスマンション城南,2899,40,地下鉄七隈線,別府,2,2LDK,65.65,福岡県福岡市城南区別府１-19-40,https://suumo.jp//ms/chuko/fukuoka/sc_fukuokashijonan/nc_78569733/
78575103,第33プリンスマンション城南,2899,40,地下鉄七隈線,別府,2,2LDK,65.65,福岡県福岡市城南区別府１-19-40,https://suumo.jp//ms/chuko/fukuoka/sc_fukuokashijonan/nc_78575103/
78585340,デュオヴェール平尾,3290,3,地下鉄七隈線,薬院,14,1LDK,34.1,福岡県福岡市中央区平尾２,https://suumo.jp//ms/chuko/fukuoka/sc_fukuokashichuo/nc_78585340/
78591486,第３３プリンスマンション城南,2899,40,地下鉄七隈線,別府,4,2LDK,65.65,福岡県福岡市城南区別府１,https://suumo.jp//ms/chuko/fukuoka/sc_fukuokashijonan/nc_78591486/
78598929,パークコート赤坂ヒルトップレジデンス,9880,16,地下鉄七隈線,桜坂,9,3LDK,88.76,福岡県福岡市中央区赤坂３,https://suumo.jp//ms/chuko/fukuoka/sc_fukuokashichuo/nc_78598929/
78613656,トーカンマンション博多駅前第８,1650,47,ＪＲ鹿児島本線,博多,10,1LDK+S（納戸）,56.03,福岡県福岡市博多区博多駅前４,https://suumo.jp//ms/chuko/fukuoka/sc_fukuokashihakata/nc_78613656/
78628573,クリオラベルヴィ赤坂,3300,5,地下鉄空港線,赤坂,7,1LDK,33.46,福岡県福岡市中央区大手門２,https://suumo.jp//ms/chuko/fukuoka/sc_fukuokashichuo/nc_78628573/
78635330,ザ・パークハウス福岡タワーズＥＡＳＴ,7800,6,地下鉄空港線,唐人町,12,2LDK,64.28,福岡県福岡市中央区地行浜２,https://suumo.jp//ms/chuko/fukuoka/sc_fukuokashichuo/nc_78635330/
78640538,パークコート赤坂ヒルトップレジデンス,9880,16,地下鉄七隈線,桜坂,10,3LDK,89.63,福岡県福岡市中央区赤坂３-６－６,https://suumo.jp//ms/chuko/fukuoka/sc_fukuokashichuo/nc_78640538/
78642820,ジョイナス天神タワー◆☆上質なデザイン空間☆◆,3999,29,地下鉄空港線,中洲川端,11,2LDK,56.14,福岡県福岡市博多区対馬小路,https://suumo.jp//ms/chuko/fukuoka/sc_fukuokashihakata/nc_78642820/
78648931,エステートマンション大濠・相羽ビル,7800,40,地下鉄七隈線,六本松,9,3LDK,102.26,福岡県福岡市中央区大濠１,https://suumo.jp//ms/chuko/fukuoka/sc_fukuokashichuo/nc_78648931/
78653655,ロマネスク大濠アネックス,3099,39,地下鉄空港線,唐人町,11,2LDK,59.65,福岡県福岡市中央区鳥飼２,https://suumo.jp//ms/chuko/fukuoka/sc_fukuokashichuo/nc_78653655/
78668157,オープンレジデンシア西新,3450,1,地下鉄空港線,西新,5,1LDK,31.65,福岡県福岡市早良区城西１,https://suumo.jp//ms/chuko/fukuoka/sc_fukuokashisawara/nc_78668157/
78669864,ファーネスト百道二丁目,6500,26,地下鉄空港線,藤崎,3,4LDK,87.85,福岡県福岡市早良区百道２-15-17,https://suumo.jp//ms/chuko/fukuoka/sc_fukuokashisawara/nc_78669864/
78672728,パークホームズ大濠公園フロント,7670,1,地下鉄空港線,大濠公園,2,2LDK,53.61,福岡県福岡市中央区荒戸１,https://suumo.jp//ms/chuko/fukuoka/sc_fukuokashichuo/nc_78672728/
78674088,ロワールマンション西公園ビュー,2298,36,地下鉄空港線,大濠公園,15,2LDK,53.27,福岡県福岡市中央区港３-10-25,https://suumo.jp//ms/chuko/fukuoka/sc_fukuokashichuo/nc_78674088/
78680505,ネクサス薬院,12880,11,地下鉄七隈線,薬院大通,4,3LDK,94.52,福岡県福岡市中央区薬院１,https://suumo.jp//ms/chuko/fukuoka/sc_fukuokashichuo/nc_78680505/
78691499,ロマネスク大濠アネツクス,3099,39,地下鉄空港線,唐人町,12,2LDK,59.65,福岡県福岡市中央区鳥飼２,https://suumo.jp//ms/chuko/fukuoka/sc_fukuokashichuo/nc_78691499/
78692224,カーサ大濠,2199,52,地下鉄七隈線,六本松,8,1LDK,51.66,福岡県福岡市中央区六本松３-11-45,https://suumo.jp//ms/chuko/fukuoka/sc_fukuokashichuo/nc_78692224/
78698470,ファーネスト百道二丁目,6500,26,地下鉄空港線,藤崎,4,4LDK,87.85,福岡県福岡市早良区百道２,https://suumo.jp//ms/chuko/fukuoka/sc_fukuokashisawara/nc_78698470/
78702656,ブライトンヒルズ藤崎,6290,23,地下鉄空港線,藤崎,6,3LDK,79.23,福岡県福岡市早良区藤崎１,https://suumo.jp//ms/chuko/fukuoka/sc_fukuokashisawara/nc_78702656/
78705032,藤崎ロジュマン,4380,38,地下鉄空港線,藤崎,11,4LDK,82.76,福岡県福岡市早良区昭代３,https://suumo.jp//ms/chuko/fukuoka/sc_fukuokashisawara/nc_78705032/
78708894,ハイツ21,2180,49,地下鉄空港線,西新,6,2LDK,61.83,福岡県福岡市早良区城西１,https://suumo.jp//ms/chuko/fukuoka/sc_fukuokashisawara/nc_78708894/
78715529,藤和城西コープ,1998,52,地下鉄七隈線,別府,8,2LDK,52.82,福岡県福岡市城南区別府４,https://suumo.jp//ms/chuko/fukuoka/sc_fukuokashijonan/nc_78715529/
78716200,ブライトンヒルズ藤崎,6290,23,地下鉄空港線,藤崎,5,3LDK,79.23,福岡県福岡市早良区藤崎１,https://suumo.jp//ms/chuko/fukuoka/sc_fukuokashisawara/nc_78716200/
78717582,エクセレンス谷,2590,47,地下鉄七隈線,六本松,6,2LDK,57.23,福岡県福岡市中央区谷１-16-58,https://suumo.jp//ms/chuko/fukuoka/sc_fukuokashichuo/nc_78717582/
78720132,エクセレンス谷,2590,47,地下鉄七隈線,六本松,7,2LDK,57.23,福岡県福岡市中央区谷１,https://suumo.jp//ms/chuko/fukuoka/sc_fukuokashichuo/nc_78720132/
78722109,クリスタージュ２番館,5480,34,地下鉄空港線,藤崎,11,4LDK,102.28,福岡県福岡市早良区百道浜４,https://suumo.jp//ms/chuko/fukuoka/sc_fukuokashisawara/nc_78722109/
78723431,メゾン南博多,1680,46,ＪＲ鹿児島本線,博多,15,2LDK,55.12,福岡県福岡市博多区美野島２,https://suumo.jp//ms/chuko/fukuoka/sc_fukuokashihakata/nc_78723431/
78724447,藤和コープソシエ大名,3680,47,地下鉄七隈線,天神南,8,2LDK,67.0,福岡県福岡市中央区大名１-1-35,https://suumo.jp//ms/chuko/fukuoka/sc_fukuokashichuo/nc_78724447/
78728305,ロマネスク大濠アネックス,3099,39,地下鉄空港線,唐人町,14,2LDK,59.65,福岡県福岡市中央区鳥飼２,https://suumo.jp//ms/chuko/fukuoka/sc_fukuokashichuo/nc_78728305/
78735750,グランピア空港前,1480,40,地下鉄空港線,福岡空港,13,2LDK,56.07,福岡県福岡市博多区青木１-5－39,https://suumo.jp//ms/chuko/fukuoka/sc_fukuokashihakata/nc_78735750/
78739625,藤和西新コープ,1980,49,地下鉄空港線,西新,8,3LDK,84.82,福岡県福岡市早良区城西２-11-25,https://suumo.jp//ms/chuko/fukuoka/sc_fukuokashisawara/nc_78739625/
78743140,エクセレンス谷　中古マンション,2590,47,地下鉄七隈線,六本松,7,2LDK,57.23,福岡県福岡市中央区谷１,https://suumo.jp//ms/chuko/fukuoka/sc_fukuokashichuo/nc_78743140/
78743245,ロマネスク大濠アネックス,3095,39,地下鉄空港線,唐人町,14,2LDK,59.65,福岡県福岡市中央区鳥飼２,https://suumo.jp//ms/chuko/fukuoka/sc_fukuokashichuo/nc_78743245/
78748147,パークハイツ赤坂,3680,47,地下鉄空港線,赤坂,14,2LDK,70.01,福岡県福岡市中央区赤坂２,https://suumo.jp//ms/chuko/fukuoka/sc_fukuokashichuo/nc_78748147/
78757591,エンゼルハイム鳥飼中央,4980,25,地下鉄空港線,西新,13,3LDK,75.68,福岡県福岡市中央区鳥飼１-４－４３,https://suumo.jp//ms/chuko/fukuoka/sc_fukuokashichuo/nc_78757591/
78770492,コスモ博多古門戸,4499,23,地下鉄空港線,中洲川端,9,1LDK+S（納戸）,54.49,福岡県福岡市博多区古門戸町,https://suumo.jp//ms/chuko/fukuoka/sc_fukuokashihakata/nc_78770492/
78772537,エンクレストベイサイド通り,4699,10,地下鉄空港線,中洲川端,13,1LDK,54.65,福岡県福岡市博多区築港本町,https://suumo.jp//ms/chuko/fukuoka/sc_fukuokashihakata/nc_78772537/
78773022,ゾンネンハイム大手門,2622,53,地下鉄空港線,大濠公園,9,1LDK,66.0,福岡県福岡市中央区大手門２-5,https://suumo.jp//ms/chuko/fukuoka/sc_fukuokashichuo/nc_78773022/
78778379,エクセレンス谷,2590,47,地下鉄七隈線,六本松,7,2LDK,57.23,福岡県福岡市中央区谷１,https://suumo.jp//ms/chuko/fukuoka/sc_fukuokashichuo/nc_78778379/
78779090,コスモ博多古門戸,4499,23,地下鉄空港線,中洲川端,7,1LDK+S（納戸）,54.49,福岡県福岡市博多区古門戸町,https://suumo.jp//ms/chuko/fukuoka/sc_fukuokashihakata/nc_78779090/
78787170,ウイング藤崎,2000,42,地下鉄空港線,藤崎,14,2LDK,47.33,福岡県福岡市早良区弥生２,https://suumo.jp//ms/chuko/fukuoka/sc_fukuokashisawara/nc_78787170/
78802367,シャンボール大濠,1780,48,地下鉄空港線,西新,9,3LDK,74.88,福岡県福岡市中央区鳥飼３,https://suumo.jp//ms/chuko/fukuoka/sc_fukuokashichuo/nc_78802367/
78807526,エクセレンス谷,2590,47,地下鉄七隈線,六本松,7,2LDK,57.23,福岡県福岡市中央区谷１,https://suumo.jp//ms/chuko/fukuoka/sc_fukuokashichuo/nc_78807526/
78809967,パーク・サンリヤン博多の森Ⅰ・Ⅱ番館,4280,23,地下鉄空港線,福岡空港,10,3LDK,82.19,福岡県糟屋郡志免町別府西２,https://suumo.jp//ms/chuko/fukuoka/sc_kasuyagunshime/nc_78809967/
78818450,サーパス赤坂マスターズビュー,13800,13,地下鉄七隈線,六本松,8,3LDK,90.23,福岡県福岡市中央区六本松３-16-27,https://suumo.jp//ms/chuko/fukuoka/sc_fukuokashichuo/nc_78818450/
78823570,グランド・サンリヤン西新,8200,2,地下鉄空港線,西新,5,3LDK,68.73,福岡県福岡市早良区城西１,https://suumo.jp//ms/chuko/fukuoka/sc_fukuokashisawara/nc_78823570/
78824936,ファーネスト平尾駅前レジスタ,7480,11,西鉄天神大牟田線,薬院,12,3LDK,86.26,福岡県福岡市中央区大宮２,https://suumo.jp//ms/chuko/fukuoka/sc_fukuokashichuo/nc_78824936/
78826360,サーパス赤坂マスターズビュー,13800,13,地下鉄七隈線,六本松,8,3LDK,90.23,福岡県福岡市中央区六本松３,https://suumo.jp//ms/chuko/fukuoka/sc_fukuokashichuo/nc_78826360/
78829131,デュオヴェール西新,4580,5,地下鉄空港線,西新,6,2LDK,43.5,福岡県福岡市早良区祖原,https://suumo.jp//ms/chuko/fukuoka/sc_fukuokashisawara/nc_78829131/
78834754,ダイアパレスセントラルコート薬院,5890,29,西鉄天神大牟田線,薬院,6,4LDK,76.04,福岡県福岡市中央区薬院３,https://suumo.jp//ms/chuko/fukuoka/sc_fukuokashichuo/nc_78834754/
78837544,グランドステイツ大濠公園南,8280,22,地下鉄七隈線,六本松,4,3LDK,80.69,福岡県福岡市中央区六本松３,https://suumo.jp//ms/chuko/fukuoka/sc_fukuokashichuo/nc_78837544/
78837708,モントーレ鳥飼ガーデン,5498,24,地下鉄七隈線,別府,5,3LDK,76.7,福岡県福岡市城南区鳥飼６-１０－１２,https://suumo.jp//ms/chuko/fukuoka/sc_fukuokashijonan/nc_78837708/
78841624,ブランシエラ赤坂はなみずき通り,9390,6,地下鉄七隈線,桜坂,6,3LDK,77.39,福岡県福岡市中央区桜坂１,https://suumo.jp//ms/chuko/fukuoka/sc_fukuokashichuo/nc_78841624/
78851188,ＫＢＣマンションユーハイム赤坂南,3980,40,地下鉄七隈線,薬院大通,7,2LDK,84.87,福岡県福岡市中央区警固２,https://suumo.jp//ms/chuko/fukuoka/sc_fukuokashichuo/nc_78851188/
78854362,サンシティ鳥飼,3899,32,地下鉄七隈線,別府,10,3LDK,68.48,福岡県福岡市城南区鳥飼４,https://suumo.jp//ms/chuko/fukuoka/sc_fukuokashijonan/nc_78854362/
78856431,ロマネスク大濠アネックス,3099,39,地下鉄空港線,唐人町,12,2LDK,59.65,福岡県福岡市中央区鳥飼２,https://suumo.jp//ms/chuko/fukuoka/sc_fukuokashichuo/nc_78856431/
78859383,ＧＳハイム博多,2200,46,地下鉄空港線,東比恵,5,3LDK,66.15,福岡県福岡市博多区博多駅東２,https://suumo.jp//ms/chuko/fukuoka/sc_fukuokashihakata/nc_78859383/
78866599,プレサンスロジェ呉服町,6400,7,地下鉄空港線,中洲川端,10,2LDK,62.43,福岡県福岡市博多区下呉服町,https://suumo.jp//ms/chuko/fukuoka/sc_fukuokashihakata/nc_78866599/
78867837,カーサ大濠,2199,52,地下鉄七隈線,六本松,7,1LDK,51.66,福岡県福岡市中央区六本松３,https://suumo.jp//ms/chuko/fukuoka/sc_fukuokashichuo/nc_78867837/
78879298,ザ・パークハウス桜坂サンリヤン,19800,8,地下鉄七隈線,桜坂,3,2LDK+S（納戸）,105.07,福岡県福岡市中央区桜坂３,https://suumo.jp//ms/chuko/fukuoka/sc_fukuokashichuo/nc_78879298/
78888074,藤和別府コープ,2999,43,地下鉄七隈線,別府,5,3LDK,62.16,福岡県福岡市城南区別府５-2-5,https://suumo.jp//ms/chuko/fukuoka/sc_fukuokashijonan/nc_78888074/
78896616,アンピール百年橋,3280,31,地下鉄七隈線,渡辺通,15,2LDK,65.12,福岡県福岡市中央区清川３,https://suumo.jp//ms/chuko/fukuoka/sc_fukuokashichuo/nc_78896616/
78908087,ダイアパレス大名ガーデン,4399,39,地下鉄空港線,赤坂,6,3LDK,68.9,福岡県福岡市中央区大名１,https://suumo.jp//ms/chuko/fukuoka/sc_fukuokashichuo/nc_78908087/
78912557,パークホームズ警固本通り,7800,17,地下鉄空港線,赤坂,8,3LDK,82.96,福岡県福岡市中央区警固２,https://suumo.jp//ms/chuko/fukuoka/sc_fukuokashichuo/nc_78912557/
78912834,ＭＪＲ桜坂ザ・レジデンス,8900,7,地下鉄七隈線,桜坂,1,3LDK,89.39,福岡県福岡市中央区桜坂１,https://suumo.jp//ms/chuko/fukuoka/sc_fukuokashichuo/nc_78912834/
78915180,ライオンズヒルズ桜坂,3198,40,地下鉄七隈線,桜坂,3,3LDK,68.25,福岡県福岡市中央区桜坂３,https://suumo.jp//ms/chuko/fukuoka/sc_fukuokashichuo/nc_78915180/
78919668,コスモ博多古門戸,4399,23,地下鉄空港線,中洲川端,9,1LDK+S（納戸）,54.49,福岡県福岡市博多区古門戸町,https://suumo.jp//ms/chuko/fukuoka/sc_fukuokashihakata/nc_78919668/
78920412,ブライトンヒルズ藤崎,6290,23,地下鉄空港線,藤崎,6,3LDK,79.23,福岡県福岡市早良区藤崎１,https://suumo.jp//ms/chuko/fukuoka/sc_fukuokashisawara/nc_78920412/
78922034,ロマネスク大濠アネツクス,3099,39,地下鉄空港線,唐人町,12,2LDK,59.65,福岡県福岡市中央区鳥飼２,https://suumo.jp//ms/chuko/fukuoka/sc_fukuokashichuo/nc_78922034/
78927453,モントーレ東比恵クレア,4199,7,地下鉄空港線,東比恵,2,1LDK,42.77,福岡県福岡市博多区東比恵３,https://suumo.jp//ms/chuko/fukuoka/sc_fukuokashihakata/nc_78927453/
78928142,パークホームズ警固本通り,7800,17,地下鉄空港線,赤坂,9,3LDK,82.96,福岡県福岡市中央区警固２,https://suumo.jp//ms/chuko/fukuoka/sc_fukuokashichuo/nc_78928142/
78928794,カーサ大濠,2199,52,地下鉄七隈線,六本松,7,1LDK,51.66,福岡県福岡市中央区六本松３,https://suumo.jp//ms/chuko/fukuoka/sc_fukuokashichuo/nc_78928794/
78929329,アルファステイツ高取,6280,16,地下鉄空港線,藤崎,8,3LDK,80.35,福岡県福岡市早良区高取１,https://suumo.jp//ms/chuko/fukuoka/sc_fukuokashisawara/nc_78929329/
78937325,エンクレストベイサイド通り,4599,10,地下鉄空港線,中洲川端,13,1LDK+S（納戸）,54.65,福岡県福岡市博多区築港本町,https://suumo.jp//ms/chuko/fukuoka/sc_fukuokashihakata/nc_78937325/
78942216,エンクレストベイサイド通り,4599,10,地下鉄空港線,中洲川端,12,1LDK,54.65,福岡県福岡市博多区築港本町,https://suumo.jp//ms/chuko/fukuoka/sc_fukuokashihakata/nc_78942216/
78946460,大濠パークハウス,15000,37,地下鉄空港線,唐人町,9,2LDK+S（納戸）,179.25,福岡県福岡市中央区大濠１,https://suumo.jp//ms/chuko/fukuoka/sc_fukuokashichuo/nc_78946460/
78947683,シティマンション平尾Ⅱ,2648,41,西鉄天神大牟田線,薬院,10,3LDK,58.24,福岡県福岡市中央区平尾２,https://suumo.jp//ms/chuko/fukuoka/sc_fukuokashichuo/nc_78947683/
78948574,ＧＳハイム博多,2140,46,ＪＲ鹿児島本線,博多,10,3LDK,66.15,福岡県福岡市博多区博多駅東２,https://suumo.jp//ms/chuko/fukuoka/sc_fukuokashihakata/nc_78948574/
78949930,パークホームズ警固本通り,7800,17,地下鉄空港線,赤坂,8,3LDK,82.96,福岡県福岡市中央区警固２,https://suumo.jp//ms/chuko/fukuoka/sc_fukuokashichuo/nc_78949930/
78952756,ブリリア平尾浄水,11800,17,地下鉄七隈線,薬院大通,11,3LDK,114.43,福岡県福岡市中央区平尾浄水町,https://suumo.jp//ms/chuko/fukuoka/sc_fukuokashichuo/nc_78952756/
78954414,コスモ博多古門戸,4399,23,地下鉄空港線,中洲川端,8,1LDK+S（納戸）,54.49,福岡県福岡市博多区古門戸町10-5,https://suumo.jp//ms/chuko/fukuoka/sc_fukuokashihakata/nc_78954414/
78957204,エンクレストベイサイド通り,4599,10,地下鉄箱崎線,中洲川端,12,1LDK,54.65,福岡県福岡市博多区築港本町7,https://suumo.jp//ms/chuko/fukuoka/sc_fukuokashihakata/nc_78957204/
78957814,インプレスト天神オークタワー,5990,6,地下鉄空港線,赤坂,9,2LDK,56.79,福岡県福岡市中央区長浜２,https://suumo.jp//ms/chuko/fukuoka/sc_fukuokashichuo/nc_78957814/
78961806,グリーンマンション西新◆☆上質なデザイン空間☆◆,2780,39,地下鉄空港線,西新,5,2LDK,62.64,福岡県福岡市早良区祖原,https://suumo.jp//ms/chuko/fukuoka/sc_fukuokashisawara/nc_78961806/
78963294,サンシティ鳥飼◆☆全室リフォーム済み☆◆,3899,32,地下鉄七隈線,別府,10,3LDK,68.48,福岡県福岡市城南区鳥飼４,https://suumo.jp//ms/chuko/fukuoka/sc_fukuokashijonan/nc_78963294/
78963711,ロマネスク博多駅前,850,35,ＪＲ鹿児島本線,博多,13,ワンルーム,21.6,福岡県福岡市博多区博多駅前４,https://suumo.jp//ms/chuko/fukuoka/sc_fukuokashihakata/nc_78963711/
78967880,アダージュももちGIO,5890,29,地下鉄空港線,藤崎,4,3LDK,76.0,福岡県福岡市早良区西新７,https://suumo.jp//ms/chuko/fukuoka/sc_fukuokashisawara/nc_78967880/
78973290,インプレスト天神オークタワー,5990,6,地下鉄空港線,赤坂,9,2LDK,56.79,福岡県福岡市中央区長浜２,https://suumo.jp//ms/chuko/fukuoka/sc_fukuokashichuo/nc_78973290/
78975396,サンシティ鳥飼,3899,32,地下鉄七隈線,別府,10,3LDK,68.48,福岡県福岡市城南区鳥飼４-9-3,https://suumo.jp//ms/chuko/fukuoka/sc_fukuokashijonan/nc_78975396/
78977946,博多駅前ビル,3180,52,地下鉄七隈線,博多,5,2LDK,74.7,福岡県福岡市博多区博多駅前１,https://suumo.jp//ms/chuko/fukuoka/sc_fukuokashihakata/nc_78977946/
78981512,グランドステイツ大濠公園南,8280,22,地下鉄七隈線,六本松,4,3LDK,80.69,福岡県福岡市中央区六本松３,https://suumo.jp//ms/chuko/fukuoka/sc_fukuokashichuo/nc_78981512/
78982914,アクロス天神センタープラザ,7480,21,地下鉄七隈線,渡辺通,6,2LDK,71.11,福岡県福岡市中央区渡辺通３,https://suumo.jp//ms/chuko/fukuoka/sc_fukuokashichuo/nc_78982914/
78985818,ライオンズマンション平尾,2780,47,地下鉄七隈線,薬院,13,2LDK,65.71,福岡県福岡市中央区平尾２-21-5,https://suumo.jp//ms/chuko/fukuoka/sc_fukuokashichuo/nc_78985818/
78985820,ダイアパレス平尾Ⅱ,3080,43,地下鉄七隈線,薬院,12,2LDK,64.1,福岡県福岡市中央区大宮２-4-23,https://suumo.jp//ms/chuko/fukuoka/sc_fukuokashichuo/nc_78985820/
78987225,グランドステイツ大濠公園南,8280,22,地下鉄七隈線,六本松,3,3LDK,80.69,福岡県福岡市中央区六本松３,https://suumo.jp//ms/chuko/fukuoka/sc_fukuokashichuo/nc_78987225/
78988985,エスポワール浄水通り,3980,42,地下鉄七隈線,薬院大通,4,3LDK,68.25,福岡県福岡市中央区薬院４,https://suumo.jp//ms/chuko/fukuoka/sc_fukuokashichuo/nc_78988985/
78996625,ルッシュ・西公園,14000,36,地下鉄空港線,唐人町,13,4LDK,131.05,福岡県福岡市中央区荒戸３-5-46,https://suumo.jp//ms/chuko/fukuoka/sc_fukuokashichuo/nc_78996625/
79003032,プレミスト大濠公園,24800,1,地下鉄空港線,唐人町,3,3LDK,120.71,福岡県福岡市中央区荒戸３,https://suumo.jp//ms/chuko/fukuoka/sc_fukuokashichuo/nc_79003032/
79004709,コープ野村博多東,3380,46,地下鉄空港線,東比恵,5,3LDK,98.41,福岡県福岡市博多区比恵町,https://suumo.jp//ms/chuko/fukuoka/sc_fukuokashihakata/nc_79004709/
79013671,サンシティ鳥飼,3899,32,地下鉄七隈線,別府,11,3LDK,68.48,福岡県福岡市城南区鳥飼４-9-3,https://suumo.jp//ms/chuko/fukuoka/sc_fukuokashijonan/nc_79013671/
79014157,プレミスト平尾浄水オークハウス,9980,16,地下鉄七隈線,薬院大通,13,4LDK,115.05,福岡県福岡市中央区平尾浄水町,https://suumo.jp//ms/chuko/fukuoka/sc_fukuokashichuo/nc_79014157/
79015072,アンピール空港通りⅡ,7380,17,地下鉄空港線,東比恵,12,4LDK,105.28,福岡県福岡市博多区豊２,https://suumo.jp//ms/chuko/fukuoka/sc_fukuokashihakata/nc_79015072/
79015073,エンクレストベイサイド通り,4599,10,地下鉄空港線,中洲川端,13,1LDK+S（納戸）,54.65,福岡県福岡市博多区築港本町,https://suumo.jp//ms/chuko/fukuoka/sc_fukuokashihakata/nc_79015073/
79016911,Asobi+　エクセレンス天神,2430,46,地下鉄空港線,天神,10,2LDK,67.8,福岡県福岡市中央区那の津１,https://suumo.jp//ms/chuko/fukuoka/sc_fukuokashichuo/nc_79016911/
79028575,クリオラベルヴィ呉服町,3299,8,地下鉄空港線,中洲川端,12,1LDK,34.4,福岡県福岡市博多区下呉服町3-19,https://suumo.jp//ms/chuko/fukuoka/sc_fukuokashihakata/nc_79028575/
79033778,ロマネスク大濠アネックス,3099,39,地下鉄空港線,唐人町,11,2LDK,59.65,福岡県福岡市中央区鳥飼２-6-15,https://suumo.jp//ms/chuko/fukuoka/sc_fukuokashichuo/nc_79033778/
79035434,クリオ ラベルヴィ呉服町,3299,8,地下鉄空港線,中洲川端,12,1LDK,34.4,福岡県福岡市博多区下呉服町,https://suumo.jp//ms/chuko/fukuoka/sc_fukuokashihakata/nc_79035434/
79039453,シャンボール舞鶴,3480,47,地下鉄空港線,赤坂,3,1LDK+S（納戸）,56.7,福岡県福岡市中央区舞鶴２,https://suumo.jp//ms/chuko/fukuoka/sc_fukuokashichuo/nc_79039453/
79049377,コアマンションけやき通りプレジオ,8990,24,地下鉄七隈線,六本松,10,4LDK,133.37,福岡県福岡市中央区赤坂３,https://suumo.jp//ms/chuko/fukuoka/sc_fukuokashichuo/nc_79049377/
79049647,ザ・パークハウス福岡タワーズ EAST,12800,6,地下鉄空港線,唐人町,12,3LDK,83.96,福岡県福岡市中央区地行浜２,https://suumo.jp//ms/chuko/fukuoka/sc_fukuokashichuo/nc_79049647/
79050689,西新防塁パーク・マンション,4598,32,地下鉄空港線,藤崎,7,3LDK,65.49,福岡県福岡市早良区西新７,https://suumo.jp//ms/chuko/fukuoka/sc_fukuokashisawara/nc_79050689/
79050803,ブリリアタワー西新,33000,5,地下鉄空港線,西新,1,2LDK+S（納戸）,101.82,福岡県福岡市早良区西新４-1-1,https://suumo.jp//ms/chuko/fukuoka/sc_fukuokashisawara/nc_79050803/
79053877,藤崎ロジュマン,4380,38,地下鉄空港線,藤崎,11,4LDK,82.76,福岡県福岡市早良区昭代３,https://suumo.jp//ms/chuko/fukuoka/sc_fukuokashisawara/nc_79053877/
79055759,藤崎ロジュマン,4380,38,地下鉄空港線,藤崎,10,4LDK,82.76,福岡県福岡市早良区昭代３,https://suumo.jp//ms/chuko/fukuoka/sc_fukuokashisawara/nc_79055759/
79056015,クリオラベルヴィ呉服町,4499,8,地下鉄箱崎線,中洲川端,12,2LDK,47.0,福岡県福岡市博多区下呉服町3-19,https://suumo.jp//ms/chuko/fukuoka/sc_fukuokashihakata/nc_79056015/
79057012,クリオラベルヴィ呉服町,3299,8,地下鉄箱崎線,中洲川端,11,1LDK,34.4,福岡県福岡市博多区下呉服町,https://suumo.jp//ms/chuko/fukuoka/sc_fukuokashihakata/nc_79057012/
79057062,ツインタワー空港通り,3499,32,地下鉄空港線,東比恵,12,3LDK,71.7,福岡県福岡市博多区豊１,https://suumo.jp//ms/chuko/fukuoka/sc_fukuokashihakata/nc_79057062/
79057363,ファーネスト百道二丁目,6500,26,地下鉄空港線,藤崎,3,4LDK,87.85,福岡県福岡市早良区百道２-15-17,https://suumo.jp//ms/chuko/fukuoka/sc_fukuokashisawara/nc_79057363/
79059997,MJR赤坂タワー,15800,9,地下鉄空港線,赤坂,1,2LDK,69.03,福岡県福岡市中央区赤坂１,https://suumo.jp//ms/chuko/fukuoka/sc_fukuokashichuo/nc_79059997/
79060702,ロイヤルアーク藤崎南,4598,25,地下鉄空港線,藤崎,13,3LDK,84.98,福岡県福岡市早良区原１,https://suumo.jp//ms/chuko/fukuoka/sc_fukuokashisawara/nc_79060702/
79060704,ビレッタ百道,2680,51,地下鉄空港線,藤崎,11,2LDK,55.39,福岡県福岡市早良区百道１,https://suumo.jp//ms/chuko/fukuoka/sc_fukuokashisawara/nc_79060704/
79061506,ＣＬＵＢ　ＴＨＥ．大濠二丁目,13800,7,地下鉄空港線,唐人町,7,3LDK,88.45,福岡県福岡市中央区大濠２,https://suumo.jp//ms/chuko/fukuoka/sc_fukuokashichuo/nc_79061506/
79062235,赤坂エクセル,3450,52,地下鉄空港線,赤坂,13,2LDK,79.5,福岡県福岡市中央区赤坂３,https://suumo.jp//ms/chuko/fukuoka/sc_fukuokashichuo/nc_79062235/
79063957,コスモ博多古門戸,4399,23,地下鉄空港線,中洲川端,9,1LDK+S（納戸）,54.49,福岡県福岡市博多区古門戸町10-5,https://suumo.jp//ms/chuko/fukuoka/sc_fukuokashihakata/nc_79063957/
79065757,秀和警固レジデンス,3280,52,地下鉄空港線,赤坂,7,2LDK,69.43,福岡県福岡市中央区警固２,https://suumo.jp//ms/chuko/fukuoka/sc_fukuokashichuo/nc_79065757/
79065759,クリオラベルヴィ呉服町,3299,8,地下鉄空港線,中洲川端,10,1LDK,34.4,福岡県福岡市博多区下呉服町,https://suumo.jp//ms/chuko/fukuoka/sc_fukuokashihakata/nc_79065759/
79068584,ブライトンヒルズ藤崎,6290,23,地下鉄空港線,藤崎,7,3LDK,79.23,福岡県福岡市早良区藤崎１,https://suumo.jp//ms/chuko/fukuoka/sc_fukuokashisawara/nc_79068584/
79068778,赤坂エクセル,3450,52,地下鉄空港線,赤坂,12,2LDK,79.5,福岡県福岡市中央区赤坂３,https://suumo.jp//ms/chuko/fukuoka/sc_fukuokashichuo/nc_79068778/
79071316,エクセレンス谷,2590,47,地下鉄七隈線,六本松,7,2LDK,57.23,福岡県福岡市中央区谷１-16-58,https://suumo.jp//ms/chuko/fukuoka/sc_fukuokashichuo/nc_79071316/
79071797,ブライトンヒルズ藤崎,6290,23,地下鉄空港線,藤崎,7,3LDK,79.23,福岡県福岡市早良区藤崎１-5-10,https://suumo.jp//ms/chuko/fukuoka/sc_fukuokashisawara/nc_79071797/
79072086,赤坂エクセル,3450,52,地下鉄空港線,赤坂,13,2LDK,79.5,福岡県福岡市中央区赤坂３,https://suumo.jp//ms/chuko/fukuoka/sc_fukuokashichuo/nc_79072086/
79072559,インプレスト天神オークタワー,5990,6,地下鉄空港線,赤坂,10,2LDK,56.79,福岡県福岡市中央区長浜２,https://suumo.jp//ms/chuko/fukuoka/sc_fukuokashichuo/nc_79072559/
79074334,グランドメゾン浄水ガーデンシティフォレストゲートⅢ,12500,8,地下鉄七隈線,薬院大通,5,3LDK,83.15,福岡県福岡市中央区薬院４,https://suumo.jp//ms/chuko/fukuoka/sc_fukuokashichuo/nc_79074334/
79076927,クリオラベルヴィ呉服町,3299,8,地下鉄空港線,中洲川端,12,1LDK,34.4,福岡県福岡市博多区下呉服町3-19,https://suumo.jp//ms/chuko/fukuoka/sc_fukuokashihakata/nc_79076927/
79079730,シャンボール桜坂,1880,52,地下鉄七隈線,桜坂,6,1LDK,47.88,福岡県福岡市中央区古小烏町,https://suumo.jp//ms/chuko/fukuoka/sc_fukuokashichuo/nc_79079730/
79081279,フリーディア藤崎レジデンス,10300,7,地下鉄空港線,藤崎,4,3LDK,97.45,福岡県福岡市早良区藤崎１,https://suumo.jp//ms/chuko/fukuoka/sc_fukuokashisawara/nc_79081279/
79082706,クリオラベルヴィ呉服町,4499,8,地下鉄箱崎線,中洲川端,12,2LDK,47.0,福岡県福岡市博多区下呉服町,https://suumo.jp//ms/chuko/fukuoka/sc_fukuokashihakata/nc_79082706/
79083735,赤坂エクセル,3450,52,地下鉄空港線,赤坂,12,2LDK,79.5,福岡県福岡市中央区赤坂３,https://suumo.jp//ms/chuko/fukuoka/sc_fukuokashichuo/nc_79083735/
79089881,赤坂エクセル,3450,52,地下鉄七隈線,桜坂,13,2LDK,79.5,福岡県福岡市中央区赤坂３-8-26,https://suumo.jp//ms/chuko/fukuoka/sc_fukuokashichuo/nc_79089881/
79090280,ロマネスク大濠アネックス,3099,39,地下鉄空港線,唐人町,14,2LDK,59.65,福岡県福岡市中央区鳥飼２-6-15,https://suumo.jp//ms/chuko/fukuoka/sc_fukuokashichuo/nc_79090280/
79090720,サンシティ鳥飼,3899,32,地下鉄七隈線,別府,11,3LDK,68.48,福岡県福岡市城南区鳥飼４-9-3,https://suumo.jp//ms/chuko/fukuoka/sc_fukuokashijonan/nc_79090720/
79091579,コアマンション大手門タワー,9498,23,地下鉄空港線,赤坂,5,3LDK+S（納戸）,90.87,福岡県福岡市中央区大手門１,https://suumo.jp//ms/chuko/fukuoka/sc_fukuokashichuo/nc_79091579/
79093684,ツインタワー空港通り,3499,32,地下鉄空港線,東比恵,12,3LDK,71.7,福岡県福岡市博多区豊１-1-17,https://suumo.jp//ms/chuko/fukuoka/sc_fukuokashihakata/nc_79093684/
79094486,グランドメゾン大濠ブルクレール,9280,20,地下鉄七隈線,六本松,9,3LDK,85.42,福岡県福岡市中央区草香江２,https://suumo.jp//ms/chuko/fukuoka/sc_fukuokashichuo/nc_79094486/
79096578,デュ・レジア大濠,5200,6,地下鉄空港線,唐人町,2,1LDK,42.27,福岡県福岡市中央区黒門,https://suumo.jp//ms/chuko/fukuoka/sc_fukuokashichuo/nc_79096578/
79098275,百道タワー,9500,22,地下鉄空港線,西新,10,2LDK,81.73,福岡県福岡市早良区百道浜１,https://suumo.jp//ms/chuko/fukuoka/sc_fukuokashisawara/nc_79098275/
79100955,KBCユーハイム室見,1598,41,地下鉄空港線,藤崎,12,2LDK,52.1,福岡県福岡市早良区室見５,https://suumo.jp//ms/chuko/fukuoka/sc_fukuokashisawara/nc_79100955/
79101544,赤坂エクセル,3450,52,地下鉄七隈線,桜坂,13,2LDK,79.5,福岡県福岡市中央区赤坂３,https://suumo.jp//ms/chuko/fukuoka/sc_fukuokashichuo/nc_79101544/
79102216,グランドメゾン福岡　The Central Luxe,12660,1,西鉄天神大牟田線,薬院,2,1LDK,69.72,福岡県福岡市中央区渡辺通２-7-23,https://suumo.jp//ms/chuko/fukuoka/sc_fukuokashichuo/nc_79102216/
79104390,グランドメゾン赤坂弐番館,12800,22,地下鉄空港線,赤坂,12,3LDK,110.0,福岡県福岡市中央区赤坂２,https://suumo.jp//ms/chuko/fukuoka/sc_fukuokashichuo/nc_79104390/
79104475,赤坂エクセル,3450,52,地下鉄空港線,赤坂,12,2LDK,79.5,福岡県福岡市中央区赤坂３,https://suumo.jp//ms/chuko/fukuoka/sc_fukuokashichuo/nc_79104475/
79104940,赤坂エクセル,3450,52,地下鉄空港線,赤坂,12,2LDK,79.5,福岡県福岡市中央区赤坂３,https://suumo.jp//ms/chuko/fukuoka/sc_fukuokashichuo/nc_79104940/
79108337,デュ・レジア薬院テラス,6980,4,地下鉄七隈線,薬院,11,2LDK,63.0,福岡県福岡市中央区高砂２,https://suumo.jp//ms/chuko/fukuoka/sc_fukuokashichuo/nc_79108337/
79111834,ブラントン薬院,4350,3,西鉄天神大牟田線,薬院,3,1LDK,34.31,福岡県福岡市中央区薬院３,https://suumo.jp//ms/chuko/fukuoka/sc_fukuokashichuo/nc_79111834/
79112729,アートウィル赤坂,4280,32,地下鉄七隈線,桜坂,9,3LDK,65.61,福岡県福岡市中央区赤坂３,https://suumo.jp//ms/chuko/fukuoka/sc_fukuokashichuo/nc_79112729/
79117082,グランフォーレ百道アクアフロント,8900,6,地下鉄空港線,藤崎,12,4LDK,86.02,福岡県福岡市早良区百道３,https://suumo.jp//ms/chuko/fukuoka/sc_fukuokashisawara/nc_79117082/
79120367,グランドメゾン西新レジデンス,10980,11,地下鉄空港線,西新,6,3LDK,105.84,福岡県福岡市早良区西新２-1-42,https://suumo.jp//ms/chuko/fukuoka/sc_fukuokashisawara/nc_79120367/
79121075,百道タワー,9780,22,地下鉄空港線,西新,10,2LDK,81.73,福岡県福岡市早良区百道浜１,https://suumo.jp//ms/chuko/fukuoka/sc_fukuokashisawara/nc_79121075/
79121106,博多ニッコーハイツ,1830,47,地下鉄空港線,博多,10,3LDK,62.91,福岡県福岡市博多区博多駅東３,https://suumo.jp//ms/chuko/fukuoka/sc_fukuokashihakata/nc_79121106/
79122545,赤坂エクセル,3450,52,地下鉄空港線,赤坂,13,2LDK,79.5,福岡県福岡市中央区赤坂３,https://suumo.jp//ms/chuko/fukuoka/sc_fukuokashichuo/nc_79122545/
79124599,オープンレジデンシア室見,3250,1,地下鉄空港線,藤崎,15,1LDK,33.64,福岡県福岡市西区愛宕２,https://suumo.jp//ms/chuko/fukuoka/sc_fukuokashinishi/nc_79124599/
79139452,赤坂エクセル,3450,52,地下鉄空港線,赤坂,12,2LDK,79.5,福岡県福岡市中央区赤坂３,https://suumo.jp//ms/chuko/fukuoka/sc_fukuokashichuo/nc_79139452/
79140656,パソナ―ル博多,1500,53,地下鉄空港線,中洲川端,13,1LDK,38.57,福岡県福岡市博多区神屋町,https://suumo.jp//ms/chuko/fukuoka/sc_fukuokashihakata/nc_79140656/
79141005,朝日プラザ浄水,3250,45,地下鉄七隈線,薬院大通,5,4LDK,72.16,福岡県福岡市中央区薬院４,https://suumo.jp//ms/chuko/fukuoka/sc_fukuokashichuo/nc_79141005/
79143193,赤坂エクセル,3450,52,地下鉄空港線,赤坂,13,2LDK,79.5,福岡県福岡市中央区赤坂３,https://suumo.jp//ms/chuko/fukuoka/sc_fukuokashichuo/nc_79143193/
79143689,ライオンズマンション平尾,3580,47,地下鉄七隈線,薬院,13,3LDK,83.29,福岡県福岡市中央区平尾２,https://suumo.jp//ms/chuko/fukuoka/sc_fukuokashichuo/nc_79143689/
79148573,サンポートハイツ,2590,52,地下鉄空港線,大濠公園,8,2LDK,61.56,福岡県福岡市中央区港２-5-32,https://suumo.jp//ms/chuko/fukuoka/sc_fukuokashichuo/nc_79148573/
79150933,ブライトパークサンリヤン地行Ⅲ番館,12000,14,地下鉄空港線,西新,8,4LDK,88.39,福岡県福岡市中央区地行３,https://suumo.jp//ms/chuko/fukuoka/sc_fukuokashichuo/nc_79150933/
79152708,グランアーキ大濠一丁目 ザ・レジデンス,19100,6,地下鉄空港線,大濠公園,15,2LDK,83.09,福岡県福岡市中央区大濠１,https://suumo.jp//ms/chuko/fukuoka/sc_fukuokashichuo/nc_79152708/
79153819,西公園ハウス,2999,40,地下鉄空港線,大濠公園,13,3LDK,71.38,福岡県福岡市中央区西公園,https://suumo.jp//ms/chuko/fukuoka/sc_fukuokashichuo/nc_79153819/
79155392,赤坂エクセル,3780,52,地下鉄空港線,赤坂,11,1LDK,99.0,福岡県福岡市中央区赤坂３-8-26,https://suumo.jp//ms/chuko/fukuoka/sc_fukuokashichuo/nc_79155392/
79164441,マンション鳥飼,1580,53,地下鉄七隈線,別府,10,2LDK,65.54,福岡県福岡市中央区鳥飼１,https://suumo.jp//ms/chuko/fukuoka/sc_fukuokashichuo/nc_79164441/
79167310,アルファライフ博多,4699,15,ＪＲ鹿児島本線,博多,14,1LDK,53.04,福岡県福岡市博多区住吉５,https://suumo.jp//ms/chuko/fukuoka/sc_fukuokashihakata/nc_79167310/
79169561,モントーレ東比恵クレア,4199,7,地下鉄空港線,東比恵,3,1LDK,42.77,福岡県福岡市博多区東比恵３,https://suumo.jp//ms/chuko/fukuoka/sc_fukuokashihakata/nc_79169561/
79170354,オープンレジデンシア天神今泉,4900,3,地下鉄七隈線,薬院大通,6,2LDK,46.01,福岡県福岡市中央区今泉２,https://suumo.jp//ms/chuko/fukuoka/sc_fukuokashichuo/nc_79170354/
79171807,サンポートハイツ,2590,52,地下鉄空港線,大濠公園,8,2LDK,61.56,福岡県福岡市中央区港２-5-32,https://suumo.jp//ms/chuko/fukuoka/sc_fukuokashichuo/nc_79171807/
79172337,ライオンズマンション天神,1820,47,地下鉄空港線,赤坂,6,1LDK,43.5,福岡県福岡市中央区舞鶴１,https://suumo.jp//ms/chuko/fukuoka/sc_fukuokashichuo/nc_79172337/
79172819,モントーレ東比恵クレア,4199,7,地下鉄空港線,東比恵,3,1LDK,42.77,福岡県福岡市博多区東比恵３,https://suumo.jp//ms/chuko/fukuoka/sc_fukuokashihakata/nc_79172819/
79172982,ザ・パークハウス天神今泉,9480,6,地下鉄七隈線,薬院,6,2LDK,65.84,福岡県福岡市中央区今泉２,https://suumo.jp//ms/chuko/fukuoka/sc_fukuokashichuo/nc_79172982/
79176144,ＫＢＣマンションユーハイム百道,3750,40,地下鉄空港線,藤崎,6,3LDK,83.47,福岡県福岡市早良区百道１,https://suumo.jp//ms/chuko/fukuoka/sc_fukuokashisawara/nc_79176144/
79177374,クリオラベルヴィ呉服町,3299,8,地下鉄空港線,中洲川端,13,1LDK,34.4,福岡県福岡市博多区下呉服町3-19,https://suumo.jp//ms/chuko/fukuoka/sc_fukuokashihakata/nc_79177374/
79187041,コアマンション桜坂プレジオ弐番館,7500,25,地下鉄七隈線,桜坂,4,4LDK,107.92,福岡県福岡市中央区六本松３,https://suumo.jp//ms/chuko/fukuoka/sc_fukuokashichuo/nc_79187041/
79194902,モントーレ東比恵クレア【担当：鍋嶋】　までお気軽にお…,4299,7,地下鉄空港線,東比恵,2,1LDK,42.77,福岡県福岡市博多区東比恵３,https://suumo.jp//ms/chuko/fukuoka/sc_fukuokashihakata/nc_79194902/
79197908,モントーレ東比恵クレア,4199,7,地下鉄空港線,東比恵,3,1LDK,42.77,福岡県福岡市博多区東比恵３,https://suumo.jp//ms/chuko/fukuoka/sc_fukuokashihakata/nc_79197908/
79198282,コスモ大手門,5090,24,地下鉄空港線,大濠公園,8,2LDK,61.2,福岡県福岡市中央区大手門２,https://suumo.jp//ms/chuko/fukuoka/sc_fukuokashichuo/nc_79198282/
79198729,ツインタワー空港通り,3499,32,地下鉄空港線,東比恵,12,3LDK,71.7,福岡県福岡市博多区豊１-1-17,https://suumo.jp//ms/chuko/fukuoka/sc_fukuokashihakata/nc_79198729/
79199369,モントーレ東比恵クレア,4199,7,地下鉄空港線,東比恵,2,1LDK,42.77,福岡県福岡市博多区東比恵３,https://suumo.jp//ms/chuko/fukuoka/sc_fukuokashihakata/nc_79199369/
79200824,スカイ・クリエート天神南,780,35,地下鉄七隈線,渡辺通,7,ワンルーム,19.71,福岡県福岡市中央区春吉２-19-17,https://suumo.jp//ms/chuko/fukuoka/sc_fukuokashichuo/nc_79200824/
79200862,MJR赤坂タワー,12500,9,地下鉄空港線,赤坂,1,2LDK,64.8,福岡県福岡市中央区赤坂１,https://suumo.jp//ms/chuko/fukuoka/sc_fukuokashichuo/nc_79200862/
79201047,赤坂エクセル,3450,52,地下鉄空港線,赤坂,12,2LDK,79.5,福岡県福岡市中央区赤坂３-８－２６,https://suumo.jp//ms/chuko/fukuoka/sc_fukuokashichuo/nc_79201047/
79203722,西公園下住宅七号棟2階,1550,55,地下鉄空港線,唐人町,11,3LDK,63.22,福岡県福岡市中央区福浜２-５－７,https://suumo.jp//ms/chuko/fukuoka/sc_fukuokashichuo/nc_79203722/
79204532,モントーレ東比恵クレア,4199,7,地下鉄空港線,東比恵,2,1LDK,42.77,福岡県福岡市博多区東比恵３,https://suumo.jp//ms/chuko/fukuoka/sc_fukuokashihakata/nc_79204532/
79215684,サンシティ鳥飼,3899,32,地下鉄七隈線,別府,8,3LDK,68.48,福岡県福岡市城南区鳥飼４,https://suumo.jp//ms/chuko/fukuoka/sc_fukuokashijonan/nc_79215684/
79215971,秀和警固レジデンス,3280,52,地下鉄空港線,赤坂,8,2LDK+S（納戸）,69.43,福岡県福岡市中央区警固２,https://suumo.jp//ms/chuko/fukuoka/sc_fukuokashichuo/nc_79215971/
79216175,パークホームズ警固本通り,7800,17,地下鉄空港線,赤坂,9,3LDK,82.96,福岡県福岡市中央区警固２-16-30,https://suumo.jp//ms/chuko/fukuoka/sc_fukuokashichuo/nc_79216175/
79216752,グランドメゾン大濠南,7490,25,地下鉄七隈線,六本松,3,3LDK,87.11,福岡県福岡市中央区草香江２,https://suumo.jp//ms/chuko/fukuoka/sc_fukuokashichuo/nc_79216752/
79217231,サンシティ鳥飼　中古マンション,3899,32,地下鉄七隈線,別府,11,3LDK+S（納戸）,68.48,福岡県福岡市城南区鳥飼４,https://suumo.jp//ms/chuko/fukuoka/sc_fukuokashijonan/nc_79217231/
79220129,エンクレストベイサイド通り,4599,10,地下鉄空港線,中洲川端,12,1LDK,54.65,福岡県福岡市博多区築港本町,https://suumo.jp//ms/chuko/fukuoka/sc_fukuokashihakata/nc_79220129/
79220295,ソピア大濠西,5290,27,地下鉄空港線,西新,10,3LDK,69.57,福岡県福岡市中央区鳥飼３,https://suumo.jp//ms/chuko/fukuoka/sc_fukuokashichuo/nc_79220295/
79220468,ブリリアタワー西新,16800,5,地下鉄空港線,西新,1,2LDK,79.93,福岡県福岡市早良区西新４,https://suumo.jp//ms/chuko/fukuoka/sc_fukuokashisawara/nc_79220468/
79221650,パークホームズ警固本通り,7800,17,地下鉄空港線,赤坂,9,3LDK,82.96,福岡県福岡市中央区警固２,https://suumo.jp//ms/chuko/fukuoka/sc_fukuokashichuo/nc_79221650/
79224953,ロマネスク大濠アネックス,3099,39,地下鉄空港線,唐人町,14,2LDK,59.65,福岡県福岡市中央区鳥飼２,https://suumo.jp//ms/chuko/fukuoka/sc_fukuokashichuo/nc_79224953/
79225116,警固ハウス,2999,46,地下鉄七隈線,薬院大通,8,2LDK,66.0,福岡県福岡市中央区警固１,https://suumo.jp//ms/chuko/fukuoka/sc_fukuokashichuo/nc_79225116/
79226603,ＫＢＣマンションユーハイム赤坂南,3980,40,地下鉄七隈線,薬院大通,7,2LDK,84.87,福岡県福岡市中央区警固２,https://suumo.jp//ms/chuko/fukuoka/sc_fukuokashichuo/nc_79226603/
79226606,リファレンス天神南,4299,24,地下鉄七隈線,渡辺通,12,3LDK,65.32,福岡県福岡市中央区清川２,https://suumo.jp//ms/chuko/fukuoka/sc_fukuokashichuo/nc_79226606/
79233445,クリオラベルヴィ呉服町,4499,8,地下鉄空港線,中洲川端,10,2LDK,47.0,福岡県福岡市博多区下呉服町,https://suumo.jp//ms/chuko/fukuoka/sc_fukuokashihakata/nc_79233445/
