name,price,address,access,area,layout,yyyymm_construction,url,station_name,line,minutes,yyyymm,age,id
シティマンション輝国,950,福岡県福岡市中央区輝国２,地下鉄七隈線「六本松」徒歩15分,55.43,3DK,1984年1月,https://suumo.jp//ms/chuko/fukuoka/sc_fukuokashichuo/nc_20230915/,六本松,地下鉄七隈線,15,1984-01-01,42,20230915
シティマンション輝国,1430,福岡県福岡市中央区輝国２,地下鉄七隈線「六本松」徒歩15分,55.06,3DK,1984年1月,https://suumo.jp//ms/chuko/fukuoka/sc_fukuokashichuo/nc_20293641/,六本松,地下鉄七隈線,15,1984-01-01,42,20293641
ロマネスク渡辺通第2,1699,福岡県福岡市中央区高砂２-6-15,地下鉄七隈線「渡辺通」徒歩12分,33.29,1LDK,1989年4月,https://suumo.jp//ms/chuko/fukuoka/sc_fukuokashichuo/nc_20320814/,渡辺通,地下鉄七隈線,12,1989-04-01,37,20320814
ロマネスク渡辺通第2,1699,福岡県福岡市中央区高砂２,地下鉄七隈線「渡辺通」徒歩12分,33.29,1LDK,1989年4月,https://suumo.jp//ms/chuko/fukuoka/sc_fukuokashichuo/nc_20393142/,渡辺通,地下鉄七隈線,12,1989-04-01,37,20393142
藤和城西コーポ,1998,福岡県福岡市城南区別府４-13-29,地下鉄七隈線「別府」徒歩10分,52.82,2LDK,1974年7月,https://suumo.jp//ms/chuko/fukuoka/sc_fukuokashijonan/nc_20576082/,別府,地下鉄七隈線,10,1974-07-01,52,20576082
パークハイツ桜坂,2290,福岡県福岡市中央区桜坂３-12-78,地下鉄七隈線「桜坂」徒歩4分,67.2,2LDK+2S（納戸）,1977年6月,https://suumo.jp//ms/chuko/fukuoka/sc_fukuokashichuo/nc_20211012/,桜坂,地下鉄七隈線,4,1977-06-01,49,20211012
西新ビル,2380,福岡県福岡市早良区高取１-1-53,地下鉄空港線「藤崎」徒歩7分,66.69,2LDK,1972年7月,https://suumo.jp//ms/chuko/fukuoka/sc_fukuokashisawara/nc_20817538/,藤崎,地下鉄空港線,7,1972-07-01,54,20817538
Asobi+　エクセレンス天神,2430,福岡県福岡市中央区那の津１,地下鉄空港線「天神」徒歩10分,67.8,2LDK,1980年10月,https://suumo.jp//ms/chuko/fukuoka/sc_fukuokashichuo/nc_79016911/,天神,地下鉄空港線,10,1980-10-01,46,79016911
エクセレンス谷,2590,福岡県福岡市中央区谷１-16-58,地下鉄七隈線「六本松」徒歩7分,57.23,2LDK,1979年8月,https://suumo.jp//ms/chuko/fukuoka/sc_fukuokashichuo/nc_20598329/,六本松,地下鉄七隈線,7,1979-08-01,47,20598329
エクセレンス谷,2590,福岡県福岡市中央区谷１,地下鉄七隈線「六本松」徒歩6分,57.23,2LDK,1979年8月,https://suumo.jp//ms/chuko/fukuoka/sc_fukuokashichuo/nc_20040622/,六本松,地下鉄七隈線,6,1979-08-01,47,20040622
サンポートハイツ,2590,福岡県福岡市中央区港２,地下鉄空港線「大濠公園」徒歩8分,61.56,2LDK,1974年9月,https://suumo.jp//ms/chuko/fukuoka/sc_fukuokashichuo/nc_20549407/,大濠公園,地下鉄空港線,8,1974-09-01,52,20549407
サンポートハイツ,2590,福岡県福岡市中央区港２-5-32,地下鉄空港線「大濠公園」徒歩8分,61.56,2LDK,1974年9月,https://suumo.jp//ms/chuko/fukuoka/sc_fukuokashichuo/nc_79148573/,大濠公園,地下鉄空港線,8,1974-09-01,52,79148573
第三住吉ハイツ,2599,福岡県福岡市博多区住吉５,ＪＲ鹿児島本線「博多」徒歩13分,67.2,2LDK,1980年5月,https://suumo.jp//ms/chuko/fukuoka/sc_fukuokashihakata/nc_20504232/,博多,ＪＲ鹿児島本線,13,1980-05-01,46,20504232
藤和城西コーポ,2699,福岡県福岡市城南区別府４-13-29,地下鉄七隈線「別府」徒歩10分,84.5,3LDK,1974年7月,https://suumo.jp//ms/chuko/fukuoka/sc_fukuokashijonan/nc_20818127/,別府,地下鉄七隈線,10,1974-07-01,52,20818127
藤和城西コープ,2699,福岡県福岡市城南区別府４,地下鉄七隈線「別府」徒歩7分,84.5,3LDK,1974年7月,https://suumo.jp//ms/chuko/fukuoka/sc_fukuokashijonan/nc_20847168/,別府,地下鉄七隈線,7,1974-07-01,52,20847168
藤和城西コーポ,2699,福岡県福岡市城南区別府４,地下鉄七隈線「別府」徒歩10分,84.5,3LDK,1974年7月,https://suumo.jp//ms/chuko/fukuoka/sc_fukuokashijonan/nc_20828572/,別府,地下鉄七隈線,10,1974-07-01,52,20828572
朝日プラザ桜坂,2780,福岡県福岡市中央区谷１,地下鉄七隈線「桜坂」徒歩5分,65.49,2LDK,1986年7月,https://suumo.jp//ms/chuko/fukuoka/sc_fukuokashichuo/nc_20338825/,桜坂,地下鉄七隈線,5,1986-07-01,40,20338825
ロマネスク大濠アネックス,2999,福岡県福岡市中央区鳥飼２-6-15,地下鉄空港線「唐人町」徒歩14分,59.65,2LDK,1987年5月,https://suumo.jp//ms/chuko/fukuoka/sc_fukuokashichuo/nc_79090280/,唐人町,地下鉄空港線,14,1987-05-01,39,79090280
警固ハウス,2999,福岡県福岡市中央区警固１,地下鉄七隈線「薬院大通」徒歩8分,66.0,2LDK,1980年3月,https://suumo.jp//ms/chuko/fukuoka/sc_fukuokashichuo/nc_79225116/,薬院大通,地下鉄七隈線,8,1980-03-01,46,79225116
ロマネスク大濠アネックス,2999,福岡県福岡市中央区鳥飼２,地下鉄空港線「唐人町」徒歩12分,59.65,2LDK,1987年5月,https://suumo.jp//ms/chuko/fukuoka/sc_fukuokashichuo/nc_78652138/,唐人町,地下鉄空港線,12,1987-05-01,39,78652138
【秀和警固レジデンス】天神を日常にする好立地。青い屋…,3180,福岡県福岡市中央区警固２,地下鉄空港線「赤坂」徒歩8分,69.43,2LDK,1974年7月,https://suumo.jp//ms/chuko/fukuoka/sc_fukuokashichuo/nc_20120211/,赤坂,地下鉄空港線,8,1974-07-01,52,20120211
警固ハウス,3190,福岡県福岡市中央区警固１-15-15,地下鉄七隈線「薬院大通」徒歩10分,66.0,3LDK,1980年3月,https://suumo.jp//ms/chuko/fukuoka/sc_fukuokashichuo/nc_20874418/,薬院大通,地下鉄七隈線,10,1980-03-01,46,20874418
ライオンズマンション高砂,3280,福岡県福岡市中央区高砂１,地下鉄七隈線「渡辺通」徒歩7分,55.69,1LDK+S（納戸）,1978年11月,https://suumo.jp//ms/chuko/fukuoka/sc_fukuokashichuo/nc_20423568/,渡辺通,地下鉄七隈線,7,1978-11-01,48,20423568
【ロワールマンション博多駅南】博多駅徒歩圏！最新リノ…,3390,福岡県福岡市博多区博多駅南３,ＪＲ鹿児島本線「博多」徒歩15分,69.51,3LDK,1985年9月,https://suumo.jp//ms/chuko/fukuoka/sc_fukuokashihakata/nc_20097897/,博多,ＪＲ鹿児島本線,15,1985-09-01,41,20097897
朝日プラザ天神,3480,福岡県福岡市中央区舞鶴１,地下鉄空港線「天神」徒歩4分,63.0,1LDK,1986年5月,https://suumo.jp//ms/chuko/fukuoka/sc_fukuokashichuo/nc_20631927/,天神,地下鉄空港線,4,1986-05-01,40,20631927
【ツインタワー空港通り】陽当り良好な四方角部屋！博多…,3499,福岡県福岡市博多区豊１,地下鉄空港線「東比恵」徒歩14分,71.7,3LDK,1994年7月,https://suumo.jp//ms/chuko/fukuoka/sc_fukuokashihakata/nc_20416810/,東比恵,地下鉄空港線,14,1994-07-01,32,20416810
クレアランドマーク,3580,福岡県福岡市博多区冷泉町,地下鉄七隈線「櫛田神社前」徒歩4分,40.43,1LDK,2001年1月,https://suumo.jp//ms/chuko/fukuoka/sc_fukuokashihakata/nc_20658743/,櫛田神社前,地下鉄七隈線,4,2001-01-01,25,20658743
オープンレジデンシア薬院南,3598,福岡県福岡市中央区平尾３,地下鉄七隈線「薬院大通」徒歩10分,34.54,1LDK,2022年8月,https://suumo.jp//ms/chuko/fukuoka/sc_fukuokashichuo/nc_20912694/,薬院大通,地下鉄七隈線,10,2022-08-01,4,20912694
赤坂ハウス,3680,福岡県福岡市中央区赤坂１,地下鉄空港線「赤坂」徒歩5分,68.34,3LDK,1981年10月,https://suumo.jp//ms/chuko/fukuoka/sc_fukuokashichuo/nc_20666149/,赤坂,地下鉄空港線,5,1981-10-01,45,20666149
トラスト福岡空港駅レジデンス,3790,福岡県糟屋郡志免町別府北４,地下鉄空港線「福岡空港」徒歩14分,65.55,3LDK,2024年5月,https://suumo.jp//ms/chuko/fukuoka/sc_kasuyagunshime/nc_77251778/,福岡空港,地下鉄空港線,14,2024-05-01,2,77251778
サンシティ鳥飼,3799,福岡県福岡市城南区鳥飼４-9-3,地下鉄七隈線「別府」徒歩11分,68.48,3LDK,1994年3月,https://suumo.jp//ms/chuko/fukuoka/sc_fukuokashijonan/nc_79090720/,別府,地下鉄七隈線,11,1994-03-01,32,79090720
エンゼルハイム大濠公園南,3799,福岡県福岡市城南区鳥飼６,地下鉄七隈線「別府」徒歩4分,69.03,3LDK,1990年5月,https://suumo.jp//ms/chuko/fukuoka/sc_fukuokashijonan/nc_77201526/,別府,地下鉄七隈線,4,1990-05-01,36,77201526
サンシティ鳥飼,3799,福岡県福岡市城南区鳥飼４,地下鉄七隈線「別府」徒歩11分,68.48,3LDK,1994年3月,https://suumo.jp//ms/chuko/fukuoka/sc_fukuokashijonan/nc_20310482/,別府,地下鉄七隈線,11,1994-03-01,32,20310482
【サンシティ鳥飼】鳥飼小学校1分・内装リノベ済！アフ…,3799,福岡県福岡市城南区鳥飼４,地下鉄七隈線「別府」徒歩11分,68.48,3LDK,1994年3月,https://suumo.jp//ms/chuko/fukuoka/sc_fukuokashijonan/nc_20178579/,別府,地下鉄七隈線,11,1994-03-01,32,20178579
【リフォーム完了しました☆彡】サンシティ鳥飼,3899,福岡県福岡市城南区鳥飼４-9-3,地下鉄七隈線「別府」徒歩10分,68.48,3LDK,1994年3月,https://suumo.jp//ms/chuko/fukuoka/sc_fukuokashijonan/nc_78214946/,別府,地下鉄七隈線,10,1994-03-01,32,78214946
赤坂パインマンション,3899,福岡県福岡市中央区赤坂１-2-6,地下鉄空港線「赤坂」徒歩8分,72.0,2LDK,1981年5月,https://suumo.jp//ms/chuko/fukuoka/sc_fukuokashichuo/nc_20777150/,赤坂,地下鉄空港線,8,1981-05-01,45,20777150
トラスト福岡空港駅レジデンス,3940,福岡県糟屋郡志免町別府北４,地下鉄空港線「福岡空港」徒歩14分,67.85,3LDK,2024年5月,https://suumo.jp//ms/chuko/fukuoka/sc_kasuyagunshime/nc_20786690/,福岡空港,地下鉄空港線,14,2024-05-01,2,20786690
サンライフ六本松,3980,福岡県福岡市中央区草香江２,地下鉄七隈線「六本松」徒歩3分,60.02,2LDK,1984年5月,https://suumo.jp//ms/chuko/fukuoka/sc_fukuokashichuo/nc_20846488/,六本松,地下鉄七隈線,3,1984-05-01,42,20846488
コアマンション別府,3990,福岡県福岡市城南区別府３,地下鉄七隈線「別府」徒歩3分,72.6,3LDK,1995年10月,https://suumo.jp//ms/chuko/fukuoka/sc_fukuokashijonan/nc_20554447/,別府,地下鉄七隈線,3,1995-10-01,31,20554447
ネオハイツ薬院,4280,福岡県福岡市中央区薬院３-12-10,地下鉄七隈線「薬院大通」徒歩6分,65.7,2LDK,1986年3月,https://suumo.jp//ms/chuko/fukuoka/sc_fukuokashichuo/nc_20826479/,薬院大通,地下鉄七隈線,6,1986-03-01,40,20826479
パーク・サンリヤン博多の森Ⅰ・Ⅱ番館,4280,福岡県糟屋郡志免町別府西２-24-2,地下鉄空港線「福岡空港」徒歩12分,82.19,3LDK,2003年3月,https://suumo.jp//ms/chuko/fukuoka/sc_kasuyagunshime/nc_20683977/,福岡空港,地下鉄空港線,12,2003-03-01,23,20683977
【藤崎ロジュマン】高取小・中エリア～専用庭付4LDK…,4380,福岡県福岡市早良区昭代３,地下鉄空港線「藤崎」徒歩10分,82.76,3LDK,1988年3月,https://suumo.jp//ms/chuko/fukuoka/sc_fukuokashisawara/nc_20378888/,藤崎,地下鉄空港線,10,1988-03-01,38,20378888
藤崎ロジュマン,4380,福岡県福岡市早良区昭代３,地下鉄空港線「藤崎」徒歩10分,82.76,4LDK,1988年3月,https://suumo.jp//ms/chuko/fukuoka/sc_fukuokashisawara/nc_79055759/,藤崎,地下鉄空港線,10,1988-03-01,38,79055759
【クリオラベルヴィ呉服町】呉服町駅歩5分×9階角部屋…,4399,福岡県福岡市博多区下呉服町,地下鉄空港線「中洲川端」徒歩12分,47.0,2LDK,2018年1月,https://suumo.jp//ms/chuko/fukuoka/sc_fukuokashihakata/nc_20150416/,中洲川端,地下鉄空港線,12,2018-01-01,8,20150416
【コスモ博多古門戸】令和7年11月リノベ完了！天神・…,4399,福岡県福岡市博多区古門戸町,地下鉄空港線「中洲川端」徒歩9分,54.49,1LDK+S（納戸）,2003年1月,https://suumo.jp//ms/chuko/fukuoka/sc_fukuokashihakata/nc_20178365/,中洲川端,地下鉄空港線,9,2003-01-01,23,20178365
エバーライフ赤坂,4480,福岡県福岡市中央区赤坂３,地下鉄七隈線「桜坂」徒歩14分,63.63,1LDK,1988年12月,https://suumo.jp//ms/chuko/fukuoka/sc_fukuokashichuo/nc_20426588/,桜坂,地下鉄七隈線,14,1988-12-01,38,20426588
デュオヴェール西新,4580,福岡県福岡市早良区祖原,地下鉄空港線「西新」徒歩6分,43.5,2LDK,2021年7月,https://suumo.jp//ms/chuko/fukuoka/sc_fukuokashisawara/nc_78829131/,西新,地下鉄空港線,6,2021-07-01,5,78829131
ロイヤルマンション西新,4599,福岡県福岡市早良区祖原,地下鉄空港線「西新」徒歩10分,84.48,4LDK,1987年11月,https://suumo.jp//ms/chuko/fukuoka/sc_fukuokashisawara/nc_20617864/,西新,地下鉄空港線,10,1987-11-01,39,20617864
西公園ツインタワー,4630,福岡県福岡市中央区荒戸２,地下鉄空港線「大濠公園」徒歩7分,83.05,3LDK,1990年1月,https://suumo.jp//ms/chuko/fukuoka/sc_fukuokashichuo/nc_20052926/,大濠公園,地下鉄空港線,7,1990-01-01,36,20052926
ジョイナス地行浜東,4800,福岡県福岡市中央区伊崎,地下鉄空港線「唐人町」徒歩11分,73.92,2LDK,2006年3月,https://suumo.jp//ms/chuko/fukuoka/sc_fukuokashichuo/nc_20877308/,唐人町,地下鉄空港線,11,2006-03-01,20,20877308
アダージュ薬院弐番館,4890,福岡県福岡市中央区薬院２,地下鉄七隈線「薬院大通」徒歩3分,65.11,2LDK,2003年3月,https://suumo.jp//ms/chuko/fukuoka/sc_fukuokashichuo/nc_20272288/,薬院大通,地下鉄七隈線,3,2003-03-01,23,20272288
≪完成しました！≫アートウィル赤坂,4980,福岡県福岡市中央区赤坂３,地下鉄七隈線「桜坂」徒歩11分,65.61,2LDK,1994年10月,https://suumo.jp//ms/chuko/fukuoka/sc_fukuokashichuo/nc_20837855/,桜坂,地下鉄七隈線,11,1994-10-01,32,20837855
コスモ大手門,5090,福岡県福岡市中央区大手門２,地下鉄空港線「大濠公園」徒歩8分,61.2,2LDK,2002年2月,https://suumo.jp//ms/chuko/fukuoka/sc_fukuokashichuo/nc_20434466/,大濠公園,地下鉄空港線,8,2002-02-01,24,20434466
MJR博多ザ・レジデンス,5280,福岡県福岡市博多区美野島１,地下鉄空港線「博多」徒歩13分,52.78,1LDK,2025年1月,https://suumo.jp//ms/chuko/fukuoka/sc_fukuokashihakata/nc_20523797/,博多,地下鉄空港線,13,2025-01-01,1,20523797
オープンレジデンシア天神今泉,5299,福岡県福岡市中央区今泉２,地下鉄七隈線「薬院大通」徒歩6分,46.28,2LDK,2023年9月,https://suumo.jp//ms/chuko/fukuoka/sc_fukuokashichuo/nc_20711534/,薬院大通,地下鉄七隈線,6,2023-09-01,3,20711534
クリオ渡辺通アーバンマークス,5380,福岡県福岡市中央区清川２,地下鉄七隈線「渡辺通」徒歩10分,53.94,2LDK,2023年2月,https://suumo.jp//ms/chuko/fukuoka/sc_fukuokashichuo/nc_20253656/,渡辺通,地下鉄七隈線,10,2023-02-01,3,20253656
≪新着≫ソピア大濠西,5480,福岡県福岡市中央区鳥飼３,地下鉄空港線「西新」徒歩10分,69.57,3LDK,1999年3月,https://suumo.jp//ms/chuko/fukuoka/sc_fukuokashichuo/nc_20835624/,西新,地下鉄空港線,10,1999-03-01,27,20835624
オープンレジデンシア博多住吉,5499,福岡県福岡市博多区住吉２,地下鉄七隈線「櫛田神社前」徒歩5分,51.18,2LDK,2023年9月,https://suumo.jp//ms/chuko/fukuoka/sc_fukuokashihakata/nc_20734997/,櫛田神社前,地下鉄七隈線,5,2023-09-01,3,20734997
コモダス天神2,5880,福岡県福岡市中央区今泉２-4-59,地下鉄七隈線「薬院大通」徒歩10分,72.9,3LDK,1999年10月,https://suumo.jp//ms/chuko/fukuoka/sc_fukuokashichuo/nc_20914831/,薬院大通,地下鉄七隈線,10,1999-10-01,27,20914831
インプレスト天神オークタワー,5990,福岡県福岡市中央区長浜２,地下鉄空港線「赤坂」徒歩9分,56.79,2LDK,2020年5月,https://suumo.jp//ms/chuko/fukuoka/sc_fukuokashichuo/nc_78973290/,赤坂,地下鉄空港線,9,2020-05-01,6,78973290
ブライトンヒルズ藤崎,6180,福岡県福岡市早良区藤崎１-5-10,地下鉄空港線「藤崎」徒歩7分,79.23,3LDK,2003年7月,https://suumo.jp//ms/chuko/fukuoka/sc_fukuokashisawara/nc_79071797/,藤崎,地下鉄空港線,7,2003-07-01,23,79071797
ブライトンヒルズ藤崎,6180,福岡県福岡市早良区藤崎１,地下鉄空港線「藤崎」徒歩7分,79.23,3LDK,2003年7月,https://suumo.jp//ms/chuko/fukuoka/sc_fukuokashisawara/nc_79068584/,藤崎,地下鉄空港線,7,2003-07-01,23,79068584
東峰マンション第二西公園,6280,福岡県福岡市中央区荒戸３,地下鉄空港線「唐人町」徒歩8分,103.54,4LDK,1982年2月,https://suumo.jp//ms/chuko/fukuoka/sc_fukuokashichuo/nc_20851652/,唐人町,地下鉄空港線,8,1982-02-01,44,20851652
ヒルズ平尾,6480,福岡県福岡市中央区平尾４,地下鉄七隈線「薬院大通」徒歩15分,93.25,4LDK,1998年2月,https://suumo.jp//ms/chuko/fukuoka/sc_fukuokashichuo/nc_78330015/,薬院大通,地下鉄七隈線,15,1998-02-01,28,78330015
アソシアビュー博多アドレス,6480,福岡県福岡市博多区豊１-1番3号,ＪＲ篠栗線「博多」徒歩13分,90.64,3LDK,2015年5月,https://suumo.jp//ms/chuko/fukuoka/sc_fukuokashihakata/nc_20848052/,博多,ＪＲ篠栗線,13,2015-05-01,11,20848052
クリオ渡辺通サザンマークス,6480,福岡県福岡市中央区清川３,地下鉄七隈線「渡辺通」徒歩15分,67.0,2LDK,2024年3月,https://suumo.jp//ms/chuko/fukuoka/sc_fukuokashichuo/nc_20647152/,渡辺通,地下鉄七隈線,15,2024-03-01,2,20647152
ライオンズ大濠公園グランゲイト,6780,福岡県福岡市中央区大手門２,地下鉄空港線「大濠公園」徒歩7分,67.03,3LDK,2015年2月,https://suumo.jp//ms/chuko/fukuoka/sc_fukuokashichuo/nc_20572204/,大濠公園,地下鉄空港線,7,2015-02-01,11,20572204
大濠公園グランドヒルズ,6980,福岡県福岡市中央区荒戸２-3-49,地下鉄空港線「大濠公園」徒歩4分,79.08,2LDK+S（納戸）,1990年9月,https://suumo.jp//ms/chuko/fukuoka/sc_fukuokashichuo/nc_20268504/,大濠公園,地下鉄空港線,4,1990-09-01,36,20268504
デュ・レジア薬院テラス,6980,福岡県福岡市中央区高砂２,地下鉄七隈線「薬院」徒歩11分,63.0,2LDK,2022年3月,https://suumo.jp//ms/chuko/fukuoka/sc_fukuokashichuo/nc_79108337/,薬院,地下鉄七隈線,11,2022-03-01,4,79108337
ル・サンク高取,7090,福岡県福岡市早良区高取１,地下鉄空港線「藤崎」徒歩7分,81.22,3LDK,2014年7月,https://suumo.jp//ms/chuko/fukuoka/sc_fukuokashisawara/nc_20518457/,藤崎,地下鉄空港線,7,2014-07-01,12,20518457
グランフォーレ西公園ルネッサンス,7199,福岡県福岡市中央区荒戸１,地下鉄空港線「大濠公園」徒歩5分,75.65,3LDK,2007年11月,https://suumo.jp//ms/chuko/fukuoka/sc_fukuokashichuo/nc_20579461/,大濠公園,地下鉄空港線,5,2007-11-01,19,20579461
コスモ六本松シティフォルム,7399,福岡県福岡市中央区草香江２,地下鉄七隈線「六本松」徒歩5分,70.58,3LDK,2000年2月,https://suumo.jp//ms/chuko/fukuoka/sc_fukuokashichuo/nc_20597892/,六本松,地下鉄七隈線,5,2000-02-01,26,20597892
ネオグランデ赤坂,7680,福岡県福岡市中央区赤坂２,地下鉄空港線「赤坂」徒歩9分,82.15,3LDK,2001年3月,https://suumo.jp//ms/chuko/fukuoka/sc_fukuokashichuo/nc_20897260/,赤坂,地下鉄空港線,9,2001-03-01,25,20897260
パークホームズ警固本通り,7770,福岡県福岡市中央区警固２-16-30,地下鉄空港線「赤坂」徒歩9分,82.96,3LDK,2009年10月,https://suumo.jp//ms/chuko/fukuoka/sc_fukuokashichuo/nc_20798401/,赤坂,地下鉄空港線,9,2009-10-01,17,20798401
ザ・パークハウス桜坂サンリヤン,8200,福岡県福岡市中央区桜坂３,地下鉄七隈線「桜坂」徒歩3分,70.74,3LDK,2018年9月,https://suumo.jp//ms/chuko/fukuoka/sc_fukuokashichuo/nc_20452057/,桜坂,地下鉄七隈線,3,2018-09-01,8,20452057
ザ・パークハウス福岡タワーズ　EAST,8780,福岡県福岡市中央区地行浜２,地下鉄空港線「唐人町」徒歩12分,82.52,2LDK,2020年12月,https://suumo.jp//ms/chuko/fukuoka/sc_fukuokashichuo/nc_20595838/,唐人町,地下鉄空港線,12,2020-12-01,6,20595838
グランドメゾン福岡Ｔｈｅ　Ｃｅｎｔｒａｌ　Ｌｕｘｅ,8900,福岡県福岡市中央区渡辺通２,西鉄天神大牟田線「薬院」徒歩2分,62.25,1LDK,2025年6月,https://suumo.jp//ms/chuko/fukuoka/sc_fukuokashichuo/nc_20577821/,薬院,西鉄天神大牟田線,2,2025-06-01,1,20577821
ザ・パークハウス桜坂サンリヤン,8900,福岡県福岡市中央区桜坂３,地下鉄七隈線「桜坂」徒歩3分,75.95,3LDK,2018年9月,https://suumo.jp//ms/chuko/fukuoka/sc_fukuokashichuo/nc_78097789/,桜坂,地下鉄七隈線,3,2018-09-01,8,78097789
アンピール・マキシム大濠,9180,福岡県福岡市中央区荒戸２,地下鉄空港線「大濠公園」徒歩6分,85.37,3LDK,2000年10月,https://suumo.jp//ms/chuko/fukuoka/sc_fukuokashichuo/nc_20544256/,大濠公園,地下鉄空港線,6,2000-10-01,26,20544256
グランドメゾン大濠ブルクレール,9280,福岡県福岡市中央区草香江２,地下鉄七隈線「六本松」徒歩9分,85.42,3LDK,2006年3月,https://suumo.jp//ms/chuko/fukuoka/sc_fukuokashichuo/nc_79094486/,六本松,地下鉄七隈線,9,2006-03-01,20,79094486
百道タワー,9500,福岡県福岡市早良区百道浜１,地下鉄空港線「西新」徒歩10分,81.73,2LDK,2004年2月,https://suumo.jp//ms/chuko/fukuoka/sc_fukuokashisawara/nc_79098275/,西新,地下鉄空港線,10,2004-02-01,22,79098275
パークコート赤坂ヒルトップレジデンス,9880,福岡県福岡市中央区赤坂３,地下鉄七隈線「桜坂」徒歩9分,88.76,3LDK,2010年2月,https://suumo.jp//ms/chuko/fukuoka/sc_fukuokashichuo/nc_78598929/,桜坂,地下鉄七隈線,9,2010-02-01,16,78598929
アーティックス大濠,9980,福岡県福岡市中央区鳥飼１,地下鉄七隈線「六本松」徒歩13分,108.59,4LDK,2004年2月,https://suumo.jp//ms/chuko/fukuoka/sc_fukuokashichuo/nc_20462310/,六本松,地下鉄七隈線,13,2004-02-01,22,20462310
アルテマインド浄水平丘,10300,福岡県福岡市中央区平丘町,地下鉄七隈線「薬院大通」徒歩9分,94.63,3LDK,2010年5月,https://suumo.jp//ms/chuko/fukuoka/sc_fukuokashichuo/nc_20301814/,薬院大通,地下鉄七隈線,9,2010-05-01,16,20301814
グランドメゾン西新レジデンス,10980,福岡県福岡市早良区西新２-1-42,地下鉄空港線「西新」徒歩6分,105.84,3LDK,2015年1月,https://suumo.jp//ms/chuko/fukuoka/sc_fukuokashisawara/nc_79120367/,西新,地下鉄空港線,6,2015-01-01,11,79120367
グランドメゾン大濠南,10990,福岡県福岡市中央区草香江２-1-38,地下鉄七隈線「六本松」徒歩4分,98.79,3LDK+S（納戸）,2001年11月,https://suumo.jp//ms/chuko/fukuoka/sc_fukuokashichuo/nc_20735319/,六本松,地下鉄七隈線,4,2001-11-01,25,20735319
グランドメゾン福岡 The Central Luxe,11000,福岡県福岡市中央区渡辺通２,西鉄天神大牟田線「薬院」徒歩2分,51.35,1LDK,2025年6月,https://suumo.jp//ms/chuko/fukuoka/sc_fukuokashichuo/nc_20142596/,薬院,西鉄天神大牟田線,2,2025-06-01,1,20142596
グランドメゾン大濠公園THE TOWER,11500,福岡県福岡市中央区唐人町１,地下鉄空港線「唐人町」徒歩2分,70.67,3LDK,2023年6月,https://suumo.jp//ms/chuko/fukuoka/sc_fukuokashichuo/nc_20182967/,唐人町,地下鉄空港線,2,2023-06-01,3,20182967
グランドメゾン大濠公園 THE CLASS,12000,福岡県福岡市中央区荒戸２,地下鉄空港線「大濠公園」徒歩4分,60.35,2LDK,2024年1月,https://suumo.jp//ms/chuko/fukuoka/sc_fukuokashichuo/nc_20142502/,大濠公園,地下鉄空港線,4,2024-01-01,2,20142502
グランドメゾン浄水ガーデンシティセントラルフォレスト…,12800,福岡県福岡市中央区薬院４,地下鉄七隈線「薬院大通」徒歩9分,74.84,3LDK,2022年1月,https://suumo.jp//ms/chuko/fukuoka/sc_fukuokashichuo/nc_20801098/,薬院大通,地下鉄七隈線,9,2022-01-01,4,20801098
ＣＬＵＢ　ＴＨＥ．大濠二丁目,13800,福岡県福岡市中央区大濠２,地下鉄空港線「唐人町」徒歩7分,88.45,3LDK,2019年6月,https://suumo.jp//ms/chuko/fukuoka/sc_fukuokashichuo/nc_79061506/,唐人町,地下鉄空港線,7,2019-06-01,7,79061506
サンリベラ・プライム天神大名レジデンス,14980,福岡県福岡市中央区大名２-4-5,地下鉄空港線「赤坂」徒歩4分,100.4,1LDK,1992年2月,https://suumo.jp//ms/chuko/fukuoka/sc_fukuokashichuo/nc_20743987/,赤坂,地下鉄空港線,4,1992-02-01,34,20743987
ザ・パークハウス福岡タワーズＷＥＳＴ,16800,福岡県福岡市中央区地行浜２,地下鉄空港線「唐人町」徒歩12分,92.49,2LDK,2019年12月,https://suumo.jp//ms/chuko/fukuoka/sc_fukuokashichuo/nc_20651837/,唐人町,地下鉄空港線,12,2019-12-01,7,20651837
グランドメゾン福岡THE Central Luxe,25000,福岡県福岡市中央区渡辺通２,西鉄天神大牟田線「薬院」徒歩4分,110.97,3LDK,2025年7月,https://suumo.jp//ms/chuko/fukuoka/sc_fukuokashichuo/nc_20844164/,薬院,西鉄天神大牟田線,4,2025-07-01,1,20844164
Ｂｒｉｌｌｉａ　Ｔｏｗｅｒ西新・ＰＲＡＬＩＶＡ,31000,福岡県福岡市早良区西新４,地下鉄空港線「西新」徒歩1分,101.13,2LDK,2021年1月,https://suumo.jp//ms/chuko/fukuoka/sc_fukuokashisawara/nc_78550441/,西新,地下鉄空港線,1,2021-01-01,5,78550441
ライオンズマンション薬院第6,980,福岡県福岡市中央区薬院４,地下鉄七隈線「薬院大通」徒歩6分,21.0,1K,1991年2月,https://suumo.jp//ms/chuko/fukuoka/sc_fukuokashichuo/nc_20712871/,薬院大通,地下鉄七隈線,6,1991-02-01,35,20712871
グランピア空港前,1480,福岡県福岡市博多区青木１-5－39,地下鉄空港線「福岡空港」徒歩13分,56.07,2LDK,1986年6月,https://suumo.jp//ms/chuko/fukuoka/sc_fukuokashihakata/nc_78735750/,福岡空港,地下鉄空港線,13,1986-06-01,40,78735750
日商岩井新福陵マンション２号棟,1498,福岡県福岡市早良区荒江３,地下鉄空港線「藤崎」徒歩15分,83.19,4LDK,1978年3月,https://suumo.jp//ms/chuko/fukuoka/sc_fukuokashisawara/nc_20900800/,藤崎,地下鉄空港線,15,1978-03-01,48,20900800
ライオンズマンション舞鶴第3【担当：中尾】　までお気…,1580,福岡県福岡市中央区舞鶴２,地下鉄空港線「赤坂」徒歩7分,30.07,1DK,1985年5月,https://suumo.jp//ms/chuko/fukuoka/sc_fukuokashichuo/nc_20823411/,赤坂,地下鉄空港線,7,1985-05-01,41,20823411
ライオンズマンション舞鶴第3,1580,福岡県福岡市中央区舞鶴２,地下鉄空港線「赤坂」徒歩7分,30.07,1DK,1985年5月,https://suumo.jp//ms/chuko/fukuoka/sc_fukuokashichuo/nc_20452034/,赤坂,地下鉄空港線,7,1985-05-01,41,20452034
天神南ハイツ,1580,福岡県福岡市中央区清川２-12-4,地下鉄七隈線「渡辺通」徒歩10分,44.77,ワンルーム,1981年6月,https://suumo.jp//ms/chuko/fukuoka/sc_fukuokashichuo/nc_20865585/,渡辺通,地下鉄七隈線,10,1981-06-01,45,20865585
ゾンネンハイム大手門,1599,福岡県福岡市中央区大手門２-5-10,地下鉄空港線「大濠公園」徒歩7分,33.0,1DK,1973年8月,https://suumo.jp//ms/chuko/fukuoka/sc_fukuokashichuo/nc_20904816/,大濠公園,地下鉄空港線,7,1973-08-01,53,20904816
ロマネスク渡辺通第2　中古マンション,1699,福岡県福岡市中央区高砂２,地下鉄七隈線「渡辺通」徒歩12分,33.29,1LDK,1989年4月,https://suumo.jp//ms/chuko/fukuoka/sc_fukuokashichuo/nc_20495629/,渡辺通,地下鉄七隈線,12,1989-04-01,37,20495629
ロマネスク渡辺通第２,1699,福岡県福岡市中央区高砂２-6-15,地下鉄七隈線「渡辺通」徒歩12分,33.29,1LDK,1989年1月,https://suumo.jp//ms/chuko/fukuoka/sc_fukuokashichuo/nc_20327626/,渡辺通,地下鉄七隈線,12,1989-01-01,37,20327626
ロマネスク渡辺通第2　中古マンション,1749,福岡県福岡市中央区高砂２,地下鉄七隈線「渡辺通」徒歩12分,33.29,1LDK,1989年4月,https://suumo.jp//ms/chuko/fukuoka/sc_fukuokashichuo/nc_20337661/,渡辺通,地下鉄七隈線,12,1989-04-01,37,20337661
ロマネスク渡辺通第2,1749,福岡県福岡市中央区高砂２,地下鉄七隈線「渡辺通」徒歩13分,33.29,1LDK,1989年4月,https://suumo.jp//ms/chuko/fukuoka/sc_fukuokashichuo/nc_20332850/,渡辺通,地下鉄七隈線,13,1989-04-01,37,20332850
ロマネスク渡辺通第2,1749,福岡県福岡市中央区高砂２,地下鉄七隈線「渡辺通」徒歩12分,33.29,1LDK,1989年4月,https://suumo.jp//ms/chuko/fukuoka/sc_fukuokashichuo/nc_20472262/,渡辺通,地下鉄七隈線,12,1989-04-01,37,20472262
フラワーコーポ六本松　503,1799,福岡県福岡市中央区草香江２-2-6,地下鉄七隈線「六本松」徒歩4分,39.36,1LDK,1979年3月,https://suumo.jp//ms/chuko/fukuoka/sc_fukuokashichuo/nc_20904725/,六本松,地下鉄七隈線,4,1979-03-01,47,20904725
西新ビル,1850,福岡県福岡市早良区高取１,地下鉄空港線「藤崎」徒歩5分,60.8,2LDK,1972年7月,https://suumo.jp//ms/chuko/fukuoka/sc_fukuokashisawara/nc_20458331/,藤崎,地下鉄空港線,5,1972-07-01,54,20458331
藤和城西コープ,1998,福岡県福岡市城南区別府４,地下鉄七隈線「別府」徒歩7分,52.82,2LDK,1974年7月,https://suumo.jp//ms/chuko/fukuoka/sc_fukuokashijonan/nc_20457505/,別府,地下鉄七隈線,7,1974-07-01,52,20457505
ステイツ天神東,1999,福岡県福岡市博多区奈良屋町,地下鉄空港線「中洲川端」徒歩11分,40.97,1LDK,1990年3月,https://suumo.jp//ms/chuko/fukuoka/sc_fukuokashihakata/nc_20822456/,中洲川端,地下鉄空港線,11,1990-03-01,36,20822456
ステイツ天神東,1999,福岡県福岡市博多区奈良屋町,地下鉄空港線「中洲川端」徒歩10分,40.97,1LDK,1990年3月,https://suumo.jp//ms/chuko/fukuoka/sc_fukuokashihakata/nc_20808315/,中洲川端,地下鉄空港線,10,1990-03-01,36,20808315
ステイツ天神東,1999,福岡県福岡市博多区奈良屋町,地下鉄箱崎線「中洲川端」徒歩9分,40.97,1LDK,1990年3月,https://suumo.jp//ms/chuko/fukuoka/sc_fukuokashihakata/nc_20811449/,中洲川端,地下鉄箱崎線,9,1990-03-01,36,20811449
皐月マンション奈良屋,2180,福岡県福岡市博多区奈良屋町12‐18,地下鉄空港線「中洲川端」徒歩11分,53.28,2LDK,1980年7月,https://suumo.jp//ms/chuko/fukuoka/sc_fukuokashihakata/nc_78566794/,中洲川端,地下鉄空港線,11,1980-07-01,46,78566794
カーサ大濠,2199,福岡県福岡市中央区六本松３-11-45,地下鉄七隈線「六本松」徒歩8分,51.66,1LDK,1974年6月,https://suumo.jp//ms/chuko/fukuoka/sc_fukuokashichuo/nc_78692224/,六本松,地下鉄七隈線,8,1974-06-01,52,78692224
ＧＳハイム博多,2200,福岡県福岡市博多区博多駅東２,地下鉄空港線「東比恵」徒歩5分,66.15,3LDK,1980年10月,https://suumo.jp//ms/chuko/fukuoka/sc_fukuokashihakata/nc_77918934/,東比恵,地下鉄空港線,5,1980-10-01,46,77918934
プレイスポットしんばしビル本館,2249,福岡県福岡市博多区中洲２-1-11,地下鉄七隈線「櫛田神社前」徒歩5分,40.63,1DK,1975年2月,https://suumo.jp//ms/chuko/fukuoka/sc_fukuokashihakata/nc_20351680/,櫛田神社前,地下鉄七隈線,5,1975-02-01,51,20351680
プレイスポットしんばしビル本館,2249,福岡県福岡市博多区中洲２,地下鉄七隈線「櫛田神社前」徒歩2分,40.63,1DK,1975年2月,https://suumo.jp//ms/chuko/fukuoka/sc_fukuokashihakata/nc_20310107/,櫛田神社前,地下鉄七隈線,2,1975-02-01,51,20310107
西新パークマンション,2250,福岡県福岡市早良区西新３,地下鉄空港線「西新」徒歩7分,70.97,3LDK,1988年5月,https://suumo.jp//ms/chuko/fukuoka/sc_fukuokashisawara/nc_20415226/,西新,地下鉄空港線,7,1988-05-01,38,20415226
ハイライフ平尾,2250,福岡県福岡市中央区平尾４-7-17,地下鉄七隈線「薬院大通」徒歩14分,44.71,1LDK,1977年9月,https://suumo.jp//ms/chuko/fukuoka/sc_fukuokashichuo/nc_20804155/,薬院大通,地下鉄七隈線,14,1977-09-01,49,20804155
パークハイツ桜坂,2290,福岡県福岡市中央区桜坂３,地下鉄七隈線「桜坂」徒歩5分,67.2,2LDK+S（納戸）,1977年6月,https://suumo.jp//ms/chuko/fukuoka/sc_fukuokashichuo/nc_20822901/,桜坂,地下鉄七隈線,5,1977-06-01,49,20822901
ライオンズマンション昭代　中古マンション,2298,福岡県福岡市早良区昭代１,地下鉄空港線「西新」徒歩15分,58.8,2LDK,1981年3月,https://suumo.jp//ms/chuko/fukuoka/sc_fukuokashisawara/nc_20527006/,西新,地下鉄空港線,15,1981-03-01,45,20527006
西新ビル,2380,福岡県福岡市早良区高取１-1-53,地下鉄空港線「藤崎」徒歩7分,66.69,2LDK,1972年7月,https://suumo.jp//ms/chuko/fukuoka/sc_fukuokashisawara/nc_20895342/,藤崎,地下鉄空港線,7,1972-07-01,54,20895342
ロワールマンション大名,2480,福岡県福岡市中央区大名１,地下鉄空港線「赤坂」徒歩6分,68.04,3LDK,1980年3月,https://suumo.jp//ms/chuko/fukuoka/sc_fukuokashichuo/nc_20556337/,赤坂,地下鉄空港線,6,1980-03-01,46,20556337
パークハイツ平尾山荘　21棟,2490,福岡県福岡市中央区平尾５,地下鉄七隈線「薬院大通」徒歩15分,79.44,3LDK,1981年7月,https://suumo.jp//ms/chuko/fukuoka/sc_fukuokashichuo/nc_20367967/,薬院大通,地下鉄七隈線,15,1981-07-01,45,20367967
古河平丘台マンション,2500,福岡県福岡市中央区平尾３,地下鉄七隈線「薬院大通」徒歩13分,59.35,2DK,1971年11月,https://suumo.jp//ms/chuko/fukuoka/sc_fukuokashichuo/nc_20592795/,薬院大通,地下鉄七隈線,13,1971-11-01,55,20592795
藤崎センタービル,2550,福岡県福岡市早良区高取２,地下鉄空港線「藤崎」徒歩1分,42.55,1LDK,1979年11月,https://suumo.jp//ms/chuko/fukuoka/sc_fukuokashisawara/nc_20825678/,藤崎,地下鉄空港線,1,1979-11-01,47,20825678
藤崎センタービル,2550,福岡県福岡市早良区高取２,地下鉄空港線「藤崎」徒歩1分,42.55,1LDK,1979年11月,https://suumo.jp//ms/chuko/fukuoka/sc_fukuokashisawara/nc_20751441/,藤崎,地下鉄空港線,1,1979-11-01,47,20751441
エクセレンス谷　中古マンション,2590,福岡県福岡市中央区谷１,地下鉄七隈線「六本松」徒歩7分,57.23,2LDK,1979年8月,https://suumo.jp//ms/chuko/fukuoka/sc_fukuokashichuo/nc_78743140/,六本松,地下鉄七隈線,7,1979-08-01,47,78743140
エクセレンス谷,2590,福岡県福岡市中央区谷１,地下鉄七隈線「六本松」徒歩5分,57.23,2LDK,1979年8月,https://suumo.jp//ms/chuko/fukuoka/sc_fukuokashichuo/nc_20728981/,六本松,地下鉄七隈線,5,1979-08-01,47,20728981
エクセレンス谷,2590,福岡県福岡市中央区谷１,地下鉄七隈線「六本松」徒歩7分,57.23,2LDK,1979年8月,https://suumo.jp//ms/chuko/fukuoka/sc_fukuokashichuo/nc_78778379/,六本松,地下鉄七隈線,7,1979-08-01,47,78778379
エクセレンス谷,2590,福岡県福岡市中央区谷１-16-58,地下鉄七隈線「六本松」徒歩7分,57.23,2LDK,1979年8月,https://suumo.jp//ms/chuko/fukuoka/sc_fukuokashichuo/nc_79071316/,六本松,地下鉄七隈線,7,1979-08-01,47,79071316
第三住吉ハイツ,2599,福岡県福岡市博多区住吉５,ＪＲ鹿児島本線「博多」徒歩13分,67.2,2LDK,1980年5月,https://suumo.jp//ms/chuko/fukuoka/sc_fukuokashihakata/nc_20469317/,博多,ＪＲ鹿児島本線,13,1980-05-01,46,20469317
第三住吉ハイツ,2599,福岡県福岡市博多区住吉５,ＪＲ鹿児島本線「博多」徒歩14分,67.2,2LDK,1980年5月,https://suumo.jp//ms/chuko/fukuoka/sc_fukuokashihakata/nc_20766547/,博多,ＪＲ鹿児島本線,14,1980-05-01,46,20766547
第三住吉ハイツ,2599,福岡県福岡市博多区住吉５,ＪＲ篠栗線「博多」徒歩14分,67.2,2LDK,1980年5月,https://suumo.jp//ms/chuko/fukuoka/sc_fukuokashihakata/nc_20445302/,博多,ＪＲ篠栗線,14,1980-05-01,46,20445302
第三住吉ハイツ,2599,福岡県福岡市博多区住吉１-10-7,ＪＲ鹿児島本線「博多」徒歩13分,67.2,2LDK,1980年5月,https://suumo.jp//ms/chuko/fukuoka/sc_fukuokashihakata/nc_20905546/,博多,ＪＲ鹿児島本線,13,1980-05-01,46,20905546
サンポートハイツ304号室,2690,福岡県福岡市中央区港２,地下鉄空港線「大濠公園」徒歩8分,60.69,2LDK,1974年9月,https://suumo.jp//ms/chuko/fukuoka/sc_fukuokashichuo/nc_20812912/,大濠公園,地下鉄空港線,8,1974-09-01,52,20812912
藤和城西コーポ【担当：中尾】　までお気軽にお問合せく…,2699,福岡県福岡市城南区別府４,地下鉄七隈線「別府」徒歩10分,84.5,3LDK,1974年7月,https://suumo.jp//ms/chuko/fukuoka/sc_fukuokashijonan/nc_20806708/,別府,地下鉄七隈線,10,1974-07-01,52,20806708
藤和城西コーポ,2699,福岡県福岡市城南区別府４,地下鉄七隈線「別府」徒歩7分,84.5,3LDK,1974年7月,https://suumo.jp//ms/chuko/fukuoka/sc_fukuokashijonan/nc_20848761/,別府,地下鉄七隈線,7,1974-07-01,52,20848761
藤和城西コープ,2699,福岡県福岡市城南区別府４,地下鉄七隈線「別府」徒歩7分,84.5,3LDK,1974年7月,https://suumo.jp//ms/chuko/fukuoka/sc_fukuokashijonan/nc_20806903/,別府,地下鉄七隈線,7,1974-07-01,52,20806903
藤和城西コープ,2699,福岡県福岡市城南区別府４,地下鉄七隈線「別府」徒歩7分,84.5,3LDK,1974年7月,https://suumo.jp//ms/chuko/fukuoka/sc_fukuokashijonan/nc_20712620/,別府,地下鉄七隈線,7,1974-07-01,52,20712620
藤和城西コーポ　中古マンション,2699,福岡県福岡市城南区別府４,地下鉄七隈線「別府」徒歩10分,84.5,3LDK,1974年7月,https://suumo.jp//ms/chuko/fukuoka/sc_fukuokashijonan/nc_20730355/,別府,地下鉄七隈線,10,1974-07-01,52,20730355
朝日プラザ桜坂　中古マンション,2780,福岡県福岡市中央区谷１,地下鉄七隈線「桜坂」徒歩6分,62.34,3LDK,1986年8月,https://suumo.jp//ms/chuko/fukuoka/sc_fukuokashichuo/nc_20332513/,桜坂,地下鉄七隈線,6,1986-08-01,40,20332513
東峰マンション西公園,2780,福岡県福岡市中央区荒戸３-2-5,地下鉄空港線「大濠公園」徒歩6分,48.59,2LDK,1978年9月,https://suumo.jp//ms/chuko/fukuoka/sc_fukuokashichuo/nc_20866272/,大濠公園,地下鉄空港線,6,1978-09-01,48,20866272
ライオンズマンション西新,2780,福岡県福岡市早良区西新７,地下鉄空港線「藤崎」徒歩5分,45.97,2DK,1982年2月,https://suumo.jp//ms/chuko/fukuoka/sc_fukuokashisawara/nc_20084916/,藤崎,地下鉄空港線,5,1982-02-01,44,20084916
東峰マンション西公園【担当：中尾】　までお気軽にお問…,2780,福岡県福岡市中央区荒戸３,地下鉄空港線「大濠公園」徒歩7分,48.59,2LDK,1978年9月,https://suumo.jp//ms/chuko/fukuoka/sc_fukuokashichuo/nc_20868602/,大濠公園,地下鉄空港線,7,1978-09-01,48,20868602
ライオンズマンション平尾,2780,福岡県福岡市中央区平尾２,地下鉄七隈線「薬院大通」徒歩14分,65.71,3DK,1979年12月,https://suumo.jp//ms/chuko/fukuoka/sc_fukuokashichuo/nc_20359423/,薬院大通,地下鉄七隈線,14,1979-12-01,47,20359423
ネオハイツ南公園,2790,福岡県福岡市中央区谷２,地下鉄七隈線「桜坂」徒歩7分,77.9,3LDK,1988年3月,https://suumo.jp//ms/chuko/fukuoka/sc_fukuokashichuo/nc_20744649/,桜坂,地下鉄七隈線,7,1988-03-01,38,20744649
ネオハイツ南公園,2790,福岡県福岡市中央区谷２,地下鉄七隈線「桜坂」徒歩8分,77.9,3LDK,1988年3月,https://suumo.jp//ms/chuko/fukuoka/sc_fukuokashichuo/nc_20751269/,桜坂,地下鉄七隈線,8,1988-03-01,38,20751269
サンハイツ平尾,2849,福岡県福岡市中央区平尾２,地下鉄七隈線「薬院大通」徒歩15分,81.46,2LDK,1974年11月,https://suumo.jp//ms/chuko/fukuoka/sc_fukuokashichuo/nc_20463862/,薬院大通,地下鉄七隈線,15,1974-11-01,52,20463862
新川端グレイスマンション,2890,福岡県福岡市博多区上川端町,地下鉄空港線「中洲川端」徒歩1分,66.69,3LDK,1972年10月,https://suumo.jp//ms/chuko/fukuoka/sc_fukuokashihakata/nc_20803480/,中洲川端,地下鉄空港線,1,1972-10-01,54,20803480
ふよう港ハイツ,2890,福岡県福岡市博多区築港本町,地下鉄空港線「中洲川端」徒歩14分,69.43,3LDK,1982年4月,https://suumo.jp//ms/chuko/fukuoka/sc_fukuokashihakata/nc_20873029/,中洲川端,地下鉄空港線,14,1982-04-01,44,20873029
グランフォーレラグゼ博多駅南,2899,福岡県福岡市博多区博多駅南４,地下鉄空港線「東比恵」徒歩15分,33.41,1LDK,2016年7月,https://suumo.jp//ms/chuko/fukuoka/sc_fukuokashihakata/nc_20355236/,東比恵,地下鉄空港線,15,2016-07-01,10,20355236
グランフォーレラグゼ博多駅南,2899,福岡県福岡市博多区博多駅南４-2-26,地下鉄空港線「東比恵」徒歩14分,33.41,1LDK,2016年7月,https://suumo.jp//ms/chuko/fukuoka/sc_fukuokashihakata/nc_20872860/,東比恵,地下鉄空港線,14,2016-07-01,10,20872860
大濠ハウス,2980,福岡県福岡市中央区草香江２,地下鉄七隈線「六本松」徒歩10分,76.18,2LDK+S（納戸）,1978年8月,https://suumo.jp//ms/chuko/fukuoka/sc_fukuokashichuo/nc_20824198/,六本松,地下鉄七隈線,10,1978-08-01,48,20824198
ロマネスク大濠アネックス,2999,福岡県福岡市中央区鳥飼２-6-15,地下鉄空港線「唐人町」徒歩11分,59.65,2LDK,1987年5月,https://suumo.jp//ms/chuko/fukuoka/sc_fukuokashichuo/nc_20872844/,唐人町,地下鉄空港線,11,1987-05-01,39,20872844
ロマネスク大濠アネックス,2999,福岡県福岡市中央区鳥飼２-6-15,地下鉄空港線「唐人町」徒歩14分,59.65,2LDK,1987年5月,https://suumo.jp//ms/chuko/fukuoka/sc_fukuokashichuo/nc_78334227/,唐人町,地下鉄空港線,14,1987-05-01,39,78334227
ロマネスク大濠アネックス,2999,福岡県福岡市中央区鳥飼２,地下鉄空港線「唐人町」徒歩14分,59.65,2LDK,1987年5月,https://suumo.jp//ms/chuko/fukuoka/sc_fukuokashichuo/nc_20417239/,唐人町,地下鉄空港線,14,1987-05-01,39,20417239
ロマネスク大濠アネックス,2999,福岡県福岡市中央区鳥飼２-6-15,地下鉄空港線「唐人町」徒歩12分,59.65,2LDK,1987年5月,https://suumo.jp//ms/chuko/fukuoka/sc_fukuokashichuo/nc_20602513/,唐人町,地下鉄空港線,12,1987-05-01,39,20602513
博多駅前ビル,3080,福岡県福岡市博多区博多駅前１,ＪＲ鹿児島本線「博多」徒歩5分,79.26,2LDK,1974年3月,https://suumo.jp//ms/chuko/fukuoka/sc_fukuokashihakata/nc_20579963/,博多,ＪＲ鹿児島本線,5,1974-03-01,52,20579963
ライオンズマンション薬院第3,3090,福岡県福岡市中央区薬院３,地下鉄七隈線「薬院大通」徒歩5分,56.1,2LDK,1980年11月,https://suumo.jp//ms/chuko/fukuoka/sc_fukuokashichuo/nc_20607910/,薬院大通,地下鉄七隈線,5,1980-11-01,46,20607910
ライオンズマンション薬院第3,3090,福岡県福岡市中央区薬院３,地下鉄七隈線「薬院」徒歩6分,56.1,2LDK,1980年11月,https://suumo.jp//ms/chuko/fukuoka/sc_fukuokashichuo/nc_20589240/,薬院,地下鉄七隈線,6,1980-11-01,46,20589240
ライオンズマンション薬院第3,3090,福岡県福岡市中央区薬院３-11-16,地下鉄七隈線「薬院大通」徒歩7分,56.1,2LDK,1980年11月,https://suumo.jp//ms/chuko/fukuoka/sc_fukuokashichuo/nc_20843344/,薬院大通,地下鉄七隈線,7,1980-11-01,46,20843344
ロマネスク大濠アネックス,3099,福岡県福岡市中央区鳥飼２,地下鉄空港線「唐人町」徒歩11分,59.65,2LDK,1987年5月,https://suumo.jp//ms/chuko/fukuoka/sc_fukuokashichuo/nc_20751445/,唐人町,地下鉄空港線,11,1987-05-01,39,20751445
ロマネスク大濠アネックス,3099,福岡県福岡市中央区鳥飼２,地下鉄空港線「唐人町」徒歩14分,59.65,2LDK,1987年5月,https://suumo.jp//ms/chuko/fukuoka/sc_fukuokashichuo/nc_78728305/,唐人町,地下鉄空港線,14,1987-05-01,39,78728305
ロマネスク大濠アネックス　中古マンション,3099,福岡県福岡市中央区鳥飼２,地下鉄空港線「唐人町」徒歩14分,59.65,2LDK,1987年5月,https://suumo.jp//ms/chuko/fukuoka/sc_fukuokashichuo/nc_20520250/,唐人町,地下鉄空港線,14,1987-05-01,39,20520250
ロマネスク大濠アネックス,3099,福岡県福岡市中央区鳥飼２,地下鉄空港線「唐人町」徒歩12分,59.65,2LDK,1987年5月,https://suumo.jp//ms/chuko/fukuoka/sc_fukuokashichuo/nc_20588725/,唐人町,地下鉄空港線,12,1987-05-01,39,20588725
秀和警固レジデンス,3120,福岡県福岡市中央区警固２-17-26,地下鉄空港線「赤坂」徒歩9分,69.43,2LDK,1974年7月,https://suumo.jp//ms/chuko/fukuoka/sc_fukuokashichuo/nc_20915031/,赤坂,地下鉄空港線,9,1974-07-01,52,20915031
警固ハウス,3190,福岡県福岡市中央区警固１,地下鉄七隈線「薬院大通」徒歩9分,66.0,3LDK,1980年3月,https://suumo.jp//ms/chuko/fukuoka/sc_fukuokashichuo/nc_20911506/,薬院大通,地下鉄七隈線,9,1980-03-01,46,20911506
警固ハウス,3190,福岡県福岡市中央区警固１,地下鉄七隈線「薬院大通」徒歩9分,66.0,3LDK,1980年3月,https://suumo.jp//ms/chuko/fukuoka/sc_fukuokashichuo/nc_20802447/,薬院大通,地下鉄七隈線,9,1980-03-01,46,20802447
警固ハウス,3190,福岡県福岡市中央区警固１-15-15,地下鉄七隈線「薬院大通」徒歩8分,66.0,3LDK,1980年3月,https://suumo.jp//ms/chuko/fukuoka/sc_fukuokashichuo/nc_20886129/,薬院大通,地下鉄七隈線,8,1980-03-01,46,20886129
警固ハウス,3190,福岡県福岡市中央区警固１,地下鉄七隈線「薬院大通」徒歩8分,66.0,3LDK,1980年3月,https://suumo.jp//ms/chuko/fukuoka/sc_fukuokashichuo/nc_20800032/,薬院大通,地下鉄七隈線,8,1980-03-01,46,20800032
ライオンズヒルズ桜坂,3198,福岡県福岡市中央区桜坂３,地下鉄七隈線「桜坂」徒歩3分,68.25,3LDK,1986年12月,https://suumo.jp//ms/chuko/fukuoka/sc_fukuokashichuo/nc_78915180/,桜坂,地下鉄七隈線,3,1986-12-01,40,78915180
クリオラベルヴィ呉服町,3199,福岡県福岡市博多区下呉服町3-19,地下鉄空港線「中洲川端」徒歩13分,34.4,1LDK,2018年1月,https://suumo.jp//ms/chuko/fukuoka/sc_fukuokashihakata/nc_20776675/,中洲川端,地下鉄空港線,13,2018-01-01,8,20776675
クリオラベルヴィ呉服町,3199,福岡県福岡市博多区下呉服町3-19,地下鉄空港線「中洲川端」徒歩12分,34.4,1LDK,2018年1月,https://suumo.jp//ms/chuko/fukuoka/sc_fukuokashihakata/nc_79076927/,中洲川端,地下鉄空港線,12,2018-01-01,8,79076927
クリオラベルヴィ呉服町,3199,福岡県福岡市博多区下呉服町,地下鉄箱崎線「中洲川端」徒歩11分,34.4,1LDK,2018年1月,https://suumo.jp//ms/chuko/fukuoka/sc_fukuokashihakata/nc_79057012/,中洲川端,地下鉄箱崎線,11,2018-01-01,8,79057012
オーセントスクエア室見アーバンコンフォート,3200,福岡県福岡市早良区室見４,地下鉄空港線「藤崎」徒歩15分,60.03,2LDK,2004年1月,https://suumo.jp//ms/chuko/fukuoka/sc_fukuokashisawara/nc_74991725/,藤崎,地下鉄空港線,15,2004-01-01,22,74991725
アンピール天神南,3299,福岡県福岡市中央区今泉１-4-2,西鉄天神大牟田線「薬院」徒歩6分,52.8,2LDK,1986年8月,https://suumo.jp//ms/chuko/fukuoka/sc_fukuokashichuo/nc_20908431/,薬院,西鉄天神大牟田線,6,1986-08-01,40,20908431
コープ野村博多東,3380,福岡県福岡市博多区比恵町,地下鉄空港線「東比恵」徒歩5分,98.41,3LDK,1980年3月,https://suumo.jp//ms/chuko/fukuoka/sc_fukuokashihakata/nc_20707365/,東比恵,地下鉄空港線,5,1980-03-01,46,20707365
赤坂エクセル,3450,福岡県福岡市中央区赤坂３,地下鉄空港線「赤坂」徒歩13分,79.5,2LDK,1974年11月,https://suumo.jp//ms/chuko/fukuoka/sc_fukuokashichuo/nc_79072086/,赤坂,地下鉄空港線,13,1974-11-01,52,79072086
赤坂エクセル　中古マンション,3450,福岡県福岡市中央区赤坂３,地下鉄七隈線「桜坂」徒歩13分,79.5,2LDK,1974年4月,https://suumo.jp//ms/chuko/fukuoka/sc_fukuokashichuo/nc_20854643/,桜坂,地下鉄七隈線,13,1974-04-01,52,20854643
赤坂エクセル,3450,福岡県福岡市中央区赤坂３,地下鉄空港線「赤坂」徒歩12分,79.5,2LDK,1974年11月,https://suumo.jp//ms/chuko/fukuoka/sc_fukuokashichuo/nc_79104475/,赤坂,地下鉄空港線,12,1974-11-01,52,79104475
赤坂エクセル,3450,福岡県福岡市中央区赤坂３,地下鉄七隈線「桜坂」徒歩13分,79.5,2LDK,1974年11月,https://suumo.jp//ms/chuko/fukuoka/sc_fukuokashichuo/nc_79101544/,桜坂,地下鉄七隈線,13,1974-11-01,52,79101544
アムール山王公園南,3450,福岡県福岡市博多区半道橋１,地下鉄空港線「東比恵」徒歩15分,64.89,3LDK,1998年7月,https://suumo.jp//ms/chuko/fukuoka/sc_fukuokashihakata/nc_20667031/,東比恵,地下鉄空港線,15,1998-07-01,28,20667031
赤坂エクセル,3450,福岡県福岡市中央区赤坂３,地下鉄空港線「赤坂」徒歩13分,79.5,2LDK,1974年11月,https://suumo.jp//ms/chuko/fukuoka/sc_fukuokashichuo/nc_20201400/,赤坂,地下鉄空港線,13,1974-11-01,52,20201400
藤和コープソシエ大名,3490,福岡県福岡市中央区大名１,地下鉄七隈線「天神南」徒歩8分,67.0,2LDK,1979年11月,https://suumo.jp//ms/chuko/fukuoka/sc_fukuokashichuo/nc_20919736/,天神南,地下鉄七隈線,8,1979-11-01,47,20919736
ロマネスク西公園第７,3490,福岡県福岡市中央区港３,地下鉄空港線「大濠公園」徒歩15分,69.3,1LDK+S（納戸）,1991年11月,https://suumo.jp//ms/chuko/fukuoka/sc_fukuokashichuo/nc_20782749/,大濠公園,地下鉄空港線,15,1991-11-01,35,20782749
シャンボール大名A棟,3490,福岡県福岡市中央区薬院２,地下鉄七隈線「薬院大通」徒歩7分,61.08,3DK,1981年12月,https://suumo.jp//ms/chuko/fukuoka/sc_fukuokashichuo/nc_20384520/,薬院大通,地下鉄七隈線,7,1981-12-01,45,20384520
ツインタワー空港通り,3499,福岡県福岡市博多区豊１-1-17,地下鉄空港線「東比恵」徒歩12分,71.7,3LDK,1994年7月,https://suumo.jp//ms/chuko/fukuoka/sc_fukuokashihakata/nc_20368371/,東比恵,地下鉄空港線,12,1994-07-01,32,20368371
ツインタワー空港通り,3499,福岡県福岡市博多区豊１,地下鉄空港線「東比恵」徒歩12分,71.7,3LDK,1994年7月,https://suumo.jp//ms/chuko/fukuoka/sc_fukuokashihakata/nc_20066674/,東比恵,地下鉄空港線,12,1994-07-01,32,20066674
ツインタワー空港通り,3499,福岡県福岡市博多区豊１,地下鉄空港線「東比恵」徒歩12分,71.7,3LDK,1994年7月,https://suumo.jp//ms/chuko/fukuoka/sc_fukuokashihakata/nc_79057062/,東比恵,地下鉄空港線,12,1994-07-01,32,79057062
ツインタワー空港通り,3499,福岡県福岡市博多区豊１,地下鉄空港線「東比恵」徒歩14分,71.7,3LDK+2S（納戸）,1994年7月,https://suumo.jp//ms/chuko/fukuoka/sc_fukuokashihakata/nc_20465347/,東比恵,地下鉄空港線,14,1994-07-01,32,20465347
朝日プラザ大濠,3750,福岡県福岡市中央区草香江２,地下鉄七隈線「六本松」徒歩4分,69.12,3LDK,1983年3月,https://suumo.jp//ms/chuko/fukuoka/sc_fukuokashichuo/nc_20449512/,六本松,地下鉄七隈線,4,1983-03-01,43,20449512
ロマネスク西公園第６,3790,福岡県福岡市中央区荒戸２-4-37,地下鉄空港線「大濠公園」徒歩7分,52.24,2LDK,1991年3月,https://suumo.jp//ms/chuko/fukuoka/sc_fukuokashichuo/nc_20884869/,大濠公園,地下鉄空港線,7,1991-03-01,35,20884869
サンシティ鳥飼,3799,福岡県福岡市城南区鳥飼４,地下鉄七隈線「別府」徒歩11分,68.48,3LDK,1994年3月,https://suumo.jp//ms/chuko/fukuoka/sc_fukuokashijonan/nc_20395435/,別府,地下鉄七隈線,11,1994-03-01,32,20395435
サンシティ鳥飼,3799,福岡県福岡市城南区鳥飼４,地下鉄七隈線「別府」徒歩11分,68.48,3LDK,1994年3月,https://suumo.jp//ms/chuko/fukuoka/sc_fukuokashijonan/nc_78314270/,別府,地下鉄七隈線,11,1994-03-01,32,78314270
サンシティ鳥飼,3799,福岡県福岡市城南区鳥飼４,地下鉄七隈線「別府」徒歩10分,68.48,3LDK,1994年3月,https://suumo.jp//ms/chuko/fukuoka/sc_fukuokashijonan/nc_20588687/,別府,地下鉄七隈線,10,1994-03-01,32,20588687
サンシティ鳥飼,3799,福岡県福岡市城南区鳥飼４-9-3,地下鉄七隈線「別府」徒歩10分,68.48,3LDK,1994年3月,https://suumo.jp//ms/chuko/fukuoka/sc_fukuokashijonan/nc_78975396/,別府,地下鉄七隈線,10,1994-03-01,32,78975396
藤和薬院コープ,3898,福岡県福岡市中央区薬院２,地下鉄七隈線「薬院大通」徒歩2分,71.18,3LDK,1979年3月,https://suumo.jp//ms/chuko/fukuoka/sc_fukuokashichuo/nc_20590770/,薬院大通,地下鉄七隈線,2,1979-03-01,47,20590770
サンシティ鳥飼　中古マンション,3899,福岡県福岡市城南区鳥飼４,地下鉄七隈線「別府」徒歩11分,68.48,3LDK+S（納戸）,1994年3月,https://suumo.jp//ms/chuko/fukuoka/sc_fukuokashijonan/nc_79217231/,別府,地下鉄七隈線,11,1994-03-01,32,79217231
サンシティ鳥飼,3899,福岡県福岡市城南区鳥飼４,地下鉄七隈線「別府」徒歩10分,68.48,3LDK,1994年3月,https://suumo.jp//ms/chuko/fukuoka/sc_fukuokashijonan/nc_20770093/,別府,地下鉄七隈線,10,1994-03-01,32,20770093
オリエントハイツ別府,3980,福岡県福岡市城南区別府１,地下鉄七隈線「別府」徒歩1分,69.7,3LDK,1990年5月,https://suumo.jp//ms/chuko/fukuoka/sc_fukuokashijonan/nc_20743678/,別府,地下鉄七隈線,1,1990-05-01,36,20743678
サンライフ六本松,3980,福岡県福岡市中央区草香江２,地下鉄七隈線「六本松」徒歩4分,60.02,2LDK,1984年5月,https://suumo.jp//ms/chuko/fukuoka/sc_fukuokashichuo/nc_20740573/,六本松,地下鉄七隈線,4,1984-05-01,42,20740573
KBCマンションユーハイム赤坂南,3980,福岡県福岡市中央区警固２,地下鉄七隈線「薬院大通」徒歩8分,84.87,2LDK,1986年2月,https://suumo.jp//ms/chuko/fukuoka/sc_fukuokashichuo/nc_20821800/,薬院大通,地下鉄七隈線,8,1986-02-01,40,20821800
アトリーチェ西新,4120,福岡県福岡市早良区西新１,地下鉄空港線「西新」徒歩3分,51.64,2LDK,1999年11月,https://suumo.jp//ms/chuko/fukuoka/sc_fukuokashisawara/nc_20343709/,西新,地下鉄空港線,3,1999-11-01,27,20343709
モントーレ東比恵クレア,4199,福岡県福岡市博多区東比恵３,地下鉄空港線「東比恵」徒歩3分,42.77,1LDK,2019年2月,https://suumo.jp//ms/chuko/fukuoka/sc_fukuokashihakata/nc_79172819/,東比恵,地下鉄空港線,3,2019-02-01,7,79172819
西公園ツインタワー,4200,福岡県福岡市中央区荒戸２,地下鉄空港線「大濠公園」徒歩10分,81.69,4LDK,1990年1月,https://suumo.jp//ms/chuko/fukuoka/sc_fukuokashichuo/nc_20666923/,大濠公園,地下鉄空港線,10,1990-01-01,36,20666923
パーク・サンリヤン博多の森Ⅰ・Ⅱ番館,4280,福岡県糟屋郡志免町別府西２-24-2,地下鉄空港線「福岡空港」徒歩11分,82.19,3LDK,2003年3月,https://suumo.jp//ms/chuko/fukuoka/sc_kasuyagunshime/nc_20713011/,福岡空港,地下鉄空港線,11,2003-03-01,23,20713011
ロマネスク今川第2,4290,福岡県福岡市中央区今川２,地下鉄空港線「西新」徒歩7分,70.66,3LDK,1998年6月,https://suumo.jp//ms/chuko/fukuoka/sc_fukuokashichuo/nc_20797510/,西新,地下鉄空港線,7,1998-06-01,28,20797510
ロマネスク今川第二,4290,福岡県福岡市中央区今川２-6－35,地下鉄空港線「西新」徒歩8分,70.66,3LDK,1998年6月,https://suumo.jp//ms/chuko/fukuoka/sc_fukuokashichuo/nc_20796548/,西新,地下鉄空港線,8,1998-06-01,28,20796548
リファレンス天神南,4299,福岡県福岡市中央区清川２-4-9,地下鉄七隈線「渡辺通」徒歩13分,65.32,3LDK,2002年3月,https://suumo.jp//ms/chuko/fukuoka/sc_fukuokashichuo/nc_20502428/,渡辺通,地下鉄七隈線,13,2002-03-01,24,20502428
西新中央マンション,4299,福岡県福岡市早良区西新７-1-7,地下鉄空港線「西新」徒歩6分,84.66,3LDK,1983年3月,https://suumo.jp//ms/chuko/fukuoka/sc_fukuokashisawara/nc_20851380/,西新,地下鉄空港線,6,1983-03-01,43,20851380
リファレンス天神南,4299,福岡県福岡市中央区清川２-4-9,地下鉄七隈線「渡辺通」徒歩13分,65.32,3LDK,2002年3月,https://suumo.jp//ms/chuko/fukuoka/sc_fukuokashichuo/nc_20816310/,渡辺通,地下鉄七隈線,13,2002-03-01,24,20816310
リファレンス天神南,4299,福岡県福岡市中央区清川２,地下鉄七隈線「渡辺通」徒歩13分,65.32,3LDK,2002年3月,https://suumo.jp//ms/chuko/fukuoka/sc_fukuokashichuo/nc_20056310/,渡辺通,地下鉄七隈線,13,2002-03-01,24,20056310
リファレンス天神南,4299,福岡県福岡市中央区清川２,地下鉄七隈線「渡辺通」徒歩13分,65.32,3LDK,2002年3月,https://suumo.jp//ms/chuko/fukuoka/sc_fukuokashichuo/nc_20232459/,渡辺通,地下鉄七隈線,13,2002-03-01,24,20232459
リファレンス天神南,4299,福岡県福岡市中央区清川２,地下鉄七隈線「渡辺通」徒歩12分,65.32,3LDK,2002年3月,https://suumo.jp//ms/chuko/fukuoka/sc_fukuokashichuo/nc_20589194/,渡辺通,地下鉄七隈線,12,2002-03-01,24,20589194
藤崎ロジュマン,4380,福岡県福岡市早良区昭代３,地下鉄空港線「藤崎」徒歩11分,82.76,4LDK,1988年3月,https://suumo.jp//ms/chuko/fukuoka/sc_fukuokashisawara/nc_20812024/,藤崎,地下鉄空港線,11,1988-03-01,38,20812024
ライオンズマンションマキシム桜坂II,4380,福岡県福岡市中央区谷１,地下鉄七隈線「桜坂」徒歩5分,85.78,3LDK,1998年2月,https://suumo.jp//ms/chuko/fukuoka/sc_fukuokashichuo/nc_77794350/,桜坂,地下鉄七隈線,5,1998-02-01,28,77794350
藤崎ロジュマン,4380,福岡県福岡市早良区昭代３,地下鉄空港線「藤崎」徒歩11分,82.76,4LDK,1988年3月,https://suumo.jp//ms/chuko/fukuoka/sc_fukuokashisawara/nc_78705032/,藤崎,地下鉄空港線,11,1988-03-01,38,78705032
藤崎ロジュマン,4380,福岡県福岡市早良区昭代３,地下鉄空港線「藤崎」徒歩13分,82.76,4LDK,1988年3月,https://suumo.jp//ms/chuko/fukuoka/sc_fukuokashisawara/nc_20187670/,藤崎,地下鉄空港線,13,1988-03-01,38,20187670
藤崎ロジュマン,4380,福岡県福岡市早良区昭代３-9-5,地下鉄空港線「藤崎」徒歩13分,82.76,4LDK,1988年3月,https://suumo.jp//ms/chuko/fukuoka/sc_fukuokashisawara/nc_78393786/,藤崎,地下鉄空港線,13,1988-03-01,38,78393786
コスモ博多古門戸 302号,4399,福岡県福岡市博多区古門戸町10-5,地下鉄箱崎線「中洲川端」徒歩9分,54.49,1LDK+S（納戸）,2003年1月,https://suumo.jp//ms/chuko/fukuoka/sc_fukuokashihakata/nc_20497049/,中洲川端,地下鉄箱崎線,9,2003-01-01,23,20497049
コスモ博多古門戸,4399,福岡県福岡市博多区古門戸町,地下鉄箱崎線「中洲川端」徒歩9分,54.49,1LDK+S（納戸）,2003年1月,https://suumo.jp//ms/chuko/fukuoka/sc_fukuokashihakata/nc_78439167/,中洲川端,地下鉄箱崎線,9,2003-01-01,23,78439167
コスモ博多古門戸,4399,福岡県福岡市博多区古門戸町10-5,地下鉄空港線「中洲川端」徒歩9分,54.49,1LDK+S（納戸）,2003年1月,https://suumo.jp//ms/chuko/fukuoka/sc_fukuokashihakata/nc_79063957/,中洲川端,地下鉄空港線,9,2003-01-01,23,79063957
デュオヴェール博多駅,4480,福岡県福岡市博多区博多駅東１,ＪＲ鹿児島本線「博多」徒歩8分,43.82,1LDK,2023年6月,https://suumo.jp//ms/chuko/fukuoka/sc_fukuokashihakata/nc_20555466/,博多,ＪＲ鹿児島本線,8,2023-06-01,3,20555466
アルデ別府,4490,福岡県福岡市城南区別府１-16-28,地下鉄七隈線「別府」徒歩6分,107.96,4LDK,2006年1月,https://suumo.jp//ms/chuko/fukuoka/sc_fukuokashijonan/nc_77889490/,別府,地下鉄七隈線,6,2006-01-01,20,77889490
コアマンション城南ネクステージ,4490,福岡県福岡市城南区田島１,地下鉄七隈線「別府」徒歩14分,77.02,3LDK,2004年10月,https://suumo.jp//ms/chuko/fukuoka/sc_fukuokashijonan/nc_20662585/,別府,地下鉄七隈線,14,2004-10-01,22,20662585
コアマンション城南ネクステージ　中古マンション,4490,福岡県福岡市城南区田島１,地下鉄七隈線「別府」徒歩15分,77.02,3LDK,2004年10月,https://suumo.jp//ms/chuko/fukuoka/sc_fukuokashijonan/nc_20519777/,別府,地下鉄七隈線,15,2004-10-01,22,20519777
コアマンション城南ネクステージ,4490,福岡県福岡市城南区田島１,地下鉄七隈線「別府」徒歩11分,77.02,3LDK,2004年10月,https://suumo.jp//ms/chuko/fukuoka/sc_fukuokashijonan/nc_20739447/,別府,地下鉄七隈線,11,2004-10-01,22,20739447
アンピール空港通り２,4499,福岡県福岡市博多区豊２,地下鉄空港線「東比恵」徒歩11分,77.26,3LDK,2009年3月,https://suumo.jp//ms/chuko/fukuoka/sc_fukuokashihakata/nc_20698812/,東比恵,地下鉄空港線,11,2009-03-01,17,20698812
朝日プラザ天神,4499,福岡県福岡市中央区舞鶴１-9-3,地下鉄空港線「天神」徒歩6分,55.5,3DK,1986年5月,https://suumo.jp//ms/chuko/fukuoka/sc_fukuokashichuo/nc_20822755/,天神,地下鉄空港線,6,1986-05-01,40,20822755
西新防塁パーク・マンション,4598,福岡県福岡市早良区西新７,地下鉄空港線「藤崎」徒歩8分,65.49,3LDK,1994年7月,https://suumo.jp//ms/chuko/fukuoka/sc_fukuokashisawara/nc_20785843/,藤崎,地下鉄空港線,8,1994-07-01,32,20785843
ロイヤルマンション西新,4599,福岡県福岡市早良区祖原,地下鉄空港線「西新」徒歩12分,84.48,4LDK,1987年11月,https://suumo.jp//ms/chuko/fukuoka/sc_fukuokashisawara/nc_20516591/,西新,地下鉄空港線,12,1987-11-01,39,20516591
ロイヤルマンション西新,4599,福岡県福岡市早良区祖原,地下鉄空港線「西新」徒歩8分,84.48,4LDK,1987年11月,https://suumo.jp//ms/chuko/fukuoka/sc_fukuokashisawara/nc_20588692/,西新,地下鉄空港線,8,1987-11-01,39,20588692
ロイヤルマンション西新,4599,福岡県福岡市早良区祖原,地下鉄空港線「西新」徒歩9分,84.48,4LDK,1987年11月,https://suumo.jp//ms/chuko/fukuoka/sc_fukuokashisawara/nc_20596774/,西新,地下鉄空港線,9,1987-11-01,39,20596774
ロイヤルマンション西新,4599,福岡県福岡市早良区祖原23-20,地下鉄空港線「西新」徒歩11分,84.48,4LDK,1987年11月,https://suumo.jp//ms/chuko/fukuoka/sc_fukuokashisawara/nc_20743745/,西新,地下鉄空港線,11,1987-11-01,39,20743745
西公園ツインタワー,4798,福岡県福岡市中央区荒戸２,地下鉄空港線「大濠公園」徒歩10分,83.05,3LDK,1990年1月,https://suumo.jp//ms/chuko/fukuoka/sc_fukuokashichuo/nc_20825534/,大濠公園,地下鉄空港線,10,1990-01-01,36,20825534
エンゼルハイム鳥飼中央,4980,福岡県福岡市中央区鳥飼１,地下鉄七隈線「別府」徒歩14分,75.68,3LDK,2001年3月,https://suumo.jp//ms/chuko/fukuoka/sc_fukuokashichuo/nc_20853495/,別府,地下鉄七隈線,14,2001-03-01,25,20853495
パークホームズ室見駅前,4980,福岡県福岡市早良区室見５,地下鉄空港線「藤崎」徒歩13分,71.47,3LDK,2004年5月,https://suumo.jp//ms/chuko/fukuoka/sc_fukuokashisawara/nc_20732472/,藤崎,地下鉄空港線,13,2004-05-01,22,20732472
デュ・レジア博多住吉,5000,福岡県福岡市博多区住吉４,地下鉄七隈線「渡辺通」徒歩9分,60.03,1LDK,2018年2月,https://suumo.jp//ms/chuko/fukuoka/sc_fukuokashihakata/nc_20908274/,渡辺通,地下鉄七隈線,9,2018-02-01,8,20908274
コスモ大手門,5090,福岡県福岡市中央区大手門２-4-23,地下鉄空港線「大濠公園」徒歩7分,61.2,2LDK,2002年2月,https://suumo.jp//ms/chuko/fukuoka/sc_fukuokashichuo/nc_20810676/,大濠公園,地下鉄空港線,7,2002-02-01,24,20810676
パーク・エステート博多,5139,福岡県福岡市博多区店屋町,地下鉄空港線「祇園」徒歩7分,60.81,2LDK,1997年3月,https://suumo.jp//ms/chuko/fukuoka/sc_fukuokashihakata/nc_20612025/,祇園,地下鉄空港線,7,1997-03-01,29,20612025
パークエステート博多,5139,福岡県福岡市博多区店屋町,地下鉄箱崎線「中洲川端」徒歩6分,60.81,3LDK,1997年3月,https://suumo.jp//ms/chuko/fukuoka/sc_fukuokashihakata/nc_20758909/,中洲川端,地下鉄箱崎線,6,1997-03-01,29,20758909
パーク・エステート博多503号室,5139,福岡県福岡市博多区店屋町,地下鉄空港線「祇園」徒歩6分,60.81,2LDK,1997年2月,https://suumo.jp//ms/chuko/fukuoka/sc_fukuokashihakata/nc_20387762/,祇園,地下鉄空港線,6,1997-02-01,29,20387762
パーク・エステート博多,5139,福岡県福岡市博多区店屋町,地下鉄空港線「祇園」徒歩7分,60.81,2LDK,1997年3月,https://suumo.jp//ms/chuko/fukuoka/sc_fukuokashihakata/nc_20768276/,祇園,地下鉄空港線,7,1997-03-01,29,20768276
ソピア大濠西,5280,福岡県福岡市中央区鳥飼３-16-9,地下鉄空港線「西新」徒歩10分,69.57,3LDK,1999年3月,https://suumo.jp//ms/chuko/fukuoka/sc_fukuokashichuo/nc_20314213/,西新,地下鉄空港線,10,1999-03-01,27,20314213
サントーア薬院,5280,福岡県福岡市中央区薬院２,地下鉄七隈線「薬院大通」徒歩5分,73.35,2LDK,1995年8月,https://suumo.jp//ms/chuko/fukuoka/sc_fukuokashichuo/nc_20383590/,薬院大通,地下鉄七隈線,5,1995-08-01,31,20383590
ソレイユ赤坂南,5298,福岡県福岡市中央区六本松３-5-35,地下鉄七隈線「桜坂」徒歩6分,75.03,3LDK,1989年10月,https://suumo.jp//ms/chuko/fukuoka/sc_fukuokashichuo/nc_20640080/,桜坂,地下鉄七隈線,6,1989-10-01,37,20640080
ソレイユ赤坂南,5298,福岡県福岡市中央区六本松３,地下鉄七隈線「桜坂」徒歩7分,75.03,3LDK+S（納戸）,1989年10月,https://suumo.jp//ms/chuko/fukuoka/sc_fukuokashichuo/nc_20785852/,桜坂,地下鉄七隈線,7,1989-10-01,37,20785852
グラン・コート薬院,5380,福岡県福岡市中央区薬院１,西鉄天神大牟田線「薬院」徒歩4分,68.04,3LDK,1998年11月,https://suumo.jp//ms/chuko/fukuoka/sc_fukuokashichuo/nc_20772735/,薬院,西鉄天神大牟田線,4,1998-11-01,28,20772735
エフグラン室見,5380,福岡県福岡市早良区室見２,地下鉄空港線「藤崎」徒歩6分,59.49,2LDK,2019年10月,https://suumo.jp//ms/chuko/fukuoka/sc_fukuokashisawara/nc_20000398/,藤崎,地下鉄空港線,6,2019-10-01,7,20000398
アーティックス大濠,5598,福岡県福岡市中央区鳥飼１,地下鉄七隈線「六本松」徒歩11分,71.43,2LDK,2004年2月,https://suumo.jp//ms/chuko/fukuoka/sc_fukuokashichuo/nc_20230046/,六本松,地下鉄七隈線,11,2004-02-01,22,20230046
グランドメゾン鳥飼,5680,福岡県福岡市城南区鳥飼６,地下鉄七隈線「別府」徒歩10分,72.93,3LDK,2000年1月,https://suumo.jp//ms/chuko/fukuoka/sc_fukuokashijonan/nc_20741683/,別府,地下鉄七隈線,10,2000-01-01,26,20741683
コモダス天神,5699,福岡県福岡市中央区今泉２,地下鉄七隈線「薬院大通」徒歩8分,66.78,3LDK,1997年5月,https://suumo.jp//ms/chuko/fukuoka/sc_fukuokashichuo/nc_20204209/,薬院大通,地下鉄七隈線,8,1997-05-01,29,20204209
グランドメゾン薬院ザ・タワーレジデンス,5800,福岡県福岡市中央区薬院３,地下鉄七隈線「薬院大通」徒歩7分,39.23,1LDK,2022年6月,https://suumo.jp//ms/chuko/fukuoka/sc_fukuokashichuo/nc_20668272/,薬院大通,地下鉄七隈線,7,2022-06-01,4,20668272
ダイアパレスセントラルコート薬院,5890,福岡県福岡市中央区薬院３,西鉄天神大牟田線「薬院」徒歩6分,76.04,4LDK,1997年11月,https://suumo.jp//ms/chuko/fukuoka/sc_fukuokashichuo/nc_78834754/,薬院,西鉄天神大牟田線,6,1997-11-01,29,78834754
ロイヤルアーク藤崎,5898,福岡県福岡市早良区昭代３,地下鉄空港線「藤崎」徒歩12分,82.48,4LDK,2002年6月,https://suumo.jp//ms/chuko/fukuoka/sc_fukuokashisawara/nc_20637739/,藤崎,地下鉄空港線,12,2002-06-01,24,20637739
クリオ福岡博多ミッドグレイス,5950,福岡県福岡市博多区古門戸町,地下鉄空港線「中洲川端」徒歩4分,51.04,2LDK,2024年7月,https://suumo.jp//ms/chuko/fukuoka/sc_fukuokashihakata/nc_20892971/,中洲川端,地下鉄空港線,4,2024-07-01,2,20892971
ブライトンヒルズ藤崎,6180,福岡県福岡市早良区藤崎１,地下鉄空港線「藤崎」徒歩5分,79.23,3LDK,2003年7月,https://suumo.jp//ms/chuko/fukuoka/sc_fukuokashisawara/nc_78716200/,藤崎,地下鉄空港線,5,2003-07-01,23,78716200
グランドメゾン大濠公園ＴＨＥ　ＴＯＷＥＲ,6250,福岡県福岡市中央区唐人町１,地下鉄空港線「唐人町」徒歩4分,42.34,1LDK,2023年6月,https://suumo.jp//ms/chuko/fukuoka/sc_fukuokashichuo/nc_20668086/,唐人町,地下鉄空港線,4,2023-06-01,3,20668086
東急ドエルアルス桜坂,6290,福岡県福岡市中央区桜坂１-15-13,地下鉄七隈線「桜坂」徒歩6分,84.11,3LDK+S（納戸）,1996年3月,https://suumo.jp//ms/chuko/fukuoka/sc_fukuokashichuo/nc_20636452/,桜坂,地下鉄七隈線,6,1996-03-01,30,20636452
ジョイナス地行浜東　リフォーム渡し,6490,福岡県福岡市中央区伊崎17-11,地下鉄空港線「唐人町」徒歩12分,85.47,4LDK,2006年3月,https://suumo.jp//ms/chuko/fukuoka/sc_fukuokashichuo/nc_20588156/,唐人町,地下鉄空港線,12,2006-03-01,20,20588156
ダイアパレスグランデージ大名,6950,福岡県福岡市中央区大名１,地下鉄空港線「赤坂」徒歩6分,80.47,2LDK,1998年3月,https://suumo.jp//ms/chuko/fukuoka/sc_fukuokashichuo/nc_20465822/,赤坂,地下鉄空港線,6,1998-03-01,28,20465822
アンピール西新,7200,福岡県福岡市早良区城西３-12－27,地下鉄空港線「西新」徒歩10分,93.58,4LDK,2004年5月,https://suumo.jp//ms/chuko/fukuoka/sc_fukuokashisawara/nc_20721532/,西新,地下鉄空港線,10,2004-05-01,22,20721532
クレアセンターマーク,7299,福岡県福岡市中央区今泉２-4-48,地下鉄七隈線「薬院大通」徒歩10分,80.25,3LDK+S（納戸）,2000年10月,https://suumo.jp//ms/chuko/fukuoka/sc_fukuokashichuo/nc_20721145/,薬院大通,地下鉄七隈線,10,2000-10-01,26,20721145
クレアセンターマーク,7299,福岡県福岡市中央区今泉２-4-48,西鉄天神大牟田線「薬院」徒歩11分,80.25,3LDK,2000年10月,https://suumo.jp//ms/chuko/fukuoka/sc_fukuokashichuo/nc_20811855/,薬院,西鉄天神大牟田線,11,2000-10-01,26,20811855
コスモ六本松シティフォルム,7399,福岡県福岡市中央区草香江２-1-13,地下鉄七隈線「六本松」徒歩4分,70.58,3LDK,2000年2月,https://suumo.jp//ms/chuko/fukuoka/sc_fukuokashichuo/nc_20908440/,六本松,地下鉄七隈線,4,2000-02-01,26,20908440
ライオンズ鳥飼イーストフォート,7400,福岡県福岡市城南区鳥飼６,地下鉄七隈線「別府」徒歩10分,100.01,4LDK,2010年1月,https://suumo.jp//ms/chuko/fukuoka/sc_fukuokashijonan/nc_20670705/,別府,地下鉄七隈線,10,2010-01-01,16,20670705
ザ・パークハウス 福岡タワー EAST,7490,福岡県福岡市中央区地行浜２,地下鉄空港線「唐人町」徒歩12分,71.77,3LDK,2020年12月,https://suumo.jp//ms/chuko/fukuoka/sc_fukuokashichuo/nc_20653483/,唐人町,地下鉄空港線,12,2020-12-01,6,20653483
パークホームズ警固本通り,7770,福岡県福岡市中央区警固２,地下鉄空港線「赤坂」徒歩9分,82.96,3LDK,2009年10月,https://suumo.jp//ms/chuko/fukuoka/sc_fukuokashichuo/nc_20635372/,赤坂,地下鉄空港線,9,2009-10-01,17,20635372
パークホームズ警固本通り,7770,福岡県福岡市中央区警固２,地下鉄空港線「赤坂」徒歩9分,82.96,3LDK,2009年10月,https://suumo.jp//ms/chuko/fukuoka/sc_fukuokashichuo/nc_20312015/,赤坂,地下鉄空港線,9,2009-10-01,17,20312015
パークホームズ警固本通り,7770,福岡県福岡市中央区警固２,地下鉄空港線「赤坂」徒歩8分,82.96,3LDK,2009年10月,https://suumo.jp//ms/chuko/fukuoka/sc_fukuokashichuo/nc_20752404/,赤坂,地下鉄空港線,8,2009-10-01,17,20752404
パークホームズ警固本通り,7770,福岡県福岡市中央区警固２-16-30,地下鉄空港線「赤坂」徒歩9分,82.96,3LDK,2009年10月,https://suumo.jp//ms/chuko/fukuoka/sc_fukuokashichuo/nc_20908428/,赤坂,地下鉄空港線,9,2009-10-01,17,20908428
エステートマンション大濠・相羽ビル,7800,福岡県福岡市中央区大濠１,地下鉄七隈線「六本松」徒歩9分,102.26,3LDK,1986年7月,https://suumo.jp//ms/chuko/fukuoka/sc_fukuokashichuo/nc_78648931/,六本松,地下鉄七隈線,9,1986-07-01,40,78648931
アンピールリーヴァス天神,7980,福岡県福岡市中央区春吉１,地下鉄七隈線「渡辺通」徒歩7分,99.87,3LDK,1998年5月,https://suumo.jp//ms/chuko/fukuoka/sc_fukuokashichuo/nc_20714433/,渡辺通,地下鉄七隈線,7,1998-05-01,28,20714433
サングレート平尾山荘,8000,福岡県福岡市中央区平尾５,地下鉄七隈線「薬院大通」徒歩15分,83.36,2LDK,2018年8月,https://suumo.jp//ms/chuko/fukuoka/sc_fukuokashichuo/nc_76993707/,薬院大通,地下鉄七隈線,15,2018-08-01,8,76993707
百道タワー,8200,福岡県福岡市早良区百道浜１,地下鉄空港線「西新」徒歩9分,88.62,2LDK,2004年2月,https://suumo.jp//ms/chuko/fukuoka/sc_fukuokashisawara/nc_20891032/,西新,地下鉄空港線,9,2004-02-01,22,20891032
グランドステイツ大濠公園南,8280,福岡県福岡市中央区六本松３,地下鉄七隈線「六本松」徒歩3分,80.69,3LDK,2004年6月,https://suumo.jp//ms/chuko/fukuoka/sc_fukuokashichuo/nc_77539723/,六本松,地下鉄七隈線,3,2004-06-01,22,77539723
グランドステイツ大濠公園南,8280,福岡県福岡市中央区六本松３,地下鉄七隈線「六本松」徒歩4分,80.69,3LDK,2004年1月,https://suumo.jp//ms/chuko/fukuoka/sc_fukuokashichuo/nc_78837544/,六本松,地下鉄七隈線,4,2004-01-01,22,78837544
グランドステイツ大濠公園南,8280,福岡県福岡市中央区六本松３-10-28,地下鉄七隈線「六本松」徒歩4分,80.69,3LDK,2004年6月,https://suumo.jp//ms/chuko/fukuoka/sc_fukuokashichuo/nc_20908436/,六本松,地下鉄七隈線,4,2004-06-01,22,20908436
グランドステイツ大濠公園南,8280,福岡県福岡市中央区六本松３,地下鉄七隈線「六本松」徒歩3分,80.69,3LDK,2004年6月,https://suumo.jp//ms/chuko/fukuoka/sc_fukuokashichuo/nc_78987225/,六本松,地下鉄七隈線,3,2004-06-01,22,78987225
グランドステイツ大濠公園南,8280,福岡県福岡市中央区六本松３,地下鉄七隈線「六本松」徒歩4分,80.69,3LDK,2004年6月,https://suumo.jp//ms/chuko/fukuoka/sc_fukuokashichuo/nc_20477045/,六本松,地下鉄七隈線,4,2004-06-01,22,20477045
グランドメゾン桜坂ヒルズ,9600,福岡県福岡市中央区警固３,地下鉄七隈線「桜坂」徒歩5分,90.75,3LDK,2011年2月,https://suumo.jp//ms/chuko/fukuoka/sc_fukuokashichuo/nc_20420725/,桜坂,地下鉄七隈線,5,2011-02-01,15,20420725
アクタス大手門パークシティ,9980,福岡県福岡市中央区大手門１,地下鉄空港線「赤坂」徒歩6分,93.92,3LDK,2005年2月,https://suumo.jp//ms/chuko/fukuoka/sc_fukuokashichuo/nc_77427348/,赤坂,地下鉄空港線,6,2005-02-01,21,77427348
Ｂｒｉｌｌｉａ平尾浄水,10800,福岡県福岡市中央区平尾浄水町,地下鉄七隈線「薬院大通」徒歩11分,108.17,3LDK,2009年4月,https://suumo.jp//ms/chuko/fukuoka/sc_fukuokashichuo/nc_20685889/,薬院大通,地下鉄七隈線,11,2009-04-01,17,20685889
グランドメゾン大濠南,10990,福岡県福岡市中央区草香江２-1-38,地下鉄七隈線「六本松」徒歩3分,98.79,3LDK+S（納戸）,2001年11月,https://suumo.jp//ms/chuko/fukuoka/sc_fukuokashichuo/nc_20908444/,六本松,地下鉄七隈線,3,2001-11-01,25,20908444
グランドメゾン大濠南,10990,福岡県福岡市中央区草香江２,地下鉄七隈線「六本松」徒歩4分,98.79,3LDK+S（納戸）,2001年11月,https://suumo.jp//ms/chuko/fukuoka/sc_fukuokashichuo/nc_20504208/,六本松,地下鉄七隈線,4,2001-11-01,25,20504208
ブライトパークサンリヤン地行Ⅲ番館,12000,福岡県福岡市中央区地行３,地下鉄空港線「西新」徒歩8分,88.39,4LDK,2012年10月,https://suumo.jp//ms/chuko/fukuoka/sc_fukuokashichuo/nc_79150933/,西新,地下鉄空港線,8,2012-10-01,14,79150933
アーバンパレス大濠,12000,福岡県福岡市中央区荒戸２,地下鉄空港線「大濠公園」徒歩4分,151.77,4LDK,1992年6月,https://suumo.jp//ms/chuko/fukuoka/sc_fukuokashichuo/nc_20744647/,大濠公園,地下鉄空港線,4,1992-06-01,34,20744647
MJR赤坂タワー,12500,福岡県福岡市中央区赤坂１,地下鉄空港線「赤坂」徒歩1分,64.8,2LDK,2017年10月,https://suumo.jp//ms/chuko/fukuoka/sc_fukuokashichuo/nc_79200862/,赤坂,地下鉄空港線,1,2017-10-01,9,79200862
ネクサス薬院,12880,福岡県福岡市中央区薬院１,地下鉄七隈線「薬院大通」徒歩3分,94.52,3LDK,2015年6月,https://suumo.jp//ms/chuko/fukuoka/sc_fukuokashichuo/nc_20820604/,薬院大通,地下鉄七隈線,3,2015-06-01,11,20820604
ザ・パークハウス桜坂サンリヤン,14800,福岡県福岡市中央区桜坂３,地下鉄七隈線「桜坂」徒歩3分,84.98,3LDK+S（納戸）,2018年9月,https://suumo.jp//ms/chuko/fukuoka/sc_fukuokashichuo/nc_20546042/,桜坂,地下鉄七隈線,3,2018-09-01,8,20546042
ブリリアタワー西新,16800,福岡県福岡市早良区西新４,地下鉄空港線「西新」徒歩1分,79.93,2LDK,2021年1月,https://suumo.jp//ms/chuko/fukuoka/sc_fukuokashisawara/nc_79220468/,西新,地下鉄空港線,1,2021-01-01,5,79220468
プレミスト大濠公園,24800,福岡県福岡市中央区荒戸３,地下鉄空港線「唐人町」徒歩3分,120.71,3LDK,2025年6月,https://suumo.jp//ms/chuko/fukuoka/sc_fukuokashichuo/nc_79003032/,唐人町,地下鉄空港線,3,2025-06-01,1,79003032
グランドメゾン赤坂LUXE,25000,福岡県福岡市中央区赤坂２,地下鉄空港線「赤坂」徒歩8分,142.11,3LDK,2016年9月,https://suumo.jp//ms/chuko/fukuoka/sc_fukuokashichuo/nc_20673715/,赤坂,地下鉄空港線,8,2016-09-01,10,20673715
ラ・レジダンス・ド・レーヌ,380,福岡県福岡市中央区春吉２-9-25,地下鉄七隈線「渡辺通」徒歩7分,16.61,1K,1991年6月,https://suumo.jp//ms/chuko/fukuoka/sc_fukuokashichuo/nc_20755571/,渡辺通,地下鉄七隈線,7,1991-06-01,35,20755571
ルエ・メゾン・ロワール城南Ⅱ,550,福岡県福岡市城南区別府１,地下鉄七隈線「別府」徒歩3分,18.9,1K,1989年5月,https://suumo.jp//ms/chuko/fukuoka/sc_fukuokashijonan/nc_20836781/,別府,地下鉄七隈線,3,1989-05-01,37,20836781
プチメゾン薬院,590,福岡県福岡市中央区白金１-13-11,西鉄天神大牟田線「薬院」徒歩7分,15.0,ワンルーム,1984年9月,https://suumo.jp//ms/chuko/fukuoka/sc_fukuokashichuo/nc_20708382/,薬院,西鉄天神大牟田線,7,1984-09-01,42,20708382
エスポワール大濠公園,650,福岡県福岡市中央区黒門6-4,地下鉄空港線「唐人町」徒歩2分,16.54,ワンルーム,1987年5月,https://suumo.jp//ms/chuko/fukuoka/sc_fukuokashichuo/nc_20659067/,唐人町,地下鉄空港線,2,1987-05-01,39,20659067
ロマネスク天神アネックス,740,福岡県福岡市中央区渡辺通５,地下鉄七隈線「天神南」徒歩5分,20.8,ワンルーム,1991年1月,https://suumo.jp//ms/chuko/fukuoka/sc_fukuokashichuo/nc_20722347/,天神南,地下鉄七隈線,5,1991-01-01,35,20722347
ロマネスク西新第2,750,福岡県福岡市早良区城西３-13-16,地下鉄空港線「西新」徒歩8分,20.44,ワンルーム,1989年10月,https://suumo.jp//ms/chuko/fukuoka/sc_fukuokashisawara/nc_20896786/,西新,地下鉄空港線,8,1989-10-01,37,20896786
スカイ・クリエート天神南,750,福岡県福岡市中央区春吉２,地下鉄七隈線「渡辺通」徒歩7分,19.71,ワンルーム,1991年3月,https://suumo.jp//ms/chuko/fukuoka/sc_fukuokashichuo/nc_20665914/,渡辺通,地下鉄七隈線,7,1991-03-01,35,20665914
東カングランドマンション大濠パークサイド,760,福岡県福岡市中央区鳥飼１,地下鉄空港線「唐人町」徒歩13分,28.75,ワンルーム,1974年8月,https://suumo.jp//ms/chuko/fukuoka/sc_fukuokashichuo/nc_20800674/,唐人町,地下鉄空港線,13,1974-08-01,52,20800674
スカイ・クリエート天神南,780,福岡県福岡市中央区春吉２-19-17,地下鉄七隈線「渡辺通」徒歩7分,19.71,ワンルーム,1991年3月,https://suumo.jp//ms/chuko/fukuoka/sc_fukuokashichuo/nc_79200824/,渡辺通,地下鉄七隈線,7,1991-03-01,35,79200824
コーポラス東光,800,福岡県福岡市博多区東光２,地下鉄空港線「東比恵」徒歩8分,42.68,2DK,1974年11月,https://suumo.jp//ms/chuko/fukuoka/sc_fukuokashihakata/nc_20650667/,東比恵,地下鉄空港線,8,1974-11-01,52,20650667
ロマネスク博多駅前,850,福岡県福岡市博多区博多駅前４,ＪＲ鹿児島本線「博多」徒歩13分,21.6,ワンルーム,1991年3月,https://suumo.jp//ms/chuko/fukuoka/sc_fukuokashihakata/nc_78963711/,博多,ＪＲ鹿児島本線,13,1991-03-01,35,78963711
エトワール博多,870,福岡県福岡市博多区博多駅前１,地下鉄空港線「博多」徒歩5分,27.72,ワンルーム,1977年4月,https://suumo.jp//ms/chuko/fukuoka/sc_fukuokashihakata/nc_20069809/,博多,地下鉄空港線,5,1977-04-01,49,20069809
皐月マンシヨン博多,890,福岡県福岡市博多区博多駅前３,地下鉄空港線「博多」徒歩6分,23.06,ワンルーム,1979年2月,https://suumo.jp//ms/chuko/fukuoka/sc_fukuokashihakata/nc_77530800/,博多,地下鉄空港線,6,1979-02-01,47,77530800
ライオンズマンション博多,980,福岡県福岡市博多区博多駅前３,地下鉄七隈線「櫛田神社前」徒歩4分,17.13,ワンルーム,1981年6月,https://suumo.jp//ms/chuko/fukuoka/sc_fukuokashihakata/nc_20824863/,櫛田神社前,地下鉄七隈線,4,1981-06-01,45,20824863
ネオハイツ天神,1039,福岡県福岡市中央区大名２,地下鉄空港線「赤坂」徒歩5分,25.89,ワンルーム,1984年9月,https://suumo.jp//ms/chuko/fukuoka/sc_fukuokashichuo/nc_20906003/,赤坂,地下鉄空港線,5,1984-09-01,42,20906003
アスペクタ博多駅中央,1070,福岡県福岡市博多区博多駅南１,ＪＲ鹿児島本線「博多」徒歩9分,26.31,ワンルーム,1996年11月,https://suumo.jp//ms/chuko/fukuoka/sc_fukuokashihakata/nc_20811819/,博多,ＪＲ鹿児島本線,9,1996-11-01,30,20811819
◆アスペクタ博多駅中央,1070,福岡県福岡市博多区博多駅南１-14-33,山陽新幹線「博多」徒歩9分,26.31,ワンルーム,1996年11月,https://suumo.jp//ms/chuko/fukuoka/sc_fukuokashihakata/nc_20878869/,博多,山陽新幹線,9,1996-11-01,30,20878869
室見リバーコーポ,1100,福岡県福岡市早良区室見２,地下鉄空港線「藤崎」徒歩8分,55.6,2LDK,1974年3月,https://suumo.jp//ms/chuko/fukuoka/sc_fukuokashisawara/nc_20595837/,藤崎,地下鉄空港線,8,1974-03-01,52,20595837
パソナ―ル博多,1150,福岡県福岡市博多区神屋町,地下鉄空港線「中洲川端」徒歩15分,38.57,1LDK,1973年10月,https://suumo.jp//ms/chuko/fukuoka/sc_fukuokashihakata/nc_20426860/,中洲川端,地下鉄空港線,15,1973-10-01,53,20426860
東峰マンション博多駅東,1280,福岡県福岡市博多区比恵町7-27,地下鉄空港線「東比恵」徒歩8分,23.17,1K,1985年4月,https://suumo.jp//ms/chuko/fukuoka/sc_fukuokashihakata/nc_20770211/,東比恵,地下鉄空港線,8,1985-04-01,41,20770211
エステートモア祇園,1280,福岡県福岡市博多区冷泉町,地下鉄七隈線「櫛田神社前」徒歩6分,20.73,1K,1998年1月,https://suumo.jp//ms/chuko/fukuoka/sc_fukuokashihakata/nc_20464597/,櫛田神社前,地下鉄七隈線,6,1998-01-01,28,20464597
ライオンズマンション天神南,1280,福岡県福岡市中央区今泉２,西鉄天神大牟田線「薬院」徒歩8分,21.0,1K,1992年3月,https://suumo.jp//ms/chuko/fukuoka/sc_fukuokashichuo/nc_20618191/,薬院,西鉄天神大牟田線,8,1992-03-01,34,20618191
日商岩井弥生マンション,1340,福岡県福岡市早良区原１-41 - 1,地下鉄空港線「藤崎」徒歩14分,87.49,4LDK,1979年4月,https://suumo.jp//ms/chuko/fukuoka/sc_fukuokashisawara/nc_78515294/,藤崎,地下鉄空港線,14,1979-04-01,47,78515294
ピュアドーム博多21,1350,福岡県福岡市博多区博多駅東３,地下鉄空港線「東比恵」徒歩9分,24.95,1K,2005年6月,https://suumo.jp//ms/chuko/fukuoka/sc_fukuokashihakata/nc_20483861/,東比恵,地下鉄空港線,9,2005-06-01,21,20483861
輝国住宅1号棟,1380,福岡県福岡市中央区輝国２,地下鉄七隈線「六本松」徒歩13分,65.68,3LDK,1974年3月,https://suumo.jp//ms/chuko/fukuoka/sc_fukuokashichuo/nc_20845382/,六本松,地下鉄七隈線,13,1974-03-01,52,20845382
ライオンズマンション天神南,1380,福岡県福岡市中央区今泉２-1-32,地下鉄七隈線「薬院大通」徒歩10分,21.0,ワンルーム,1992年3月,https://suumo.jp//ms/chuko/fukuoka/sc_fukuokashichuo/nc_20250868/,薬院大通,地下鉄七隈線,10,1992-03-01,34,20250868
天神スカイマンション,1400,福岡県福岡市中央区長浜１,地下鉄空港線「天神」徒歩10分,30.26,1LDK,1981年2月,https://suumo.jp//ms/chuko/fukuoka/sc_fukuokashichuo/nc_76733602/,天神,地下鉄空港線,10,1981-02-01,45,76733602
ライオンズマンション六本松第２,1480,福岡県福岡市中央区六本松３,地下鉄七隈線「桜坂」徒歩6分,44.96,2DK,1988年9月,https://suumo.jp//ms/chuko/fukuoka/sc_fukuokashichuo/nc_20412591/,桜坂,地下鉄七隈線,6,1988-09-01,38,20412591
チサンマンション天神III,1480,福岡県福岡市中央区大名２,地下鉄空港線「赤坂」徒歩1分,28.2,1DK,1980年1月,https://suumo.jp//ms/chuko/fukuoka/sc_fukuokashichuo/nc_20503677/,赤坂,地下鉄空港線,1,1980-01-01,46,20503677
朝日プラザ赤坂,1480,福岡県福岡市中央区警固２,地下鉄空港線「赤坂」徒歩10分,39.26,2DK,1982年3月,https://suumo.jp//ms/chuko/fukuoka/sc_fukuokashichuo/nc_20884866/,赤坂,地下鉄空港線,10,1982-03-01,44,20884866
日商岩井新福陵マンション2号棟,1498,福岡県福岡市早良区荒江３-1-28,地下鉄空港線「藤崎」徒歩15分,83.19,4LDK,1978年3月,https://suumo.jp//ms/chuko/fukuoka/sc_fukuokashisawara/nc_20891545/,藤崎,地下鉄空港線,15,1978-03-01,48,20891545
日商岩井新福陵マンション,1498,福岡県福岡市早良区荒江３,地下鉄空港線「藤崎」徒歩15分,83.19,4LDK,1978年3月,https://suumo.jp//ms/chuko/fukuoka/sc_fukuokashisawara/nc_20908107/,藤崎,地下鉄空港線,15,1978-03-01,48,20908107
パソナ―ル博多,1500,福岡県福岡市博多区神屋町,地下鉄空港線「中洲川端」徒歩13分,38.57,1LDK,1973年10月,https://suumo.jp//ms/chuko/fukuoka/sc_fukuokashihakata/nc_79140656/,中洲川端,地下鉄空港線,13,1973-10-01,53,79140656
西公園下住宅七号棟2階,1550,福岡県福岡市中央区福浜２-５－７,地下鉄空港線「唐人町」徒歩11分,63.22,3LDK,1971年11月,https://suumo.jp//ms/chuko/fukuoka/sc_fukuokashichuo/nc_79203722/,唐人町,地下鉄空港線,11,1971-11-01,55,79203722
朝日プラザ大濠Ⅱ,1560,福岡県福岡市中央区草香江１-２－４０,地下鉄七隈線「六本松」徒歩4分,44.28,1LDK,1984年12月,https://suumo.jp//ms/chuko/fukuoka/sc_fukuokashichuo/nc_20799568/,六本松,地下鉄七隈線,4,1984-12-01,42,20799568
シャンボール警固,1560,福岡県福岡市中央区警固２-２－１１,地下鉄七隈線「薬院大通」徒歩8分,34.56,1DK,1982年5月,https://suumo.jp//ms/chuko/fukuoka/sc_fukuokashichuo/nc_20799591/,薬院大通,地下鉄七隈線,8,1982-05-01,44,20799591
マンション鳥飼,1580,福岡県福岡市中央区鳥飼１,地下鉄七隈線「別府」徒歩10分,65.54,2LDK,1973年12月,https://suumo.jp//ms/chuko/fukuoka/sc_fukuokashichuo/nc_79164441/,別府,地下鉄七隈線,10,1973-12-01,53,79164441
ライオンズマンション舞鶴第3,1580,福岡県福岡市中央区舞鶴２-7-1,地下鉄空港線「赤坂」徒歩7分,30.07,1DK,1985年5月,https://suumo.jp//ms/chuko/fukuoka/sc_fukuokashichuo/nc_20815633/,赤坂,地下鉄空港線,7,1985-05-01,41,20815633
第二プリンスビル,1580,福岡県福岡市中央区大名２-９－２９,地下鉄空港線「赤坂」徒歩7分,24.77,ワンルーム,1974年11月,https://suumo.jp//ms/chuko/fukuoka/sc_fukuokashichuo/nc_20629314/,赤坂,地下鉄空港線,7,1974-11-01,52,20629314
シャトレ大濠,1580,福岡県福岡市中央区鳥飼１,地下鉄空港線「西新」徒歩12分,50.81,1LDK,1981年11月,https://suumo.jp//ms/chuko/fukuoka/sc_fukuokashichuo/nc_20868698/,西新,地下鉄空港線,12,1981-11-01,45,20868698
ロワールマンション薬院,1580,福岡県福岡市中央区薬院２-18-3,地下鉄七隈線「薬院大通」徒歩8分,38.18,ワンルーム,1979年5月,https://suumo.jp//ms/chuko/fukuoka/sc_fukuokashichuo/nc_20880141/,薬院大通,地下鉄七隈線,8,1979-05-01,47,20880141
ライオンズマンション舞鶴第3,1580,福岡県福岡市中央区舞鶴２-7-1,地下鉄空港線「赤坂」徒歩5分,30.07,1DK,1985年5月,https://suumo.jp//ms/chuko/fukuoka/sc_fukuokashichuo/nc_20865696/,赤坂,地下鉄空港線,5,1985-05-01,41,20865696
KBCユーハイム室見,1598,福岡県福岡市早良区室見５,地下鉄空港線「藤崎」徒歩15分,52.1,2LDK,1985年3月,https://suumo.jp//ms/chuko/fukuoka/sc_fukuokashisawara/nc_20882153/,藤崎,地下鉄空港線,15,1985-03-01,41,20882153
日商岩井新福陵マンション２号棟,1598,福岡県福岡市早良区荒江３,地下鉄空港線「藤崎」徒歩14分,83.19,4LDK,1978年3月,https://suumo.jp//ms/chuko/fukuoka/sc_fukuokashisawara/nc_20045615/,藤崎,地下鉄空港線,14,1978-03-01,48,20045615
KBCユーハイム室見,1598,福岡県福岡市早良区室見５,地下鉄空港線「藤崎」徒歩12分,52.1,2LDK,1985年3月,https://suumo.jp//ms/chuko/fukuoka/sc_fukuokashisawara/nc_79100955/,藤崎,地下鉄空港線,12,1985-03-01,41,79100955
トーカンマンション博多駅前第８,1650,福岡県福岡市博多区博多駅前４,ＪＲ鹿児島本線「博多」徒歩10分,56.03,1LDK+S（納戸）,1979年12月,https://suumo.jp//ms/chuko/fukuoka/sc_fukuokashihakata/nc_78613656/,博多,ＪＲ鹿児島本線,10,1979-12-01,47,78613656
第2住吉ハイツ,1680,福岡県福岡市博多区住吉３,地下鉄七隈線「渡辺通」徒歩10分,55.55,1LDK,1979年10月,https://suumo.jp//ms/chuko/fukuoka/sc_fukuokashihakata/nc_20367370/,渡辺通,地下鉄七隈線,10,1979-10-01,47,20367370
ハイツ城西,1680,福岡県福岡市早良区城西１,地下鉄空港線「西新」徒歩5分,48.51,1LDK,1974年6月,https://suumo.jp//ms/chuko/fukuoka/sc_fukuokashisawara/nc_20601172/,西新,地下鉄空港線,5,1974-06-01,52,20601172
サニークレスト荒江,1690,福岡県福岡市城南区荒江１,地下鉄七隈線「別府」徒歩14分,81.47,4LDK,1982年7月,https://suumo.jp//ms/chuko/fukuoka/sc_fukuokashijonan/nc_78393758/,別府,地下鉄七隈線,14,1982-07-01,44,78393758
藤和城西コーポ,1690,福岡県福岡市城南区別府４-13－29,地下鉄七隈線「別府」徒歩9分,52.82,2LDK,1974年7月,https://suumo.jp//ms/chuko/fukuoka/sc_fukuokashijonan/nc_20243653/,別府,地下鉄七隈線,9,1974-07-01,52,20243653
ビレッタ百道,1690,福岡県福岡市早良区百道１,地下鉄空港線「藤崎」徒歩12分,55.39,2LDK,1975年4月,https://suumo.jp//ms/chuko/fukuoka/sc_fukuokashisawara/nc_20298722/,藤崎,地下鉄空港線,12,1975-04-01,51,20298722
ロマネスク渡辺通第2,1699,福岡県福岡市中央区高砂２,地下鉄七隈線「渡辺通」徒歩12分,33.29,1LDK,1989年4月,https://suumo.jp//ms/chuko/fukuoka/sc_fukuokashichuo/nc_20541546/,渡辺通,地下鉄七隈線,12,1989-04-01,37,20541546
ロマネスク渡辺通第2,1699,福岡県福岡市中央区高砂２,地下鉄七隈線「渡辺通」徒歩12分,33.29,1LDK,1989年4月,https://suumo.jp//ms/chuko/fukuoka/sc_fukuokashichuo/nc_20392282/,渡辺通,地下鉄七隈線,12,1989-04-01,37,20392282
ロマネスク渡辺通第2,1699,福岡県福岡市中央区高砂２-6-15,地下鉄七隈線「渡辺通」徒歩12分,33.29,1LDK,1989年4月,https://suumo.jp//ms/chuko/fukuoka/sc_fukuokashichuo/nc_20703199/,渡辺通,地下鉄七隈線,12,1989-04-01,37,20703199
マンション鳥飼204,1700,福岡県福岡市中央区鳥飼１-3-19,地下鉄七隈線「六本松」徒歩12分,49.8,1LDK,1973年12月,https://suumo.jp//ms/chuko/fukuoka/sc_fukuokashichuo/nc_20656955/,六本松,地下鉄七隈線,12,1973-12-01,53,20656955
ロマネスク渡辺通第２,1749,福岡県福岡市中央区高砂２,地下鉄七隈線「渡辺通」徒歩12分,33.29,1LDK,1989年4月,https://suumo.jp//ms/chuko/fukuoka/sc_fukuokashichuo/nc_20375808/,渡辺通,地下鉄七隈線,12,1989-04-01,37,20375808
ロマネスク渡辺通第2,1749,福岡県福岡市中央区高砂２,地下鉄七隈線「渡辺通」徒歩12分,33.29,1LDK,1989年4月,https://suumo.jp//ms/chuko/fukuoka/sc_fukuokashichuo/nc_20402892/,渡辺通,地下鉄七隈線,12,1989-04-01,37,20402892
ロマネスク渡辺通第2,1749,福岡県福岡市中央区高砂２-6-15,地下鉄七隈線「渡辺通」徒歩12分,33.29,1LDK,1989年4月,https://suumo.jp//ms/chuko/fukuoka/sc_fukuokashichuo/nc_20733989/,渡辺通,地下鉄七隈線,12,1989-04-01,37,20733989
ロマネスク渡辺通第２,1749,福岡県福岡市中央区高砂２-６－１５,地下鉄七隈線「渡辺通」徒歩12分,33.29,1LDK,1989年4月,https://suumo.jp//ms/chuko/fukuoka/sc_fukuokashichuo/nc_20326885/,渡辺通,地下鉄七隈線,12,1989-04-01,37,20326885
ロマネスク渡辺通第2,1749,福岡県福岡市中央区高砂２,地下鉄七隈線「渡辺通」徒歩11分,33.29,ワンルーム,1989年4月,https://suumo.jp//ms/chuko/fukuoka/sc_fukuokashichuo/nc_20809770/,渡辺通,地下鉄七隈線,11,1989-04-01,37,20809770
ロマネスク渡辺通第2,1749,福岡県福岡市中央区高砂２-6-15,地下鉄七隈線「渡辺通」徒歩12分,33.29,1LDK,1989年4月,https://suumo.jp//ms/chuko/fukuoka/sc_fukuokashichuo/nc_20532612/,渡辺通,地下鉄七隈線,12,1989-04-01,37,20532612
ロマネスク渡辺通第2,1749,福岡県福岡市中央区高砂２,西鉄天神大牟田線「薬院」徒歩13分,33.29,1LDK,1989年3月,https://suumo.jp//ms/chuko/fukuoka/sc_fukuokashichuo/nc_20325130/,薬院,西鉄天神大牟田線,13,1989-03-01,37,20325130
ロマネスク渡辺通第2,1749,福岡県福岡市中央区高砂２-6-15,地下鉄七隈線「渡辺通」徒歩12分,33.29,1LDK,1989年4月,https://suumo.jp//ms/chuko/fukuoka/sc_fukuokashichuo/nc_20685145/,渡辺通,地下鉄七隈線,12,1989-04-01,37,20685145
シャンボール大濠,1780,福岡県福岡市中央区鳥飼３,地下鉄空港線「西新」徒歩9分,74.88,3LDK,1978年8月,https://suumo.jp//ms/chuko/fukuoka/sc_fukuokashichuo/nc_78802367/,西新,地下鉄空港線,9,1978-08-01,48,78802367
フラワーコーポ六本松,1799,福岡県福岡市中央区草香江２,地下鉄七隈線「六本松」徒歩4分,39.36,1LDK,1979年3月,https://suumo.jp//ms/chuko/fukuoka/sc_fukuokashichuo/nc_20540265/,六本松,地下鉄七隈線,4,1979-03-01,47,20540265
ライオンズマンション天神,1820,福岡県福岡市中央区舞鶴１,地下鉄空港線「赤坂」徒歩6分,43.5,1LDK,1979年7月,https://suumo.jp//ms/chuko/fukuoka/sc_fukuokashichuo/nc_79172337/,赤坂,地下鉄空港線,6,1979-07-01,47,79172337
パークハイツ桜坂,1820,福岡県福岡市中央区桜坂３,地下鉄七隈線「桜坂」徒歩3分,67.2,ワンルーム,1977年6月,https://suumo.jp//ms/chuko/fukuoka/sc_fukuokashichuo/nc_20301505/,桜坂,地下鉄七隈線,3,1977-06-01,49,20301505
博多ニッコーハイツ,1830,福岡県福岡市博多区博多駅東３,地下鉄空港線「博多」徒歩10分,62.91,3LDK,1979年11月,https://suumo.jp//ms/chuko/fukuoka/sc_fukuokashihakata/nc_79121106/,博多,地下鉄空港線,10,1979-11-01,47,79121106
西新ビル　中古マンション,1850,福岡県福岡市早良区高取１,地下鉄空港線「藤崎」徒歩6分,60.8,2LDK,1972年7月,https://suumo.jp//ms/chuko/fukuoka/sc_fukuokashisawara/nc_20596775/,藤崎,地下鉄空港線,6,1972-07-01,54,20596775
ダイアパレス西新,1850,福岡県福岡市早良区祖原,地下鉄空港線「西新」徒歩9分,40.77,1LDK,1984年2月,https://suumo.jp//ms/chuko/fukuoka/sc_fukuokashisawara/nc_20696773/,西新,地下鉄空港線,9,1984-02-01,42,20696773
西新ビル,1850,福岡県福岡市早良区高取１,地下鉄空港線「西新」徒歩5分,60.8,2LDK,1972年7月,https://suumo.jp//ms/chuko/fukuoka/sc_fukuokashisawara/nc_20255236/,西新,地下鉄空港線,5,1972-07-01,54,20255236
チサンマンション祇園,1878,福岡県福岡市博多区祇園町４－３,地下鉄空港線「祇園」徒歩4分,40.08,1LDK,1980年10月,https://suumo.jp//ms/chuko/fukuoka/sc_fukuokashihakata/nc_20648244/,祇園,地下鉄空港線,4,1980-10-01,46,20648244
チサンマンション祇園,1878,福岡県福岡市博多区祇園町,地下鉄七隈線「櫛田神社前」徒歩5分,40.08,1LDK,1980年10月,https://suumo.jp//ms/chuko/fukuoka/sc_fukuokashihakata/nc_78511958/,櫛田神社前,地下鉄七隈線,5,1980-10-01,46,78511958
シャンボール桜坂,1880,福岡県福岡市中央区古小烏町,地下鉄七隈線「桜坂」徒歩6分,47.88,1LDK,1974年5月,https://suumo.jp//ms/chuko/fukuoka/sc_fukuokashichuo/nc_20478981/,桜坂,地下鉄七隈線,6,1974-05-01,52,20478981
ライオンズマンション浄水,1880,福岡県福岡市中央区御所ヶ谷,地下鉄七隈線「薬院大通」徒歩6分,71.67,3DK,1977年12月,https://suumo.jp//ms/chuko/fukuoka/sc_fukuokashichuo/nc_75963392/,薬院大通,地下鉄七隈線,6,1977-12-01,49,75963392
ロワールマンション西公園2,1890,福岡県福岡市中央区港３,地下鉄空港線「大濠公園」徒歩15分,55.04,2LDK,1984年1月,https://suumo.jp//ms/chuko/fukuoka/sc_fukuokashichuo/nc_20750965/,大濠公園,地下鉄空港線,15,1984-01-01,42,20750965
グリーンハイツ輝国,1980,福岡県福岡市中央区輝国２,地下鉄七隈線「六本松」徒歩13分,76.3,3LDK,1980年5月,https://suumo.jp//ms/chuko/fukuoka/sc_fukuokashichuo/nc_20658742/,六本松,地下鉄七隈線,13,1980-05-01,46,20658742
トーカンマンション呉服町,1980,福岡県福岡市博多区下呉服町,地下鉄空港線「中洲川端」徒歩14分,59.85,1LDK+S（納戸）,1981年11月,https://suumo.jp//ms/chuko/fukuoka/sc_fukuokashihakata/nc_20126920/,中洲川端,地下鉄空港線,14,1981-11-01,45,20126920
ライオンズマンションマキシム浄水通り,1980,福岡県福岡市中央区薬院４-18-15,地下鉄七隈線「薬院大通」徒歩3分,36.55,ワンルーム,1981年3月,https://suumo.jp//ms/chuko/fukuoka/sc_fukuokashichuo/nc_78092052/,薬院大通,地下鉄七隈線,3,1981-03-01,45,78092052
藤和西新コープ,1980,福岡県福岡市早良区城西２-11-25,地下鉄空港線「西新」徒歩8分,84.82,3LDK,1977年12月,https://suumo.jp//ms/chuko/fukuoka/sc_fukuokashisawara/nc_78739625/,西新,地下鉄空港線,8,1977-12-01,49,78739625
藤和城西コープ,1998,福岡県福岡市城南区別府４-13-29,地下鉄七隈線「別府」徒歩9分,52.82,2LDK,1974年7月,https://suumo.jp//ms/chuko/fukuoka/sc_fukuokashijonan/nc_20429317/,別府,地下鉄七隈線,9,1974-07-01,52,20429317
藤和城西コープ,1998,福岡県福岡市城南区別府４,地下鉄七隈線「別府」徒歩8分,52.82,2LDK,1974年7月,https://suumo.jp//ms/chuko/fukuoka/sc_fukuokashijonan/nc_78715529/,別府,地下鉄七隈線,8,1974-07-01,52,78715529
エメラルドマンション比恵,1998,福岡県福岡市博多区東比恵３,地下鉄空港線「東比恵」徒歩3分,51.16,2LDK,1982年3月,https://suumo.jp//ms/chuko/fukuoka/sc_fukuokashihakata/nc_20442837/,東比恵,地下鉄空港線,3,1982-03-01,44,20442837
藤和城西コープ,1998,福岡県福岡市城南区別府４,地下鉄七隈線「別府」徒歩8分,52.82,2LDK,1974年7月,https://suumo.jp//ms/chuko/fukuoka/sc_fukuokashijonan/nc_20044338/,別府,地下鉄七隈線,8,1974-07-01,52,20044338
ステイツ天神東,1999,福岡県福岡市博多区奈良屋町9-15,地下鉄空港線「中洲川端」徒歩10分,40.97,1LDK,1990年3月,https://suumo.jp//ms/chuko/fukuoka/sc_fukuokashihakata/nc_20831941/,中洲川端,地下鉄空港線,10,1990-03-01,36,20831941
ステイツ天神東,1999,福岡県福岡市博多区奈良屋町９－１５,地下鉄空港線「中洲川端」徒歩10分,40.97,1LDK,1990年3月,https://suumo.jp//ms/chuko/fukuoka/sc_fukuokashihakata/nc_20818637/,中洲川端,地下鉄空港線,10,1990-03-01,36,20818637
ステイツ天神東,1999,福岡県福岡市博多区奈良屋町,地下鉄空港線「中洲川端」徒歩10分,40.97,1LDK,1990年3月,https://suumo.jp//ms/chuko/fukuoka/sc_fukuokashihakata/nc_20886187/,中洲川端,地下鉄空港線,10,1990-03-01,36,20886187
ステイツ天神東,1999,福岡県福岡市博多区奈良屋町9-15,地下鉄空港線「中洲川端」徒歩10分,40.97,1LDK,1990年3月,https://suumo.jp//ms/chuko/fukuoka/sc_fukuokashihakata/nc_20821561/,中洲川端,地下鉄空港線,10,1990-03-01,36,20821561
ステイツ天神東,1999,福岡県福岡市博多区奈良屋町9-15,地下鉄空港線「中洲川端」徒歩9分,40.97,1LDK,1990年3月,https://suumo.jp//ms/chuko/fukuoka/sc_fukuokashihakata/nc_20843071/,中洲川端,地下鉄空港線,9,1990-03-01,36,20843071
ステイツ天神東,1999,福岡県福岡市博多区奈良屋町,地下鉄箱崎線「中洲川端」徒歩9分,40.97,1LDK,1990年3月,https://suumo.jp//ms/chuko/fukuoka/sc_fukuokashihakata/nc_20808718/,中洲川端,地下鉄箱崎線,9,1990-03-01,36,20808718
ステイツ天神東,1999,福岡県福岡市博多区奈良屋町9-15,地下鉄箱崎線「中洲川端」徒歩10分,40.97,1LDK,1990年3月,https://suumo.jp//ms/chuko/fukuoka/sc_fukuokashihakata/nc_20863627/,中洲川端,地下鉄箱崎線,10,1990-03-01,36,20863627
ステイツ天神東,1999,福岡県福岡市博多区奈良屋町,地下鉄空港線「中洲川端」徒歩11分,40.97,1LDK,1990年3月,https://suumo.jp//ms/chuko/fukuoka/sc_fukuokashihakata/nc_20910075/,中洲川端,地下鉄空港線,11,1990-03-01,36,20910075
ウイング藤崎,2000,福岡県福岡市早良区弥生２,地下鉄空港線「藤崎」徒歩14分,47.33,2LDK,1984年12月,https://suumo.jp//ms/chuko/fukuoka/sc_fukuokashisawara/nc_78787170/,藤崎,地下鉄空港線,14,1984-12-01,42,78787170
103大稲マンション,2080,福岡県福岡市中央区薬院２-4-5,地下鉄七隈線「薬院大通」徒歩1分,55.68,2LDK,1975年4月,https://suumo.jp//ms/chuko/fukuoka/sc_fukuokashichuo/nc_20052456/,薬院大通,地下鉄七隈線,1,1975-04-01,51,20052456
103大稲マンション,2080,福岡県福岡市中央区薬院２-4-5,地下鉄七隈線「薬院大通」徒歩1分,55.62,2LDK,1975年4月,https://suumo.jp//ms/chuko/fukuoka/sc_fukuokashichuo/nc_20045528/,薬院大通,地下鉄七隈線,1,1975-04-01,51,20045528
藤和コープ・サンウェルス,2080,福岡県福岡市中央区警固２,地下鉄空港線「赤坂」徒歩8分,66.0,1LDK,1980年5月,https://suumo.jp//ms/chuko/fukuoka/sc_fukuokashichuo/nc_20161225/,赤坂,地下鉄空港線,8,1980-05-01,46,20161225
エクセレンス谷,2080,福岡県福岡市中央区谷１,地下鉄七隈線「六本松」徒歩6分,66.68,3LDK,1979年8月,https://suumo.jp//ms/chuko/fukuoka/sc_fukuokashichuo/nc_20674722/,六本松,地下鉄七隈線,6,1979-08-01,47,20674722
ホワイティ薬院,2090,福岡県福岡市中央区薬院１-6-5,地下鉄七隈線「薬院」徒歩3分,38.81,1LDK,1975年5月,https://suumo.jp//ms/chuko/fukuoka/sc_fukuokashichuo/nc_20308734/,薬院,地下鉄七隈線,3,1975-05-01,51,20308734
ホワイティ薬院,2090,福岡県福岡市中央区薬院１,西鉄天神大牟田線「薬院」徒歩3分,38.81,1LDK,1975年5月,https://suumo.jp//ms/chuko/fukuoka/sc_fukuokashichuo/nc_78062008/,薬院,西鉄天神大牟田線,3,1975-05-01,51,78062008
ダイナコート赤坂南,2100,福岡県福岡市中央区桜坂２-5-43,地下鉄七隈線「桜坂」徒歩5分,63.3,3LDK,1988年7月,https://suumo.jp//ms/chuko/fukuoka/sc_fukuokashichuo/nc_78138910/,桜坂,地下鉄七隈線,5,1988-07-01,38,78138910
ＧＳハイム博多,2140,福岡県福岡市博多区博多駅東２,ＪＲ鹿児島本線「博多」徒歩10分,66.15,3LDK,1980年10月,https://suumo.jp//ms/chuko/fukuoka/sc_fukuokashihakata/nc_78948574/,博多,ＪＲ鹿児島本線,10,1980-10-01,46,78948574
マンションアベニュー,2180,福岡県福岡市早良区西新５,地下鉄空港線「西新」徒歩3分,53.91,2LDK,1974年8月,https://suumo.jp//ms/chuko/fukuoka/sc_fukuokashisawara/nc_20586973/,西新,地下鉄空港線,3,1974-08-01,52,20586973
輝国住宅1号棟,2180,福岡県福岡市中央区輝国２,地下鉄七隈線「六本松」徒歩14分,64.42,3LDK,1974年3月,https://suumo.jp//ms/chuko/fukuoka/sc_fukuokashichuo/nc_20245678/,六本松,地下鉄七隈線,14,1974-03-01,52,20245678
スワローハイツ山荘通,2180,福岡県福岡市中央区平尾４,地下鉄七隈線「薬院大通」徒歩14分,79.27,3LDK,1986年3月,https://suumo.jp//ms/chuko/fukuoka/sc_fukuokashichuo/nc_71893185/,薬院大通,地下鉄七隈線,14,1986-03-01,40,71893185
ハイツ21,2180,福岡県福岡市早良区城西１,地下鉄空港線「西新」徒歩6分,61.83,2LDK,1977年3月,https://suumo.jp//ms/chuko/fukuoka/sc_fukuokashisawara/nc_78708894/,西新,地下鉄空港線,6,1977-03-01,49,78708894
チサンマンション天神Ⅲ,2180,福岡県福岡市中央区大名２-4-38,地下鉄空港線「赤坂」徒歩3分,42.76,2DK,1980年1月,https://suumo.jp//ms/chuko/fukuoka/sc_fukuokashichuo/nc_20813336/,赤坂,地下鉄空港線,3,1980-01-01,46,20813336
ホワイティ薬院,2190,福岡県福岡市中央区薬院１,西鉄天神大牟田線「薬院」徒歩3分,38.81,1LDK,1975年5月,https://suumo.jp//ms/chuko/fukuoka/sc_fukuokashichuo/nc_20525339/,薬院,西鉄天神大牟田線,3,1975-05-01,51,20525339
ロワールマンション西公園ビュー,2198,福岡県福岡市中央区港３,地下鉄空港線「大濠公園」徒歩13分,53.27,2LDK,1990年3月,https://suumo.jp//ms/chuko/fukuoka/sc_fukuokashichuo/nc_20731822/,大濠公園,地下鉄空港線,13,1990-03-01,36,20731822
ロワールマンション西公園ビュー,2198,福岡県福岡市中央区港３-１０－２５,地下鉄空港線「大濠公園」徒歩15分,53.27,2LDK,1990年3月,https://suumo.jp//ms/chuko/fukuoka/sc_fukuokashichuo/nc_20188314/,大濠公園,地下鉄空港線,15,1990-03-01,36,20188314
ロワールマンション西公園ビュー,2198,福岡県福岡市中央区港３,地下鉄空港線「大濠公園」徒歩14分,53.27,2LDK,1990年10月,https://suumo.jp//ms/chuko/fukuoka/sc_fukuokashichuo/nc_20361225/,大濠公園,地下鉄空港線,14,1990-10-01,36,20361225
カーサ大濠,2199,福岡県福岡市中央区六本松３,地下鉄七隈線「六本松」徒歩7分,51.66,1LDK,1974年6月,https://suumo.jp//ms/chuko/fukuoka/sc_fukuokashichuo/nc_20842750/,六本松,地下鉄七隈線,7,1974-06-01,52,20842750
カーサ大濠,2199,福岡県福岡市中央区六本松３,地下鉄七隈線「六本松」徒歩7分,51.66,1LDK,1974年4月,https://suumo.jp//ms/chuko/fukuoka/sc_fukuokashichuo/nc_20593788/,六本松,地下鉄七隈線,7,1974-04-01,52,20593788
カーサ大濠,2199,福岡県福岡市中央区六本松３,地下鉄七隈線「六本松」徒歩7分,51.66,1LDK,1974年6月,https://suumo.jp//ms/chuko/fukuoka/sc_fukuokashichuo/nc_78928794/,六本松,地下鉄七隈線,7,1974-06-01,52,78928794
ＧＳハイム博多,2200,福岡県福岡市博多区博多駅東２,地下鉄空港線「東比恵」徒歩5分,66.15,3LDK,1980年10月,https://suumo.jp//ms/chuko/fukuoka/sc_fukuokashihakata/nc_78859383/,東比恵,地下鉄空港線,5,1980-10-01,46,78859383
グレイス博多,2210,福岡県福岡市博多区博多駅東３,地下鉄空港線「東比恵」徒歩10分,63.53,2LDK,1980年8月,https://suumo.jp//ms/chuko/fukuoka/sc_fukuokashihakata/nc_20893718/,東比恵,地下鉄空港線,10,1980-08-01,46,20893718
西新パークマンション,2250,福岡県福岡市早良区西新３,地下鉄空港線「西新」徒歩10分,70.97,3LDK,1988年5月,https://suumo.jp//ms/chuko/fukuoka/sc_fukuokashisawara/nc_20467027/,西新,地下鉄空港線,10,1988-05-01,38,20467027
ライオンズマンション六本松第2,2280,福岡県福岡市中央区六本松３,地下鉄七隈線「六本松」徒歩7分,40.74,2DK,1988年9月,https://suumo.jp//ms/chuko/fukuoka/sc_fukuokashichuo/nc_20532937/,六本松,地下鉄七隈線,7,1988-09-01,38,20532937
モントーレラコルタユニバ通り,2280,福岡県糟屋郡志免町別府西３,地下鉄空港線「福岡空港」徒歩11分,66.03,2LDK,2013年6月,https://suumo.jp//ms/chuko/fukuoka/sc_kasuyagunshime/nc_78473165/,福岡空港,地下鉄空港線,11,2013-06-01,13,78473165
チサンマンション第三博多,2290,福岡県福岡市中央区薬院２,地下鉄七隈線「薬院大通」徒歩3分,64.8,ワンルーム,1974年3月,https://suumo.jp//ms/chuko/fukuoka/sc_fukuokashichuo/nc_20445271/,薬院大通,地下鉄七隈線,3,1974-03-01,52,20445271
シャンボール桜坂,2345,福岡県福岡市中央区古小烏町81,地下鉄七隈線「桜坂」徒歩7分,51.93,2LDK,1974年2月,https://suumo.jp//ms/chuko/fukuoka/sc_fukuokashichuo/nc_20755833/,桜坂,地下鉄七隈線,7,1974-02-01,52,20755833
東急ドエルアルス天神,2350,福岡県福岡市中央区渡辺通５,地下鉄七隈線「天神南」徒歩1分,36.62,1K,1983年2月,https://suumo.jp//ms/chuko/fukuoka/sc_fukuokashichuo/nc_20209727/,天神南,地下鉄七隈線,1,1983-02-01,43,20209727
祖原公園ハウス,2360,福岡県福岡市早良区祖原22-25,地下鉄空港線「西新」徒歩9分,57.04,3DK,1983年8月,https://suumo.jp//ms/chuko/fukuoka/sc_fukuokashisawara/nc_20130348/,西新,地下鉄空港線,9,1983-08-01,43,20130348
祖原公園ハウス,2365,福岡県福岡市早良区祖原,地下鉄空港線「西新」徒歩11分,57.04,3DK,1983年8月,https://suumo.jp//ms/chuko/fukuoka/sc_fukuokashisawara/nc_20185389/,西新,地下鉄空港線,11,1983-08-01,43,20185389
祖原公園ハウス,2370,福岡県福岡市早良区祖原,地下鉄空港線「西新」徒歩12分,57.04,2DK,1983年8月,https://suumo.jp//ms/chuko/fukuoka/sc_fukuokashisawara/nc_20337457/,西新,地下鉄空港線,12,1983-08-01,43,20337457
エクセレンス天神,2380,福岡県福岡市中央区那の津１,地下鉄空港線「天神」徒歩9分,67.8,2LDK,1980年10月,https://suumo.jp//ms/chuko/fukuoka/sc_fukuokashichuo/nc_20593789/,天神,地下鉄空港線,9,1980-10-01,46,20593789
ダイアパレス薬院,2380,福岡県福岡市中央区薬院２-2-26,地下鉄七隈線「薬院大通」徒歩4分,36.37,1LDK,1984年5月,https://suumo.jp//ms/chuko/fukuoka/sc_fukuokashichuo/nc_20582551/,薬院大通,地下鉄七隈線,4,1984-05-01,42,20582551
日商岩井新福陵マンション,2380,福岡県福岡市早良区荒江３,地下鉄空港線「藤崎」徒歩14分,92.26,4LDK,1978年3月,https://suumo.jp//ms/chuko/fukuoka/sc_fukuokashisawara/nc_78371177/,藤崎,地下鉄空港線,14,1978-03-01,48,78371177
西新ビル,2380,福岡県福岡市早良区高取１-1-53,地下鉄空港線「藤崎」徒歩5分,66.69,2LDK,1972年7月,https://suumo.jp//ms/chuko/fukuoka/sc_fukuokashisawara/nc_20913938/,藤崎,地下鉄空港線,5,1972-07-01,54,20913938
赤坂エクセル,2380,福岡県福岡市中央区赤坂３,地下鉄空港線「赤坂」徒歩12分,52.57,1LDK,1974年11月,https://suumo.jp//ms/chuko/fukuoka/sc_fukuokashichuo/nc_20593782/,赤坂,地下鉄空港線,12,1974-11-01,52,20593782
博多ニッコーハイツ,2380,福岡県福岡市博多区博多駅東３,地下鉄空港線「東比恵」徒歩6分,58.04,3DK,1979年11月,https://suumo.jp//ms/chuko/fukuoka/sc_fukuokashihakata/nc_20648821/,東比恵,地下鉄空港線,6,1979-11-01,47,20648821
ライオンズマンション南薬院,2380,福岡県福岡市中央区薬院３,西鉄天神大牟田線「薬院」徒歩5分,47.79,1LDK,1983年1月,https://suumo.jp//ms/chuko/fukuoka/sc_fukuokashichuo/nc_20354638/,薬院,西鉄天神大牟田線,5,1983-01-01,43,20354638
西新ビル,2380,福岡県福岡市早良区高取１,地下鉄空港線「藤崎」徒歩5分,66.69,2LDK,1972年7月,https://suumo.jp//ms/chuko/fukuoka/sc_fukuokashisawara/nc_20878004/,藤崎,地下鉄空港線,5,1972-07-01,54,20878004
ライオンズマンション薬院,2380,福岡県福岡市中央区薬院３,地下鉄七隈線「薬院大通」徒歩7分,40.87,1LDK,1979年9月,https://suumo.jp//ms/chuko/fukuoka/sc_fukuokashichuo/nc_20863777/,薬院大通,地下鉄七隈線,7,1979-09-01,47,20863777
藤和城西コープ,2390,福岡県福岡市城南区別府４,地下鉄七隈線「別府」徒歩10分,71.5,3LDK,1974年7月,https://suumo.jp//ms/chuko/fukuoka/sc_fukuokashijonan/nc_20556250/,別府,地下鉄七隈線,10,1974-07-01,52,20556250
藤和城西コーポ,2390,福岡県福岡市城南区別府４,地下鉄七隈線「別府」徒歩7分,71.5,3LDK,1974年7月,https://suumo.jp//ms/chuko/fukuoka/sc_fukuokashijonan/nc_20577817/,別府,地下鉄七隈線,7,1974-07-01,52,20577817
グランピア住吉,2399,福岡県福岡市博多区住吉３,地下鉄七隈線「渡辺通」徒歩9分,51.68,2LDK,1983年1月,https://suumo.jp//ms/chuko/fukuoka/sc_fukuokashihakata/nc_20558546/,渡辺通,地下鉄七隈線,9,1983-01-01,43,20558546
グリーンハイツ輝国,2430,福岡県福岡市中央区輝国２-24-55,地下鉄七隈線「六本松」徒歩13分,73.32,3LDK,1980年5月,https://suumo.jp//ms/chuko/fukuoka/sc_fukuokashichuo/nc_20675253/,六本松,地下鉄七隈線,13,1980-05-01,46,20675253
グリーンハイツ輝国,2430,福岡県福岡市中央区輝国２,地下鉄七隈線「六本松」徒歩13分,73.32,3LDK,1980年5月,https://suumo.jp//ms/chuko/fukuoka/sc_fukuokashichuo/nc_20910067/,六本松,地下鉄七隈線,13,1980-05-01,46,20910067
グリーンハイツ輝国,2430,福岡県福岡市中央区輝国２,地下鉄七隈線「六本松」徒歩13分,73.32,3LDK,1980年5月,https://suumo.jp//ms/chuko/fukuoka/sc_fukuokashichuo/nc_79174995/,六本松,地下鉄七隈線,13,1980-05-01,46,79174995
西公園ハウス,2450,福岡県福岡市中央区西公園11-10,地下鉄空港線「大濠公園」徒歩14分,71.7,2LDK,1986年5月,https://suumo.jp//ms/chuko/fukuoka/sc_fukuokashichuo/nc_77529888/,大濠公園,地下鉄空港線,14,1986-05-01,40,77529888
エクセレンス天神,2490,福岡県福岡市中央区那の津１,地下鉄空港線「天神」徒歩10分,67.8,2LDK,1980年10月,https://suumo.jp//ms/chuko/fukuoka/sc_fukuokashichuo/nc_20809213/,天神,地下鉄空港線,10,1980-10-01,46,20809213
エンクレスト天神南Ⅲ,2499,福岡県福岡市中央区清川３-2-9,地下鉄七隈線「渡辺通」徒歩13分,37.86,1LDK,2005年8月,https://suumo.jp//ms/chuko/fukuoka/sc_fukuokashichuo/nc_20239975/,渡辺通,地下鉄七隈線,13,2005-08-01,21,20239975
古河平丘台マンション,2500,福岡県福岡市中央区平尾３,地下鉄七隈線「薬院大通」徒歩13分,59.35,2DK,1971年11月,https://suumo.jp//ms/chuko/fukuoka/sc_fukuokashichuo/nc_20559248/,薬院大通,地下鉄七隈線,13,1971-11-01,55,20559248
藤崎センタービル,2550,福岡県福岡市早良区高取２-18-6,地下鉄空港線「藤崎」徒歩1分,42.55,1LDK,1979年11月,https://suumo.jp//ms/chuko/fukuoka/sc_fukuokashisawara/nc_20547675/,藤崎,地下鉄空港線,1,1979-11-01,47,20547675
藤崎センタービル,2550,福岡県福岡市早良区高取２,地下鉄空港線「藤崎」徒歩1分,42.55,1LDK,1979年11月,https://suumo.jp//ms/chuko/fukuoka/sc_fukuokashisawara/nc_20726052/,藤崎,地下鉄空港線,1,1979-11-01,47,20726052
エクセレンス谷,2590,福岡県福岡市中央区谷１,地下鉄七隈線「六本松」徒歩6分,57.23,2LDK,1979年8月,https://suumo.jp//ms/chuko/fukuoka/sc_fukuokashichuo/nc_20628890/,六本松,地下鉄七隈線,6,1979-08-01,47,20628890
サンポートハイツ　【担当：中見】　までお気軽にお問合…,2590,福岡県福岡市中央区港２-5-32,地下鉄空港線「大濠公園」徒歩8分,61.56,2LDK,1974年9月,https://suumo.jp//ms/chuko/fukuoka/sc_fukuokashichuo/nc_79171807/,大濠公園,地下鉄空港線,8,1974-09-01,52,79171807
エクセレンス谷,2590,福岡県福岡市中央区谷１,地下鉄七隈線「桜坂」徒歩6分,57.23,2LDK,1979年8月,https://suumo.jp//ms/chuko/fukuoka/sc_fukuokashichuo/nc_20697135/,桜坂,地下鉄七隈線,6,1979-08-01,47,20697135
エクセレンス谷,2590,福岡県福岡市中央区谷１-16-58,地下鉄七隈線「桜坂」徒歩6分,57.23,2LDK,1979年8月,https://suumo.jp//ms/chuko/fukuoka/sc_fukuokashichuo/nc_20582541/,桜坂,地下鉄七隈線,6,1979-08-01,47,20582541
エクセレンス谷,2590,福岡県福岡市中央区谷１-１６－５８,地下鉄七隈線「桜坂」徒歩6分,57.23,2LDK,1979年8月,https://suumo.jp//ms/chuko/fukuoka/sc_fukuokashichuo/nc_20219897/,桜坂,地下鉄七隈線,6,1979-08-01,47,20219897
エクセレンス谷,2590,福岡県福岡市中央区谷１-16-58,地下鉄七隈線「桜坂」徒歩6分,57.23,2LDK,1979年8月,https://suumo.jp//ms/chuko/fukuoka/sc_fukuokashichuo/nc_20163284/,桜坂,地下鉄七隈線,6,1979-08-01,47,20163284
エクセレンス谷,2590,福岡県福岡市中央区谷１,地下鉄七隈線「六本松」徒歩7分,57.23,2LDK,1979年8月,https://suumo.jp//ms/chuko/fukuoka/sc_fukuokashichuo/nc_20552088/,六本松,地下鉄七隈線,7,1979-08-01,47,20552088
エクセレンス谷,2590,福岡県福岡市中央区谷１,地下鉄七隈線「桜坂」徒歩6分,57.23,2LDK,1979年8月,https://suumo.jp//ms/chuko/fukuoka/sc_fukuokashichuo/nc_20375081/,桜坂,地下鉄七隈線,6,1979-08-01,47,20375081
エクセレンス谷,2590,福岡県福岡市中央区谷１,地下鉄七隈線「桜坂」徒歩6分,57.23,2LDK,1979年8月,https://suumo.jp//ms/chuko/fukuoka/sc_fukuokashichuo/nc_20052927/,桜坂,地下鉄七隈線,6,1979-08-01,47,20052927
エクセレンス谷,2590,福岡県福岡市中央区谷１,地下鉄七隈線「六本松」徒歩7分,57.23,2LDK,1979年8月,https://suumo.jp//ms/chuko/fukuoka/sc_fukuokashichuo/nc_20803485/,六本松,地下鉄七隈線,7,1979-08-01,47,20803485
エクセレンス谷,2590,福岡県福岡市中央区谷１-16-58,地下鉄七隈線「六本松」徒歩6分,57.23,2LDK,1979年8月,https://suumo.jp//ms/chuko/fukuoka/sc_fukuokashichuo/nc_78717582/,六本松,地下鉄七隈線,6,1979-08-01,47,78717582
エクセレンス谷,2590,福岡県福岡市中央区谷１,地下鉄七隈線「六本松」徒歩7分,57.23,2LDK,1979年8月,https://suumo.jp//ms/chuko/fukuoka/sc_fukuokashichuo/nc_78720132/,六本松,地下鉄七隈線,7,1979-08-01,47,78720132
第三住吉ハイツ,2599,福岡県福岡市博多区住吉５,ＪＲ鹿児島本線「博多」徒歩14分,67.2,2LDK,1980年5月,https://suumo.jp//ms/chuko/fukuoka/sc_fukuokashihakata/nc_20415847/,博多,ＪＲ鹿児島本線,14,1980-05-01,46,20415847
第三住吉ハイツ,2599,福岡県福岡市博多区住吉５,ＪＲ鹿児島本線「博多」徒歩14分,67.2,2LDK,1980年5月,https://suumo.jp//ms/chuko/fukuoka/sc_fukuokashihakata/nc_20590562/,博多,ＪＲ鹿児島本線,14,1980-05-01,46,20590562
第三住吉ハイツ,2599,福岡県福岡市博多区住吉５,ＪＲ鹿児島本線「博多」徒歩12分,67.2,2LDK,1980年5月,https://suumo.jp//ms/chuko/fukuoka/sc_fukuokashihakata/nc_20491495/,博多,ＪＲ鹿児島本線,12,1980-05-01,46,20491495
第三住吉ハイツ,2599,福岡県福岡市博多区住吉５,ＪＲ鹿児島本線「博多」徒歩13分,67.2,2LDK,1980年5月,https://suumo.jp//ms/chuko/fukuoka/sc_fukuokashihakata/nc_20599370/,博多,ＪＲ鹿児島本線,13,1980-05-01,46,20599370
第三住吉ハイツ,2599,福岡県福岡市博多区住吉５,地下鉄空港線「博多」徒歩13分,67.2,2LDK,1980年5月,https://suumo.jp//ms/chuko/fukuoka/sc_fukuokashihakata/nc_20636529/,博多,地下鉄空港線,13,1980-05-01,46,20636529
第三住吉ハイツ,2599,福岡県福岡市博多区住吉５-10-7,地下鉄七隈線「博多」徒歩15分,67.2,2LDK,1980年5月,https://suumo.jp//ms/chuko/fukuoka/sc_fukuokashihakata/nc_20418728/,博多,地下鉄七隈線,15,1980-05-01,46,20418728
第三住吉ハイツ,2599,福岡県福岡市博多区住吉５-10-7,地下鉄七隈線「博多」徒歩15分,67.2,2LDK,1980年5月,https://suumo.jp//ms/chuko/fukuoka/sc_fukuokashihakata/nc_20470485/,博多,地下鉄七隈線,15,1980-05-01,46,20470485
第三住吉ハイツ,2599,福岡県福岡市博多区住吉５-10-7,ＪＲ篠栗線「博多」徒歩13分,67.2,2LDK,1980年5月,https://suumo.jp//ms/chuko/fukuoka/sc_fukuokashihakata/nc_20469945/,博多,ＪＲ篠栗線,13,1980-05-01,46,20469945
第3住吉ハイツ702号室,2599,福岡県福岡市博多区住吉５,ＪＲ鹿児島本線「博多」徒歩13分,67.2,2LDK,1980年5月,https://suumo.jp//ms/chuko/fukuoka/sc_fukuokashihakata/nc_20583258/,博多,ＪＲ鹿児島本線,13,1980-05-01,46,20583258
第三住吉ハイツ,2599,福岡県福岡市博多区住吉５-10-7,ＪＲ鹿児島本線「博多」徒歩14分,67.2,2LDK,1980年5月,https://suumo.jp//ms/chuko/fukuoka/sc_fukuokashihakata/nc_20629461/,博多,ＪＲ鹿児島本線,14,1980-05-01,46,20629461
GSハイム博多,2612,福岡県福岡市博多区博多駅東２-13-21,地下鉄空港線「東比恵」徒歩5分,66.15,4DK,1980年10月,https://suumo.jp//ms/chuko/fukuoka/sc_fukuokashihakata/nc_20428536/,東比恵,地下鉄空港線,5,1980-10-01,46,20428536
ゾンネンハイム大手門,2622,福岡県福岡市中央区大手門２-5,地下鉄空港線「大濠公園」徒歩9分,66.0,1LDK,1973年8月,https://suumo.jp//ms/chuko/fukuoka/sc_fukuokashichuo/nc_20761464/,大濠公園,地下鉄空港線,9,1973-08-01,53,20761464
GSハイム博多,2622,福岡県福岡市博多区博多駅東２,地下鉄空港線「東比恵」徒歩7分,66.15,4DK,1980年10月,https://suumo.jp//ms/chuko/fukuoka/sc_fukuokashihakata/nc_20337474/,東比恵,地下鉄空港線,7,1980-10-01,46,20337474
シティマンション平尾Ⅱ,2633,福岡県福岡市中央区平尾２,西鉄天神大牟田線「薬院」徒歩10分,58.24,3LDK,1985年7月,https://suumo.jp//ms/chuko/fukuoka/sc_fukuokashichuo/nc_78947683/,薬院,西鉄天神大牟田線,10,1985-07-01,41,78947683
シティマンション平尾Ⅱ,2638,福岡県福岡市中央区平尾２-2-21,地下鉄七隈線「薬院」徒歩11分,58.24,3LDK,1985年7月,https://suumo.jp//ms/chuko/fukuoka/sc_fukuokashichuo/nc_20708446/,薬院,地下鉄七隈線,11,1985-07-01,41,20708446
シティマンション平尾Ⅱ,2648,福岡県福岡市中央区平尾２-2-21,地下鉄七隈線「薬院」徒歩11分,58.24,3LDK,1985年7月,https://suumo.jp//ms/chuko/fukuoka/sc_fukuokashichuo/nc_20637907/,薬院,地下鉄七隈線,11,1985-07-01,41,20637907
コープ野村博多東,2680,福岡県福岡市博多区比恵町4-27,地下鉄空港線「東比恵」徒歩5分,69.36,2LDK,1980年3月,https://suumo.jp//ms/chuko/fukuoka/sc_fukuokashihakata/nc_77951272/,東比恵,地下鉄空港線,5,1980-03-01,46,77951272
マンションアベニュー,2680,福岡県福岡市早良区西新５,地下鉄空港線「西新」徒歩4分,44.57,1LDK,1974年8月,https://suumo.jp//ms/chuko/fukuoka/sc_fukuokashisawara/nc_77357198/,西新,地下鉄空港線,4,1974-08-01,52,77357198
アーバンパレス空港前,2680,福岡県福岡市博多区青木１,地下鉄空港線「福岡空港」徒歩8分,71.01,3LDK,1996年8月,https://suumo.jp//ms/chuko/fukuoka/sc_fukuokashihakata/nc_20731830/,福岡空港,地下鉄空港線,8,1996-08-01,30,20731830
ビレッタ百道,2680,福岡県福岡市早良区百道１,地下鉄空港線「藤崎」徒歩11分,55.39,2LDK,1975年4月,https://suumo.jp//ms/chuko/fukuoka/sc_fukuokashisawara/nc_79060704/,藤崎,地下鉄空港線,11,1975-04-01,51,79060704
ハイライフ平尾,2690,福岡県福岡市中央区平尾４-7-17,地下鉄七隈線「薬院大通」徒歩14分,57.13,1LDK,1977年9月,https://suumo.jp//ms/chuko/fukuoka/sc_fukuokashichuo/nc_77821582/,薬院大通,地下鉄七隈線,14,1977-09-01,49,77821582
藤和城西コーポ,2699,福岡県福岡市城南区別府４-13-29,地下鉄七隈線「別府」徒歩8分,84.5,3LDK,1974年7月,https://suumo.jp//ms/chuko/fukuoka/sc_fukuokashijonan/nc_20879495/,別府,地下鉄七隈線,8,1974-07-01,52,20879495
藤和城西コーポ,2699,福岡県福岡市城南区別府４,地下鉄七隈線「別府」徒歩10分,84.5,3LDK,1974年7月,https://suumo.jp//ms/chuko/fukuoka/sc_fukuokashijonan/nc_20723458/,別府,地下鉄七隈線,10,1974-07-01,52,20723458
藤和城西コーポ,2699,福岡県福岡市城南区別府４,地下鉄七隈線「別府」徒歩7分,84.5,3LDK,1974年7月,https://suumo.jp//ms/chuko/fukuoka/sc_fukuokashijonan/nc_20822556/,別府,地下鉄七隈線,7,1974-07-01,52,20822556
藤和城西コーポ,2699,福岡県福岡市城南区別府４-13-29,地下鉄七隈線「別府」徒歩7分,84.5,3LDK,1974年7月,https://suumo.jp//ms/chuko/fukuoka/sc_fukuokashijonan/nc_20766289/,別府,地下鉄七隈線,7,1974-07-01,52,20766289
藤和城西コーポ,2699,福岡県福岡市城南区別府４,地下鉄七隈線「別府」徒歩7分,84.5,3LDK,1974年7月,https://suumo.jp//ms/chuko/fukuoka/sc_fukuokashijonan/nc_20857704/,別府,地下鉄七隈線,7,1974-07-01,52,20857704
藤和城西コーポ,2699,福岡県福岡市城南区別府４-13-29,地下鉄七隈線「別府」徒歩7分,84.5,3LDK,1974年7月,https://suumo.jp//ms/chuko/fukuoka/sc_fukuokashijonan/nc_20905559/,別府,地下鉄七隈線,7,1974-07-01,52,20905559
藤和城西コーポ,2699,福岡県福岡市城南区別府４,地下鉄七隈線「別府」徒歩7分,84.5,3LDK,1974年7月,https://suumo.jp//ms/chuko/fukuoka/sc_fukuokashijonan/nc_20815598/,別府,地下鉄七隈線,7,1974-07-01,52,20815598
藤和城西コーポ301号室,2699,福岡県福岡市城南区別府４,地下鉄七隈線「別府」徒歩7分,84.5,3LDK,1974年7月,https://suumo.jp//ms/chuko/fukuoka/sc_fukuokashijonan/nc_20801900/,別府,地下鉄七隈線,7,1974-07-01,52,20801900
藤和城西コーポ,2699,福岡県福岡市城南区別府４-13-29,地下鉄七隈線「別府」徒歩9分,84.5,3LDK,1974年7月,https://suumo.jp//ms/chuko/fukuoka/sc_fukuokashijonan/nc_20821563/,別府,地下鉄七隈線,9,1974-07-01,52,20821563
藤和城西コーポ,2699,福岡県福岡市城南区別府４-13-29,地下鉄七隈線「別府」徒歩7分,84.5,3LDK,1974年7月,https://suumo.jp//ms/chuko/fukuoka/sc_fukuokashijonan/nc_20863641/,別府,地下鉄七隈線,7,1974-07-01,52,20863641
藤和城西コーポ,2699,福岡県福岡市城南区別府４,地下鉄七隈線「別府」徒歩10分,84.5,3LDK,1974年7月,https://suumo.jp//ms/chuko/fukuoka/sc_fukuokashijonan/nc_20910421/,別府,地下鉄七隈線,10,1974-07-01,52,20910421
薬院パークホームズ,2700,福岡県福岡市中央区薬院２-11-28,地下鉄七隈線「薬院大通」徒歩7分,82.59,4LDK,1981年4月,https://suumo.jp//ms/chuko/fukuoka/sc_fukuokashichuo/nc_20186273/,薬院大通,地下鉄七隈線,7,1981-04-01,45,20186273
藤和今泉コープ,2720,福岡県福岡市中央区今泉２,地下鉄七隈線「薬院大通」徒歩9分,69.6,3LDK,1979年11月,https://suumo.jp//ms/chuko/fukuoka/sc_fukuokashichuo/nc_20173664/,薬院大通,地下鉄七隈線,9,1979-11-01,47,20173664
藤和今泉コープ（居住中）,2725,福岡県福岡市中央区今泉２,地下鉄七隈線「薬院大通」徒歩9分,69.6,3LDK,1979年11月,https://suumo.jp//ms/chuko/fukuoka/sc_fukuokashichuo/nc_20337475/,薬院大通,地下鉄七隈線,9,1979-11-01,47,20337475
ヴェルドミール今泉,2750,福岡県福岡市中央区今泉２,地下鉄七隈線「薬院大通」徒歩7分,74.17,1LDK,1980年12月,https://suumo.jp//ms/chuko/fukuoka/sc_fukuokashichuo/nc_20737938/,薬院大通,地下鉄七隈線,7,1980-12-01,46,20737938
東峰マンション西公園,2780,福岡県福岡市中央区荒戸３,地下鉄空港線「大濠公園」徒歩5分,48.59,2LDK,1978年9月,https://suumo.jp//ms/chuko/fukuoka/sc_fukuokashichuo/nc_20689080/,大濠公園,地下鉄空港線,5,1978-09-01,48,20689080
東峰マンション西公園,2780,福岡県福岡市中央区荒戸３-2-5,地下鉄空港線「大濠公園」徒歩6分,48.59,2LDK,1978年9月,https://suumo.jp//ms/chuko/fukuoka/sc_fukuokashichuo/nc_20859670/,大濠公園,地下鉄空港線,6,1978-09-01,48,20859670
シティマンション薬院Ⅱ,2780,福岡県福岡市中央区大宮１,西鉄天神大牟田線「薬院」徒歩5分,48.8,2LDK,1985年5月,https://suumo.jp//ms/chuko/fukuoka/sc_fukuokashichuo/nc_20310563/,薬院,西鉄天神大牟田線,5,1985-05-01,41,20310563
東峰マンション西公園,2780,福岡県福岡市中央区荒戸３,地下鉄空港線「大濠公園」徒歩5分,48.59,2LDK,1978年9月,https://suumo.jp//ms/chuko/fukuoka/sc_fukuokashichuo/nc_20850543/,大濠公園,地下鉄空港線,5,1978-09-01,48,20850543
東峰マンション西公園,2780,福岡県福岡市中央区荒戸３-2-5,地下鉄空港線「大濠公園」徒歩5分,48.59,2LDK,1978年9月,https://suumo.jp//ms/chuko/fukuoka/sc_fukuokashichuo/nc_20865695/,大濠公園,地下鉄空港線,5,1978-09-01,48,20865695
第7プリンスマンション,2785,福岡県福岡市中央区高砂１-15-32,地下鉄七隈線「渡辺通」徒歩10分,74.01,3LDK,1978年12月,https://suumo.jp//ms/chuko/fukuoka/sc_fukuokashichuo/nc_20355646/,渡辺通,地下鉄七隈線,10,1978-12-01,48,20355646
第7プリンスマンション高砂,2785,福岡県福岡市中央区高砂１-15-23,地下鉄七隈線「渡辺通」徒歩9分,77.93,3LDK,1978年12月,https://suumo.jp//ms/chuko/fukuoka/sc_fukuokashichuo/nc_20247925/,渡辺通,地下鉄七隈線,9,1978-12-01,48,20247925
ネオハイツ南公園,2790,福岡県福岡市中央区谷２,地下鉄七隈線「桜坂」徒歩7分,77.9,3LDK,1988年3月,https://suumo.jp//ms/chuko/fukuoka/sc_fukuokashichuo/nc_20782142/,桜坂,地下鉄七隈線,7,1988-03-01,38,20782142
ネオハイツ南公園,2790,福岡県福岡市中央区谷２,地下鉄七隈線「桜坂」徒歩7分,77.9,3LDK,1988年3月,https://suumo.jp//ms/chuko/fukuoka/sc_fukuokashichuo/nc_20753989/,桜坂,地下鉄七隈線,7,1988-03-01,38,20753989
ネオハイツ南公園,2790,福岡県福岡市中央区谷２-2-28,地下鉄七隈線「桜坂」徒歩10分,77.9,3LDK,1988年3月,https://suumo.jp//ms/chuko/fukuoka/sc_fukuokashichuo/nc_20843346/,桜坂,地下鉄七隈線,10,1988-03-01,38,20843346
ネオハイツ南公園,2790,福岡県福岡市中央区谷２,地下鉄七隈線「桜坂」徒歩8分,77.9,3LDK,1988年3月,https://suumo.jp//ms/chuko/fukuoka/sc_fukuokashichuo/nc_20105424/,桜坂,地下鉄七隈線,8,1988-03-01,38,20105424
ネオハイツ南公園,2790,福岡県福岡市中央区谷２,地下鉄七隈線「桜坂」徒歩9分,77.9,3LDK,1988年3月,https://suumo.jp//ms/chuko/fukuoka/sc_fukuokashichuo/nc_20734810/,桜坂,地下鉄七隈線,9,1988-03-01,38,20734810
ネオハイツ南公園,2790,福岡県福岡市中央区谷２-2-28,地下鉄七隈線「桜坂」徒歩9分,77.9,3LDK,1988年3月,https://suumo.jp//ms/chuko/fukuoka/sc_fukuokashichuo/nc_20733029/,桜坂,地下鉄七隈線,9,1988-03-01,38,20733029
ネオハイツ南公園,2790,福岡県福岡市中央区谷２-２－２８,地下鉄七隈線「桜坂」徒歩7分,77.9,3LDK,1988年3月,https://suumo.jp//ms/chuko/fukuoka/sc_fukuokashichuo/nc_20839215/,桜坂,地下鉄七隈線,7,1988-03-01,38,20839215
ネオハイツ南公園,2790,福岡県福岡市中央区谷２-2-28,地下鉄七隈線「桜坂」徒歩7分,77.9,3LDK,1988年3月,https://suumo.jp//ms/chuko/fukuoka/sc_fukuokashichuo/nc_20753490/,桜坂,地下鉄七隈線,7,1988-03-01,38,20753490
ネオハイツ南公園,2790,福岡県福岡市中央区谷２,地下鉄七隈線「桜坂」徒歩12分,77.9,3LDK,1988年3月,https://suumo.jp//ms/chuko/fukuoka/sc_fukuokashichuo/nc_20726680/,桜坂,地下鉄七隈線,12,1988-03-01,38,20726680
ユーハイム大濠西,2798,福岡県福岡市中央区黒門,地下鉄空港線「唐人町」徒歩3分,48.09,1LDK,1985年8月,https://suumo.jp//ms/chuko/fukuoka/sc_fukuokashichuo/nc_20708458/,唐人町,地下鉄空港線,3,1985-08-01,41,20708458
ニューライフ天神,2800,福岡県福岡市中央区天神４,地下鉄空港線「天神」徒歩8分,53.85,2LDK,1983年9月,https://suumo.jp//ms/chuko/fukuoka/sc_fukuokashichuo/nc_20718770/,天神,地下鉄空港線,8,1983-09-01,43,20718770
大名サンハイツ,2820,福岡県福岡市中央区大名１,地下鉄空港線「赤坂」徒歩5分,62.32,3LDK,1981年8月,https://suumo.jp//ms/chuko/fukuoka/sc_fukuokashichuo/nc_20372624/,赤坂,地下鉄空港線,5,1981-08-01,45,20372624
大名サンハイツ,2820,福岡県福岡市中央区大名１-11-5,地下鉄空港線「赤坂」徒歩6分,62.32,3LDK,1981年8月,https://suumo.jp//ms/chuko/fukuoka/sc_fukuokashichuo/nc_20370839/,赤坂,地下鉄空港線,6,1981-08-01,45,20370839
大名サンハイツ,2820,福岡県福岡市中央区大名１-11-5,地下鉄空港線「赤坂」徒歩6分,62.32,3LDK,1981年8月,https://suumo.jp//ms/chuko/fukuoka/sc_fukuokashichuo/nc_20733026/,赤坂,地下鉄空港線,6,1981-08-01,45,20733026
駅徒歩約4分♪ シティマンション薬院Ⅱ　【担当：大石…,2880,福岡県福岡市中央区大宮１,西鉄天神大牟田線「薬院」徒歩4分,48.8,2LDK,1985年5月,https://suumo.jp//ms/chuko/fukuoka/sc_fukuokashichuo/nc_20680872/,薬院,西鉄天神大牟田線,4,1985-05-01,41,20680872
サンシャイン別府,2880,福岡県福岡市城南区別府４,地下鉄七隈線「別府」徒歩5分,85.62,4LDK,1979年10月,https://suumo.jp//ms/chuko/fukuoka/sc_fukuokashijonan/nc_20174895/,別府,地下鉄七隈線,5,1979-10-01,47,20174895
サンシャイン別府,2880,福岡県福岡市城南区別府４,地下鉄七隈線「別府」徒歩8分,85.62,4LDK,1979年10月,https://suumo.jp//ms/chuko/fukuoka/sc_fukuokashijonan/nc_20636973/,別府,地下鉄七隈線,8,1979-10-01,47,20636973
ふよう港ハイツ,2890,福岡県福岡市博多区築港本町2-3,地下鉄空港線「中洲川端」徒歩15分,69.43,3LDK,1982年4月,https://suumo.jp//ms/chuko/fukuoka/sc_fukuokashihakata/nc_20913735/,中洲川端,地下鉄空港線,15,1982-04-01,44,20913735
ふよう港ハイツ,2890,福岡県福岡市博多区築港本町,地下鉄空港線「中洲川端」徒歩14分,69.43,3LDK,1982年4月,https://suumo.jp//ms/chuko/fukuoka/sc_fukuokashihakata/nc_20878226/,中洲川端,地下鉄空港線,14,1982-04-01,44,20878226
新川端グレイスマンション,2890,福岡県福岡市博多区上川端町,地下鉄空港線「中洲川端」徒歩2分,66.69,3LDK,1972年10月,https://suumo.jp//ms/chuko/fukuoka/sc_fukuokashihakata/nc_20698081/,中洲川端,地下鉄空港線,2,1972-10-01,54,20698081
ダイナコート六本松,2899,福岡県福岡市中央区谷１,地下鉄七隈線「桜坂」徒歩6分,59.9,2LDK,1987年3月,https://suumo.jp//ms/chuko/fukuoka/sc_fukuokashichuo/nc_20460207/,桜坂,地下鉄七隈線,6,1987-03-01,39,20460207
グランフォーレラグゼ博多駅南,2899,福岡県福岡市博多区博多駅南４,地下鉄空港線「東比恵」徒歩15分,33.41,1LDK,2016年7月,https://suumo.jp//ms/chuko/fukuoka/sc_fukuokashihakata/nc_20152980/,東比恵,地下鉄空港線,15,2016-07-01,10,20152980
ダイアパレス平尾Ⅱ,2930,福岡県福岡市中央区大宮２,西鉄天神大牟田線「薬院」徒歩11分,55.62,1LDK+S（納戸）,1983年3月,https://suumo.jp//ms/chuko/fukuoka/sc_fukuokashichuo/nc_20635589/,薬院,西鉄天神大牟田線,11,1983-03-01,43,20635589
トーカンマンション大濠公園駅前,2980,福岡県福岡市中央区大手門３,地下鉄空港線「大濠公園」徒歩3分,63.68,2LDK,1981年10月,https://suumo.jp//ms/chuko/fukuoka/sc_fukuokashichuo/nc_20609010/,大濠公園,地下鉄空港線,3,1981-10-01,45,20609010
東洋マンション大名,2980,福岡県福岡市中央区大名２,地下鉄空港線「赤坂」徒歩5分,65.7,3LDK,1979年6月,https://suumo.jp//ms/chuko/fukuoka/sc_fukuokashichuo/nc_20382600/,赤坂,地下鉄空港線,5,1979-06-01,47,20382600
ライオンズマンション西新,2980,福岡県福岡市早良区西新７,地下鉄空港線「藤崎」徒歩4分,66.36,2LDK,1982年2月,https://suumo.jp//ms/chuko/fukuoka/sc_fukuokashisawara/nc_77788575/,藤崎,地下鉄空港線,4,1982-02-01,44,77788575
ライオンズマンション西新,2980,福岡県福岡市早良区西新７,地下鉄空港線「藤崎」徒歩5分,66.36,2LDK,1982年2月,https://suumo.jp//ms/chuko/fukuoka/sc_fukuokashisawara/nc_20435512/,藤崎,地下鉄空港線,5,1982-02-01,44,20435512
ダイアパレス大名第２,2980,福岡県福岡市中央区大名１-8-32,地下鉄空港線「赤坂」徒歩5分,63.0,1LDK,1986年2月,https://suumo.jp//ms/chuko/fukuoka/sc_fukuokashichuo/nc_77534876/,赤坂,地下鉄空港線,5,1986-02-01,40,77534876
ヴェルドミール今泉,2990,福岡県福岡市中央区今泉２,地下鉄七隈線「薬院大通」徒歩7分,74.17,2LDK+S（納戸）,1980年12月,https://suumo.jp//ms/chuko/fukuoka/sc_fukuokashichuo/nc_20641325/,薬院大通,地下鉄七隈線,7,1980-12-01,46,20641325
グリーンハイツ赤坂,2998,福岡県福岡市中央区赤坂２-６番２３号,地下鉄七隈線「六本松」徒歩11分,72.57,2LDK,1974年10月,https://suumo.jp//ms/chuko/fukuoka/sc_fukuokashichuo/nc_20098723/,六本松,地下鉄七隈線,11,1974-10-01,52,20098723
ロマネスク大濠アネックス,2999,福岡県福岡市中央区鳥飼２,地下鉄空港線「唐人町」徒歩12分,59.65,2LDK,1987年5月,https://suumo.jp//ms/chuko/fukuoka/sc_fukuokashichuo/nc_78856431/,唐人町,地下鉄空港線,12,1987-05-01,39,78856431
ロマネスク大濠アネツクス,2999,福岡県福岡市中央区鳥飼２,地下鉄空港線「唐人町」徒歩12分,59.65,2LDK,1987年5月,https://suumo.jp//ms/chuko/fukuoka/sc_fukuokashichuo/nc_78922034/,唐人町,地下鉄空港線,12,1987-05-01,39,78922034
ロマネスク大濠アネックス,2999,福岡県福岡市中央区鳥飼２,地下鉄空港線「唐人町」徒歩14分,59.65,2LDK,1987年5月,https://suumo.jp//ms/chuko/fukuoka/sc_fukuokashichuo/nc_20407791/,唐人町,地下鉄空港線,14,1987-05-01,39,20407791
ロマネスク大濠アネックス,2999,福岡県福岡市中央区鳥飼２-6-15,地下鉄空港線「唐人町」徒歩13分,59.65,2LDK,1987年3月,https://suumo.jp//ms/chuko/fukuoka/sc_fukuokashichuo/nc_20532590/,唐人町,地下鉄空港線,13,1987-03-01,39,20532590
藤和別府コープ,2999,福岡県福岡市城南区別府５-2-5,地下鉄七隈線「別府」徒歩5分,62.16,3LDK,1983年5月,https://suumo.jp//ms/chuko/fukuoka/sc_fukuokashijonan/nc_78888074/,別府,地下鉄七隈線,5,1983-05-01,43,78888074
ロマネスク大濠アネックス,2999,福岡県福岡市中央区鳥飼２,地下鉄空港線「唐人町」徒歩11分,59.65,2LDK,1987年5月,https://suumo.jp//ms/chuko/fukuoka/sc_fukuokashichuo/nc_78653655/,唐人町,地下鉄空港線,11,1987-05-01,39,78653655
ロマネスク大濠アネックス,2999,福岡県福岡市中央区鳥飼２,地下鉄空港線「唐人町」徒歩13分,59.65,2LDK,1987年5月,https://suumo.jp//ms/chuko/fukuoka/sc_fukuokashichuo/nc_78325037/,唐人町,地下鉄空港線,13,1987-05-01,39,78325037
ロマネスク大濠アネックス,2999,福岡県福岡市中央区鳥飼２,地下鉄空港線「唐人町」徒歩13分,59.65,2LDK,1987年5月,https://suumo.jp//ms/chuko/fukuoka/sc_fukuokashichuo/nc_20917049/,唐人町,地下鉄空港線,13,1987-05-01,39,20917049
ダイアパレス平尾２,3050,福岡県福岡市中央区大宮２,西鉄天神大牟田線「薬院」徒歩11分,64.1,2LDK,1983年3月,https://suumo.jp//ms/chuko/fukuoka/sc_fukuokashichuo/nc_20225032/,薬院,西鉄天神大牟田線,11,1983-03-01,43,20225032
ダイアパレス平尾Ⅱ,3050,福岡県福岡市中央区大宮２-4-23,地下鉄七隈線「薬院」徒歩12分,64.1,2LDK,1983年3月,https://suumo.jp//ms/chuko/fukuoka/sc_fukuokashichuo/nc_78985820/,薬院,地下鉄七隈線,12,1983-03-01,43,78985820
ライオンズマンション大名,3072,福岡県福岡市中央区大名１-2-20,地下鉄空港線「赤坂」徒歩9分,56.72,3DK,1982年4月,https://suumo.jp//ms/chuko/fukuoka/sc_fukuokashichuo/nc_20660782/,赤坂,地下鉄空港線,9,1982-04-01,44,20660782
ダイアパレス平尾２,3080,福岡県福岡市中央区大宮２,西鉄天神大牟田線「薬院」徒歩10分,64.1,2LDK,1983年3月,https://suumo.jp//ms/chuko/fukuoka/sc_fukuokashichuo/nc_20359832/,薬院,西鉄天神大牟田線,10,1983-03-01,43,20359832
博多駅前ビル,3080,福岡県福岡市博多区博多駅前１,地下鉄七隈線「博多」徒歩5分,74.7,2LDK,1974年3月,https://suumo.jp//ms/chuko/fukuoka/sc_fukuokashihakata/nc_78977946/,博多,地下鉄七隈線,5,1974-03-01,52,78977946
ライオンズマンション大名（賃貸中）,3082,福岡県福岡市中央区大名１,地下鉄空港線「赤坂」徒歩10分,56.72,3DK,1982年4月,https://suumo.jp//ms/chuko/fukuoka/sc_fukuokashichuo/nc_20410832/,赤坂,地下鉄空港線,10,1982-04-01,44,20410832
ライオンズマンション薬院第3,3090,福岡県福岡市中央区薬院３,西鉄天神大牟田線「薬院」徒歩5分,56.1,2LDK,1980年11月,https://suumo.jp//ms/chuko/fukuoka/sc_fukuokashichuo/nc_20579973/,薬院,西鉄天神大牟田線,5,1980-11-01,46,20579973
シティマンション薬院,3090,福岡県福岡市中央区薬院１-10-16,地下鉄七隈線「薬院大通」徒歩4分,56.22,2LDK,1984年5月,https://suumo.jp//ms/chuko/fukuoka/sc_fukuokashichuo/nc_20532609/,薬院大通,地下鉄七隈線,4,1984-05-01,42,20532609
シティマンション薬院,3090,福岡県福岡市中央区薬院１-10-16,西鉄天神大牟田線「薬院」徒歩6分,56.22,2LDK,1984年5月,https://suumo.jp//ms/chuko/fukuoka/sc_fukuokashichuo/nc_20101766/,薬院,西鉄天神大牟田線,6,1984-05-01,42,20101766
ライオンズマンション薬院第３,3090,福岡県福岡市中央区薬院３-11-16,地下鉄七隈線「薬院大通」徒歩7分,56.1,2LDK,1980年11月,https://suumo.jp//ms/chuko/fukuoka/sc_fukuokashichuo/nc_20771795/,薬院大通,地下鉄七隈線,7,1980-11-01,46,20771795
ライオンズマンション薬院第３,3090,福岡県福岡市中央区薬院３,地下鉄七隈線「薬院大通」徒歩5分,56.1,2LDK,1980年11月,https://suumo.jp//ms/chuko/fukuoka/sc_fukuokashichuo/nc_20820043/,薬院大通,地下鉄七隈線,5,1980-11-01,46,20820043
ライオンズマンション薬院第３,3090,福岡県福岡市中央区薬院３,地下鉄七隈線「薬院大通」徒歩7分,56.1,2LDK,1980年11月,https://suumo.jp//ms/chuko/fukuoka/sc_fukuokashichuo/nc_20803932/,薬院大通,地下鉄七隈線,7,1980-11-01,46,20803932
ライオンズマンション薬院第3,3090,福岡県福岡市中央区薬院３-11-16,地下鉄七隈線「薬院大通」徒歩5分,56.1,2LDK,1980年11月,https://suumo.jp//ms/chuko/fukuoka/sc_fukuokashichuo/nc_20636975/,薬院大通,地下鉄七隈線,5,1980-11-01,46,20636975
ライオンズマンション薬院第３,3090,福岡県福岡市中央区薬院３,地下鉄七隈線「薬院」徒歩6分,56.1,2LDK,1980年11月,https://suumo.jp//ms/chuko/fukuoka/sc_fukuokashichuo/nc_20790469/,薬院,地下鉄七隈線,6,1980-11-01,46,20790469
ライオンズマンション薬院第3,3090,福岡県福岡市中央区薬院３,地下鉄七隈線「薬院大通」徒歩5分,56.1,2LDK,1980年11月,https://suumo.jp//ms/chuko/fukuoka/sc_fukuokashichuo/nc_20702865/,薬院大通,地下鉄七隈線,5,1980-11-01,46,20702865
ライオンズマンション薬院第3,3090,福岡県福岡市中央区薬院３,地下鉄七隈線「薬院大通」徒歩5分,56.1,2LDK,1980年11月,https://suumo.jp//ms/chuko/fukuoka/sc_fukuokashichuo/nc_20585209/,薬院大通,地下鉄七隈線,5,1980-11-01,46,20585209
ライオンズマンション薬院第３,3090,福岡県福岡市中央区薬院３-１１－１６,地下鉄七隈線「薬院大通」徒歩5分,56.1,2LDK,1980年11月,https://suumo.jp//ms/chuko/fukuoka/sc_fukuokashichuo/nc_20838654/,薬院大通,地下鉄七隈線,5,1980-11-01,46,20838654
ライオンズマンション薬院第3,3090,福岡県福岡市中央区薬院３,地下鉄七隈線「薬院大通」徒歩7分,56.1,2LDK,1980年11月,https://suumo.jp//ms/chuko/fukuoka/sc_fukuokashichuo/nc_20586947/,薬院大通,地下鉄七隈線,7,1980-11-01,46,20586947
ライオンズマンション薬院第3,3090,福岡県福岡市中央区薬院３-11-16,地下鉄七隈線「薬院」徒歩5分,56.1,2LDK,1980年11月,https://suumo.jp//ms/chuko/fukuoka/sc_fukuokashichuo/nc_20596247/,薬院,地下鉄七隈線,5,1980-11-01,46,20596247
ロマネスク大濠アネックス,3099,福岡県福岡市中央区鳥飼２-6-15,地下鉄空港線「唐人町」徒歩12分,59.65,2LDK,1987年5月,https://suumo.jp//ms/chuko/fukuoka/sc_fukuokashichuo/nc_20484049/,唐人町,地下鉄空港線,12,1987-05-01,39,20484049
ロマネスク大濠アネックス,3099,福岡県福岡市中央区鳥飼２-6-15,地下鉄空港線「唐人町」徒歩12分,59.65,2LDK,1987年5月,https://suumo.jp//ms/chuko/fukuoka/sc_fukuokashichuo/nc_20572265/,唐人町,地下鉄空港線,12,1987-05-01,39,20572265
ロマネスク大濠アネックス,3099,福岡県福岡市中央区鳥飼２,地下鉄空港線「唐人町」徒歩12分,59.65,2LDK,1987年5月,https://suumo.jp//ms/chuko/fukuoka/sc_fukuokashichuo/nc_20740894/,唐人町,地下鉄空港線,12,1987-05-01,39,20740894
ロマネスク大濠アネックス,3099,福岡県福岡市中央区鳥飼２,地下鉄空港線「唐人町」徒歩14分,59.65,2LDK,1987年5月,https://suumo.jp//ms/chuko/fukuoka/sc_fukuokashichuo/nc_79224953/,唐人町,地下鉄空港線,14,1987-05-01,39,79224953
ロマネスク大濠アネツクス,3099,福岡県福岡市中央区鳥飼２,地下鉄空港線「唐人町」徒歩12分,59.65,2LDK,1987年5月,https://suumo.jp//ms/chuko/fukuoka/sc_fukuokashichuo/nc_78691499/,唐人町,地下鉄空港線,12,1987-05-01,39,78691499
ロマネスク大濠アネツクス,3099,福岡県福岡市中央区鳥飼２,地下鉄空港線「唐人町」徒歩14分,59.65,2LDK,1987年5月,https://suumo.jp//ms/chuko/fukuoka/sc_fukuokashichuo/nc_20845992/,唐人町,地下鉄空港線,14,1987-05-01,39,20845992
ロマネスク大濠アネックス,3099,福岡県福岡市中央区鳥飼２-6-15,地下鉄空港線「唐人町」徒歩11分,59.65,2LDK,1987年5月,https://suumo.jp//ms/chuko/fukuoka/sc_fukuokashichuo/nc_78536383/,唐人町,地下鉄空港線,11,1987-05-01,39,78536383
ライオンズマンション天神,3100,福岡県福岡市中央区舞鶴１,地下鉄空港線「赤坂」徒歩5分,54.09,2LDK,1979年7月,https://suumo.jp//ms/chuko/fukuoka/sc_fukuokashichuo/nc_20751183/,赤坂,地下鉄空港線,5,1979-07-01,47,20751183
秀和警固レジデンス,3120,福岡県福岡市中央区警固２,地下鉄空港線「赤坂」徒歩7分,69.43,2LDK+S（納戸）,1974年7月,https://suumo.jp//ms/chuko/fukuoka/sc_fukuokashichuo/nc_20360375/,赤坂,地下鉄空港線,7,1974-07-01,52,20360375
秀和警固レジデンス,3120,福岡県福岡市中央区警固２,地下鉄空港線「赤坂」徒歩8分,69.43,2LDK+S（納戸）,1974年7月,https://suumo.jp//ms/chuko/fukuoka/sc_fukuokashichuo/nc_79215971/,赤坂,地下鉄空港線,8,1974-07-01,52,79215971
秀和警固レジデンス,3120,福岡県福岡市中央区警固２,地下鉄空港線「赤坂」徒歩8分,69.43,2LDK+S（納戸）,1974年7月,https://suumo.jp//ms/chuko/fukuoka/sc_fukuokashichuo/nc_20843500/,赤坂,地下鉄空港線,8,1974-07-01,52,20843500
ハイツ大手門,3180,福岡県福岡市中央区大手門２,地下鉄空港線「大濠公園」徒歩5分,67.63,3LDK,1982年5月,https://suumo.jp//ms/chuko/fukuoka/sc_fukuokashichuo/nc_20605983/,大濠公園,地下鉄空港線,5,1982-05-01,44,20605983
朝日プラザ天神,3180,福岡県福岡市中央区舞鶴１,地下鉄空港線「天神」徒歩4分,43.65,ワンルーム,1986年5月,https://suumo.jp//ms/chuko/fukuoka/sc_fukuokashichuo/nc_76206976/,天神,地下鉄空港線,4,1986-05-01,40,76206976
チサンマンション祇園,3180,福岡県福岡市博多区祇園町,地下鉄空港線「祇園」徒歩4分,52.98,2LDK,1980年10月,https://suumo.jp//ms/chuko/fukuoka/sc_fukuokashihakata/nc_20372579/,祇園,地下鉄空港線,4,1980-10-01,46,20372579
秀和警固レジデンス,3180,福岡県福岡市中央区警固２,地下鉄空港線「赤坂」徒歩7分,69.43,2LDK,1974年7月,https://suumo.jp//ms/chuko/fukuoka/sc_fukuokashichuo/nc_79065757/,赤坂,地下鉄空港線,7,1974-07-01,52,79065757
ライオンズマンション薬院第５,3180,福岡県福岡市中央区薬院２,地下鉄七隈線「薬院大通」徒歩3分,65.31,2LDK,1982年7月,https://suumo.jp//ms/chuko/fukuoka/sc_fukuokashichuo/nc_78355670/,薬院大通,地下鉄七隈線,3,1982-07-01,44,78355670
ダイアパレス輝国,3190,福岡県福岡市中央区輝国２,地下鉄七隈線「六本松」徒歩10分,90.2,3LDK,1981年3月,https://suumo.jp//ms/chuko/fukuoka/sc_fukuokashichuo/nc_20698154/,六本松,地下鉄七隈線,10,1981-03-01,45,20698154
警固ハウス,3190,福岡県福岡市中央区警固１,地下鉄七隈線「薬院大通」徒歩8分,66.0,3LDK,1980年3月,https://suumo.jp//ms/chuko/fukuoka/sc_fukuokashichuo/nc_20896321/,薬院大通,地下鉄七隈線,8,1980-03-01,46,20896321
エバーライフ住吉,3190,福岡県福岡市博多区住吉４-4-21,地下鉄七隈線「渡辺通」徒歩14分,52.48,2LDK+S（納戸）,1985年9月,https://suumo.jp//ms/chuko/fukuoka/sc_fukuokashihakata/nc_20753447/,渡辺通,地下鉄七隈線,14,1985-09-01,41,20753447
警固ハウス,3190,福岡県福岡市中央区警固１,地下鉄七隈線「薬院大通」徒歩8分,66.0,3LDK,1980年3月,https://suumo.jp//ms/chuko/fukuoka/sc_fukuokashichuo/nc_20889105/,薬院大通,地下鉄七隈線,8,1980-03-01,46,20889105
警固ハウス,3190,福岡県福岡市中央区警固１-15-15,地下鉄七隈線「薬院大通」徒歩10分,66.0,3LDK,1980年3月,https://suumo.jp//ms/chuko/fukuoka/sc_fukuokashichuo/nc_20863666/,薬院大通,地下鉄七隈線,10,1980-03-01,46,20863666
警固ハウス,3190,福岡県福岡市中央区警固１-15-15,地下鉄七隈線「薬院大通」徒歩9分,66.0,3LDK,1980年3月,https://suumo.jp//ms/chuko/fukuoka/sc_fukuokashichuo/nc_20434666/,薬院大通,地下鉄七隈線,9,1980-03-01,46,20434666
警固ハウス,3190,福岡県福岡市中央区警固１,地下鉄七隈線「薬院大通」徒歩10分,66.0,3LDK,1980年3月,https://suumo.jp//ms/chuko/fukuoka/sc_fukuokashichuo/nc_20828263/,薬院大通,地下鉄七隈線,10,1980-03-01,46,20828263
警固ハウス,3190,福岡県福岡市中央区警固１,地下鉄空港線「赤坂」徒歩10分,66.0,3LDK,1980年3月,https://suumo.jp//ms/chuko/fukuoka/sc_fukuokashichuo/nc_20863593/,赤坂,地下鉄空港線,10,1980-03-01,46,20863593
警固ハウス,3190,福岡県福岡市中央区警固１,地下鉄七隈線「薬院大通」徒歩9分,66.0,3LDK,1980年3月,https://suumo.jp//ms/chuko/fukuoka/sc_fukuokashichuo/nc_20869192/,薬院大通,地下鉄七隈線,9,1980-03-01,46,20869192
警固ハウス,3190,福岡県福岡市中央区警固１-15-15,地下鉄七隈線「薬院大通」徒歩8分,66.0,3LDK,1955年3月,https://suumo.jp//ms/chuko/fukuoka/sc_fukuokashichuo/nc_20808256/,薬院大通,地下鉄七隈線,8,1955-03-01,71,20808256
警固ハウス,3190,福岡県福岡市中央区警固１-１５－１５,地下鉄七隈線「薬院大通」徒歩8分,66.0,3LDK,1955年3月,https://suumo.jp//ms/chuko/fukuoka/sc_fukuokashichuo/nc_20829059/,薬院大通,地下鉄七隈線,8,1955-03-01,71,20829059
クリオラベルヴィ呉服町◆☆最上階・ペット可☆◆,3199,福岡県福岡市博多区下呉服町,地下鉄空港線「中洲川端」徒歩12分,34.4,1LDK,2018年1月,https://suumo.jp//ms/chuko/fukuoka/sc_fukuokashihakata/nc_20902172/,中洲川端,地下鉄空港線,12,2018-01-01,8,20902172
クリオ ラベルヴィ呉服町,3199,福岡県福岡市博多区下呉服町,地下鉄空港線「中洲川端」徒歩12分,34.4,1LDK,2018年1月,https://suumo.jp//ms/chuko/fukuoka/sc_fukuokashihakata/nc_79035434/,中洲川端,地下鉄空港線,12,2018-01-01,8,79035434
クリオラベルヴィ呉服町,3199,福岡県福岡市博多区下呉服町3,地下鉄箱崎線「中洲川端」徒歩12分,34.4,1LDK,2018年1月,https://suumo.jp//ms/chuko/fukuoka/sc_fukuokashihakata/nc_20127337/,中洲川端,地下鉄箱崎線,12,2018-01-01,8,20127337
クリオラベルヴィ呉服町,3199,福岡県福岡市博多区下呉服町3-19,地下鉄空港線「中洲川端」徒歩13分,34.4,1LDK,2018年3月,https://suumo.jp//ms/chuko/fukuoka/sc_fukuokashihakata/nc_20582553/,中洲川端,地下鉄空港線,13,2018-03-01,8,20582553
クリオラベルヴィ呉服町,3199,福岡県福岡市博多区下呉服町3-19,地下鉄空港線「中洲川端」徒歩13分,34.4,1LDK,2018年1月,https://suumo.jp//ms/chuko/fukuoka/sc_fukuokashihakata/nc_79177374/,中洲川端,地下鉄空港線,13,2018-01-01,8,79177374
クリオラベルヴィ呉服町,3199,福岡県福岡市博多区下呉服町,地下鉄空港線「中洲川端」徒歩10分,34.4,1LDK,2018年1月,https://suumo.jp//ms/chuko/fukuoka/sc_fukuokashihakata/nc_79065759/,中洲川端,地下鉄空港線,10,2018-01-01,8,79065759
クリオラベルヴィ呉服町,3199,福岡県福岡市博多区下呉服町,地下鉄空港線「中洲川端」徒歩12分,34.4,1LDK,2018年1月,https://suumo.jp//ms/chuko/fukuoka/sc_fukuokashihakata/nc_20109674/,中洲川端,地下鉄空港線,12,2018-01-01,8,20109674
グランフォーレラグゼ平尾,3199,福岡県福岡市南区市崎１-17-25,地下鉄七隈線「薬院大通」徒歩15分,30.18,1LDK,2011年6月,https://suumo.jp//ms/chuko/fukuoka/sc_fukuokashiminami/nc_20801795/,薬院大通,地下鉄七隈線,15,2011-06-01,15,20801795
オープンレジデンシア大濠西,3220,福岡県福岡市中央区今川２,地下鉄空港線「唐人町」徒歩8分,34.31,1LDK,2024年9月,https://suumo.jp//ms/chuko/fukuoka/sc_fukuokashichuo/nc_76105420/,唐人町,地下鉄空港線,8,2024-09-01,2,76105420
オープンレジデンシア渡辺通,3240,福岡県福岡市中央区清川１,地下鉄七隈線「渡辺通」徒歩6分,34.25,1LDK,2021年8月,https://suumo.jp//ms/chuko/fukuoka/sc_fukuokashichuo/nc_20568679/,渡辺通,地下鉄七隈線,6,2021-08-01,5,20568679
朝日プラザ浄水,3250,福岡県福岡市中央区薬院４,地下鉄七隈線「薬院大通」徒歩5分,72.16,4LDK,1981年4月,https://suumo.jp//ms/chuko/fukuoka/sc_fukuokashichuo/nc_79141005/,薬院大通,地下鉄七隈線,5,1981-04-01,45,79141005
オープンレジデンシア室見,3250,福岡県福岡市西区愛宕２,地下鉄空港線「藤崎」徒歩15分,33.64,1LDK,2025年12月,https://suumo.jp//ms/chuko/fukuoka/sc_fukuokashinishi/nc_79124599/,藤崎,地下鉄空港線,15,2025-12-01,1,79124599
アンピール百年橋,3280,福岡県福岡市中央区清川３,地下鉄七隈線「渡辺通」徒歩15分,65.12,2LDK,1995年8月,https://suumo.jp//ms/chuko/fukuoka/sc_fukuokashichuo/nc_78896616/,渡辺通,地下鉄七隈線,15,1995-08-01,31,78896616
平尾ハウス,3280,福岡県福岡市中央区平尾１,西鉄天神大牟田線「薬院」徒歩7分,79.05,2LDK,1980年4月,https://suumo.jp//ms/chuko/fukuoka/sc_fukuokashichuo/nc_20450630/,薬院,西鉄天神大牟田線,7,1980-04-01,46,20450630
デュオヴェール平尾,3290,福岡県福岡市中央区平尾２,地下鉄七隈線「薬院」徒歩14分,34.1,1LDK,2023年2月,https://suumo.jp//ms/chuko/fukuoka/sc_fukuokashichuo/nc_78585340/,薬院,地下鉄七隈線,14,2023-02-01,3,78585340
ロイヤルマンション別府六,3290,福岡県福岡市城南区別府６,地下鉄七隈線「別府」徒歩6分,82.27,3LDK,1994年11月,https://suumo.jp//ms/chuko/fukuoka/sc_fukuokashijonan/nc_20241317/,別府,地下鉄七隈線,6,1994-11-01,32,20241317
ライオンズマンション舞鶴第2,3290,福岡県福岡市中央区舞鶴３,地下鉄空港線「赤坂」徒歩6分,52.72,2DK+S（納戸）,1982年9月,https://suumo.jp//ms/chuko/fukuoka/sc_fukuokashichuo/nc_20591721/,赤坂,地下鉄空港線,6,1982-09-01,44,20591721
アンピール天神南,3299,福岡県福岡市中央区今泉１,西鉄天神大牟田線「薬院」徒歩6分,52.8,2LDK,1986年8月,https://suumo.jp//ms/chuko/fukuoka/sc_fukuokashichuo/nc_20632329/,薬院,西鉄天神大牟田線,6,1986-08-01,40,20632329
クリオラベルヴィ赤坂,3300,福岡県福岡市中央区大手門２,地下鉄空港線「赤坂」徒歩7分,33.46,1LDK,2021年1月,https://suumo.jp//ms/chuko/fukuoka/sc_fukuokashichuo/nc_78628573/,赤坂,地下鉄空港線,7,2021-01-01,5,78628573
コープ野村博多東,3380,福岡県福岡市博多区比恵町,地下鉄空港線「東比恵」徒歩5分,98.41,3LDK,1980年3月,https://suumo.jp//ms/chuko/fukuoka/sc_fukuokashihakata/nc_79004709/,東比恵,地下鉄空港線,5,1980-03-01,46,79004709
オープンレジデンシア渡辺通南,3380,福岡県福岡市中央区清川２,地下鉄七隈線「渡辺通」徒歩10分,34.3,1LDK,2024年8月,https://suumo.jp//ms/chuko/fukuoka/sc_fukuokashichuo/nc_20674574/,渡辺通,地下鉄七隈線,10,2024-08-01,2,20674574
赤坂エクセル,3450,福岡県福岡市中央区赤坂３-8-26,地下鉄七隈線「桜坂」徒歩13分,79.5,2LDK,1974年3月,https://suumo.jp//ms/chuko/fukuoka/sc_fukuokashichuo/nc_20532601/,桜坂,地下鉄七隈線,13,1974-03-01,52,20532601
オープンレジデンシア西新,3450,福岡県福岡市早良区城西１,地下鉄空港線「西新」徒歩5分,31.65,1LDK,2025年9月,https://suumo.jp//ms/chuko/fukuoka/sc_fukuokashisawara/nc_78668157/,西新,地下鉄空港線,5,2025-09-01,1,78668157
赤坂エクセル,3450,福岡県福岡市中央区赤坂３,地下鉄七隈線「桜坂」徒歩13分,79.5,2LDK,1974年11月,https://suumo.jp//ms/chuko/fukuoka/sc_fukuokashichuo/nc_20010345/,桜坂,地下鉄七隈線,13,1974-11-01,52,20010345
赤坂エクセル,3450,福岡県福岡市中央区赤坂３,地下鉄空港線「赤坂」徒歩13分,79.5,2LDK,1974年11月,https://suumo.jp//ms/chuko/fukuoka/sc_fukuokashichuo/nc_79143193/,赤坂,地下鉄空港線,13,1974-11-01,52,79143193
赤坂エクセル,3450,福岡県福岡市中央区赤坂３,地下鉄七隈線「桜坂」徒歩13分,79.5,2LDK,1974年11月,https://suumo.jp//ms/chuko/fukuoka/sc_fukuokashichuo/nc_20641849/,桜坂,地下鉄七隈線,13,1974-11-01,52,20641849
赤坂エクセル,3450,福岡県福岡市中央区赤坂３,地下鉄空港線「赤坂」徒歩12分,79.5,2LDK,1974年11月,https://suumo.jp//ms/chuko/fukuoka/sc_fukuokashichuo/nc_79104940/,赤坂,地下鉄空港線,12,1974-11-01,52,79104940
赤坂エクセル,3450,福岡県福岡市中央区赤坂３-８－２６,地下鉄空港線「赤坂」徒歩12分,79.5,2LDK,1974年11月,https://suumo.jp//ms/chuko/fukuoka/sc_fukuokashichuo/nc_79201047/,赤坂,地下鉄空港線,12,1974-11-01,52,79201047
赤坂エクセル,3450,福岡県福岡市中央区赤坂３-8-26,地下鉄七隈線「桜坂」徒歩13分,79.5,2LDK,1974年11月,https://suumo.jp//ms/chuko/fukuoka/sc_fukuokashichuo/nc_79089881/,桜坂,地下鉄七隈線,13,1974-11-01,52,79089881
赤坂エクセル,3450,福岡県福岡市中央区赤坂３,地下鉄空港線「赤坂」徒歩12分,79.5,2LDK,1974年11月,https://suumo.jp//ms/chuko/fukuoka/sc_fukuokashichuo/nc_20229053/,赤坂,地下鉄空港線,12,1974-11-01,52,20229053
赤坂エクセル,3450,福岡県福岡市中央区赤坂３,地下鉄空港線「赤坂」徒歩12分,79.5,2LDK,1974年11月,https://suumo.jp//ms/chuko/fukuoka/sc_fukuokashichuo/nc_79139452/,赤坂,地下鉄空港線,12,1974-11-01,52,79139452
アムール山王公園南,3450,福岡県福岡市博多区半道橋１,地下鉄空港線「東比恵」徒歩15分,64.89,3LDK,1998年7月,https://suumo.jp//ms/chuko/fukuoka/sc_fukuokashihakata/nc_20642325/,東比恵,地下鉄空港線,15,1998-07-01,28,20642325
赤坂エクセル,3450,福岡県福岡市中央区赤坂３,地下鉄空港線「赤坂」徒歩13分,79.5,2LDK,1974年11月,https://suumo.jp//ms/chuko/fukuoka/sc_fukuokashichuo/nc_79062235/,赤坂,地下鉄空港線,13,1974-11-01,52,79062235
赤坂エクセル,3450,福岡県福岡市中央区赤坂３,地下鉄空港線「赤坂」徒歩12分,79.5,2LDK,1974年11月,https://suumo.jp//ms/chuko/fukuoka/sc_fukuokashichuo/nc_79068778/,赤坂,地下鉄空港線,12,1974-11-01,52,79068778
赤坂エクセル,3450,福岡県福岡市中央区赤坂３-8-26,地下鉄空港線「赤坂」徒歩12分,79.5,2LDK,1974年11月,https://suumo.jp//ms/chuko/fukuoka/sc_fukuokashichuo/nc_20905594/,赤坂,地下鉄空港線,12,1974-11-01,52,20905594
赤坂エクセル,3450,福岡県福岡市中央区赤坂３-8-26,地下鉄空港線「赤坂」徒歩12分,79.5,2LDK,1974年11月,https://suumo.jp//ms/chuko/fukuoka/sc_fukuokashichuo/nc_20612889/,赤坂,地下鉄空港線,12,1974-11-01,52,20612889
赤坂エクセル,3450,福岡県福岡市中央区赤坂３,地下鉄空港線「赤坂」徒歩13分,79.5,2LDK,1974年11月,https://suumo.jp//ms/chuko/fukuoka/sc_fukuokashichuo/nc_79122545/,赤坂,地下鉄空港線,13,1974-11-01,52,79122545
朝日プラザ桜坂,3480,福岡県福岡市中央区桜坂１,地下鉄七隈線「桜坂」徒歩6分,67.26,2LDK,1986年7月,https://suumo.jp//ms/chuko/fukuoka/sc_fukuokashichuo/nc_78517451/,桜坂,地下鉄七隈線,6,1986-07-01,40,78517451
オープンレジデンシア博多空港通り,3480,福岡県福岡市博多区東光２,ＪＲ鹿児島本線「博多」徒歩10分,34.38,1LDK,2024年9月,https://suumo.jp//ms/chuko/fukuoka/sc_fukuokashihakata/nc_20714459/,博多,ＪＲ鹿児島本線,10,2024-09-01,2,20714459
朝日プラザ桜坂,3480,福岡県福岡市中央区谷１,地下鉄七隈線「桜坂」徒歩6分,67.26,2LDK,1986年7月,https://suumo.jp//ms/chuko/fukuoka/sc_fukuokashichuo/nc_20020216/,桜坂,地下鉄七隈線,6,1986-07-01,40,20020216
アクロス六本松リル・グレイス,3480,福岡県福岡市中央区草香江２,地下鉄七隈線「六本松」徒歩6分,33.2,1LDK,2023年4月,https://suumo.jp//ms/chuko/fukuoka/sc_fukuokashichuo/nc_20905823/,六本松,地下鉄七隈線,6,2023-04-01,3,20905823
シャンボール舞鶴,3480,福岡県福岡市中央区舞鶴２,地下鉄空港線「赤坂」徒歩3分,56.7,1LDK+S（納戸）,1979年4月,https://suumo.jp//ms/chuko/fukuoka/sc_fukuokashichuo/nc_79039453/,赤坂,地下鉄空港線,3,1979-04-01,47,79039453
グランフォーレラグゼ博多,3480,福岡県福岡市博多区奈良屋町,地下鉄空港線「中洲川端」徒歩10分,47.02,2LDK,2013年7月,https://suumo.jp//ms/chuko/fukuoka/sc_fukuokashihakata/nc_20884209/,中洲川端,地下鉄空港線,10,2013-07-01,13,20884209
オープンレジデンシア渡辺通南,3480,福岡県福岡市中央区清川２-18-10,地下鉄七隈線「渡辺通」徒歩9分,34.3,1LDK,2024年8月,https://suumo.jp//ms/chuko/fukuoka/sc_fukuokashichuo/nc_20817855/,渡辺通,地下鉄七隈線,9,2024-08-01,2,20817855
サンシャイン別府【ペット飼育可、室内美麗】,3490,福岡県福岡市城南区別府４,地下鉄七隈線「別府」徒歩8分,85.62,2LDK,1979年10月,https://suumo.jp//ms/chuko/fukuoka/sc_fukuokashijonan/nc_20884543/,別府,地下鉄七隈線,8,1979-10-01,47,20884543
東峰マンション渡辺通,3490,福岡県福岡市中央区春吉２,地下鉄七隈線「渡辺通」徒歩5分,49.64,2LDK,1986年2月,https://suumo.jp//ms/chuko/fukuoka/sc_fukuokashichuo/nc_20673473/,渡辺通,地下鉄七隈線,5,1986-02-01,40,20673473
オープンレジデンシア博多空港通り,3490,福岡県福岡市博多区東光２,地下鉄空港線「博多」徒歩11分,34.38,1LDK,2024年7月,https://suumo.jp//ms/chuko/fukuoka/sc_fukuokashihakata/nc_77763961/,博多,地下鉄空港線,11,2024-07-01,2,77763961
オープンレジデンシア博多住吉,3490,福岡県福岡市博多区住吉２-7-1,地下鉄七隈線「櫛田神社前」徒歩8分,31.13,1LDK,2023年9月,https://suumo.jp//ms/chuko/fukuoka/sc_fukuokashihakata/nc_75745223/,櫛田神社前,地下鉄七隈線,8,2023-09-01,3,75745223
デュオヴェール平尾,3498,福岡県福岡市中央区平尾２,西鉄天神大牟田線「薬院」徒歩15分,34.05,1LDK,2023年3月,https://suumo.jp//ms/chuko/fukuoka/sc_fukuokashichuo/nc_78252151/,薬院,西鉄天神大牟田線,15,2023-03-01,3,78252151
東峰マンション第二西公園,3498,福岡県福岡市中央区荒戸３-3-48,地下鉄空港線「唐人町」徒歩9分,73.55,3LDK,1982年2月,https://suumo.jp//ms/chuko/fukuoka/sc_fukuokashichuo/nc_20773709/,唐人町,地下鉄空港線,9,1982-02-01,44,20773709
オープンレジデンシア薬院白金,3498,福岡県福岡市中央区白金２,西鉄天神大牟田線「薬院」徒歩8分,33.92,1LDK,2023年8月,https://suumo.jp//ms/chuko/fukuoka/sc_fukuokashichuo/nc_20382669/,薬院,西鉄天神大牟田線,8,2023-08-01,3,20382669
ツインタワー空港通り,3499,福岡県福岡市博多区豊１,地下鉄空港線「東比恵」徒歩14分,71.7,3LDK,1994年7月,https://suumo.jp//ms/chuko/fukuoka/sc_fukuokashihakata/nc_20489857/,東比恵,地下鉄空港線,14,1994-07-01,32,20489857
ツインタワー空港通り,3499,福岡県福岡市博多区豊１-1-17,地下鉄空港線「東比恵」徒歩13分,71.7,3LDK,1994年7月,https://suumo.jp//ms/chuko/fukuoka/sc_fukuokashihakata/nc_20370756/,東比恵,地下鉄空港線,13,1994-07-01,32,20370756
ツインタワー空港通り,3499,福岡県福岡市博多区豊１,地下鉄空港線「東比恵」徒歩12分,71.7,3LDK,1994年7月,https://suumo.jp//ms/chuko/fukuoka/sc_fukuokashihakata/nc_20879813/,東比恵,地下鉄空港線,12,1994-07-01,32,20879813
ツインタワー空港通り,3499,福岡県福岡市博多区豊１,地下鉄空港線「東比恵」徒歩12分,71.7,3LDK,1994年7月,https://suumo.jp//ms/chuko/fukuoka/sc_fukuokashihakata/nc_20500470/,東比恵,地下鉄空港線,12,1994-07-01,32,20500470
ツインタワー空港通り,3499,福岡県福岡市博多区豊１-1-17,地下鉄空港線「東比恵」徒歩12分,71.7,3LDK,1994年7月,https://suumo.jp//ms/chuko/fukuoka/sc_fukuokashihakata/nc_79093684/,東比恵,地下鉄空港線,12,1994-07-01,32,79093684
ツインタワー空港通り,3499,福岡県福岡市博多区豊１-１－１７,地下鉄空港線「東比恵」徒歩12分,71.7,3LDK,1994年7月,https://suumo.jp//ms/chuko/fukuoka/sc_fukuokashihakata/nc_20431843/,東比恵,地下鉄空港線,12,1994-07-01,32,20431843
ツインタワー空港通り,3499,福岡県福岡市博多区豊１-1-17,地下鉄空港線「東比恵」徒歩13分,71.7,3LDK,1994年7月,https://suumo.jp//ms/chuko/fukuoka/sc_fukuokashihakata/nc_20421796/,東比恵,地下鉄空港線,13,1994-07-01,32,20421796
ツインタワー空港通り,3499,福岡県福岡市博多区豊１,地下鉄空港線「東比恵」徒歩12分,71.7,3LDK,1994年4月,https://suumo.jp//ms/chuko/fukuoka/sc_fukuokashihakata/nc_20066553/,東比恵,地下鉄空港線,12,1994-04-01,32,20066553
ツインタワー空港通り,3499,福岡県福岡市博多区豊１,地下鉄空港線「東比恵」徒歩13分,71.7,3LDK,1994年7月,https://suumo.jp//ms/chuko/fukuoka/sc_fukuokashihakata/nc_20446736/,東比恵,地下鉄空港線,13,1994-07-01,32,20446736
ツインタワー空港通り,3499,福岡県福岡市博多区豊１,地下鉄空港線「東比恵」徒歩12分,71.7,3LDK,1994年7月,https://suumo.jp//ms/chuko/fukuoka/sc_fukuokashihakata/nc_20622035/,東比恵,地下鉄空港線,12,1994-07-01,32,20622035
サーパス大博通り,3499,福岡県福岡市博多区大博町5-27,地下鉄箱崎線「中洲川端」徒歩15分,48.39,1LDK,1990年3月,https://suumo.jp//ms/chuko/fukuoka/sc_fukuokashihakata/nc_20870523/,中洲川端,地下鉄箱崎線,15,1990-03-01,36,20870523
サーパス大博通り,3499,福岡県福岡市博多区大博町,地下鉄空港線「中洲川端」徒歩13分,48.39,1LDK,1990年3月,https://suumo.jp//ms/chuko/fukuoka/sc_fukuokashihakata/nc_20884860/,中洲川端,地下鉄空港線,13,1990-03-01,36,20884860
ライフピア舞鶴,3499,福岡県福岡市中央区舞鶴３,地下鉄空港線「赤坂」徒歩7分,72.3,2LDK,1982年4月,https://suumo.jp//ms/chuko/fukuoka/sc_fukuokashichuo/nc_20882276/,赤坂,地下鉄空港線,7,1982-04-01,44,20882276
リベール博多駅前,3580,福岡県福岡市博多区博多駅前４,ＪＲ鹿児島本線「博多」徒歩9分,32.83,1LDK,2024年7月,https://suumo.jp//ms/chuko/fukuoka/sc_fukuokashihakata/nc_20884071/,博多,ＪＲ鹿児島本線,9,2024-07-01,2,20884071
パークリュクス博多駅前,3580,福岡県福岡市博多区博多駅前４,ＪＲ鹿児島本線「博多」徒歩11分,30.04,1LDK,2024年12月,https://suumo.jp//ms/chuko/fukuoka/sc_fukuokashihakata/nc_20530374/,博多,ＪＲ鹿児島本線,11,2024-12-01,2,20530374
オープンレジデンシア薬院南,3580,福岡県福岡市中央区平尾３-5-6,西鉄天神大牟田線「薬院」徒歩9分,34.54,1LDK,2022年9月,https://suumo.jp//ms/chuko/fukuoka/sc_fukuokashichuo/nc_20474520/,薬院,西鉄天神大牟田線,9,2022-09-01,4,20474520
オープンレジデンシア薬院白金,3590,福岡県福岡市中央区白金２-1-24,地下鉄七隈線「薬院」徒歩8分,33.92,1LDK,2023年8月,https://suumo.jp//ms/chuko/fukuoka/sc_fukuokashichuo/nc_75917403/,薬院,地下鉄七隈線,8,2023-08-01,3,75917403
ラフィネスシャトードゥ赤坂,3599,福岡県福岡市中央区大手門１,地下鉄空港線「赤坂」徒歩7分,32.81,1LDK,2002年6月,https://suumo.jp//ms/chuko/fukuoka/sc_fukuokashichuo/nc_20814457/,赤坂,地下鉄空港線,7,2002-06-01,24,20814457
ラフィネスシャトードゥ赤坂,3599,福岡県福岡市中央区大手門１,地下鉄空港線「大濠公園」徒歩7分,32.81,1LDK,2002年6月,https://suumo.jp//ms/chuko/fukuoka/sc_fukuokashichuo/nc_20917050/,大濠公園,地下鉄空港線,7,2002-06-01,24,20917050
ラフィネスシャトードゥ赤坂,3599,福岡県福岡市中央区大手門１,地下鉄空港線「赤坂」徒歩8分,32.81,1LDK,2002年6月,https://suumo.jp//ms/chuko/fukuoka/sc_fukuokashichuo/nc_20726051/,赤坂,地下鉄空港線,8,2002-06-01,24,20726051
ラフィネスシャトードゥ赤坂,3599,福岡県福岡市中央区大手門１-3-31,地下鉄空港線「赤坂」徒歩7分,32.81,1LDK,2002年6月,https://suumo.jp//ms/chuko/fukuoka/sc_fukuokashichuo/nc_20283315/,赤坂,地下鉄空港線,7,2002-06-01,24,20283315
ラフィネスシャトードゥ赤坂,3599,福岡県福岡市中央区大手門１-3-31,地下鉄空港線「赤坂」徒歩8分,32.81,1LDK,2002年6月,https://suumo.jp//ms/chuko/fukuoka/sc_fukuokashichuo/nc_20755435/,赤坂,地下鉄空港線,8,2002-06-01,24,20755435
ラフィネスシャトードゥ赤坂,3599,福岡県福岡市中央区大手門１,地下鉄空港線「赤坂」徒歩7分,32.81,1LDK,2002年6月,https://suumo.jp//ms/chuko/fukuoka/sc_fukuokashichuo/nc_20392329/,赤坂,地下鉄空港線,7,2002-06-01,24,20392329
藤和櫻坂ホームズ,3600,福岡県福岡市中央区桜坂２,地下鉄七隈線「桜坂」徒歩6分,68.91,3LDK,1995年11月,https://suumo.jp//ms/chuko/fukuoka/sc_fukuokashichuo/nc_20484350/,桜坂,地下鉄七隈線,6,1995-11-01,31,20484350
ネオハイツ薬院,3680,福岡県福岡市中央区薬院３,地下鉄七隈線「薬院」徒歩5分,79.38,2LDK+S（納戸）,1986年3月,https://suumo.jp//ms/chuko/fukuoka/sc_fukuokashichuo/nc_20658477/,薬院,地下鉄七隈線,5,1986-03-01,40,20658477
シティオ鳥飼,3680,福岡県福岡市城南区鳥飼５,地下鉄七隈線「六本松」徒歩5分,66.69,3LDK,1996年3月,https://suumo.jp//ms/chuko/fukuoka/sc_fukuokashijonan/nc_77963044/,六本松,地下鉄七隈線,5,1996-03-01,30,77963044
藤和コープソシエ大名,3680,福岡県福岡市中央区大名１,地下鉄七隈線「天神南」徒歩8分,67.0,2LDK,1979年11月,https://suumo.jp//ms/chuko/fukuoka/sc_fukuokashichuo/nc_20577813/,天神南,地下鉄七隈線,8,1979-11-01,47,20577813
藤和コープソシエ大名,3680,福岡県福岡市中央区大名１-1-35,地下鉄七隈線「天神南」徒歩8分,67.0,2LDK,1979年11月,https://suumo.jp//ms/chuko/fukuoka/sc_fukuokashichuo/nc_78724447/,天神南,地下鉄七隈線,8,1979-11-01,47,78724447
朝日プラザ大濠,3680,福岡県福岡市中央区草香江２,地下鉄七隈線「六本松」徒歩5分,69.12,3LDK,1983年2月,https://suumo.jp//ms/chuko/fukuoka/sc_fukuokashichuo/nc_20490588/,六本松,地下鉄七隈線,5,1983-02-01,43,20490588
朝日プラザ大濠,3680,福岡県福岡市中央区草香江２,地下鉄七隈線「六本松」徒歩6分,68.12,3LDK,1983年2月,https://suumo.jp//ms/chuko/fukuoka/sc_fukuokashichuo/nc_20862850/,六本松,地下鉄七隈線,6,1983-02-01,43,20862850
朝日プラザ大濠,3680,福岡県福岡市中央区草香江２,地下鉄七隈線「六本松」徒歩5分,69.12,3LDK,1983年2月,https://suumo.jp//ms/chuko/fukuoka/sc_fukuokashichuo/nc_20741516/,六本松,地下鉄七隈線,5,1983-02-01,43,20741516
オープンレジデンシア薬院南,3690,福岡県福岡市中央区平尾３,西鉄天神大牟田線「薬院」徒歩8分,39.99,1LDK,2022年8月,https://suumo.jp//ms/chuko/fukuoka/sc_fukuokashichuo/nc_20586988/,薬院,西鉄天神大牟田線,8,2022-08-01,4,20586988
ラフィネスシャトードゥ赤坂◆☆駅近・デザイン空間☆◆,3699,福岡県福岡市中央区大手門１,地下鉄空港線「赤坂」徒歩7分,32.81,1LDK,2002年6月,https://suumo.jp//ms/chuko/fukuoka/sc_fukuokashichuo/nc_20853603/,赤坂,地下鉄空港線,7,2002-06-01,24,20853603
ラフィネスシャトードゥ赤坂,3699,福岡県福岡市中央区大手門１,地下鉄空港線「赤坂」徒歩7分,32.81,1LDK,2002年6月,https://suumo.jp//ms/chuko/fukuoka/sc_fukuokashichuo/nc_20712437/,赤坂,地下鉄空港線,7,2002-06-01,24,20712437
ラフィネスシャトードゥ赤坂,3699,福岡県福岡市中央区大手門１,地下鉄空港線「赤坂」徒歩7分,32.81,1LDK,2002年6月,https://suumo.jp//ms/chuko/fukuoka/sc_fukuokashichuo/nc_20543911/,赤坂,地下鉄空港線,7,2002-06-01,24,20543911
グランフォーレ西新,3699,福岡県福岡市早良区城西１,地下鉄空港線「西新」徒歩5分,40.05,1LDK,2006年9月,https://suumo.jp//ms/chuko/fukuoka/sc_fukuokashisawara/nc_20704362/,西新,地下鉄空港線,5,2006-09-01,20,20704362
ラフィネスシャトードゥ赤坂,3699,福岡県福岡市中央区大手門１-3-31,地下鉄空港線「赤坂」徒歩7分,32.81,1LDK,2002年6月,https://suumo.jp//ms/chuko/fukuoka/sc_fukuokashichuo/nc_20801769/,赤坂,地下鉄空港線,7,2002-06-01,24,20801769
ラフィネスシャトードゥ赤坂,3699,福岡県福岡市中央区大手門１,地下鉄空港線「赤坂」徒歩7分,32.81,1LDK,2002年6月,https://suumo.jp//ms/chuko/fukuoka/sc_fukuokashichuo/nc_20294623/,赤坂,地下鉄空港線,7,2002-06-01,24,20294623
ロイヤルマンション別府6,3700,福岡県福岡市城南区別府６,地下鉄七隈線「別府」徒歩6分,81.19,4LDK,1994年11月,https://suumo.jp//ms/chuko/fukuoka/sc_fukuokashijonan/nc_77585206/,別府,地下鉄七隈線,6,1994-11-01,32,77585206
ロイヤルマンション別府６,3700,福岡県福岡市城南区別府６,地下鉄七隈線「別府」徒歩7分,81.19,4LDK,1994年11月,https://suumo.jp//ms/chuko/fukuoka/sc_fukuokashijonan/nc_78230993/,別府,地下鉄七隈線,7,1994-11-01,32,78230993
ロイヤルマンション別府六,3700,福岡県福岡市城南区別府６,地下鉄七隈線「別府」徒歩7分,81.19,4LDK,1994年11月,https://suumo.jp//ms/chuko/fukuoka/sc_fukuokashijonan/nc_77737101/,別府,地下鉄七隈線,7,1994-11-01,32,77737101
ロイヤルマンション別府6,3700,福岡県福岡市城南区別府６,地下鉄七隈線「別府」徒歩8分,81.19,4LDK,1994年11月,https://suumo.jp//ms/chuko/fukuoka/sc_fukuokashijonan/nc_20842701/,別府,地下鉄七隈線,8,1994-11-01,32,20842701
ロイヤルマンション別府六,3700,福岡県福岡市城南区別府６,地下鉄七隈線「別府」徒歩6分,81.19,4LDK,1994年11月,https://suumo.jp//ms/chuko/fukuoka/sc_fukuokashijonan/nc_20451508/,別府,地下鉄七隈線,6,1994-11-01,32,20451508
ロイヤルマンション別府６,3700,福岡県福岡市城南区別府６,地下鉄七隈線「別府」徒歩8分,81.19,4LDK,1994年11月,https://suumo.jp//ms/chuko/fukuoka/sc_fukuokashijonan/nc_20785856/,別府,地下鉄七隈線,8,1994-11-01,32,20785856
エクレール平尾,3750,福岡県福岡市中央区平尾１,西鉄天神大牟田線「薬院」徒歩8分,72.8,3LDK,1996年9月,https://suumo.jp//ms/chuko/fukuoka/sc_fukuokashichuo/nc_20666446/,薬院,西鉄天神大牟田線,8,1996-09-01,30,20666446
オープンレジデンシア天神今泉,3750,福岡県福岡市中央区今泉２,地下鉄七隈線「薬院大通」徒歩7分,34.12,1LDK,2023年9月,https://suumo.jp//ms/chuko/fukuoka/sc_fukuokashichuo/nc_75894792/,薬院大通,地下鉄七隈線,7,2023-09-01,3,75894792
ステイツ天神,3780,福岡県福岡市中央区警固１-6-41,地下鉄七隈線「薬院大通」徒歩9分,46.8,2LDK,1990年10月,https://suumo.jp//ms/chuko/fukuoka/sc_fukuokashichuo/nc_20458386/,薬院大通,地下鉄七隈線,9,1990-10-01,36,20458386
赤坂エクセル,3780,福岡県福岡市中央区赤坂３-8-26,地下鉄空港線「赤坂」徒歩11分,99.0,1LDK,1974年11月,https://suumo.jp//ms/chuko/fukuoka/sc_fukuokashichuo/nc_79155392/,赤坂,地下鉄空港線,11,1974-11-01,52,79155392
ブラントン六本松,3780,福岡県福岡市中央区草香江２,地下鉄七隈線「六本松」徒歩3分,33.61,1LDK,2020年3月,https://suumo.jp//ms/chuko/fukuoka/sc_fukuokashichuo/nc_20737121/,六本松,地下鉄七隈線,3,2020-03-01,6,20737121
星和今泉コーポラス,3780,福岡県福岡市中央区今泉２,地下鉄七隈線「薬院大通」徒歩7分,88.0,3LDK,1982年2月,https://suumo.jp//ms/chuko/fukuoka/sc_fukuokashichuo/nc_78533278/,薬院大通,地下鉄七隈線,7,1982-02-01,44,78533278
トーカンマンション今泉,3790,福岡県福岡市中央区今泉１,地下鉄七隈線「天神南」徒歩7分,78.26,3LDK,1980年6月,https://suumo.jp//ms/chuko/fukuoka/sc_fukuokashichuo/nc_20219578/,天神南,地下鉄七隈線,7,1980-06-01,46,20219578
トーカンマンション今泉１０,3790,福岡県福岡市中央区今泉１,地下鉄七隈線「天神南」徒歩7分,78.26,3LDK,1980年7月,https://suumo.jp//ms/chuko/fukuoka/sc_fukuokashichuo/nc_20698153/,天神南,地下鉄七隈線,7,1980-07-01,46,20698153
ロマネスク西公園第6,3790,福岡県福岡市中央区荒戸２,地下鉄空港線「大濠公園」徒歩7分,52.24,2LDK,1991年3月,https://suumo.jp//ms/chuko/fukuoka/sc_fukuokashichuo/nc_20896901/,大濠公園,地下鉄空港線,7,1991-03-01,35,20896901
サンシティ鳥飼,3799,福岡県福岡市城南区鳥飼４-9,地下鉄七隈線「別府」徒歩10分,68.48,3LDK,1994年3月,https://suumo.jp//ms/chuko/fukuoka/sc_fukuokashijonan/nc_20445475/,別府,地下鉄七隈線,10,1994-03-01,32,20445475
サンシティ鳥飼,3799,福岡県福岡市城南区鳥飼４,地下鉄七隈線「別府」徒歩10分,68.48,3LDK,1994年3月,https://suumo.jp//ms/chuko/fukuoka/sc_fukuokashijonan/nc_78854362/,別府,地下鉄七隈線,10,1994-03-01,32,78854362
サンシティ鳥飼,3799,福岡県福岡市城南区鳥飼４-9-3,地下鉄七隈線「別府」徒歩10分,68.48,3LDK,1994年3月,https://suumo.jp//ms/chuko/fukuoka/sc_fukuokashijonan/nc_20532587/,別府,地下鉄七隈線,10,1994-03-01,32,20532587
サンシティ鳥飼,3799,福岡県福岡市城南区鳥飼４-9-3,地下鉄七隈線「別府」徒歩10分,68.48,3LDK,1994年3月,https://suumo.jp//ms/chuko/fukuoka/sc_fukuokashijonan/nc_78239404/,別府,地下鉄七隈線,10,1994-03-01,32,78239404
サンシティ鳥飼◆☆全室リフォーム済み☆◆,3799,福岡県福岡市城南区鳥飼４,地下鉄七隈線「別府」徒歩10分,68.48,3LDK,1994年3月,https://suumo.jp//ms/chuko/fukuoka/sc_fukuokashijonan/nc_78963294/,別府,地下鉄七隈線,10,1994-03-01,32,78963294
サンシティ鳥飼,3799,福岡県福岡市城南区鳥飼４,地下鉄七隈線「別府」徒歩9分,68.48,3LDK,1994年3月,https://suumo.jp//ms/chuko/fukuoka/sc_fukuokashijonan/nc_78268682/,別府,地下鉄七隈線,9,1994-03-01,32,78268682
サンシティ鳥飼,3799,福岡県福岡市城南区鳥飼４,地下鉄七隈線「別府」徒歩10分,68.48,3LDK,1994年3月,https://suumo.jp//ms/chuko/fukuoka/sc_fukuokashijonan/nc_20886185/,別府,地下鉄七隈線,10,1994-03-01,32,20886185
チサンマンション西公園,3799,福岡県福岡市中央区荒戸２,地下鉄空港線「大濠公園」徒歩8分,57.32,2LDK,1984年12月,https://suumo.jp//ms/chuko/fukuoka/sc_fukuokashichuo/nc_20780545/,大濠公園,地下鉄空港線,8,1984-12-01,42,20780545
サンシティ鳥飼,3799,福岡県福岡市城南区鳥飼４,地下鉄七隈線「別府」徒歩11分,68.48,3LDK,1994年3月,https://suumo.jp//ms/chuko/fukuoka/sc_fukuokashijonan/nc_20845420/,別府,地下鉄七隈線,11,1994-03-01,32,20845420
オープンレジデンシア渡辺通南,3800,福岡県福岡市中央区清川２,地下鉄七隈線「渡辺通」徒歩10分,38.25,1LDK,2024年9月,https://suumo.jp//ms/chuko/fukuoka/sc_fukuokashichuo/nc_78135127/,渡辺通,地下鉄七隈線,10,2024-09-01,2,78135127
オープンレジデンシア大濠公園,3850,福岡県福岡市中央区大手門２,地下鉄空港線「大濠公園」徒歩5分,34.78,1LDK,2023年4月,https://suumo.jp//ms/chuko/fukuoka/sc_fukuokashichuo/nc_20054950/,大濠公園,地下鉄空港線,5,2023-04-01,3,20054950
ミスモ天神,3880,福岡県福岡市中央区渡辺通２,地下鉄七隈線「薬院」徒歩4分,33.37,1LDK,2023年3月,https://suumo.jp//ms/chuko/fukuoka/sc_fukuokashichuo/nc_78551396/,薬院,地下鉄七隈線,4,2023-03-01,3,78551396
日商岩井今泉マンション,3880,福岡県福岡市中央区今泉２,地下鉄七隈線「薬院大通」徒歩7分,78.75,3LDK,1974年7月,https://suumo.jp//ms/chuko/fukuoka/sc_fukuokashichuo/nc_20352263/,薬院大通,地下鉄七隈線,7,1974-07-01,52,20352263
サンシティ鳥飼,3899,福岡県福岡市城南区鳥飼４,地下鉄七隈線「別府」徒歩11分,68.48,3LDK,1994年3月,https://suumo.jp//ms/chuko/fukuoka/sc_fukuokashijonan/nc_78317769/,別府,地下鉄七隈線,11,1994-03-01,32,78317769
サンシティ鳥飼,3899,福岡県福岡市城南区鳥飼４,地下鉄七隈線「別府」徒歩10分,68.48,3LDK,1994年3月,https://suumo.jp//ms/chuko/fukuoka/sc_fukuokashijonan/nc_20647791/,別府,地下鉄七隈線,10,1994-03-01,32,20647791
サンシティ鳥飼,3899,福岡県福岡市城南区鳥飼４-9-3,地下鉄七隈線「別府」徒歩9分,68.49,3LDK,1994年3月,https://suumo.jp//ms/chuko/fukuoka/sc_fukuokashijonan/nc_20164538/,別府,地下鉄七隈線,9,1994-03-01,32,20164538
サンシティ鳥飼,3899,福岡県福岡市城南区鳥飼４-9-3,地下鉄七隈線「別府」徒歩11分,68.48,3LDK,1994年3月,https://suumo.jp//ms/chuko/fukuoka/sc_fukuokashijonan/nc_79013671/,別府,地下鉄七隈線,11,1994-03-01,32,79013671
アンピール百年橋,3980,福岡県福岡市中央区清川３-9-23,地下鉄七隈線「渡辺通」徒歩15分,73.11,3LDK,1995年9月,https://suumo.jp//ms/chuko/fukuoka/sc_fukuokashichuo/nc_20914350/,渡辺通,地下鉄七隈線,15,1995-09-01,31,20914350
オープンレジデンシア博多住吉,3980,福岡県福岡市博多区住吉２,地下鉄七隈線「櫛田神社前」徒歩6分,38.65,1LDK,2023年9月,https://suumo.jp//ms/chuko/fukuoka/sc_fukuokashihakata/nc_77553274/,櫛田神社前,地下鉄七隈線,6,2023-09-01,3,77553274
コアマンション祖原公園,3980,福岡県福岡市早良区昭代１,地下鉄空港線「西新」徒歩15分,71.8,2LDK,1999年5月,https://suumo.jp//ms/chuko/fukuoka/sc_fukuokashisawara/nc_77631768/,西新,地下鉄空港線,15,1999-05-01,27,77631768
サンライフ六本松,3980,福岡県福岡市中央区草香江２,地下鉄七隈線「六本松」徒歩2分,60.02,1LDK+S（納戸）,1984年5月,https://suumo.jp//ms/chuko/fukuoka/sc_fukuokashichuo/nc_20062724/,六本松,地下鉄七隈線,2,1984-05-01,42,20062724
サンライフ六本松,3980,福岡県福岡市中央区草香江２-1-40,地下鉄七隈線「六本松」徒歩4分,60.02,2LDK,1984年5月,https://suumo.jp//ms/chuko/fukuoka/sc_fukuokashichuo/nc_20660212/,六本松,地下鉄七隈線,4,1984-05-01,42,20660212
オープンレジデンシア博多住吉,3980,福岡県福岡市博多区住吉２,地下鉄空港線「博多」徒歩9分,38.65,1LDK,2023年8月,https://suumo.jp//ms/chuko/fukuoka/sc_fukuokashihakata/nc_78348132/,博多,地下鉄空港線,9,2023-08-01,3,78348132
ＫＢＣマンションユーハイム赤坂南,3980,福岡県福岡市中央区警固２,地下鉄七隈線「薬院大通」徒歩7分,84.87,2LDK,1986年2月,https://suumo.jp//ms/chuko/fukuoka/sc_fukuokashichuo/nc_79226603/,薬院大通,地下鉄七隈線,7,1986-02-01,40,79226603
ＫＢＣマンションユーハイム赤坂南,3980,福岡県福岡市中央区警固２,地下鉄七隈線「薬院大通」徒歩7分,84.87,2LDK,1986年2月,https://suumo.jp//ms/chuko/fukuoka/sc_fukuokashichuo/nc_78851188/,薬院大通,地下鉄七隈線,7,1986-02-01,40,78851188
エステートマンション赤坂けやき通り,3980,福岡県福岡市中央区赤坂３-468,地下鉄七隈線「桜坂」徒歩11分,68.53,3LDK,1995年3月,https://suumo.jp//ms/chuko/fukuoka/sc_fukuokashichuo/nc_20856413/,桜坂,地下鉄七隈線,11,1995-03-01,31,20856413
KBCマンションユーハイム赤坂南,3980,福岡県福岡市中央区警固２,地下鉄七隈線「薬院大通」徒歩7分,84.87,2LDK,1986年2月,https://suumo.jp//ms/chuko/fukuoka/sc_fukuokashichuo/nc_20711061/,薬院大通,地下鉄七隈線,7,1986-02-01,40,20711061
アンピール百年橋,4080,福岡県福岡市中央区清川３,地下鉄七隈線「渡辺通」徒歩14分,70.11,3LDK,1995年8月,https://suumo.jp//ms/chuko/fukuoka/sc_fukuokashichuo/nc_20746436/,渡辺通,地下鉄七隈線,14,1995-08-01,31,20746436
アンピール百年橋,4080,福岡県福岡市中央区清川３,地下鉄七隈線「渡辺通」徒歩15分,70.11,3LDK,1995年8月,https://suumo.jp//ms/chuko/fukuoka/sc_fukuokashichuo/nc_20724983/,渡辺通,地下鉄七隈線,15,1995-08-01,31,20724983
アクロス空港イーストステージ,4080,福岡県糟屋郡志免町別府西３,地下鉄空港線「福岡空港」徒歩11分,91.26,4LDK,2004年2月,https://suumo.jp//ms/chuko/fukuoka/sc_kasuyagunshime/nc_20876899/,福岡空港,地下鉄空港線,11,2004-02-01,22,20876899
オープンレジデンシア薬院白金,4150,福岡県福岡市中央区白金２,西鉄天神大牟田線「薬院」徒歩8分,33.05,1LDK,2023年9月,https://suumo.jp//ms/chuko/fukuoka/sc_fukuokashichuo/nc_20865211/,薬院,西鉄天神大牟田線,8,2023-09-01,3,20865211
グリーンマンション平尾,4180,福岡県福岡市中央区平尾２,地下鉄七隈線「薬院」徒歩13分,71.38,3LDK,1996年4月,https://suumo.jp//ms/chuko/fukuoka/sc_fukuokashichuo/nc_20461596/,薬院,地下鉄七隈線,13,1996-04-01,30,20461596
ハイラーク舞鶴,4180,福岡県福岡市中央区舞鶴１,地下鉄空港線「赤坂」徒歩7分,67.98,2LDK,1980年1月,https://suumo.jp//ms/chuko/fukuoka/sc_fukuokashichuo/nc_20894851/,赤坂,地下鉄空港線,7,1980-01-01,46,20894851
アンピール輝国,4180,福岡県福岡市中央区輝国２,地下鉄七隈線「六本松」徒歩15分,78.11,3LDK,2013年10月,https://suumo.jp//ms/chuko/fukuoka/sc_fukuokashichuo/nc_20704173/,六本松,地下鉄七隈線,15,2013-10-01,13,20704173
シティライフ山王公園南,4199,福岡県福岡市博多区半道橋１,地下鉄空港線「東比恵」徒歩15分,80.16,4LDK,1999年2月,https://suumo.jp//ms/chuko/fukuoka/sc_fukuokashihakata/nc_20264144/,東比恵,地下鉄空港線,15,1999-02-01,27,20264144
モントーレ東比恵クレア,4199,福岡県福岡市博多区東比恵３,地下鉄空港線「東比恵」徒歩3分,42.77,1LDK,2019年2月,https://suumo.jp//ms/chuko/fukuoka/sc_fukuokashihakata/nc_79197908/,東比恵,地下鉄空港線,3,2019-02-01,7,79197908
モントーレ東比恵クレア,4199,福岡県福岡市博多区東比恵３,地下鉄空港線「東比恵」徒歩3分,42.77,1LDK,2019年2月,https://suumo.jp//ms/chuko/fukuoka/sc_fukuokashihakata/nc_79169561/,東比恵,地下鉄空港線,3,2019-02-01,7,79169561
モントーレ東比恵クレア【担当：鍋嶋】　までお気軽にお…,4199,福岡県福岡市博多区東比恵３,地下鉄空港線「東比恵」徒歩2分,42.77,1LDK,2019年2月,https://suumo.jp//ms/chuko/fukuoka/sc_fukuokashihakata/nc_79194902/,東比恵,地下鉄空港線,2,2019-02-01,7,79194902
モントーレ東比恵クレア,4199,福岡県福岡市博多区東比恵３,地下鉄空港線「東比恵」徒歩3分,42.77,1LDK,2019年2月,https://suumo.jp//ms/chuko/fukuoka/sc_fukuokashihakata/nc_20760864/,東比恵,地下鉄空港線,3,2019-02-01,7,20760864
モントーレ東比恵クレア,4199,福岡県福岡市博多区東比恵３,地下鉄空港線「東比恵」徒歩3分,42.77,1LDK,2019年2月,https://suumo.jp//ms/chuko/fukuoka/sc_fukuokashihakata/nc_20590555/,東比恵,地下鉄空港線,3,2019-02-01,7,20590555
モントーレ東比恵クレア,4199,福岡県福岡市博多区東比恵３-19-10,地下鉄空港線「東比恵」徒歩2分,42.77,1LDK,2019年3月,https://suumo.jp//ms/chuko/fukuoka/sc_fukuokashihakata/nc_20532606/,東比恵,地下鉄空港線,2,2019-03-01,7,20532606
モントーレ東比恵クレア,4199,福岡県福岡市博多区東比恵３,地下鉄空港線「東比恵」徒歩5分,42.77,1LDK+S（納戸）,1988年5月,https://suumo.jp//ms/chuko/fukuoka/sc_fukuokashihakata/nc_20495376/,東比恵,地下鉄空港線,5,1988-05-01,38,20495376
モントーレ東比恵クレア,4199,福岡県福岡市博多区東比恵３-19-10,地下鉄空港線「東比恵」徒歩2分,42.77,1LDK,2019年2月,https://suumo.jp//ms/chuko/fukuoka/sc_fukuokashihakata/nc_20082171/,東比恵,地下鉄空港線,2,2019-02-01,7,20082171
モントーレ東比恵クレア,4199,福岡県福岡市博多区東比恵３,地下鉄空港線「東比恵」徒歩2分,42.77,1LDK,2019年3月,https://suumo.jp//ms/chuko/fukuoka/sc_fukuokashihakata/nc_78927453/,東比恵,地下鉄空港線,2,2019-03-01,7,78927453
ネオグランデ六本松ヒルズ,4200,福岡県福岡市中央区六本松３-11-12,地下鉄七隈線「六本松」徒歩6分,78.14,3LDK,1999年9月,https://suumo.jp//ms/chuko/fukuoka/sc_fukuokashichuo/nc_78147889/,六本松,地下鉄七隈線,6,1999-09-01,27,78147889
オープンレジデンシア博多駅南(未入居),4248,福岡県福岡市博多区博多駅南２-8-34,ＪＲ博多南線「博多」徒歩14分,41.35,2LDK,2024年8月,https://suumo.jp//ms/chuko/fukuoka/sc_fukuokashihakata/nc_78333936/,博多,ＪＲ博多南線,14,2024-08-01,2,78333936
オープンレジデンシア大濠公園,4250,福岡県福岡市中央区大手門２,地下鉄空港線「大濠公園」徒歩5分,34.78,1LDK,2023年4月,https://suumo.jp//ms/chuko/fukuoka/sc_fukuokashichuo/nc_20576519/,大濠公園,地下鉄空港線,5,2023-04-01,3,20576519
ネオハイツ薬院,4280,福岡県福岡市中央区薬院３,西鉄天神大牟田線「薬院」徒歩5分,65.7,2LDK,1986年3月,https://suumo.jp//ms/chuko/fukuoka/sc_fukuokashichuo/nc_20807167/,薬院,西鉄天神大牟田線,5,1986-03-01,40,20807167
パーク・サンリヤン博多の森Ⅰ・Ⅱ番館,4280,福岡県糟屋郡志免町別府西２,地下鉄空港線「福岡空港」徒歩11分,82.19,3LDK,2003年3月,https://suumo.jp//ms/chuko/fukuoka/sc_kasuyagunshime/nc_20724058/,福岡空港,地下鉄空港線,11,2003-03-01,23,20724058
アートウィル赤坂,4280,福岡県福岡市中央区赤坂３,地下鉄七隈線「桜坂」徒歩9分,65.61,3LDK,1994年10月,https://suumo.jp//ms/chuko/fukuoka/sc_fukuokashichuo/nc_79112729/,桜坂,地下鉄七隈線,9,1994-10-01,32,79112729
パーク・サンリヤン博多の森Ⅰ・Ⅱ番館,4280,福岡県糟屋郡志免町別府西２,地下鉄空港線「福岡空港」徒歩10分,82.19,3LDK,2003年3月,https://suumo.jp//ms/chuko/fukuoka/sc_kasuyagunshime/nc_78809967/,福岡空港,地下鉄空港線,10,2003-03-01,23,78809967
イニシアイオ大名,4280,福岡県福岡市中央区大名１-9-4,地下鉄空港線「赤坂」徒歩5分,45.0,1LDK,2008年1月,https://suumo.jp//ms/chuko/fukuoka/sc_fukuokashichuo/nc_20410240/,赤坂,地下鉄空港線,5,2008-01-01,18,20410240
サンライフ六本松,4280,福岡県福岡市中央区草香江２,地下鉄七隈線「六本松」徒歩2分,60.04,1LDK,1984年5月,https://suumo.jp//ms/chuko/fukuoka/sc_fukuokashichuo/nc_20780392/,六本松,地下鉄七隈線,2,1984-05-01,42,20780392
アクロス大濠公園グランビュー,4280,福岡県福岡市中央区黒門,地下鉄空港線「唐人町」徒歩3分,37.11,1LDK,2025年2月,https://suumo.jp//ms/chuko/fukuoka/sc_fukuokashichuo/nc_20401004/,唐人町,地下鉄空港線,3,2025-02-01,1,20401004
ロマネスク今川第2,4290,福岡県福岡市中央区今川２-6-35,地下鉄空港線「西新」徒歩7分,70.66,3LDK,1998年6月,https://suumo.jp//ms/chuko/fukuoka/sc_fukuokashichuo/nc_20800915/,西新,地下鉄空港線,7,1998-06-01,28,20800915
ロマネスク今川第2,4290,福岡県福岡市中央区今川２,地下鉄空港線「西新」徒歩8分,70.66,3LDK,1998年6月,https://suumo.jp//ms/chuko/fukuoka/sc_fukuokashichuo/nc_20801097/,西新,地下鉄空港線,8,1998-06-01,28,20801097
リファレンス天神南,4299,福岡県福岡市中央区清川２,地下鉄七隈線「渡辺通」徒歩13分,65.32,3LDK,2012年3月,https://suumo.jp//ms/chuko/fukuoka/sc_fukuokashichuo/nc_20713112/,渡辺通,地下鉄七隈線,13,2012-03-01,14,20713112
リファレンス天神南,4299,福岡県福岡市中央区清川２-4-9,地下鉄七隈線「渡辺通」徒歩13分,65.32,3LDK,2002年3月,https://suumo.jp//ms/chuko/fukuoka/sc_fukuokashichuo/nc_20272095/,渡辺通,地下鉄七隈線,13,2002-03-01,24,20272095
リファレンス天神南,4299,福岡県福岡市中央区清川２-4-9,地下鉄七隈線「渡辺通」徒歩13分,65.32,3LDK,2002年3月,https://suumo.jp//ms/chuko/fukuoka/sc_fukuokashichuo/nc_20249542/,渡辺通,地下鉄七隈線,13,2002-03-01,24,20249542
リファレンス天神南,4299,福岡県福岡市中央区清川２,地下鉄七隈線「渡辺通」徒歩13分,65.32,3LDK,2002年3月,https://suumo.jp//ms/chuko/fukuoka/sc_fukuokashichuo/nc_20096135/,渡辺通,地下鉄七隈線,13,2002-03-01,24,20096135
リファレンス天神南,4299,福岡県福岡市中央区清川２,地下鉄七隈線「渡辺通」徒歩12分,65.32,3LDK,2002年3月,https://suumo.jp//ms/chuko/fukuoka/sc_fukuokashichuo/nc_79226606/,渡辺通,地下鉄七隈線,12,2002-03-01,24,79226606
リファレンス天神南,4299,福岡県福岡市中央区清川２-4-9,地下鉄七隈線「渡辺通」徒歩13分,65.32,3LDK,2002年3月,https://suumo.jp//ms/chuko/fukuoka/sc_fukuokashichuo/nc_20660235/,渡辺通,地下鉄七隈線,13,2002-03-01,24,20660235
リファレンス天神南 ２０２,4299,福岡県福岡市中央区清川２,地下鉄七隈線「渡辺通」徒歩13分,65.32,3LDK,2002年3月,https://suumo.jp//ms/chuko/fukuoka/sc_fukuokashichuo/nc_20465479/,渡辺通,地下鉄七隈線,13,2002-03-01,24,20465479
リファレンス天神南,4299,福岡県福岡市中央区清川２-4-9,地下鉄七隈線「渡辺通」徒歩13分,65.32,3LDK,2002年3月,https://suumo.jp//ms/chuko/fukuoka/sc_fukuokashichuo/nc_20443605/,渡辺通,地下鉄七隈線,13,2002-03-01,24,20443605
リファレンス天神南,4299,福岡県福岡市中央区清川２-4-9,地下鉄七隈線「渡辺通」徒歩13分,65.32,3LDK,2002年3月,https://suumo.jp//ms/chuko/fukuoka/sc_fukuokashichuo/nc_20213313/,渡辺通,地下鉄七隈線,13,2002-03-01,24,20213313
リファレンス天神南,4299,福岡県福岡市中央区清川２,地下鉄七隈線「渡辺通」徒歩13分,65.32,3LDK,2002年3月,https://suumo.jp//ms/chuko/fukuoka/sc_fukuokashichuo/nc_20033456/,渡辺通,地下鉄七隈線,13,2002-03-01,24,20033456
リファレンス天神南,4299,福岡県福岡市中央区清川２,地下鉄七隈線「渡辺通」徒歩13分,65.32,3LDK,2002年3月,https://suumo.jp//ms/chuko/fukuoka/sc_fukuokashichuo/nc_20868375/,渡辺通,地下鉄七隈線,13,2002-03-01,24,20868375
オープンレジデンシア薬院二丁目,4350,福岡県福岡市中央区薬院２,西鉄天神大牟田線「薬院」徒歩9分,34.21,1LDK,2023年1月,https://suumo.jp//ms/chuko/fukuoka/sc_fukuokashichuo/nc_20642323/,薬院,西鉄天神大牟田線,9,2023-01-01,3,20642323
ブラントン薬院,4350,福岡県福岡市中央区薬院３,西鉄天神大牟田線「薬院」徒歩3分,34.31,1LDK,2023年1月,https://suumo.jp//ms/chuko/fukuoka/sc_fukuokashichuo/nc_79111834/,薬院,西鉄天神大牟田線,3,2023-01-01,3,79111834
リーベスト鳥飼,4370,福岡県福岡市城南区鳥飼５,地下鉄七隈線「別府」徒歩5分,80.2,4LDK,1996年9月,https://suumo.jp//ms/chuko/fukuoka/sc_fukuokashijonan/nc_20577794/,別府,地下鉄七隈線,5,1996-09-01,30,20577794
藤崎ロジュマン,4380,福岡県福岡市早良区昭代３-9-5,地下鉄空港線「藤崎」徒歩10分,82.76,4LDK,1988年3月,https://suumo.jp//ms/chuko/fukuoka/sc_fukuokashisawara/nc_78392749/,藤崎,地下鉄空港線,10,1988-03-01,38,78392749
藤崎ロジュマン,4380,福岡県福岡市早良区昭代３,地下鉄空港線「藤崎」徒歩11分,82.76,4LDK,1988年3月,https://suumo.jp//ms/chuko/fukuoka/sc_fukuokashisawara/nc_79053877/,藤崎,地下鉄空港線,11,1988-03-01,38,79053877
藤崎ロジュマン,4380,福岡県福岡市早良区昭代３,地下鉄空港線「藤崎」徒歩10分,82.76,4LDK,1988年3月,https://suumo.jp//ms/chuko/fukuoka/sc_fukuokashisawara/nc_20248803/,藤崎,地下鉄空港線,10,1988-03-01,38,20248803
藤崎ロジュマン,4380,福岡県福岡市早良区昭代３-9-5,地下鉄空港線「藤崎」徒歩13分,82.76,4LDK,1988年3月,https://suumo.jp//ms/chuko/fukuoka/sc_fukuokashisawara/nc_20429318/,藤崎,地下鉄空港線,13,1988-03-01,38,20429318
サーパス城南,4380,福岡県福岡市城南区田島１,地下鉄七隈線「別府」徒歩12分,78.98,3LDK,2007年1月,https://suumo.jp//ms/chuko/fukuoka/sc_fukuokashijonan/nc_20593776/,別府,地下鉄七隈線,12,2007-01-01,19,20593776
藤崎ロジュマン,4380,福岡県福岡市早良区昭代３,地下鉄空港線「藤崎」徒歩10分,82.76,4LDK,1988年3月,https://suumo.jp//ms/chuko/fukuoka/sc_fukuokashisawara/nc_78457540/,藤崎,地下鉄空港線,10,1988-03-01,38,78457540
藤崎ロジュマン,4380,福岡県福岡市早良区昭代３,地下鉄空港線「藤崎」徒歩13分,82.76,4LDK,1988年3月,https://suumo.jp//ms/chuko/fukuoka/sc_fukuokashisawara/nc_20214981/,藤崎,地下鉄空港線,13,1988-03-01,38,20214981
アンピール別府Ⅱ,4380,福岡県福岡市城南区別府３,地下鉄七隈線「別府」徒歩3分,66.29,3LDK,1993年8月,https://suumo.jp//ms/chuko/fukuoka/sc_fukuokashijonan/nc_20451509/,別府,地下鉄七隈線,3,1993-08-01,33,20451509
コスモ博多古門戸,4399,福岡県福岡市博多区古門戸町,地下鉄空港線「中洲川端」徒歩9分,54.49,1LDK+S（納戸）,2003年1月,https://suumo.jp//ms/chuko/fukuoka/sc_fukuokashihakata/nc_20876411/,中洲川端,地下鉄空港線,9,2003-01-01,23,20876411
コスモ博多古門戸,4399,福岡県福岡市博多区古門戸町,地下鉄空港線「中洲川端」徒歩9分,54.49,1LDK+S（納戸）,2003年1月,https://suumo.jp//ms/chuko/fukuoka/sc_fukuokashihakata/nc_20590539/,中洲川端,地下鉄空港線,9,2003-01-01,23,20590539
コスモ博多古門戸,4399,福岡県福岡市博多区古門戸町,地下鉄空港線「中洲川端」徒歩7分,54.49,1LDK+S（納戸）,2003年1月,https://suumo.jp//ms/chuko/fukuoka/sc_fukuokashihakata/nc_78779090/,中洲川端,地下鉄空港線,7,2003-01-01,23,78779090
コスモ博多古門戸,4399,福岡県福岡市博多区古門戸町,地下鉄空港線「中洲川端」徒歩8分,54.49,1LDK+S（納戸）,2003年1月,https://suumo.jp//ms/chuko/fukuoka/sc_fukuokashihakata/nc_20902380/,中洲川端,地下鉄空港線,8,2003-01-01,23,20902380
コスモ博多古門戸,4399,福岡県福岡市博多区古門戸町10-5,地下鉄箱崎線「中洲川端」徒歩9分,54.49,1LDK,2003年1月,https://suumo.jp//ms/chuko/fukuoka/sc_fukuokashihakata/nc_20582537/,中洲川端,地下鉄箱崎線,9,2003-01-01,23,20582537
クリオラベルヴィ呉服町,4399,福岡県福岡市博多区下呉服町3-19,地下鉄空港線「中洲川端」徒歩13分,47.0,2LDK,2018年1月,https://suumo.jp//ms/chuko/fukuoka/sc_fukuokashihakata/nc_20776674/,中洲川端,地下鉄空港線,13,2018-01-01,8,20776674
クリオラベルヴィ呉服町,4399,福岡県福岡市博多区下呉服町3-19,地下鉄空港線「中洲川端」徒歩12分,47.0,2LDK,2018年1月,https://suumo.jp//ms/chuko/fukuoka/sc_fukuokashihakata/nc_20886115/,中洲川端,地下鉄空港線,12,2018-01-01,8,20886115
クリオラベルヴィ呉服町,4399,福岡県福岡市博多区下呉服町3-19,地下鉄箱崎線「中洲川端」徒歩12分,47.0,2LDK,2018年1月,https://suumo.jp//ms/chuko/fukuoka/sc_fukuokashihakata/nc_79056015/,中洲川端,地下鉄箱崎線,12,2018-01-01,8,79056015
コスモ博多古門戸,4399,福岡県福岡市博多区古門戸町,地下鉄空港線「中洲川端」徒歩8分,54.49,1LDK+S（納戸）,2003年1月,https://suumo.jp//ms/chuko/fukuoka/sc_fukuokashihakata/nc_20365400/,中洲川端,地下鉄空港線,8,2003-01-01,23,20365400
クリオラベルヴィ呉服町,4399,福岡県福岡市博多区下呉服町,地下鉄空港線「中洲川端」徒歩10分,47.0,2LDK,2018年1月,https://suumo.jp//ms/chuko/fukuoka/sc_fukuokashihakata/nc_79233445/,中洲川端,地下鉄空港線,10,2018-01-01,8,79233445
コスモ博多古門戸,4399,福岡県福岡市博多区古門戸町,地下鉄空港線「中洲川端」徒歩9分,54.49,1LDK+S（納戸）,2003年1月,https://suumo.jp//ms/chuko/fukuoka/sc_fukuokashihakata/nc_20407524/,中洲川端,地下鉄空港線,9,2003-01-01,23,20407524
コスモ博多古門戸,4399,福岡県福岡市博多区古門戸町,地下鉄空港線「中洲川端」徒歩9分,54.49,1LDK+S（納戸）,2003年1月,https://suumo.jp//ms/chuko/fukuoka/sc_fukuokashihakata/nc_78525272/,中洲川端,地下鉄空港線,9,2003-01-01,23,78525272
コスモ博多古門戸,4399,福岡県福岡市博多区古門戸町,地下鉄空港線「中洲川端」徒歩9分,54.49,1LDK+S（納戸）,2003年1月,https://suumo.jp//ms/chuko/fukuoka/sc_fukuokashihakata/nc_78770492/,中洲川端,地下鉄空港線,9,2003-01-01,23,78770492
リファレンス天神南,4399,福岡県福岡市中央区清川２,地下鉄七隈線「渡辺通」徒歩13分,65.32,3LDK,2002年3月,https://suumo.jp//ms/chuko/fukuoka/sc_fukuokashichuo/nc_20646744/,渡辺通,地下鉄七隈線,13,2002-03-01,24,20646744
ダイアパレス大名ガーデン,4399,福岡県福岡市中央区大名１,地下鉄空港線「赤坂」徒歩6分,68.9,3LDK,1987年2月,https://suumo.jp//ms/chuko/fukuoka/sc_fukuokashichuo/nc_78908087/,赤坂,地下鉄空港線,6,1987-02-01,39,78908087
クリオラベルヴィ呉服町,4399,福岡県福岡市博多区下呉服町,地下鉄空港線「中洲川端」徒歩12分,47.0,2LDK,2018年1月,https://suumo.jp//ms/chuko/fukuoka/sc_fukuokashihakata/nc_20443266/,中洲川端,地下鉄空港線,12,2018-01-01,8,20443266
クリオ ラベルヴィ呉服町,4399,福岡県福岡市博多区下呉服町,地下鉄空港線「中洲川端」徒歩12分,47.0,2LDK,2018年1月,https://suumo.jp//ms/chuko/fukuoka/sc_fukuokashihakata/nc_20658098/,中洲川端,地下鉄空港線,12,2018-01-01,8,20658098
クリオラベルヴィ呉服町◆☆眺望良好・ペット可☆◆,4399,福岡県福岡市博多区下呉服町,地下鉄空港線「中洲川端」徒歩12分,47.0,2LDK,2018年1月,https://suumo.jp//ms/chuko/fukuoka/sc_fukuokashihakata/nc_20902369/,中洲川端,地下鉄空港線,12,2018-01-01,8,20902369
コスモ博多古門戸,4399,福岡県福岡市博多区古門戸町,地下鉄空港線「中洲川端」徒歩9分,54.49,1LDK+S（納戸）,2003年1月,https://suumo.jp//ms/chuko/fukuoka/sc_fukuokashihakata/nc_20845660/,中洲川端,地下鉄空港線,9,2003-01-01,23,20845660
コスモ博多古門戸,4399,福岡県福岡市博多区古門戸町10,地下鉄箱崎線「中洲川端」徒歩9分,54.49,1LDK+S（納戸）,2003年1月,https://suumo.jp//ms/chuko/fukuoka/sc_fukuokashihakata/nc_78475513/,中洲川端,地下鉄箱崎線,9,2003-01-01,23,78475513
ダイナコートエスパシオ舞鶴,4400,福岡県福岡市中央区舞鶴２,地下鉄空港線「赤坂」徒歩6分,52.92,2LDK,1996年11月,https://suumo.jp//ms/chuko/fukuoka/sc_fukuokashichuo/nc_20152977/,赤坂,地下鉄空港線,6,1996-11-01,30,20152977
オープンレジデンシア博多空港通り(未入居),4448,福岡県福岡市博多区東光２-6-12,ＪＲ篠栗線「博多」徒歩12分,48.97,2LDK,2024年8月,https://suumo.jp//ms/chuko/fukuoka/sc_fukuokashihakata/nc_78334003/,博多,ＪＲ篠栗線,12,2024-08-01,2,78334003
ロワールマンション大濠Ⅱ,4450,福岡県福岡市中央区荒戸２,地下鉄空港線「大濠公園」徒歩3分,67.29,2LDK,1986年11月,https://suumo.jp//ms/chuko/fukuoka/sc_fukuokashichuo/nc_20236085/,大濠公園,地下鉄空港線,3,1986-11-01,40,20236085
ＭＪＲ博多ザ・レジデンス,4450,福岡県福岡市博多区美野島１,ＪＲ鹿児島本線「博多」徒歩13分,41.57,1LDK,2025年1月,https://suumo.jp//ms/chuko/fukuoka/sc_fukuokashihakata/nc_78569633/,博多,ＪＲ鹿児島本線,13,2025-01-01,1,78569633
デュオヴェール博多駅,4480,福岡県福岡市博多区博多駅東１,ＪＲ鹿児島本線「博多」徒歩8分,43.82,1LDK,2023年6月,https://suumo.jp//ms/chuko/fukuoka/sc_fukuokashihakata/nc_20392505/,博多,ＪＲ鹿児島本線,8,2023-06-01,3,20392505
コアマンション城南ネクステージ,4490,福岡県福岡市城南区田島１,地下鉄七隈線「別府」徒歩13分,77.02,3LDK,2004年10月,https://suumo.jp//ms/chuko/fukuoka/sc_fukuokashijonan/nc_20370315/,別府,地下鉄七隈線,13,2004-10-01,22,20370315
藤和シティコープ平尾駅前,4490,福岡県福岡市中央区那の川２,地下鉄七隈線「薬院」徒歩14分,66.82,3LDK,1996年3月,https://suumo.jp//ms/chuko/fukuoka/sc_fukuokashichuo/nc_20724060/,薬院,地下鉄七隈線,14,1996-03-01,30,20724060
藤和シティコープ平尾駅前,4490,福岡県福岡市中央区那の川２-11-10,西鉄天神大牟田線「薬院」徒歩13分,66.82,3LDK,1996年3月,https://suumo.jp//ms/chuko/fukuoka/sc_fukuokashichuo/nc_20700961/,薬院,西鉄天神大牟田線,13,1996-03-01,30,20700961
クリオラベルヴィ呉服町,4499,福岡県福岡市博多区下呉服町3,地下鉄箱崎線「中洲川端」徒歩12分,47.0,2LDK,2018年1月,https://suumo.jp//ms/chuko/fukuoka/sc_fukuokashihakata/nc_20127359/,中洲川端,地下鉄箱崎線,12,2018-01-01,8,20127359
コスモ博多古門戸,4499,福岡県福岡市博多区古門戸町,地下鉄空港線「中洲川端」徒歩9分,54.49,1LDK+S（納戸）,2003年1月,https://suumo.jp//ms/chuko/fukuoka/sc_fukuokashihakata/nc_20723493/,中洲川端,地下鉄空港線,9,2003-01-01,23,20723493
クリオラベルヴィ呉服町,4499,福岡県福岡市博多区下呉服町,地下鉄空港線「中洲川端」徒歩12分,47.0,2LDK,2018年1月,https://suumo.jp//ms/chuko/fukuoka/sc_fukuokashihakata/nc_20676490/,中洲川端,地下鉄空港線,12,2018-01-01,8,20676490
クリオラベルヴィ呉服町,4499,福岡県福岡市博多区下呉服町,地下鉄空港線「中洲川端」徒歩12分,47.0,2LDK,2018年1月,https://suumo.jp//ms/chuko/fukuoka/sc_fukuokashihakata/nc_20114248/,中洲川端,地下鉄空港線,12,2018-01-01,8,20114248
シティマンション大名,4500,福岡県福岡市中央区大名１,地下鉄空港線「赤坂」徒歩6分,64.98,3LDK,1987年1月,https://suumo.jp//ms/chuko/fukuoka/sc_fukuokashichuo/nc_78307032/,赤坂,地下鉄空港線,6,1987-01-01,39,78307032
ライオンズマンション大濠第二,4580,福岡県福岡市中央区黒門,地下鉄空港線「唐人町」徒歩3分,72.5,3LDK,1983年2月,https://suumo.jp//ms/chuko/fukuoka/sc_fukuokashichuo/nc_20623163/,唐人町,地下鉄空港線,3,1983-02-01,43,20623163
デュオヴェール薬院est,4580,福岡県福岡市中央区高砂１,西鉄天神大牟田線「薬院」徒歩7分,43.81,2LDK,2021年1月,https://suumo.jp//ms/chuko/fukuoka/sc_fukuokashichuo/nc_20804712/,薬院,西鉄天神大牟田線,7,2021-01-01,5,20804712
ペルル大濠公園,4580,福岡県福岡市中央区荒戸３,地下鉄空港線「大濠公園」徒歩9分,59.03,2LDK,1999年7月,https://suumo.jp//ms/chuko/fukuoka/sc_fukuokashichuo/nc_20880886/,大濠公園,地下鉄空港線,9,1999-07-01,27,20880886
ティアラ薬院,4580,福岡県福岡市中央区薬院２,地下鉄七隈線「薬院大通」徒歩3分,87.4,2LDK,1991年12月,https://suumo.jp//ms/chuko/fukuoka/sc_fukuokashichuo/nc_74671558/,薬院大通,地下鉄七隈線,3,1991-12-01,35,74671558
デュオヴェール薬院est,4580,福岡県福岡市中央区高砂１,西鉄天神大牟田線「薬院」徒歩7分,43.81,2LDK,2021年1月,https://suumo.jp//ms/chuko/fukuoka/sc_fukuokashichuo/nc_20826258/,薬院,西鉄天神大牟田線,7,2021-01-01,5,20826258
西新防塁パーク・マンション,4598,福岡県福岡市早良区西新７-2-46,地下鉄空港線「藤崎」徒歩7分,65.49,3LDK,1994年7月,https://suumo.jp//ms/chuko/fukuoka/sc_fukuokashisawara/nc_20610563/,藤崎,地下鉄空港線,7,1994-07-01,32,20610563
西新防塁パーク・マンション,4598,福岡県福岡市早良区西新７,地下鉄空港線「藤崎」徒歩7分,65.49,3LDK,1994年7月,https://suumo.jp//ms/chuko/fukuoka/sc_fukuokashisawara/nc_20799847/,藤崎,地下鉄空港線,7,1994-07-01,32,20799847
西新防塁パーク・マンション,4598,福岡県福岡市早良区西新７,地下鉄空港線「藤崎」徒歩7分,65.49,3LDK,1994年7月,https://suumo.jp//ms/chuko/fukuoka/sc_fukuokashisawara/nc_20915658/,藤崎,地下鉄空港線,7,1994-07-01,32,20915658
西新防塁パーク・マンション,4598,福岡県福岡市早良区西新７,地下鉄空港線「藤崎」徒歩8分,65.49,3LDK,1994年7月,https://suumo.jp//ms/chuko/fukuoka/sc_fukuokashisawara/nc_20842844/,藤崎,地下鉄空港線,8,1994-07-01,32,20842844
西新防塁パークマンション,4598,福岡県福岡市早良区西新７-2-46,地下鉄空港線「藤崎」徒歩8分,65.49,3LDK,1994年7月,https://suumo.jp//ms/chuko/fukuoka/sc_fukuokashisawara/nc_20872065/,藤崎,地下鉄空港線,8,1994-07-01,32,20872065
西新防塁パーク・マンション502号,4598,福岡県福岡市早良区西新７,地下鉄空港線「藤崎」徒歩7分,65.49,3LDK,1994年7月,https://suumo.jp//ms/chuko/fukuoka/sc_fukuokashisawara/nc_20822299/,藤崎,地下鉄空港線,7,1994-07-01,32,20822299
エンクレストベイサイド通り,4599,福岡県福岡市博多区築港本町,地下鉄空港線「中洲川端」徒歩13分,54.65,1LDK+S（納戸）,2016年6月,https://suumo.jp//ms/chuko/fukuoka/sc_fukuokashihakata/nc_79015073/,中洲川端,地下鉄空港線,13,2016-06-01,10,79015073
ロイヤルマンション西新◆☆上質なデザイン空間☆◆,4599,福岡県福岡市早良区祖原,地下鉄空港線「西新」徒歩8分,84.48,4LDK,1987年11月,https://suumo.jp//ms/chuko/fukuoka/sc_fukuokashisawara/nc_20854622/,西新,地下鉄空港線,8,1987-11-01,39,20854622
エンクレストベイサイド通り,4599,福岡県福岡市博多区築港本町7-14,地下鉄空港線「中洲川端」徒歩12分,54.65,1LDK+S（納戸）,2016年5月,https://suumo.jp//ms/chuko/fukuoka/sc_fukuokashihakata/nc_20420878/,中洲川端,地下鉄空港線,12,2016-05-01,10,20420878
エンクレストベイサイド通り1408号,4599,福岡県福岡市博多区築港本町,地下鉄箱崎線「中洲川端」徒歩15分,54.65,1LDK+S（納戸）,2016年5月,https://suumo.jp//ms/chuko/fukuoka/sc_fukuokashihakata/nc_20301800/,中洲川端,地下鉄箱崎線,15,2016-05-01,10,20301800
エンクレストベイサイド通り,4599,福岡県福岡市博多区築港本町,地下鉄空港線「中洲川端」徒歩14分,54.65,1LDK+S（納戸）,2016年5月,https://suumo.jp//ms/chuko/fukuoka/sc_fukuokashihakata/nc_20590556/,中洲川端,地下鉄空港線,14,2016-05-01,10,20590556
エンクレストベイサイド通り,4599,福岡県福岡市博多区築港本町,地下鉄空港線「中洲川端」徒歩14分,54.65,1LDK+S（納戸）,2016年5月,https://suumo.jp//ms/chuko/fukuoka/sc_fukuokashihakata/nc_20449213/,中洲川端,地下鉄空港線,14,2016-05-01,10,20449213
エンクレストベイサイド通り,4599,福岡県福岡市博多区築港本町7,地下鉄箱崎線「中洲川端」徒歩12分,54.65,1LDK,2016年5月,https://suumo.jp//ms/chuko/fukuoka/sc_fukuokashihakata/nc_78957204/,中洲川端,地下鉄箱崎線,12,2016-05-01,10,78957204
エンクレストベイサイド通り,4599,福岡県福岡市博多区築港本町,地下鉄空港線「中洲川端」徒歩14分,54.65,1LDK+S（納戸）,2016年5月,https://suumo.jp//ms/chuko/fukuoka/sc_fukuokashihakata/nc_20542835/,中洲川端,地下鉄空港線,14,2016-05-01,10,20542835
エンクレストベイサイド通り,4599,福岡県福岡市博多区築港本町7-14,地下鉄空港線「中洲川端」徒歩15分,54.65,1LDK+S（納戸）,2016年5月,https://suumo.jp//ms/chuko/fukuoka/sc_fukuokashihakata/nc_20776671/,中洲川端,地下鉄空港線,15,2016-05-01,10,20776671
エンクレストベイサイド通り,4599,福岡県福岡市博多区築港本町,地下鉄空港線「中洲川端」徒歩12分,54.65,1LDK,2016年5月,https://suumo.jp//ms/chuko/fukuoka/sc_fukuokashihakata/nc_79220129/,中洲川端,地下鉄空港線,12,2016-05-01,10,79220129
エンクレストベイサイド通り,4599,福岡県福岡市博多区築港本町,地下鉄空港線「中洲川端」徒歩13分,54.65,1LDK+S（納戸）,2016年5月,https://suumo.jp//ms/chuko/fukuoka/sc_fukuokashihakata/nc_78937325/,中洲川端,地下鉄空港線,13,2016-05-01,10,78937325
ロイヤルマンション西新,4599,福岡県福岡市早良区祖原,地下鉄空港線「西新」徒歩10分,84.48,4LDK,1987年11月,https://suumo.jp//ms/chuko/fukuoka/sc_fukuokashisawara/nc_20798870/,西新,地下鉄空港線,10,1987-11-01,39,20798870
ロイヤルマンション西新,4599,福岡県福岡市早良区祖原,地下鉄空港線「西新」徒歩8分,84.48,4LDK,1987年11月,https://suumo.jp//ms/chuko/fukuoka/sc_fukuokashisawara/nc_20544576/,西新,地下鉄空港線,8,1987-11-01,39,20544576
エンクレストベイサイド通り,4599,福岡県福岡市博多区築港本町,地下鉄空港線「中洲川端」徒歩12分,54.65,1LDK,2016年5月,https://suumo.jp//ms/chuko/fukuoka/sc_fukuokashihakata/nc_78942216/,中洲川端,地下鉄空港線,12,2016-05-01,10,78942216
ロイヤルマンション西新,4599,福岡県福岡市早良区祖原23‐20,地下鉄空港線「西新」徒歩12分,84.48,4LDK,1987年11月,https://suumo.jp//ms/chuko/fukuoka/sc_fukuokashisawara/nc_20582566/,西新,地下鉄空港線,12,1987-11-01,39,20582566
エンクレストベイサイド通り,4599,福岡県福岡市博多区築港本町,地下鉄空港線「中洲川端」徒歩13分,54.65,1LDK+S（納戸）,2016年5月,https://suumo.jp//ms/chuko/fukuoka/sc_fukuokashihakata/nc_20594589/,中洲川端,地下鉄空港線,13,2016-05-01,10,20594589
ロイヤルマンション西新,4599,福岡県福岡市早良区祖原23-20,地下鉄空港線「西新」徒歩8分,84.48,4LDK,1987年11月,https://suumo.jp//ms/chuko/fukuoka/sc_fukuokashisawara/nc_20547639/,西新,地下鉄空港線,8,1987-11-01,39,20547639
ロイヤルマンション西新,4599,福岡県福岡市早良区祖原,地下鉄空港線「西新」徒歩12分,84.48,4LDK,1987年11月,https://suumo.jp//ms/chuko/fukuoka/sc_fukuokashisawara/nc_20846078/,西新,地下鉄空港線,12,1987-11-01,39,20846078
西公園ツインタワー,4630,福岡県福岡市中央区荒戸２,地下鉄空港線「大濠公園」徒歩8分,83.05,3LDK,1990年1月,https://suumo.jp//ms/chuko/fukuoka/sc_fukuokashichuo/nc_20650003/,大濠公園,地下鉄空港線,8,1990-01-01,36,20650003
平尾フェニックスマンション,4650,福岡県福岡市中央区平尾１,西鉄天神大牟田線「薬院」徒歩6分,61.29,3LDK,1991年10月,https://suumo.jp//ms/chuko/fukuoka/sc_fukuokashichuo/nc_20577801/,薬院,西鉄天神大牟田線,6,1991-10-01,35,20577801
ソレイユ赤坂南,4680,福岡県福岡市中央区六本松３,地下鉄七隈線「六本松」徒歩9分,75.03,3LDK,1989年10月,https://suumo.jp//ms/chuko/fukuoka/sc_fukuokashichuo/nc_20277705/,六本松,地下鉄七隈線,9,1989-10-01,37,20277705
シティライフ呉服町,4680,福岡県福岡市博多区下呉服町,地下鉄空港線「中洲川端」徒歩13分,64.76,2LDK,2000年2月,https://suumo.jp//ms/chuko/fukuoka/sc_fukuokashihakata/nc_20333444/,中洲川端,地下鉄空港線,13,2000-02-01,26,20333444
ジャルダン大濠,4680,福岡県福岡市中央区草香江２,地下鉄七隈線「六本松」徒歩6分,86.13,3LDK,1981年3月,https://suumo.jp//ms/chuko/fukuoka/sc_fukuokashichuo/nc_20463772/,六本松,地下鉄七隈線,6,1981-03-01,45,20463772
アーサー別府プレミアム,4680,福岡県福岡市城南区別府４,地下鉄七隈線「別府」徒歩8分,82.22,4LDK,2003年7月,https://suumo.jp//ms/chuko/fukuoka/sc_fukuokashijonan/nc_20857703/,別府,地下鉄七隈線,8,2003-07-01,23,20857703
東急ドエル・アルス博多・古門戸町,4690,福岡県福岡市博多区古門戸町,地下鉄箱崎線「中洲川端」徒歩6分,55.39,2LDK,1997年2月,https://suumo.jp//ms/chuko/fukuoka/sc_fukuokashihakata/nc_20667143/,中洲川端,地下鉄箱崎線,6,1997-02-01,29,20667143
アルファライフ博多プレシャス,4699,福岡県福岡市博多区住吉５-5-22,ＪＲ鹿児島本線「博多」徒歩14分,53.04,1LDK,2011年3月,https://suumo.jp//ms/chuko/fukuoka/sc_fukuokashihakata/nc_20582554/,博多,ＪＲ鹿児島本線,14,2011-03-01,15,20582554
アルファライフ博多,4699,福岡県福岡市博多区住吉５,ＪＲ鹿児島本線「博多」徒歩14分,53.04,1LDK,2011年3月,https://suumo.jp//ms/chuko/fukuoka/sc_fukuokashihakata/nc_79167310/,博多,ＪＲ鹿児島本線,14,2011-03-01,15,79167310
エンクレストベイサイド通り,4699,福岡県福岡市博多区築港本町,地下鉄空港線「中洲川端」徒歩13分,54.65,1LDK,2016年5月,https://suumo.jp//ms/chuko/fukuoka/sc_fukuokashihakata/nc_78772537/,中洲川端,地下鉄空港線,13,2016-05-01,10,78772537
アルファライフ博多,4699,福岡県福岡市博多区住吉５-5-22,ＪＲ鹿児島本線「博多」徒歩12分,53.04,1LDK,2011年3月,https://suumo.jp//ms/chuko/fukuoka/sc_fukuokashihakata/nc_20554532/,博多,ＪＲ鹿児島本線,12,2011-03-01,15,20554532
アルファライフ博多,4699,福岡県福岡市博多区住吉５-5-22,ＪＲ篠栗線「博多」徒歩14分,53.04,1LDK,2011年3月,https://suumo.jp//ms/chuko/fukuoka/sc_fukuokashihakata/nc_20550610/,博多,ＪＲ篠栗線,14,2011-03-01,15,20550610
アルファライフ博多,4699,福岡県福岡市博多区住吉５-5-22,ＪＲ篠栗線「博多」徒歩14分,53.04,1LDK,2011年3月,https://suumo.jp//ms/chuko/fukuoka/sc_fukuokashihakata/nc_20733990/,博多,ＪＲ篠栗線,14,2011-03-01,15,20733990
アルファライフ博多,4699,福岡県福岡市博多区住吉５,ＪＲ鹿児島本線「博多」徒歩13分,53.04,1LDK,2011年3月,https://suumo.jp//ms/chuko/fukuoka/sc_fukuokashihakata/nc_20823573/,博多,ＪＲ鹿児島本線,13,2011-03-01,15,20823573
アルファライフ博多,4699,福岡県福岡市博多区住吉５-5-22,ＪＲ篠栗線「博多」徒歩14分,53.04,1LDK,2011年3月,https://suumo.jp//ms/chuko/fukuoka/sc_fukuokashihakata/nc_20163293/,博多,ＪＲ篠栗線,14,2011-03-01,15,20163293
アルファライフ博多プレシャス,4699,福岡県福岡市博多区住吉５,地下鉄七隈線「博多」徒歩15分,53.04,1LDK,2011年3月,https://suumo.jp//ms/chuko/fukuoka/sc_fukuokashihakata/nc_20590548/,博多,地下鉄七隈線,15,2011-03-01,15,20590548
アルファライフ博多,4699,福岡県福岡市博多区住吉５,地下鉄七隈線「博多」徒歩13分,53.04,1LDK,2011年3月,https://suumo.jp//ms/chuko/fukuoka/sc_fukuokashihakata/nc_20554328/,博多,地下鉄七隈線,13,2011-03-01,15,20554328
アルファライフ博多,4699,福岡県福岡市博多区住吉５,ＪＲ鹿児島本線「博多」徒歩13分,53.04,1LDK,2011年3月,https://suumo.jp//ms/chuko/fukuoka/sc_fukuokashihakata/nc_20610221/,博多,ＪＲ鹿児島本線,13,2011-03-01,15,20610221
エンクレストベイサイド通り,4699,福岡県福岡市博多区築港本町7-14,地下鉄空港線「中洲川端」徒歩15分,54.65,1LDK,2016年5月,https://suumo.jp//ms/chuko/fukuoka/sc_fukuokashihakata/nc_20582550/,中洲川端,地下鉄空港線,15,2016-05-01,10,20582550
アルファライフ博多,4699,福岡県福岡市博多区住吉５,ＪＲ鹿児島本線「博多」徒歩14分,53.04,1LDK,2011年3月,https://suumo.jp//ms/chuko/fukuoka/sc_fukuokashihakata/nc_20658691/,博多,ＪＲ鹿児島本線,14,2011-03-01,15,20658691
アルファライフ博多,4699,福岡県福岡市博多区住吉５,ＪＲ鹿児島本線「博多」徒歩14分,53.04,1LDK,2011年3月,https://suumo.jp//ms/chuko/fukuoka/sc_fukuokashihakata/nc_20611107/,博多,ＪＲ鹿児島本線,14,2011-03-01,15,20611107
アルファライフ博多,4699,福岡県福岡市博多区住吉５,ＪＲ鹿児島本線「博多」徒歩14分,53.04,1LDK,2011年3月,https://suumo.jp//ms/chuko/fukuoka/sc_fukuokashihakata/nc_20564572/,博多,ＪＲ鹿児島本線,14,2011-03-01,15,20564572
アルファライフ博多,4699,福岡県福岡市博多区住吉５,地下鉄七隈線「博多」徒歩13分,53.04,1LDK,2011年3月,https://suumo.jp//ms/chuko/fukuoka/sc_fukuokashihakata/nc_20155224/,博多,地下鉄七隈線,13,2011-03-01,15,20155224
アルファライフ博多,4699,福岡県福岡市博多区住吉５,ＪＲ鹿児島本線「博多」徒歩14分,53.04,1LDK,2011年3月,https://suumo.jp//ms/chuko/fukuoka/sc_fukuokashihakata/nc_20875883/,博多,ＪＲ鹿児島本線,14,2011-03-01,15,20875883
アルファライフ博多,4699,福岡県福岡市博多区住吉５-5-22,地下鉄七隈線「博多」徒歩13分,53.04,1LDK,2011年3月,https://suumo.jp//ms/chuko/fukuoka/sc_fukuokashihakata/nc_20886121/,博多,地下鉄七隈線,13,2011-03-01,15,20886121
アルファライフ博多,4699,福岡県福岡市博多区住吉５-5-22,ＪＲ鹿児島本線「博多」徒歩14分,53.04,1LDK,2011年3月,https://suumo.jp//ms/chuko/fukuoka/sc_fukuokashihakata/nc_20201860/,博多,ＪＲ鹿児島本線,14,2011-03-01,15,20201860
シーサイドももちイーストステージ３号棟,4700,福岡県福岡市早良区百道浜１,地下鉄空港線「西新」徒歩13分,99.78,4LDK,1989年5月,https://suumo.jp//ms/chuko/fukuoka/sc_fukuokashisawara/nc_20909177/,西新,地下鉄空港線,13,1989-05-01,37,20909177
アートウィル赤坂,4780,福岡県福岡市中央区赤坂３,地下鉄七隈線「桜坂」徒歩10分,65.61,2LDK,1994年10月,https://suumo.jp//ms/chuko/fukuoka/sc_fukuokashichuo/nc_20272769/,桜坂,地下鉄七隈線,10,1994-10-01,32,20272769
オープンレジデンシア博多空港通り,4780,福岡県福岡市博多区東光２,ＪＲ鹿児島本線「博多」徒歩9分,48.97,2LDK,2024年7月,https://suumo.jp//ms/chuko/fukuoka/sc_fukuokashihakata/nc_20593483/,博多,ＪＲ鹿児島本線,9,2024-07-01,2,20593483
サングレート博多ロイヤルステージ,4780,福岡県福岡市博多区半道橋１,地下鉄空港線「東比恵」徒歩12分,91.02,4LDK,2012年10月,https://suumo.jp//ms/chuko/fukuoka/sc_fukuokashihakata/nc_78475889/,東比恵,地下鉄空港線,12,2012-10-01,14,78475889
オリエントハイツ別府,4790,福岡県福岡市城南区別府１,地下鉄七隈線「別府」徒歩1分,84.0,3LDK,1990年5月,https://suumo.jp//ms/chuko/fukuoka/sc_fukuokashijonan/nc_20199429/,別府,地下鉄七隈線,1,1990-05-01,36,20199429
西公園ツインタワー,4798,福岡県福岡市中央区荒戸２,地下鉄空港線「大濠公園」徒歩10分,83.05,3LDK,1990年1月,https://suumo.jp//ms/chuko/fukuoka/sc_fukuokashichuo/nc_20760407/,大濠公園,地下鉄空港線,10,1990-01-01,36,20760407
ライオンズガーデンシティ鳥飼3番館,4800,福岡県福岡市城南区鳥飼４-4-44,地下鉄七隈線「別府」徒歩11分,83.86,4LDK,1998年3月,https://suumo.jp//ms/chuko/fukuoka/sc_fukuokashijonan/nc_20853694/,別府,地下鉄七隈線,11,1998-03-01,28,20853694
アーバンパレスアクス大濠Ⅱ,4890,福岡県福岡市中央区荒戸３-3-15,地下鉄空港線「唐人町」徒歩5分,74.2,3LDK,1999年3月,https://suumo.jp//ms/chuko/fukuoka/sc_fukuokashichuo/nc_76431436/,唐人町,地下鉄空港線,5,1999-03-01,27,76431436
オープンレジデンシア天神今泉,4900,福岡県福岡市中央区今泉２,地下鉄七隈線「薬院大通」徒歩6分,46.01,2LDK,2023年9月,https://suumo.jp//ms/chuko/fukuoka/sc_fukuokashichuo/nc_78553902/,薬院大通,地下鉄七隈線,6,2023-09-01,3,78553902
サーパス桜坂,4900,福岡県福岡市中央区桜坂３,地下鉄七隈線「桜坂」徒歩5分,71.63,3LDK,2000年6月,https://suumo.jp//ms/chuko/fukuoka/sc_fukuokashichuo/nc_20031460/,桜坂,地下鉄七隈線,5,2000-06-01,26,20031460
オープンレジデンシア天神今泉,4900,福岡県福岡市中央区今泉２,地下鉄七隈線「薬院大通」徒歩6分,46.01,2LDK,2023年9月,https://suumo.jp//ms/chuko/fukuoka/sc_fukuokashichuo/nc_79170354/,薬院大通,地下鉄七隈線,6,2023-09-01,3,79170354
エンゼルハイム鳥飼中央,4980,福岡県福岡市中央区鳥飼１-4-43,地下鉄七隈線「別府」徒歩13分,75.68,3LDK,2001年3月,https://suumo.jp//ms/chuko/fukuoka/sc_fukuokashichuo/nc_20604902/,別府,地下鉄七隈線,13,2001-03-01,25,20604902
エンゼルハイム鳥飼中央,4980,福岡県福岡市中央区鳥飼１,地下鉄空港線「唐人町」徒歩15分,75.68,3LDK,2001年3月,https://suumo.jp//ms/chuko/fukuoka/sc_fukuokashichuo/nc_20842992/,唐人町,地下鉄空港線,15,2001-03-01,25,20842992
グランコート高砂,4980,福岡県福岡市中央区高砂２,地下鉄七隈線「薬院」徒歩12分,64.23,3LDK,1996年7月,https://suumo.jp//ms/chuko/fukuoka/sc_fukuokashichuo/nc_20743794/,薬院,地下鉄七隈線,12,1996-07-01,30,20743794
エンゼルハイム鳥飼中央,4980,福岡県福岡市中央区鳥飼１,地下鉄七隈線「六本松」徒歩15分,75.68,3LDK,2001年3月,https://suumo.jp//ms/chuko/fukuoka/sc_fukuokashichuo/nc_20507192/,六本松,地下鉄七隈線,15,2001-03-01,25,20507192
エンゼルハイム鳥飼中央,4980,福岡県福岡市中央区鳥飼１-４－４３,地下鉄空港線「西新」徒歩13分,75.68,3LDK,2001年3月,https://suumo.jp//ms/chuko/fukuoka/sc_fukuokashichuo/nc_78757591/,西新,地下鉄空港線,13,2001-03-01,25,78757591
エンゼルハイム鳥飼中央,4980,福岡県福岡市中央区鳥飼１,地下鉄空港線「西新」徒歩15分,75.68,3LDK,2001年2月,https://suumo.jp//ms/chuko/fukuoka/sc_fukuokashichuo/nc_20896322/,西新,地下鉄空港線,15,2001-02-01,25,20896322
コモダスパッソ天神,4980,福岡県福岡市中央区渡辺通５,地下鉄七隈線「天神南」徒歩3分,62.44,1LDK+S（納戸）,2000年10月,https://suumo.jp//ms/chuko/fukuoka/sc_fukuokashichuo/nc_20577808/,天神南,地下鉄七隈線,3,2000-10-01,26,20577808
シティハウス六本松ツインタワーズ,4980,福岡県福岡市中央区草香江２,地下鉄七隈線「六本松」徒歩3分,63.21,2LDK,2009年3月,https://suumo.jp//ms/chuko/fukuoka/sc_fukuokashichuo/nc_20763546/,六本松,地下鉄七隈線,3,2009-03-01,17,20763546
サングレート薬院駅ロイヤルウィン,4980,福岡県福岡市中央区平尾１,西鉄天神大牟田線「薬院」徒歩5分,55.72,2LDK,2003年11月,https://suumo.jp//ms/chuko/fukuoka/sc_fukuokashichuo/nc_20538366/,薬院,西鉄天神大牟田線,5,2003-11-01,23,20538366
エンゼルハイム鳥飼中央,4980,福岡県福岡市中央区鳥飼１,地下鉄空港線「唐人町」徒歩15分,75.68,3LDK,2001年3月,https://suumo.jp//ms/chuko/fukuoka/sc_fukuokashichuo/nc_20786093/,唐人町,地下鉄空港線,15,2001-03-01,25,20786093
アンピール別府Ⅱ,4990,福岡県福岡市城南区別府３,地下鉄七隈線「別府」徒歩2分,71.25,3LDK,1993年8月,https://suumo.jp//ms/chuko/fukuoka/sc_fukuokashijonan/nc_20594520/,別府,地下鉄七隈線,2,1993-08-01,33,20594520
アンピール別府Ⅱ◆駅徒歩2分の好立地×角部屋×リフォ…,4990,福岡県福岡市城南区別府３,地下鉄七隈線「別府」徒歩3分,71.25,3LDK,1993年12月,https://suumo.jp//ms/chuko/fukuoka/sc_fukuokashijonan/nc_20609312/,別府,地下鉄七隈線,3,1993-12-01,33,20609312
アンピール別府Ⅱ,4990,福岡県福岡市城南区別府３,地下鉄七隈線「別府」徒歩2分,71.25,3LDK,1993年8月,https://suumo.jp//ms/chuko/fukuoka/sc_fukuokashijonan/nc_20610961/,別府,地下鉄七隈線,2,1993-08-01,33,20610961
アンピール別府Ⅱ,4990,福岡県福岡市城南区別府３,地下鉄七隈線「別府」徒歩2分,71.25,3LDK,1993年9月,https://suumo.jp//ms/chuko/fukuoka/sc_fukuokashijonan/nc_20577594/,別府,地下鉄七隈線,2,1993-09-01,33,20577594
アンピール別府Ⅱ,4990,福岡県福岡市城南区別府３-2-13,地下鉄七隈線「別府」徒歩2分,71.25,3LDK,1993年9月,https://suumo.jp//ms/chuko/fukuoka/sc_fukuokashijonan/nc_20208386/,別府,地下鉄七隈線,2,1993-09-01,33,20208386
アンピール別府II,4990,福岡県福岡市城南区別府３,地下鉄七隈線「別府」徒歩2分,71.25,3LDK,1993年12月,https://suumo.jp//ms/chuko/fukuoka/sc_fukuokashijonan/nc_20559073/,別府,地下鉄七隈線,2,1993-12-01,33,20559073
クリスタージュ２番館,4990,福岡県福岡市早良区百道浜４,地下鉄空港線「藤崎」徒歩11分,102.28,4LDK,1992年5月,https://suumo.jp//ms/chuko/fukuoka/sc_fukuokashisawara/nc_78014368/,藤崎,地下鉄空港線,11,1992-05-01,34,78014368
コスモ大手門,5090,福岡県福岡市中央区大手門２,地下鉄空港線「大濠公園」徒歩8分,58.39,2LDK,2002年2月,https://suumo.jp//ms/chuko/fukuoka/sc_fukuokashichuo/nc_20478980/,大濠公園,地下鉄空港線,8,2002-02-01,24,20478980
コスモ大手門,5090,福岡県福岡市中央区大手門２,地下鉄空港線「大濠公園」徒歩6分,61.2,2LDK,2002年2月,https://suumo.jp//ms/chuko/fukuoka/sc_fukuokashichuo/nc_20491493/,大濠公園,地下鉄空港線,6,2002-02-01,24,20491493
コスモ大手門,5090,福岡県福岡市中央区大手門２,地下鉄空港線「大濠公園」徒歩8分,61.2,2LDK,2002年2月,https://suumo.jp//ms/chuko/fukuoka/sc_fukuokashichuo/nc_79198282/,大濠公園,地下鉄空港線,8,2002-02-01,24,79198282
ヒルズ平尾,5200,福岡県福岡市中央区平尾４,地下鉄七隈線「薬院」徒歩15分,80.79,2LDK,1998年2月,https://suumo.jp//ms/chuko/fukuoka/sc_fukuokashichuo/nc_20594188/,薬院,地下鉄七隈線,15,1998-02-01,28,20594188
デュ・レジア大濠,5200,福岡県福岡市中央区黒門,地下鉄空港線「唐人町」徒歩2分,42.27,1LDK,2020年11月,https://suumo.jp//ms/chuko/fukuoka/sc_fukuokashichuo/nc_79096578/,唐人町,地下鉄空港線,2,2020-11-01,6,79096578
ダイナコートブロッサム藤崎,5200,福岡県福岡市早良区弥生１,地下鉄空港線「藤崎」徒歩6分,85.77,3LDK,1996年4月,https://suumo.jp//ms/chuko/fukuoka/sc_fukuokashisawara/nc_20731815/,藤崎,地下鉄空港線,6,1996-04-01,30,20731815
アメックス博多ベルテックステージ,5280,福岡県福岡市博多区下川端町,地下鉄空港線「中洲川端」徒歩3分,42.66,1LDK,2010年1月,https://suumo.jp//ms/chuko/fukuoka/sc_fukuokashihakata/nc_20354640/,中洲川端,地下鉄空港線,3,2010-01-01,16,20354640
ロイヤルマンションユトリテ田島,5280,福岡県福岡市城南区田島１-4-18,地下鉄七隈線「別府」徒歩13分,91.98,3LDK+S（納戸）,2005年3月,https://suumo.jp//ms/chuko/fukuoka/sc_fukuokashijonan/nc_20646788/,別府,地下鉄七隈線,13,2005-03-01,21,20646788
サントーア薬院,5280,福岡県福岡市中央区薬院２,地下鉄七隈線「薬院大通」徒歩5分,73.35,2LDK,1995年8月,https://suumo.jp//ms/chuko/fukuoka/sc_fukuokashichuo/nc_20171965/,薬院大通,地下鉄七隈線,5,1995-08-01,31,20171965
エスポワール城西,5280,福岡県福岡市早良区城西３,地下鉄空港線「西新」徒歩4分,67.29,3LDK,1994年9月,https://suumo.jp//ms/chuko/fukuoka/sc_fukuokashisawara/nc_20753981/,西新,地下鉄空港線,4,1994-09-01,32,20753981
サントーア薬院,5280,福岡県福岡市中央区薬院２,地下鉄七隈線「薬院大通」徒歩3分,73.35,2LDK,1995年8月,https://suumo.jp//ms/chuko/fukuoka/sc_fukuokashichuo/nc_20271682/,薬院大通,地下鉄七隈線,3,1995-08-01,31,20271682
ＭＪＲ博多ザ・レジデンス,5280,福岡県福岡市博多区美野島１,地下鉄空港線「博多」徒歩13分,52.78,1LDK,2025年1月,https://suumo.jp//ms/chuko/fukuoka/sc_fukuokashihakata/nc_20483321/,博多,地下鉄空港線,13,2025-01-01,1,20483321
アーバンパレスアクス大濠II,5280,福岡県福岡市中央区荒戸３,地下鉄空港線「唐人町」徒歩6分,90.85,4LDK,1999年3月,https://suumo.jp//ms/chuko/fukuoka/sc_fukuokashichuo/nc_20826628/,唐人町,地下鉄空港線,6,1999-03-01,27,20826628
ＭＪＲ博多ザ・レジデンス,5280,福岡県福岡市博多区美野島１,ＪＲ鹿児島本線「博多」徒歩13分,52.78,1LDK,2025年1月,https://suumo.jp//ms/chuko/fukuoka/sc_fukuokashihakata/nc_20459569/,博多,ＪＲ鹿児島本線,13,2025-01-01,1,20459569
別府駅徒歩1分♪ロイヤルマンション別府　【担当：出田…,5280,福岡県福岡市城南区別府３,地下鉄七隈線「別府」徒歩4分,81.0,3LDK,1986年4月,https://suumo.jp//ms/chuko/fukuoka/sc_fukuokashijonan/nc_20702800/,別府,地下鉄七隈線,4,1986-04-01,40,20702800
ロマネスク浄水通り,5290,福岡県福岡市中央区薬院４,地下鉄七隈線「薬院大通」徒歩5分,91.98,3LDK,1986年7月,https://suumo.jp//ms/chuko/fukuoka/sc_fukuokashichuo/nc_20690452/,薬院大通,地下鉄七隈線,5,1986-07-01,40,20690452
ソピア大濠西,5290,福岡県福岡市中央区鳥飼３,地下鉄空港線「西新」徒歩10分,69.57,3LDK,1999年3月,https://suumo.jp//ms/chuko/fukuoka/sc_fukuokashichuo/nc_20133549/,西新,地下鉄空港線,10,1999-03-01,27,20133549
ソレイユ赤坂南,5298,福岡県福岡市中央区六本松３,地下鉄七隈線「桜坂」徒歩6分,75.03,3LDK,1989年10月,https://suumo.jp//ms/chuko/fukuoka/sc_fukuokashichuo/nc_20388737/,桜坂,地下鉄七隈線,6,1989-10-01,37,20388737
ソレイユ赤坂南,5298,福岡県福岡市中央区六本松３,地下鉄七隈線「桜坂」徒歩6分,75.03,3LDK,1989年10月,https://suumo.jp//ms/chuko/fukuoka/sc_fukuokashichuo/nc_20896320/,桜坂,地下鉄七隈線,6,1989-10-01,37,20896320
ソレイユ赤坂南,5298,福岡県福岡市中央区六本松３-5-35,地下鉄七隈線「桜坂」徒歩7分,75.03,3LDK,1989年10月,https://suumo.jp//ms/chuko/fukuoka/sc_fukuokashichuo/nc_20631173/,桜坂,地下鉄七隈線,7,1989-10-01,37,20631173
ソレイユ赤坂南,5298,福岡県福岡市中央区六本松３,地下鉄七隈線「桜坂」徒歩7分,75.03,3LDK,1989年10月,https://suumo.jp//ms/chuko/fukuoka/sc_fukuokashichuo/nc_20892786/,桜坂,地下鉄七隈線,7,1989-10-01,37,20892786
ダイアパレス・グランデージ博多駅前1004号,5380,福岡県福岡市博多区博多駅前４,ＪＲ鹿児島本線「博多」徒歩9分,71.76,3LDK,1998年7月,https://suumo.jp//ms/chuko/fukuoka/sc_fukuokashihakata/nc_20091063/,博多,ＪＲ鹿児島本線,9,1998-07-01,28,20091063
平尾フェニックスマンション,5380,福岡県福岡市中央区平尾１,西鉄天神大牟田線「薬院」徒歩6分,79.07,3LDK,1991年10月,https://suumo.jp//ms/chuko/fukuoka/sc_fukuokashichuo/nc_20451513/,薬院,西鉄天神大牟田線,6,1991-10-01,35,20451513
シーサイドももちアクアコート8番館,5380,福岡県福岡市早良区百道浜３,地下鉄空港線「藤崎」徒歩15分,81.53,3LDK,1993年11月,https://suumo.jp//ms/chuko/fukuoka/sc_fukuokashisawara/nc_20895176/,藤崎,地下鉄空港線,15,1993-11-01,33,20895176
ファーネスト西新南,5390,福岡県福岡市早良区昭代２,地下鉄空港線「藤崎」徒歩15分,77.96,4LDK,2000年8月,https://suumo.jp//ms/chuko/fukuoka/sc_fukuokashisawara/nc_20523002/,藤崎,地下鉄空港線,15,2000-08-01,26,20523002
南薬院パークマンション,5480,福岡県福岡市中央区薬院２-12-3,地下鉄七隈線「薬院大通」徒歩4分,72.08,3LDK,1985年5月,https://suumo.jp//ms/chuko/fukuoka/sc_fukuokashichuo/nc_20739587/,薬院大通,地下鉄七隈線,4,1985-05-01,41,20739587
コアマンション神屋町,5480,福岡県福岡市博多区神屋町,地下鉄空港線「中洲川端」徒歩10分,71.85,3LDK,1996年7月,https://suumo.jp//ms/chuko/fukuoka/sc_fukuokashihakata/nc_20782163/,中洲川端,地下鉄空港線,10,1996-07-01,30,20782163
イトーピア大濠,5480,福岡県福岡市中央区今川１-25-18,地下鉄空港線「唐人町」徒歩8分,95.31,3LDK+S（納戸）,1982年6月,https://suumo.jp//ms/chuko/fukuoka/sc_fukuokashichuo/nc_20760888/,唐人町,地下鉄空港線,8,1982-06-01,44,20760888
クリオラベルヴィ博多,5480,福岡県福岡市博多区比恵町,地下鉄空港線「東比恵」徒歩4分,54.01,2LDK,2019年10月,https://suumo.jp//ms/chuko/fukuoka/sc_fukuokashihakata/nc_20577788/,東比恵,地下鉄空港線,4,2019-10-01,7,20577788
クリスタージュ２番館,5480,福岡県福岡市早良区百道浜４,地下鉄空港線「藤崎」徒歩11分,102.28,4LDK,1992年5月,https://suumo.jp//ms/chuko/fukuoka/sc_fukuokashisawara/nc_78722109/,藤崎,地下鉄空港線,11,1992-05-01,34,78722109
ライオンズマンション天神南,5480,福岡県福岡市中央区今泉２,地下鉄七隈線「薬院大通」徒歩7分,86.02,1LDK,1992年3月,https://suumo.jp//ms/chuko/fukuoka/sc_fukuokashichuo/nc_20435722/,薬院大通,地下鉄七隈線,7,1992-03-01,34,20435722
アーサー大濠倶楽部スカイコート,5490,福岡県福岡市中央区荒戸３,地下鉄空港線「唐人町」徒歩4分,72.6,2LDK,1996年2月,https://suumo.jp//ms/chuko/fukuoka/sc_fukuokashichuo/nc_20714760/,唐人町,地下鉄空港線,4,1996-02-01,30,20714760
シティタワー大濠,5500,福岡県福岡市中央区六本松３,地下鉄七隈線「六本松」徒歩8分,76.68,3LDK,2000年3月,https://suumo.jp//ms/chuko/fukuoka/sc_fukuokashichuo/nc_20684097/,六本松,地下鉄七隈線,8,2000-03-01,26,20684097
シティタワー大濠,5500,福岡県福岡市中央区六本松３,地下鉄七隈線「六本松」徒歩8分,76.68,3LDK,2000年3月,https://suumo.jp//ms/chuko/fukuoka/sc_fukuokashichuo/nc_20696989/,六本松,地下鉄七隈線,8,2000-03-01,26,20696989
ライオンズシティ高砂,5590,福岡県福岡市中央区高砂１,地下鉄七隈線「薬院」徒歩7分,88.06,4LDK,2002年7月,https://suumo.jp//ms/chuko/fukuoka/sc_fukuokashichuo/nc_20884381/,薬院,地下鉄七隈線,7,2002-07-01,24,20884381
グランドメゾン鳥飼,5680,福岡県福岡市城南区鳥飼６-20-33,地下鉄七隈線「別府」徒歩7分,72.93,3LDK,2000年1月,https://suumo.jp//ms/chuko/fukuoka/sc_fukuokashijonan/nc_20715685/,別府,地下鉄七隈線,7,2000-01-01,26,20715685
グランドメゾン鳥飼,5680,福岡県福岡市城南区鳥飼６,地下鉄七隈線「別府」徒歩8分,72.93,3LDK,2000年1月,https://suumo.jp//ms/chuko/fukuoka/sc_fukuokashijonan/nc_20727247/,別府,地下鉄七隈線,8,2000-01-01,26,20727247
パレスト藤崎南,5680,福岡県福岡市早良区原１,地下鉄空港線「藤崎」徒歩13分,90.07,3LDK,2003年2月,https://suumo.jp//ms/chuko/fukuoka/sc_fukuokashisawara/nc_20884251/,藤崎,地下鉄空港線,13,2003-02-01,23,20884251
グランドメゾン鳥飼,5680,福岡県福岡市城南区鳥飼６,地下鉄七隈線「別府」徒歩8分,72.93,3LDK,2000年1月,https://suumo.jp//ms/chuko/fukuoka/sc_fukuokashijonan/nc_20753988/,別府,地下鉄七隈線,8,2000-01-01,26,20753988
グランドメゾン鳥飼,5680,福岡県福岡市城南区鳥飼６,地下鉄七隈線「別府」徒歩8分,72.93,3LDK,2000年1月,https://suumo.jp//ms/chuko/fukuoka/sc_fukuokashijonan/nc_20711824/,別府,地下鉄七隈線,8,2000-01-01,26,20711824
グランドメゾン鳥飼,5680,福岡県福岡市城南区鳥飼６-20-33,地下鉄七隈線「別府」徒歩10分,72.93,3LDK,2000年1月,https://suumo.jp//ms/chuko/fukuoka/sc_fukuokashijonan/nc_20884520/,別府,地下鉄七隈線,10,2000-01-01,26,20884520
モントーレ鳥飼ガーデン,5680,福岡県福岡市城南区鳥飼６,地下鉄七隈線「別府」徒歩5分,76.7,3LDK,2002年11月,https://suumo.jp//ms/chuko/fukuoka/sc_fukuokashijonan/nc_20918607/,別府,地下鉄七隈線,5,2002-11-01,24,20918607
ダイアパレス西公園Ⅱ,5680,福岡県福岡市中央区荒戸２,地下鉄空港線「大濠公園」徒歩7分,116.59,4LDK,1985年6月,https://suumo.jp//ms/chuko/fukuoka/sc_fukuokashichuo/nc_20401835/,大濠公園,地下鉄空港線,7,1985-06-01,41,20401835
サングレート薬院駅ロイヤルウィン,5680,福岡県福岡市中央区平尾１,西鉄天神大牟田線「薬院」徒歩4分,55.72,1LDK,2003年12月,https://suumo.jp//ms/chuko/fukuoka/sc_fukuokashichuo/nc_73662868/,薬院,西鉄天神大牟田線,4,2003-12-01,23,73662868
アクロス天神ファーストステージ,5780,福岡県福岡市中央区清川２,地下鉄七隈線「渡辺通」徒歩10分,80.8,3LDK,2001年11月,https://suumo.jp//ms/chuko/fukuoka/sc_fukuokashichuo/nc_20456602/,渡辺通,地下鉄七隈線,10,2001-11-01,25,20456602
大濠公園グランドヒルズ,5780,福岡県福岡市中央区荒戸２,地下鉄空港線「大濠公園」徒歩4分,70.11,3LDK,1990年9月,https://suumo.jp//ms/chuko/fukuoka/sc_fukuokashichuo/nc_20689449/,大濠公園,地下鉄空港線,4,1990-09-01,36,20689449
藤和シティホームズ別府,5780,福岡県福岡市城南区別府２,地下鉄七隈線「別府」徒歩1分,70.15,3LDK,1996年9月,https://suumo.jp//ms/chuko/fukuoka/sc_fukuokashijonan/nc_20780548/,別府,地下鉄七隈線,1,1996-09-01,30,20780548
オープンレジデンシア渡辺通南,5780,福岡県福岡市中央区清川２,地下鉄七隈線「渡辺通」徒歩9分,52.27,2LDK,2024年9月,https://suumo.jp//ms/chuko/fukuoka/sc_fukuokashichuo/nc_20511705/,渡辺通,地下鉄七隈線,9,2024-09-01,2,20511705
オープンレジデンシア薬院二丁目,5800,福岡県福岡市中央区薬院２,地下鉄七隈線「薬院大通」徒歩3分,42.54,2LDK,2023年2月,https://suumo.jp//ms/chuko/fukuoka/sc_fukuokashichuo/nc_20469143/,薬院大通,地下鉄七隈線,3,2023-02-01,3,20469143
エンクレスト天神ＬＡＲＫ,5830,福岡県福岡市博多区対馬小路,地下鉄空港線「中洲川端」徒歩8分,58.38,1LDK,2019年7月,https://suumo.jp//ms/chuko/fukuoka/sc_fukuokashihakata/nc_20577802/,中洲川端,地下鉄空港線,8,2019-07-01,7,20577802
コモダス天神２,5880,福岡県福岡市中央区今泉２,西鉄天神大牟田線「薬院」徒歩9分,72.9,3LDK,1999年10月,https://suumo.jp//ms/chuko/fukuoka/sc_fukuokashichuo/nc_20888535/,薬院,西鉄天神大牟田線,9,1999-10-01,27,20888535
インプレスト天神オークタワー,5880,福岡県福岡市中央区長浜２,地下鉄空港線「赤坂」徒歩9分,56.79,2LDK,2020年5月,https://suumo.jp//ms/chuko/fukuoka/sc_fukuokashichuo/nc_20764595/,赤坂,地下鉄空港線,9,2020-05-01,6,20764595
アダージュももちGIO,5890,福岡県福岡市早良区西新７,地下鉄空港線「藤崎」徒歩4分,76.0,3LDK,1997年1月,https://suumo.jp//ms/chuko/fukuoka/sc_fukuokashisawara/nc_78967880/,藤崎,地下鉄空港線,4,1997-01-01,29,78967880
エステートマンション大濠フローレス,5980,福岡県福岡市中央区鳥飼１,地下鉄七隈線「六本松」徒歩13分,97.42,2LDK,1989年3月,https://suumo.jp//ms/chuko/fukuoka/sc_fukuokashichuo/nc_20591570/,六本松,地下鉄七隈線,13,1989-03-01,37,20591570
ソピア天神,5980,福岡県福岡市中央区警固１,地下鉄七隈線「薬院大通」徒歩7分,66.24,3LDK,1999年2月,https://suumo.jp//ms/chuko/fukuoka/sc_fukuokashichuo/nc_20447816/,薬院大通,地下鉄七隈線,7,1999-02-01,27,20447816
クリオ渡辺通サザンマークス,5980,福岡県福岡市中央区清川３,地下鉄七隈線「渡辺通」徒歩15分,67.0,3LDK,2024年2月,https://suumo.jp//ms/chuko/fukuoka/sc_fukuokashichuo/nc_20832204/,渡辺通,地下鉄七隈線,15,2024-02-01,2,20832204
クリオ渡辺通サザンマークス,5980,福岡県福岡市中央区清川３,地下鉄七隈線「渡辺通」徒歩14分,67.0,3LDK,2024年2月,https://suumo.jp//ms/chuko/fukuoka/sc_fukuokashichuo/nc_20028481/,渡辺通,地下鉄七隈線,14,2024-02-01,2,20028481
コスモ西新七丁目　【担当：中見】　までお気軽にお問合…,5980,福岡県福岡市早良区西新７-1-17,地下鉄空港線「藤崎」徒歩4分,70.01,2LDK+S（納戸）,2000年9月,https://suumo.jp//ms/chuko/fukuoka/sc_fukuokashisawara/nc_20292711/,藤崎,地下鉄空港線,4,2000-09-01,26,20292711
西新百道パークホームズ,5980,福岡県福岡市早良区西新７,地下鉄空港線「西新」徒歩12分,76.83,3LDK,2001年3月,https://suumo.jp//ms/chuko/fukuoka/sc_fukuokashisawara/nc_20745034/,西新,地下鉄空港線,12,2001-03-01,25,20745034
ライオンズプラザ大濠公園,5980,福岡県福岡市中央区荒戸３,地下鉄空港線「唐人町」徒歩6分,66.63,3LDK,1995年11月,https://suumo.jp//ms/chuko/fukuoka/sc_fukuokashichuo/nc_79107636/,唐人町,地下鉄空港線,6,1995-11-01,31,79107636
アンピール六本松,5980,福岡県福岡市中央区六本松４,地下鉄七隈線「六本松」徒歩6分,71.23,3LDK,1994年9月,https://suumo.jp//ms/chuko/fukuoka/sc_fukuokashichuo/nc_20605017/,六本松,地下鉄七隈線,6,1994-09-01,32,20605017
パストラルハイム六本松,5980,福岡県福岡市中央区谷１,地下鉄七隈線「六本松」徒歩6分,93.85,4LDK,1991年7月,https://suumo.jp//ms/chuko/fukuoka/sc_fukuokashichuo/nc_20676273/,六本松,地下鉄七隈線,6,1991-07-01,35,20676273
デュオヒルズ大濠公園桜並木,5980,福岡県福岡市中央区荒戸３-5-60,地下鉄空港線「大濠公園」徒歩9分,56.12,2LDK,2018年12月,https://suumo.jp//ms/chuko/fukuoka/sc_fukuokashichuo/nc_20902059/,大濠公園,地下鉄空港線,9,2018-12-01,8,20902059
天神スカイマンション,5980,福岡県福岡市中央区長浜１,地下鉄空港線「天神」徒歩10分,100.94,3LDK,1981年2月,https://suumo.jp//ms/chuko/fukuoka/sc_fukuokashichuo/nc_20503717/,天神,地下鉄空港線,10,1981-02-01,45,20503717
パストラルハイム六本松,5980,福岡県福岡市中央区谷１,地下鉄七隈線「六本松」徒歩7分,93.85,4LDK,1991年7月,https://suumo.jp//ms/chuko/fukuoka/sc_fukuokashichuo/nc_20683145/,六本松,地下鉄七隈線,7,1991-07-01,35,20683145
オープンレジデンシア大濠西,5980,福岡県福岡市中央区今川２,地下鉄空港線「唐人町」徒歩10分,53.62,2LDK,2024年8月,https://suumo.jp//ms/chuko/fukuoka/sc_fukuokashichuo/nc_20690267/,唐人町,地下鉄空港線,10,2024-08-01,2,20690267
ジェネラスマンション百道,5990,福岡県福岡市早良区西新７,地下鉄空港線「藤崎」徒歩9分,92.0,4LDK,2004年1月,https://suumo.jp//ms/chuko/fukuoka/sc_fukuokashisawara/nc_20704171/,藤崎,地下鉄空港線,9,2004-01-01,22,20704171
インプレスト天神オークタワー,5990,福岡県福岡市中央区長浜２,地下鉄空港線「赤坂」徒歩9分,56.79,2LDK,2020年5月,https://suumo.jp//ms/chuko/fukuoka/sc_fukuokashichuo/nc_78957814/,赤坂,地下鉄空港線,9,2020-05-01,6,78957814
インプレスト天神オークタワー,5990,福岡県福岡市中央区長浜２,地下鉄空港線「赤坂」徒歩10分,56.79,2LDK,2020年5月,https://suumo.jp//ms/chuko/fukuoka/sc_fukuokashichuo/nc_79072559/,赤坂,地下鉄空港線,10,2020-05-01,6,79072559
デュオヴェール博多駅,5999,福岡県福岡市博多区博多駅東１,地下鉄空港線「博多」徒歩7分,48.76,2LDK,2023年6月,https://suumo.jp//ms/chuko/fukuoka/sc_fukuokashihakata/nc_20780394/,博多,地下鉄空港線,7,2023-06-01,3,20780394
ウェルリバービュー天神,6000,福岡県福岡市博多区中洲中島町,地下鉄空港線「中洲川端」徒歩7分,75.11,3LDK,2006年3月,https://suumo.jp//ms/chuko/fukuoka/sc_fukuokashihakata/nc_20610326/,中洲川端,地下鉄空港線,7,2006-03-01,20,20610326
ヒューマインド茶山駅前,6000,福岡県福岡市城南区茶山１-９－４０,地下鉄七隈線「別府」徒歩13分,87.01,4LDK,2013年11月,https://suumo.jp//ms/chuko/fukuoka/sc_fukuokashijonan/nc_20637895/,別府,地下鉄七隈線,13,2013-11-01,13,20637895
ダイアパレスグランデージ大名,6080,福岡県福岡市中央区大名１,地下鉄空港線「赤坂」徒歩7分,70.69,2LDK,1998年3月,https://suumo.jp//ms/chuko/fukuoka/sc_fukuokashichuo/nc_20864651/,赤坂,地下鉄空港線,7,1998-03-01,28,20864651
ダイアパレスグランデージ大名,6080,福岡県福岡市中央区大名１,地下鉄空港線「赤坂」徒歩6分,70.69,2LDK+S（納戸）,1998年3月,https://suumo.jp//ms/chuko/fukuoka/sc_fukuokashichuo/nc_20408984/,赤坂,地下鉄空港線,6,1998-03-01,28,20408984
グリーンマンション薬院,6080,福岡県福岡市中央区薬院２,地下鉄七隈線「薬院大通」徒歩5分,88.26,3LDK,1986年8月,https://suumo.jp//ms/chuko/fukuoka/sc_fukuokashichuo/nc_20905827/,薬院大通,地下鉄七隈線,5,1986-08-01,40,20905827
ソピア大濠西,6180,福岡県福岡市中央区鳥飼３,地下鉄空港線「西新」徒歩10分,83.2,4LDK,1999年3月,https://suumo.jp//ms/chuko/fukuoka/sc_fukuokashichuo/nc_20704796/,西新,地下鉄空港線,10,1999-03-01,27,20704796
ブライトンヒルズ藤崎,6180,福岡県福岡市早良区藤崎１,地下鉄空港線「藤崎」徒歩6分,79.23,3LDK,2003年7月,https://suumo.jp//ms/chuko/fukuoka/sc_fukuokashisawara/nc_20577832/,藤崎,地下鉄空港線,6,2003-07-01,23,20577832
ウェルリバービュー天神,6180,福岡県福岡市博多区中洲中島町,地下鉄空港線「中洲川端」徒歩7分,80.29,3LDK,2006年4月,https://suumo.jp//ms/chuko/fukuoka/sc_fukuokashihakata/nc_20528044/,中洲川端,地下鉄空港線,7,2006-04-01,20,20528044
ソピア大濠西,6180,福岡県福岡市中央区鳥飼３,地下鉄空港線「西新」徒歩10分,83.2,4LDK,1999年3月,https://suumo.jp//ms/chuko/fukuoka/sc_fukuokashichuo/nc_20730589/,西新,地下鉄空港線,10,1999-03-01,27,20730589
ブライトンヒルズ藤崎,6180,福岡県福岡市早良区藤崎１,地下鉄空港線「藤崎」徒歩6分,79.23,3LDK,2003年7月,https://suumo.jp//ms/chuko/fukuoka/sc_fukuokashisawara/nc_20737105/,藤崎,地下鉄空港線,6,2003-07-01,23,20737105
ブライトンヒルズ藤崎,6190,福岡県福岡市早良区藤崎１,地下鉄空港線「藤崎」徒歩6分,79.23,3LDK,2003年7月,https://suumo.jp//ms/chuko/fukuoka/sc_fukuokashisawara/nc_78920412/,藤崎,地下鉄空港線,6,2003-07-01,23,78920412
ブライトンヒルズ藤崎,6190,福岡県福岡市早良区藤崎１,地下鉄空港線「藤崎」徒歩6分,79.23,3LDK,2003年7月,https://suumo.jp//ms/chuko/fukuoka/sc_fukuokashisawara/nc_78702656/,藤崎,地下鉄空港線,6,2003-07-01,23,78702656
レジデンス西新パークサイド,6200,福岡県福岡市早良区祖原25,地下鉄空港線「西新」徒歩10分,70.1,3LDK,2014年2月,https://suumo.jp//ms/chuko/fukuoka/sc_fukuokashisawara/nc_20320872/,西新,地下鉄空港線,10,2014-02-01,12,20320872
レジデンス西新パークサイド,6200,福岡県福岡市早良区祖原,地下鉄空港線「西新」徒歩10分,70.1,3LDK,2014年2月,https://suumo.jp//ms/chuko/fukuoka/sc_fukuokashisawara/nc_20578912/,西新,地下鉄空港線,10,2014-02-01,12,20578912
パークホームズ大濠公園フロント,6200,福岡県福岡市中央区荒戸１,地下鉄空港線「大濠公園」徒歩3分,46.57,2LDK,2025年4月,https://suumo.jp//ms/chuko/fukuoka/sc_fukuokashichuo/nc_20892793/,大濠公園,地下鉄空港線,3,2025-04-01,1,20892793
グランドパレス藤崎,6210,福岡県福岡市早良区藤崎１,地下鉄空港線「藤崎」徒歩4分,70.08,3LDK,2018年10月,https://suumo.jp//ms/chuko/fukuoka/sc_fukuokashisawara/nc_20491482/,藤崎,地下鉄空港線,4,2018-10-01,8,20491482
ダイアパレスグランステージ大名,6280,福岡県福岡市中央区大名１,地下鉄空港線「赤坂」徒歩7分,70.69,2LDK,1998年3月,https://suumo.jp//ms/chuko/fukuoka/sc_fukuokashichuo/nc_20912391/,赤坂,地下鉄空港線,7,1998-03-01,28,20912391
アルファステイツ高取,6280,福岡県福岡市早良区高取１,地下鉄空港線「藤崎」徒歩8分,80.35,3LDK,2010年12月,https://suumo.jp//ms/chuko/fukuoka/sc_fukuokashisawara/nc_78929329/,藤崎,地下鉄空港線,8,2010-12-01,16,78929329
東急ドエルアルス桜坂,6290,福岡県福岡市中央区桜坂１,地下鉄七隈線「桜坂」徒歩7分,84.11,3LDK,1996年3月,https://suumo.jp//ms/chuko/fukuoka/sc_fukuokashichuo/nc_20661146/,桜坂,地下鉄七隈線,7,1996-03-01,30,20661146
プレサンスロジェ呉服町,6300,福岡県福岡市博多区下呉服町,地下鉄空港線「中洲川端」徒歩10分,62.43,2LDK,2019年10月,https://suumo.jp//ms/chuko/fukuoka/sc_fukuokashihakata/nc_78866599/,中洲川端,地下鉄空港線,10,2019-10-01,7,78866599
アクセス天神Ⅱ,6380,福岡県福岡市中央区今泉１,西鉄天神大牟田線「薬院」徒歩5分,83.28,3LDK,2001年7月,https://suumo.jp//ms/chuko/fukuoka/sc_fukuokashichuo/nc_20780488/,薬院,西鉄天神大牟田線,5,2001-07-01,25,20780488
ザ・パークハウス百道,6380,福岡県福岡市早良区百道２,地下鉄空港線「藤崎」徒歩3分,60.14,2LDK,2020年3月,https://suumo.jp//ms/chuko/fukuoka/sc_fukuokashisawara/nc_20837721/,藤崎,地下鉄空港線,3,2020-03-01,6,20837721
リベール博多駅前,6380,福岡県福岡市博多区博多駅前４,地下鉄空港線「博多」徒歩9分,57.57,2LDK,2024年7月,https://suumo.jp//ms/chuko/fukuoka/sc_fukuokashihakata/nc_20753130/,博多,地下鉄空港線,9,2024-07-01,2,20753130
アーサー大濠倶楽部,6390,福岡県福岡市中央区荒戸３,地下鉄空港線「唐人町」徒歩4分,72.6,3LDK,1996年2月,https://suumo.jp//ms/chuko/fukuoka/sc_fukuokashichuo/nc_20748300/,唐人町,地下鉄空港線,4,1996-02-01,30,20748300
アーサー大濠倶楽部スカイコート,6390,福岡県福岡市中央区荒戸３,地下鉄空港線「唐人町」徒歩5分,72.6,3LDK,1996年2月,https://suumo.jp//ms/chuko/fukuoka/sc_fukuokashichuo/nc_20776332/,唐人町,地下鉄空港線,5,1996-02-01,30,20776332
アクロス薬院レジーナガーデン,6390,福岡県福岡市中央区高砂２,西鉄天神大牟田線「薬院」徒歩9分,60.65,2LDK,2019年8月,https://suumo.jp//ms/chuko/fukuoka/sc_fukuokashichuo/nc_20826822/,薬院,西鉄天神大牟田線,9,2019-08-01,7,20826822
インプレスト天神オークタワー,6450,福岡県福岡市中央区長浜２,地下鉄空港線「赤坂」徒歩8分,61.28,2LDK,2020年7月,https://suumo.jp//ms/chuko/fukuoka/sc_fukuokashichuo/nc_20486171/,赤坂,地下鉄空港線,8,2020-07-01,6,20486171
パークヒルズ櫻坂ステージI,6480,福岡県福岡市中央区桜坂３,地下鉄七隈線「桜坂」徒歩5分,131.34,3LDK,1993年8月,https://suumo.jp//ms/chuko/fukuoka/sc_fukuokashichuo/nc_20602025/,桜坂,地下鉄七隈線,5,1993-08-01,33,20602025
エフグラン室見,6480,福岡県福岡市早良区室見２,地下鉄空港線「藤崎」徒歩6分,80.11,3LDK,2019年11月,https://suumo.jp//ms/chuko/fukuoka/sc_fukuokashisawara/nc_20503937/,藤崎,地下鉄空港線,6,2019-11-01,7,20503937
アーサー別府プレミアム,6480,福岡県福岡市城南区別府４,地下鉄七隈線「別府」徒歩9分,138.62,4LDK+S（納戸）,2003年7月,https://suumo.jp//ms/chuko/fukuoka/sc_fukuokashijonan/nc_77616720/,別府,地下鉄七隈線,9,2003-07-01,23,77616720
ソピア天神,6480,福岡県福岡市中央区警固１,地下鉄空港線「赤坂」徒歩10分,74.0,2LDK+S（納戸）,1999年2月,https://suumo.jp//ms/chuko/fukuoka/sc_fukuokashichuo/nc_20343565/,赤坂,地下鉄空港線,10,1999-02-01,27,20343565
ブライトパーク・サンリヤン地行III番館,6480,福岡県福岡市中央区地行３,地下鉄空港線「西新」徒歩9分,90.0,4LDK,2012年10月,https://suumo.jp//ms/chuko/fukuoka/sc_fukuokashichuo/nc_20819114/,西新,地下鉄空港線,9,2012-10-01,14,20819114
オープンレジデンシア渡辺通,6490,福岡県福岡市中央区清川１,地下鉄七隈線「渡辺通」徒歩6分,66.02,2LDK,2021年8月,https://suumo.jp//ms/chuko/fukuoka/sc_fukuokashichuo/nc_78112179/,渡辺通,地下鉄七隈線,6,2021-08-01,5,78112179
ロイヤルマンション六本松,6500,福岡県福岡市中央区梅光園１-1-5,地下鉄七隈線「六本松」徒歩6分,87.12,2LDK,1989年1月,https://suumo.jp//ms/chuko/fukuoka/sc_fukuokashichuo/nc_20752967/,六本松,地下鉄七隈線,6,1989-01-01,37,20752967
ロイヤルマンション六本松,6500,福岡県福岡市中央区梅光園１,地下鉄七隈線「六本松」徒歩6分,87.12,2LDK,1989年1月,https://suumo.jp//ms/chuko/fukuoka/sc_fukuokashichuo/nc_20869936/,六本松,地下鉄七隈線,6,1989-01-01,37,20869936
ロイヤルマンション六本松,6500,福岡県福岡市中央区梅光園１,地下鉄七隈線「六本松」徒歩6分,87.12,2LDK,1989年1月,https://suumo.jp//ms/chuko/fukuoka/sc_fukuokashichuo/nc_20127824/,六本松,地下鉄七隈線,6,1989-01-01,37,20127824
ティアラ薬院,6500,福岡県福岡市中央区薬院２,地下鉄七隈線「薬院大通」徒歩4分,100.84,3LDK,1991年6月,https://suumo.jp//ms/chuko/fukuoka/sc_fukuokashichuo/nc_20504005/,薬院大通,地下鉄七隈線,4,1991-06-01,35,20504005
ファーネスト百道二丁目,6500,福岡県福岡市早良区百道２-15-17,地下鉄空港線「藤崎」徒歩3分,87.85,4LDK,2000年6月,https://suumo.jp//ms/chuko/fukuoka/sc_fukuokashisawara/nc_78669864/,藤崎,地下鉄空港線,3,2000-06-01,26,78669864
クレアホームズ赤坂けやきの杜,6680,福岡県福岡市中央区六本松３,地下鉄七隈線「桜坂」徒歩6分,79.12,2LDK,2003年3月,https://suumo.jp//ms/chuko/fukuoka/sc_fukuokashichuo/nc_20551813/,桜坂,地下鉄七隈線,6,2003-03-01,23,20551813
シーサイドももちアクアコート5番館,6780,福岡県福岡市早良区百道浜３,地下鉄空港線「藤崎」徒歩13分,97.34,3LDK,1993年2月,https://suumo.jp//ms/chuko/fukuoka/sc_fukuokashisawara/nc_20423283/,藤崎,地下鉄空港線,13,1993-02-01,33,20423283
シーサイドももちアクアコート5番館,6780,福岡県福岡市早良区百道浜３,地下鉄空港線「藤崎」徒歩14分,97.34,3LDK,1993年2月,https://suumo.jp//ms/chuko/fukuoka/sc_fukuokashisawara/nc_20165386/,藤崎,地下鉄空港線,14,1993-02-01,33,20165386
アンピール舞鶴,6790,福岡県福岡市中央区舞鶴１,地下鉄空港線「赤坂」徒歩9分,69.44,2LDK,2004年3月,https://suumo.jp//ms/chuko/fukuoka/sc_fukuokashichuo/nc_20610325/,赤坂,地下鉄空港線,9,2004-03-01,22,20610325
アンピール舞鶴,6790,福岡県福岡市中央区舞鶴１,地下鉄空港線「天神」徒歩7分,69.44,2LDK,2004年3月,https://suumo.jp//ms/chuko/fukuoka/sc_fukuokashichuo/nc_20395547/,天神,地下鉄空港線,7,2004-03-01,22,20395547
アンピール舞鶴,6790,福岡県福岡市中央区舞鶴１,地下鉄空港線「赤坂」徒歩8分,69.44,2LDK,2004年3月,https://suumo.jp//ms/chuko/fukuoka/sc_fukuokashichuo/nc_20395185/,赤坂,地下鉄空港線,8,2004-03-01,22,20395185
アンピール舞鶴,6790,福岡県福岡市中央区舞鶴１,地下鉄空港線「赤坂」徒歩7分,69.44,2LDK,2004年3月,https://suumo.jp//ms/chuko/fukuoka/sc_fukuokashichuo/nc_20389894/,赤坂,地下鉄空港線,7,2004-03-01,22,20389894
エステートマンション大濠・相羽ビル,6800,福岡県福岡市中央区大濠１,地下鉄七隈線「六本松」徒歩9分,102.26,3LDK,1986年7月,https://suumo.jp//ms/chuko/fukuoka/sc_fukuokashichuo/nc_75026535/,六本松,地下鉄七隈線,9,1986-07-01,40,75026535
オープンレジデンシア平尾市崎,6800,福岡県福岡市南区市崎１,地下鉄七隈線「薬院」徒歩15分,66.0,3LDK,2022年7月,https://suumo.jp//ms/chuko/fukuoka/sc_fukuokashiminami/nc_20126908/,薬院,地下鉄七隈線,15,2022-07-01,4,20126908
シティハウス六本松ツインタワーズ,6800,福岡県福岡市中央区草香江２,地下鉄七隈線「六本松」徒歩3分,75.8,3LDK,2009年3月,https://suumo.jp//ms/chuko/fukuoka/sc_fukuokashichuo/nc_20842445/,六本松,地下鉄七隈線,3,2009-03-01,17,20842445
レーベン福岡天神　ＯＮＥ　ＴＯＷＥＲ,6880,福岡県福岡市中央区天神５-4-1,地下鉄空港線「天神」徒歩9分,43.7,1LDK,2024年1月,https://suumo.jp//ms/chuko/fukuoka/sc_fukuokashichuo/nc_20689977/,天神,地下鉄空港線,9,2024-01-01,2,20689977
ザ・パークハウス藤崎紅葉山,6880,福岡県福岡市早良区昭代３,地下鉄空港線「藤崎」徒歩10分,70.44,3LDK,2021年12月,https://suumo.jp//ms/chuko/fukuoka/sc_fukuokashisawara/nc_20828257/,藤崎,地下鉄空港線,10,2021-12-01,5,20828257
アクロス天神センタープラザ,6880,福岡県福岡市中央区渡辺通３,地下鉄七隈線「渡辺通」徒歩6分,71.11,2LDK,2005年7月,https://suumo.jp//ms/chuko/fukuoka/sc_fukuokashichuo/nc_78982914/,渡辺通,地下鉄七隈線,6,2005-07-01,21,78982914
シーサイドももちアクアコート10番館,6880,福岡県福岡市早良区百道浜３-4-10,地下鉄空港線「藤崎」徒歩12分,98.04,4LDK,1993年11月,https://suumo.jp//ms/chuko/fukuoka/sc_fukuokashisawara/nc_20756563/,藤崎,地下鉄空港線,12,1993-11-01,33,20756563
ザ・パークハウス藤崎紅葉山,6880,福岡県福岡市早良区昭代３,地下鉄空港線「藤崎」徒歩9分,70.44,3LDK,2021年12月,https://suumo.jp//ms/chuko/fukuoka/sc_fukuokashisawara/nc_20906715/,藤崎,地下鉄空港線,9,2021-12-01,5,20906715
ザ・パークハウス藤崎紅葉山,6880,福岡県福岡市早良区昭代３-4-8,地下鉄空港線「藤崎」徒歩10分,70.44,3LDK+S（納戸）,2021年12月,https://suumo.jp//ms/chuko/fukuoka/sc_fukuokashisawara/nc_20762672/,藤崎,地下鉄空港線,10,2021-12-01,5,20762672
ザ・パークハウス藤崎紅葉山,6880,福岡県福岡市早良区昭代３,地下鉄空港線「藤崎」徒歩10分,70.44,3LDK+S（納戸）,2021年12月,https://suumo.jp//ms/chuko/fukuoka/sc_fukuokashisawara/nc_20863064/,藤崎,地下鉄空港線,10,2021-12-01,5,20863064
グランドメゾン福岡　Ｔｈｅ　Ｃｅｎｔｒａｌ　Ｌｕｘｅ,6900,福岡県福岡市中央区渡辺通２,西鉄天神大牟田線「薬院」徒歩3分,44.25,1LDK,2025年6月,https://suumo.jp//ms/chuko/fukuoka/sc_fukuokashichuo/nc_20069784/,薬院,西鉄天神大牟田線,3,2025-06-01,1,20069784
グランドメゾン大濠南,6980,福岡県福岡市中央区草香江２,地下鉄七隈線「六本松」徒歩2分,73.43,3LDK,2001年11月,https://suumo.jp//ms/chuko/fukuoka/sc_fukuokashichuo/nc_20435141/,六本松,地下鉄七隈線,2,2001-11-01,25,20435141
ブライト・サンリヤン藤崎二丁目,6980,福岡県福岡市早良区藤崎２,地下鉄空港線「藤崎」徒歩9分,91.8,4LDK,2012年2月,https://suumo.jp//ms/chuko/fukuoka/sc_fukuokashisawara/nc_20763545/,藤崎,地下鉄空港線,9,2012-02-01,14,20763545
アソシアビュー博多アドレス,6980,福岡県福岡市博多区豊１,地下鉄空港線「博多」徒歩14分,84.28,4LDK,2015年2月,https://suumo.jp//ms/chuko/fukuoka/sc_fukuokashihakata/nc_20594449/,博多,地下鉄空港線,14,2015-02-01,11,20594449
コスモシティ地行,6980,福岡県福岡市中央区地行４,地下鉄空港線「唐人町」徒歩5分,91.01,4LDK,2002年3月,https://suumo.jp//ms/chuko/fukuoka/sc_fukuokashichuo/nc_20737937/,唐人町,地下鉄空港線,5,2002-03-01,24,20737937
パークコート赤坂ヒルトップレジデンス,6980,福岡県福岡市中央区赤坂３,地下鉄七隈線「桜坂」徒歩9分,68.48,2LDK,2010年2月,https://suumo.jp//ms/chuko/fukuoka/sc_fukuokashichuo/nc_20577786/,桜坂,地下鉄七隈線,9,2010-02-01,16,20577786
アクロス天神センタープラザ,6999,福岡県福岡市中央区渡辺通３,地下鉄七隈線「天神南」徒歩6分,71.11,2LDK,2005年7月,https://suumo.jp//ms/chuko/fukuoka/sc_fukuokashichuo/nc_20779998/,天神南,地下鉄七隈線,6,2005-07-01,21,20779998
藤和平尾山荘ホームズ,6999,福岡県福岡市中央区平尾４,地下鉄七隈線「薬院大通」徒歩15分,90.68,3LDK,1997年10月,https://suumo.jp//ms/chuko/fukuoka/sc_fukuokashichuo/nc_20062726/,薬院大通,地下鉄七隈線,15,1997-10-01,29,20062726
アクロス天神センタープラザ,6999,福岡県福岡市中央区渡辺通３-10-39,地下鉄七隈線「渡辺通」徒歩5分,71.11,2LDK,2005年7月,https://suumo.jp//ms/chuko/fukuoka/sc_fukuokashichuo/nc_20123810/,渡辺通,地下鉄七隈線,5,2005-07-01,21,20123810
アクロス天神センタープラザ,6999,福岡県福岡市中央区渡辺通３,地下鉄七隈線「渡辺通」徒歩5分,71.11,2LDK,2005年7月,https://suumo.jp//ms/chuko/fukuoka/sc_fukuokashichuo/nc_20568373/,渡辺通,地下鉄七隈線,5,2005-07-01,21,20568373
アンピール西新,7200,福岡県福岡市早良区城西３,地下鉄空港線「西新」徒歩9分,93.58,4LDK,2004年5月,https://suumo.jp//ms/chuko/fukuoka/sc_fukuokashisawara/nc_20775804/,西新,地下鉄空港線,9,2004-05-01,22,20775804
グランドメゾン西新,7280,福岡県福岡市早良区城西１,地下鉄空港線「西新」徒歩6分,71.37,2LDK,1997年10月,https://suumo.jp//ms/chuko/fukuoka/sc_fukuokashisawara/nc_20772301/,西新,地下鉄空港線,6,1997-10-01,29,20772301
ロイヤルマンション大濠セーヌ,7280,福岡県福岡市中央区草香江２,地下鉄七隈線「六本松」徒歩7分,71.25,2LDK+S（納戸）,2003年10月,https://suumo.jp//ms/chuko/fukuoka/sc_fukuokashichuo/nc_20780549/,六本松,地下鉄七隈線,7,2003-10-01,23,20780549
グランドメゾン大濠南,7280,福岡県福岡市中央区草香江２,地下鉄七隈線「六本松」徒歩3分,87.11,3LDK,2001年11月,https://suumo.jp//ms/chuko/fukuoka/sc_fukuokashichuo/nc_79216752/,六本松,地下鉄七隈線,3,2001-11-01,25,79216752
クレアセンターマーク,7299,福岡県福岡市中央区今泉２,西鉄天神大牟田線「薬院」徒歩11分,80.25,3LDK,2000年10月,https://suumo.jp//ms/chuko/fukuoka/sc_fukuokashichuo/nc_20632991/,薬院,西鉄天神大牟田線,11,2000-10-01,26,20632991
クリオラベルヴィ西新グランクラス,7300,福岡県福岡市早良区西新１,地下鉄空港線「西新」徒歩1分,52.2,2LDK,2025年8月,https://suumo.jp//ms/chuko/fukuoka/sc_fukuokashisawara/nc_20737120/,西新,地下鉄空港線,1,2025-08-01,1,20737120
アンピール空港通りⅡ,7380,福岡県福岡市博多区豊２,地下鉄空港線「東比恵」徒歩12分,105.28,4LDK,2009年3月,https://suumo.jp//ms/chuko/fukuoka/sc_fukuokashihakata/nc_79015072/,東比恵,地下鉄空港線,12,2009-03-01,17,79015072
コスモ六本松シティフォルム,7399,福岡県福岡市中央区草香江２,地下鉄七隈線「六本松」徒歩3分,70.58,3LDK,2000年2月,https://suumo.jp//ms/chuko/fukuoka/sc_fukuokashichuo/nc_20704735/,六本松,地下鉄七隈線,3,2000-02-01,26,20704735
コスモ六本松シティフォルム,7399,福岡県福岡市中央区草香江２-1-13,地下鉄七隈線「六本松」徒歩4分,70.58,3LDK,2000年2月,https://suumo.jp//ms/chuko/fukuoka/sc_fukuokashichuo/nc_20723653/,六本松,地下鉄七隈線,4,2000-02-01,26,20723653
コスモ六本松シティフォルム,7399,福岡県福岡市中央区草香江２,地下鉄七隈線「六本松」徒歩4分,70.58,3LDK,2000年2月,https://suumo.jp//ms/chuko/fukuoka/sc_fukuokashichuo/nc_20801152/,六本松,地下鉄七隈線,4,2000-02-01,26,20801152
コスモ六本松シティフォルム,7399,福岡県福岡市中央区草香江２,地下鉄七隈線「六本松」徒歩4分,70.58,3LDK,2000年2月,https://suumo.jp//ms/chuko/fukuoka/sc_fukuokashichuo/nc_20703963/,六本松,地下鉄七隈線,4,2000-02-01,26,20703963
コスモ六本松シティフォルム,7399,福岡県福岡市中央区草香江２,地下鉄七隈線「六本松」徒歩4分,70.58,3LDK,2000年2月,https://suumo.jp//ms/chuko/fukuoka/sc_fukuokashichuo/nc_20577275/,六本松,地下鉄七隈線,4,2000-02-01,26,20577275
コスモ六本松シティフォルム,7399,福岡県福岡市中央区草香江２,地下鉄七隈線「六本松」徒歩4分,70.58,3LDK,2000年2月,https://suumo.jp//ms/chuko/fukuoka/sc_fukuokashichuo/nc_20628876/,六本松,地下鉄七隈線,4,2000-02-01,26,20628876
コスモ六本松シティフォルム,7399,福岡県福岡市中央区草香江２,地下鉄七隈線「六本松」徒歩4分,70.58,3LDK,2000年2月,https://suumo.jp//ms/chuko/fukuoka/sc_fukuokashichuo/nc_20712187/,六本松,地下鉄七隈線,4,2000-02-01,26,20712187
コスモ六本松シティフォルム,7399,福岡県福岡市中央区草香江２,地下鉄七隈線「六本松」徒歩4分,70.58,3LDK,2000年2月,https://suumo.jp//ms/chuko/fukuoka/sc_fukuokashichuo/nc_20595839/,六本松,地下鉄七隈線,4,2000-02-01,26,20595839
モントーレセントラルベイコート,7480,福岡県福岡市中央区長浜３,地下鉄空港線「大濠公園」徒歩11分,68.07,3LDK,2014年1月,https://suumo.jp//ms/chuko/fukuoka/sc_fukuokashichuo/nc_20896563/,大濠公園,地下鉄空港線,11,2014-01-01,12,20896563
百道浜パークハウス,7480,福岡県福岡市早良区百道浜１,地下鉄空港線「西新」徒歩14分,104.9,3LDK+S（納戸）,1998年8月,https://suumo.jp//ms/chuko/fukuoka/sc_fukuokashisawara/nc_20722809/,西新,地下鉄空港線,14,1998-08-01,28,20722809
ファーネスト平尾駅前レジスタ,7480,福岡県福岡市中央区大宮２,西鉄天神大牟田線「薬院」徒歩12分,86.26,3LDK,2015年4月,https://suumo.jp//ms/chuko/fukuoka/sc_fukuokashichuo/nc_78824936/,薬院,西鉄天神大牟田線,12,2015-04-01,11,78824936
ＪＧＭロイヤルガーデン浄水通り,7480,福岡県福岡市中央区浄水通,地下鉄七隈線「薬院大通」徒歩7分,98.37,4LDK,2004年2月,https://suumo.jp//ms/chuko/fukuoka/sc_fukuokashichuo/nc_20684096/,薬院大通,地下鉄七隈線,7,2004-02-01,22,20684096
グランドメゾン薬院ザ・タワーレジデンス,7480,福岡県福岡市中央区薬院３,地下鉄七隈線「薬院大通」徒歩5分,53.67,1LDK,2022年6月,https://suumo.jp//ms/chuko/fukuoka/sc_fukuokashichuo/nc_20760089/,薬院大通,地下鉄七隈線,5,2022-06-01,4,20760089
ブライト・サンリヤン藤崎二丁目,7490,福岡県福岡市早良区藤崎２,地下鉄空港線「藤崎」徒歩9分,105.88,4LDK,2012年2月,https://suumo.jp//ms/chuko/fukuoka/sc_fukuokashisawara/nc_20820033/,藤崎,地下鉄空港線,9,2012-02-01,14,20820033
パークホームズ西新トラッドマークス,7490,福岡県福岡市早良区西新２,地下鉄空港線「西新」徒歩3分,67.72,2LDK,2018年5月,https://suumo.jp//ms/chuko/fukuoka/sc_fukuokashisawara/nc_20601934/,西新,地下鉄空港線,3,2018-05-01,8,20601934
ブライト・サンリヤン藤崎二丁目,7490,福岡県福岡市早良区藤崎２,地下鉄空港線「藤崎」徒歩9分,105.88,4LDK,2012年2月,https://suumo.jp//ms/chuko/fukuoka/sc_fukuokashisawara/nc_20805944/,藤崎,地下鉄空港線,9,2012-02-01,14,20805944
シーサイドももちクリスタージュ壱番館,7499,福岡県福岡市早良区百道浜４,地下鉄空港線「藤崎」徒歩11分,107.81,4LDK,1992年5月,https://suumo.jp//ms/chuko/fukuoka/sc_fukuokashisawara/nc_20920851/,藤崎,地下鉄空港線,11,1992-05-01,34,20920851
コアマンション桜坂プレジオ弐番館,7500,福岡県福岡市中央区六本松３,地下鉄七隈線「桜坂」徒歩4分,107.92,4LDK,2001年2月,https://suumo.jp//ms/chuko/fukuoka/sc_fukuokashichuo/nc_79187041/,桜坂,地下鉄七隈線,4,2001-02-01,25,79187041
大濠公園パークホームズ,7500,福岡県福岡市中央区今川１,地下鉄空港線「唐人町」徒歩8分,83.42,3LDK,2000年11月,https://suumo.jp//ms/chuko/fukuoka/sc_fukuokashichuo/nc_20773746/,唐人町,地下鉄空港線,8,2000-11-01,26,20773746
コスモ警固ロイヤルフォルム,7580,福岡県福岡市中央区警固１,地下鉄空港線「赤坂」徒歩8分,66.18,3LDK,2001年8月,https://suumo.jp//ms/chuko/fukuoka/sc_fukuokashichuo/nc_20648503/,赤坂,地下鉄空港線,8,2001-08-01,25,20648503
グランドメゾン赤坂けやきレジデンス,7580,福岡県福岡市中央区赤坂２,地下鉄空港線「赤坂」徒歩8分,63.59,ワンルーム,2018年6月,https://suumo.jp//ms/chuko/fukuoka/sc_fukuokashichuo/nc_20091079/,赤坂,地下鉄空港線,8,2018-06-01,8,20091079
パレスト・リッツガーデン百道,7650,福岡県福岡市早良区西新７,地下鉄空港線「藤崎」徒歩9分,76.44,3LDK,2017年4月,https://suumo.jp//ms/chuko/fukuoka/sc_fukuokashisawara/nc_20656678/,藤崎,地下鉄空港線,9,2017-04-01,9,20656678
室見二丁目パーク・マンション,7650,福岡県福岡市早良区室見２,地下鉄空港線「藤崎」徒歩7分,137.36,4LDK,1995年3月,https://suumo.jp//ms/chuko/fukuoka/sc_fukuokashisawara/nc_20577787/,藤崎,地下鉄空港線,7,1995-03-01,31,20577787
パークホームズ大濠公園フロント,7670,福岡県福岡市中央区荒戸１,地下鉄空港線「大濠公園」徒歩2分,53.61,2LDK,2025年3月,https://suumo.jp//ms/chuko/fukuoka/sc_fukuokashichuo/nc_78672728/,大濠公園,地下鉄空港線,2,2025-03-01,1,78672728
グランドメゾン大濠南,7680,福岡県福岡市中央区草香江２,地下鉄七隈線「六本松」徒歩3分,98.79,4LDK,2001年11月,https://suumo.jp//ms/chuko/fukuoka/sc_fukuokashichuo/nc_20469730/,六本松,地下鉄七隈線,3,2001-11-01,25,20469730
パークホームズ警固本通り,7770,福岡県福岡市中央区警固２,地下鉄空港線「赤坂」徒歩9分,82.96,3LDK,2009年10月,https://suumo.jp//ms/chuko/fukuoka/sc_fukuokashichuo/nc_78928142/,赤坂,地下鉄空港線,9,2009-10-01,17,78928142
パークホームズ警固本通り,7770,福岡県福岡市中央区警固２,地下鉄空港線「赤坂」徒歩9分,82.96,3LDK,2009年10月,https://suumo.jp//ms/chuko/fukuoka/sc_fukuokashichuo/nc_79221650/,赤坂,地下鉄空港線,9,2009-10-01,17,79221650
パークホームズ警固本通り,7770,福岡県福岡市中央区警固２-16-30,地下鉄空港線「赤坂」徒歩9分,82.96,3LDK,2009年10月,https://suumo.jp//ms/chuko/fukuoka/sc_fukuokashichuo/nc_20148823/,赤坂,地下鉄空港線,9,2009-10-01,17,20148823
パークホームズ警固本通り,7770,福岡県福岡市中央区警固２-16-30,地下鉄空港線「赤坂」徒歩9分,82.96,3LDK,2009年10月,https://suumo.jp//ms/chuko/fukuoka/sc_fukuokashichuo/nc_79216175/,赤坂,地下鉄空港線,9,2009-10-01,17,79216175
パークホームズ警固本通り,7770,福岡県福岡市中央区警固２-１６－３０,地下鉄空港線「赤坂」徒歩9分,82.96,3LDK,2009年10月,https://suumo.jp//ms/chuko/fukuoka/sc_fukuokashichuo/nc_20704999/,赤坂,地下鉄空港線,9,2009-10-01,17,20704999
パークホームズ警固本通り,7770,福岡県福岡市中央区警固２,地下鉄空港線「赤坂」徒歩8分,82.96,3LDK,2009年10月,https://suumo.jp//ms/chuko/fukuoka/sc_fukuokashichuo/nc_78912557/,赤坂,地下鉄空港線,8,2009-10-01,17,78912557
ＭＪＲ赤坂タワー,7780,福岡県福岡市中央区赤坂１,地下鉄空港線「赤坂」徒歩1分,55.38,2LDK,2017年10月,https://suumo.jp//ms/chuko/fukuoka/sc_fukuokashichuo/nc_20237745/,赤坂,地下鉄空港線,1,2017-10-01,9,20237745
パークホームズ警固本通り,7800,福岡県福岡市中央区警固２,地下鉄空港線「赤坂」徒歩8分,82.96,3LDK,2009年10月,https://suumo.jp//ms/chuko/fukuoka/sc_fukuokashichuo/nc_78949930/,赤坂,地下鉄空港線,8,2009-10-01,17,78949930
ザ・パークハウス福岡タワーズＥＡＳＴ,7800,福岡県福岡市中央区地行浜２,地下鉄空港線「唐人町」徒歩12分,64.28,2LDK,2020年12月,https://suumo.jp//ms/chuko/fukuoka/sc_fukuokashichuo/nc_78635330/,唐人町,地下鉄空港線,12,2020-12-01,6,78635330
ザ・パークハウス桜坂サンリヤン,7880,福岡県福岡市中央区桜坂３,地下鉄七隈線「桜坂」徒歩3分,70.74,3LDK,2018年9月,https://suumo.jp//ms/chuko/fukuoka/sc_fukuokashichuo/nc_20828961/,桜坂,地下鉄七隈線,3,2018-09-01,8,20828961
コアマンション百道プレジオ,8100,福岡県福岡市早良区百道１,地下鉄空港線「藤崎」徒歩8分,93.57,3LDK,2006年2月,https://suumo.jp//ms/chuko/fukuoka/sc_fukuokashisawara/nc_20684091/,藤崎,地下鉄空港線,8,2006-02-01,20,20684091
フリーディア西新レジデンス,8180,福岡県福岡市早良区西新７,地下鉄空港線「藤崎」徒歩5分,72.93,1LDK,2024年2月,https://suumo.jp//ms/chuko/fukuoka/sc_fukuokashisawara/nc_20245114/,藤崎,地下鉄空港線,5,2024-02-01,2,20245114
コアマンション桜坂プレジオ弐番館,8199,福岡県福岡市中央区六本松３,地下鉄七隈線「桜坂」徒歩5分,103.4,4LDK,2001年1月,https://suumo.jp//ms/chuko/fukuoka/sc_fukuokashichuo/nc_20874952/,桜坂,地下鉄七隈線,5,2001-01-01,25,20874952
グランド・サンリヤン西新,8200,福岡県福岡市早良区城西１,地下鉄空港線「西新」徒歩5分,68.73,3LDK,2024年11月,https://suumo.jp//ms/chuko/fukuoka/sc_fukuokashisawara/nc_78823570/,西新,地下鉄空港線,5,2024-11-01,2,78823570
MJR博多ザ・レジデンス,8200,福岡県福岡市博多区美野島１,ＪＲ鹿児島本線「博多」徒歩13分,70.1,2LDK,2025年1月,https://suumo.jp//ms/chuko/fukuoka/sc_fukuokashihakata/nc_20370112/,博多,ＪＲ鹿児島本線,13,2025-01-01,1,20370112
グランドステイツ大濠公園南,8280,福岡県福岡市中央区六本松３,地下鉄七隈線「六本松」徒歩4分,80.69,3LDK,2004年6月,https://suumo.jp//ms/chuko/fukuoka/sc_fukuokashichuo/nc_78981512/,六本松,地下鉄七隈線,4,2004-06-01,22,78981512
グランドステイツ大濠公園南,8280,福岡県福岡市中央区六本松３,地下鉄七隈線「六本松」徒歩5分,80.69,3LDK,2004年6月,https://suumo.jp//ms/chuko/fukuoka/sc_fukuokashichuo/nc_20354636/,六本松,地下鉄七隈線,5,2004-06-01,22,20354636
グランドステイツ大濠公園南,8280,福岡県福岡市中央区六本松３-10-28,地下鉄七隈線「六本松」徒歩3分,80.69,3LDK,2004年6月,https://suumo.jp//ms/chuko/fukuoka/sc_fukuokashichuo/nc_20299417/,六本松,地下鉄七隈線,3,2004-06-01,22,20299417
グランドステイツ大濠公園南,8280,福岡県福岡市中央区六本松３-10-28,地下鉄七隈線「六本松」徒歩4分,80.69,3LDK,2004年6月,https://suumo.jp//ms/chuko/fukuoka/sc_fukuokashichuo/nc_20656954/,六本松,地下鉄七隈線,4,2004-06-01,22,20656954
コアマンション桜坂プレジオ弐番館,8290,福岡県福岡市中央区六本松３,地下鉄七隈線「桜坂」徒歩4分,103.4,3LDK+S（納戸）,2001年1月,https://suumo.jp//ms/chuko/fukuoka/sc_fukuokashichuo/nc_20207719/,桜坂,地下鉄七隈線,4,2001-01-01,25,20207719
コアマンション桜坂プレジオ弐番館,8290,福岡県福岡市中央区六本松３,地下鉄七隈線「桜坂」徒歩4分,103.4,3LDK+S（納戸）,2001年1月,https://suumo.jp//ms/chuko/fukuoka/sc_fukuokashichuo/nc_20059581/,桜坂,地下鉄七隈線,4,2001-01-01,25,20059581
コアマンション桜坂プレジオ弐番館,8290,福岡県福岡市中央区六本松３,地下鉄七隈線「桜坂」徒歩4分,103.4,3LDK+S（納戸）,2001年1月,https://suumo.jp//ms/chuko/fukuoka/sc_fukuokashichuo/nc_20091541/,桜坂,地下鉄七隈線,4,2001-01-01,25,20091541
MJR博多ザ・レジデンス,8480,福岡県福岡市博多区美野島１,地下鉄七隈線「博多」徒歩12分,70.1,2LDK+S（納戸）,2025年1月,https://suumo.jp//ms/chuko/fukuoka/sc_fukuokashihakata/nc_20023189/,博多,地下鉄七隈線,12,2025-01-01,1,20023189
MJR桜坂ザ・レジデンス,8480,福岡県福岡市中央区桜坂１,地下鉄七隈線「桜坂」徒歩1分,89.39,3LDK,2019年1月,https://suumo.jp//ms/chuko/fukuoka/sc_fukuokashichuo/nc_20860988/,桜坂,地下鉄七隈線,1,2019-01-01,7,20860988
ＭＪＲ桜坂ザ・レジデンス,8480,福岡県福岡市中央区桜坂１,地下鉄七隈線「桜坂」徒歩1分,89.39,3LDK,2019年1月,https://suumo.jp//ms/chuko/fukuoka/sc_fukuokashichuo/nc_78077315/,桜坂,地下鉄七隈線,1,2019-01-01,7,78077315
パークホームズ西新トラッドマークス,8480,福岡県福岡市早良区西新２,地下鉄空港線「西新」徒歩3分,75.11,3LDK,2018年5月,https://suumo.jp//ms/chuko/fukuoka/sc_fukuokashisawara/nc_20459552/,西新,地下鉄空港線,3,2018-05-01,8,20459552
ＭＪＲ博多ザ・レジデンス,8500,福岡県福岡市博多区美野島１,ＪＲ鹿児島本線「博多」徒歩13分,70.49,3LDK,2025年1月,https://suumo.jp//ms/chuko/fukuoka/sc_fukuokashihakata/nc_20014031/,博多,ＪＲ鹿児島本線,13,2025-01-01,1,20014031
コアマンション大手門タワー,8680,福岡県福岡市中央区大手門１,地下鉄空港線「赤坂」徒歩7分,95.82,3LDK,2003年8月,https://suumo.jp//ms/chuko/fukuoka/sc_fukuokashichuo/nc_20606079/,赤坂,地下鉄空港線,7,2003-08-01,23,20606079
グランドメゾン大濠南,8680,福岡県福岡市中央区草香江２,地下鉄七隈線「六本松」徒歩3分,92.1,3LDK+S（納戸）,2001年11月,https://suumo.jp//ms/chuko/fukuoka/sc_fukuokashichuo/nc_20690454/,六本松,地下鉄七隈線,3,2001-11-01,25,20690454
アソシアタワー大濠ベネフィス,8690,福岡県福岡市中央区荒戸３,地下鉄空港線「唐人町」徒歩7分,92.04,4LDK,2005年3月,https://suumo.jp//ms/chuko/fukuoka/sc_fukuokashichuo/nc_20558081/,唐人町,地下鉄空港線,7,2005-03-01,21,20558081
グランドメゾン別府レジデンス,8700,福岡県福岡市城南区別府３,地下鉄七隈線「別府」徒歩2分,70.44,2LDK,2024年1月,https://suumo.jp//ms/chuko/fukuoka/sc_fukuokashijonan/nc_20549076/,別府,地下鉄七隈線,2,2024-01-01,2,20549076
コアマンション百道プレジオ,8800,福岡県福岡市早良区百道１,地下鉄空港線「藤崎」徒歩9分,92.96,3LDK,2006年2月,https://suumo.jp//ms/chuko/fukuoka/sc_fukuokashisawara/nc_20606579/,藤崎,地下鉄空港線,9,2006-02-01,20,20606579
百道タワー,8980,福岡県福岡市早良区百道浜１,地下鉄空港線「西新」徒歩10分,90.28,1LDK,2004年2月,https://suumo.jp//ms/chuko/fukuoka/sc_fukuokashisawara/nc_20131070/,西新,地下鉄空港線,10,2004-02-01,22,20131070
グランドサンリヤン大濠公園パークビュー,8980,福岡県福岡市中央区草香江１,地下鉄七隈線「六本松」徒歩9分,96.91,3LDK,2005年3月,https://suumo.jp//ms/chuko/fukuoka/sc_fukuokashichuo/nc_20812023/,六本松,地下鉄七隈線,9,2005-03-01,21,20812023
百道タワー,8980,福岡県福岡市早良区百道浜１,地下鉄空港線「西新」徒歩10分,90.28,1LDK+S（納戸）,2004年2月,https://suumo.jp//ms/chuko/fukuoka/sc_fukuokashisawara/nc_20577302/,西新,地下鉄空港線,10,2004-02-01,22,20577302
百道タワー,8980,福岡県福岡市早良区百道浜１,地下鉄空港線「西新」徒歩10分,90.28,1LDK,2004年2月,https://suumo.jp//ms/chuko/fukuoka/sc_fukuokashisawara/nc_20612548/,西新,地下鉄空港線,10,2004-02-01,22,20612548
コアマンションけやき通りプレジオ,8990,福岡県福岡市中央区赤坂３,地下鉄七隈線「六本松」徒歩10分,133.37,4LDK,2002年10月,https://suumo.jp//ms/chuko/fukuoka/sc_fukuokashichuo/nc_79049377/,六本松,地下鉄七隈線,10,2002-10-01,24,79049377
サンメゾン西新,8990,福岡県福岡市早良区曙１,地下鉄空港線「西新」徒歩12分,97.16,4LDK,2020年1月,https://suumo.jp//ms/chuko/fukuoka/sc_fukuokashisawara/nc_20354631/,西新,地下鉄空港線,12,2020-01-01,6,20354631
ル・サンク大濠公園,9300,福岡県福岡市中央区大手門２,地下鉄空港線「大濠公園」徒歩8分,85.86,2LDK+S（納戸）,2020年6月,https://suumo.jp//ms/chuko/fukuoka/sc_fukuokashichuo/nc_20529132/,大濠公園,地下鉄空港線,8,2020-06-01,6,20529132
百道タワー,9300,福岡県福岡市早良区百道浜１,地下鉄空港線「西新」徒歩10分,90.28,1LDK,2004年2月,https://suumo.jp//ms/chuko/fukuoka/sc_fukuokashisawara/nc_20455101/,西新,地下鉄空港線,10,2004-02-01,22,20455101
レジデンス百道,9300,福岡県福岡市早良区百道２,地下鉄空港線「藤崎」徒歩3分,83.33,2LDK+S（納戸）,2015年3月,https://suumo.jp//ms/chuko/fukuoka/sc_fukuokashisawara/nc_20511947/,藤崎,地下鉄空港線,3,2015-03-01,11,20511947
グランドメゾン浄水ガーデンシティセントラルフォレスト…,9390,福岡県福岡市中央区薬院４-１４番１,地下鉄七隈線「薬院大通」徒歩9分,65.42,2LDK,2022年1月,https://suumo.jp//ms/chuko/fukuoka/sc_fukuokashichuo/nc_20036479/,薬院大通,地下鉄七隈線,9,2022-01-01,4,20036479
ブランシエラ赤坂はなみずき通り,9390,福岡県福岡市中央区桜坂１,地下鉄七隈線「桜坂」徒歩6分,77.39,3LDK,2020年8月,https://suumo.jp//ms/chuko/fukuoka/sc_fukuokashichuo/nc_78841624/,桜坂,地下鉄七隈線,6,2020-08-01,6,78841624
ザ・パークハウス赤坂タワーレジデンス,9480,福岡県福岡市中央区長浜２,地下鉄空港線「赤坂」徒歩7分,91.3,3LDK,2019年7月,https://suumo.jp//ms/chuko/fukuoka/sc_fukuokashichuo/nc_20837386/,赤坂,地下鉄空港線,7,2019-07-01,7,20837386
コアマンション大手門タワー,9498,福岡県福岡市中央区大手門１,地下鉄空港線「赤坂」徒歩6分,90.87,3LDK+S（納戸）,2003年8月,https://suumo.jp//ms/chuko/fukuoka/sc_fukuokashichuo/nc_20828262/,赤坂,地下鉄空港線,6,2003-08-01,23,20828262
コアマンション大手門タワー,9498,福岡県福岡市中央区大手門１,地下鉄空港線「赤坂」徒歩5分,90.87,3LDK+S（納戸）,2003年8月,https://suumo.jp//ms/chuko/fukuoka/sc_fukuokashichuo/nc_79091579/,赤坂,地下鉄空港線,5,2003-08-01,23,79091579
コアマンション大手門タワー,9498,福岡県福岡市中央区大手門１,地下鉄空港線「赤坂」徒歩6分,90.87,3LDK,2003年8月,https://suumo.jp//ms/chuko/fukuoka/sc_fukuokashichuo/nc_20819112/,赤坂,地下鉄空港線,6,2003-08-01,23,20819112
グランドメゾン赤坂JOHSEKI,9500,福岡県福岡市中央区赤坂２,地下鉄空港線「赤坂」徒歩12分,52.76,2LDK,2022年9月,https://suumo.jp//ms/chuko/fukuoka/sc_fukuokashichuo/nc_20845713/,赤坂,地下鉄空港線,12,2022-09-01,4,20845713
グランドメゾン福岡　The Central Luxe,9500,福岡県福岡市中央区渡辺通２-７－２８,西鉄天神大牟田線「薬院」徒歩2分,63.29,1LDK,2025年6月,https://suumo.jp//ms/chuko/fukuoka/sc_fukuokashichuo/nc_20128719/,薬院,西鉄天神大牟田線,2,2025-06-01,1,20128719
百道タワー,9500,福岡県福岡市早良区百道浜１,地下鉄空港線「西新」徒歩10分,81.73,2LDK,2004年2月,https://suumo.jp//ms/chuko/fukuoka/sc_fukuokashisawara/nc_79121075/,西新,地下鉄空港線,10,2004-02-01,22,79121075
グランドメゾン桜坂ヒルズ,9600,福岡県福岡市中央区警固３,地下鉄七隈線「桜坂」徒歩5分,90.75,3LDK,2011年2月,https://suumo.jp//ms/chuko/fukuoka/sc_fukuokashichuo/nc_20513628/,桜坂,地下鉄七隈線,5,2011-02-01,15,20513628
サンメゾン今川,9780,福岡県福岡市中央区今川１,地下鉄空港線「唐人町」徒歩6分,86.13,3LDK,2019年2月,https://suumo.jp//ms/chuko/fukuoka/sc_fukuokashichuo/nc_20601170/,唐人町,地下鉄空港線,6,2019-02-01,7,20601170
グランドメゾン赤坂１丁目,9800,福岡県福岡市中央区赤坂１,地下鉄空港線「赤坂」徒歩6分,71.55,2LDK,2013年5月,https://suumo.jp//ms/chuko/fukuoka/sc_fukuokashichuo/nc_20746427/,赤坂,地下鉄空港線,6,2013-05-01,13,20746427
パークコート赤坂ヒルトップレジデンス,9880,福岡県福岡市中央区赤坂３-６－６,地下鉄七隈線「桜坂」徒歩10分,89.63,3LDK,2010年2月,https://suumo.jp//ms/chuko/fukuoka/sc_fukuokashichuo/nc_78640538/,桜坂,地下鉄七隈線,10,2010-02-01,16,78640538
ザ・パークハウス福岡タワーズ　EAST,9980,福岡県福岡市中央区地行浜２,地下鉄空港線「唐人町」徒歩12分,81.41,3LDK,2020年12月,https://suumo.jp//ms/chuko/fukuoka/sc_fukuokashichuo/nc_20738575/,唐人町,地下鉄空港線,12,2020-12-01,6,20738575
アクタス大手門パークシティ,9980,福岡県福岡市中央区大手門１,地下鉄空港線「赤坂」徒歩7分,93.92,3LDK,2005年2月,https://suumo.jp//ms/chuko/fukuoka/sc_fukuokashichuo/nc_76865748/,赤坂,地下鉄空港線,7,2005-02-01,21,76865748
アクタス大手門パークシティ,9980,福岡県福岡市中央区大手門１-２－１８,地下鉄空港線「赤坂」徒歩7分,93.92,3LDK,2005年2月,https://suumo.jp//ms/chuko/fukuoka/sc_fukuokashichuo/nc_76842988/,赤坂,地下鉄空港線,7,2005-02-01,21,76842988
プレミスト平尾浄水オークハウス,9980,福岡県福岡市中央区平尾浄水町,地下鉄七隈線「薬院大通」徒歩13分,115.05,4LDK,2010年5月,https://suumo.jp//ms/chuko/fukuoka/sc_fukuokashichuo/nc_79014157/,薬院大通,地下鉄七隈線,13,2010-05-01,16,79014157
ライオンズ大濠レジデンス,9980,福岡県福岡市中央区草香江２,地下鉄七隈線「六本松」徒歩10分,100.05,3LDK,2007年11月,https://suumo.jp//ms/chuko/fukuoka/sc_fukuokashichuo/nc_20483283/,六本松,地下鉄七隈線,10,2007-11-01,19,20483283
Ｂｒｉｌｌｉａ平尾浄水,9980,福岡県福岡市中央区平尾浄水町,地下鉄七隈線「薬院大通」徒歩12分,108.17,3LDK,2009年4月,https://suumo.jp//ms/chuko/fukuoka/sc_fukuokashichuo/nc_20160990/,薬院大通,地下鉄七隈線,12,2009-04-01,17,20160990
アダージュ薬院弐番館,9980,福岡県福岡市中央区薬院２,地下鉄七隈線「薬院大通」徒歩2分,93.88,4LDK,2003年3月,https://suumo.jp//ms/chuko/fukuoka/sc_fukuokashichuo/nc_20915013/,薬院大通,地下鉄七隈線,2,2003-03-01,23,20915013
デュレジア薬院スタンス,9990,福岡県福岡市中央区薬院３,地下鉄七隈線「薬院大通」徒歩5分,70.33,2LDK+S（納戸）,2023年2月,https://suumo.jp//ms/chuko/fukuoka/sc_fukuokashichuo/nc_20282820/,薬院大通,地下鉄七隈線,5,2023-02-01,3,20282820
サークコート大濠公園駅,10000,福岡県福岡市中央区荒戸２,地下鉄空港線「大濠公園」徒歩3分,85.18,4LDK,2001年2月,https://suumo.jp//ms/chuko/fukuoka/sc_fukuokashichuo/nc_20530372/,大濠公園,地下鉄空港線,3,2001-02-01,25,20530372
百道タワー,10280,福岡県福岡市早良区百道浜１,地下鉄空港線「西新」徒歩13分,108.68,3LDK,2004年2月,https://suumo.jp//ms/chuko/fukuoka/sc_fukuokashisawara/nc_78116650/,西新,地下鉄空港線,13,2004-02-01,22,78116650
グランドメゾン福岡Ｔｈｅ　Ｃｅｎｔｒａｌ　Ｌｕｘｅ,10300,福岡県福岡市中央区渡辺通２,西鉄天神大牟田線「薬院」徒歩2分,69.63,1LDK,2025年6月,https://suumo.jp//ms/chuko/fukuoka/sc_fukuokashichuo/nc_20577810/,薬院,西鉄天神大牟田線,2,2025-06-01,1,20577810
フリーディア藤崎レジデンス,10300,福岡県福岡市早良区藤崎１,地下鉄空港線「藤崎」徒歩4分,97.45,3LDK,2019年9月,https://suumo.jp//ms/chuko/fukuoka/sc_fukuokashisawara/nc_79081279/,藤崎,地下鉄空港線,4,2019-09-01,7,79081279
グランドメゾン福岡　Ｔｈｅ　Ｃｅｎｔｒａｌ　Ｌｕｘｅ,10500,福岡県福岡市中央区渡辺通２,西鉄天神大牟田線「薬院」徒歩2分,69.63,1LDK,2025年7月,https://suumo.jp//ms/chuko/fukuoka/sc_fukuokashichuo/nc_20650007/,薬院,西鉄天神大牟田線,2,2025-07-01,1,20650007
グランドメゾン薬院　ザ・タワーレジデンス,10500,福岡県福岡市中央区薬院３,地下鉄七隈線「薬院大通」徒歩5分,70.06,2LDK+S（納戸）,2022年6月,https://suumo.jp//ms/chuko/fukuoka/sc_fukuokashichuo/nc_20609707/,薬院大通,地下鉄七隈線,5,2022-06-01,4,20609707
グランドメゾン福岡　Ｔｈｅ　Ｃｅｎｔｒａｌ　Ｌｕｘｅ,10500,福岡県福岡市中央区渡辺通２,西鉄天神大牟田線「薬院」徒歩3分,69.63,ワンルーム,2025年6月,https://suumo.jp//ms/chuko/fukuoka/sc_fukuokashichuo/nc_20420261/,薬院,西鉄天神大牟田線,3,2025-06-01,1,20420261
ライオンズマンション大濠パークサイド,10500,福岡県福岡市中央区鳥飼２-1-40,地下鉄七隈線「六本松」徒歩12分,103.85,3LDK,2003年2月,https://suumo.jp//ms/chuko/fukuoka/sc_fukuokashichuo/nc_20747160/,六本松,地下鉄七隈線,12,2003-02-01,23,20747160
ライオンズマンション大濠パークサイド,10700,福岡県福岡市中央区鳥飼２,地下鉄空港線「唐人町」徒歩11分,103.85,4LDK,2003年2月,https://suumo.jp//ms/chuko/fukuoka/sc_fukuokashichuo/nc_20785395/,唐人町,地下鉄空港線,11,2003-02-01,23,20785395
グランドメゾン西新テラス,10780,福岡県福岡市早良区城西１,地下鉄空港線「西新」徒歩7分,96.41,3LDK,2014年2月,https://suumo.jp//ms/chuko/fukuoka/sc_fukuokashisawara/nc_20043788/,西新,地下鉄空港線,7,2014-02-01,12,20043788
アルテマインド浄水平丘,10800,福岡県福岡市中央区平丘町1-16,地下鉄七隈線「薬院大通」徒歩10分,94.63,3LDK,2010年5月,https://suumo.jp//ms/chuko/fukuoka/sc_fukuokashichuo/nc_20249037/,薬院大通,地下鉄七隈線,10,2010-05-01,16,20249037
アルテマインド浄水平丘,10800,福岡県福岡市中央区平丘町,地下鉄七隈線「薬院大通」徒歩9分,94.63,3LDK,2010年4月,https://suumo.jp//ms/chuko/fukuoka/sc_fukuokashichuo/nc_20409313/,薬院大通,地下鉄七隈線,9,2010-04-01,16,20409313
グランドメゾン百道プレイス,10820,福岡県福岡市早良区百道２,地下鉄空港線「藤崎」徒歩3分,90.65,3LDK,2016年2月,https://suumo.jp//ms/chuko/fukuoka/sc_fukuokashisawara/nc_77583529/,藤崎,地下鉄空港線,3,2016-02-01,10,77583529
三井薬院ハイツ,10880,福岡県福岡市中央区薬院２,地下鉄七隈線「薬院大通」徒歩6分,172.94,8LDK,1982年10月,https://suumo.jp//ms/chuko/fukuoka/sc_fukuokashichuo/nc_20133049/,薬院大通,地下鉄七隈線,6,1982-10-01,44,20133049
フリーディア赤坂レジデンス,10880,福岡県福岡市中央区舞鶴３,地下鉄空港線「赤坂」徒歩5分,84.69,3LDK,2018年1月,https://suumo.jp//ms/chuko/fukuoka/sc_fukuokashichuo/nc_20773745/,赤坂,地下鉄空港線,5,2018-01-01,8,20773745
グランドメゾン大濠公園南,10990,福岡県福岡市中央区草香江２,地下鉄七隈線「六本松」徒歩4分,98.79,3LDK+S（納戸）,2001年11月,https://suumo.jp//ms/chuko/fukuoka/sc_fukuokashichuo/nc_20171751/,六本松,地下鉄七隈線,4,2001-11-01,25,20171751
グランドメゾン大濠南,10990,福岡県福岡市中央区草香江２,地下鉄七隈線「六本松」徒歩3分,98.79,3LDK,2001年11月,https://suumo.jp//ms/chuko/fukuoka/sc_fukuokashichuo/nc_20850542/,六本松,地下鉄七隈線,3,2001-11-01,25,20850542
グランドメゾン大濠南,10990,福岡県福岡市中央区草香江２,地下鉄七隈線「六本松」徒歩3分,98.79,3LDK+S（納戸）,2001年12月,https://suumo.jp//ms/chuko/fukuoka/sc_fukuokashichuo/nc_20914929/,六本松,地下鉄七隈線,3,2001-12-01,25,20914929
グランドメゾン大濠南,10990,福岡県福岡市中央区草香江２,地下鉄七隈線「六本松」徒歩4分,98.79,3LDK+S（納戸）,2001年11月,https://suumo.jp//ms/chuko/fukuoka/sc_fukuokashichuo/nc_20614954/,六本松,地下鉄七隈線,4,2001-11-01,25,20614954
グランドメゾン大濠南,10990,福岡県福岡市中央区草香江２,地下鉄七隈線「六本松」徒歩3分,98.79,3LDK+S（納戸）,2001年11月,https://suumo.jp//ms/chuko/fukuoka/sc_fukuokashichuo/nc_20117698/,六本松,地下鉄七隈線,3,2001-11-01,25,20117698
グランドメゾン大濠南,10990,福岡県福岡市中央区草香江２,地下鉄七隈線「六本松」徒歩3分,98.79,3LDK,2001年11月,https://suumo.jp//ms/chuko/fukuoka/sc_fukuokashichuo/nc_20641599/,六本松,地下鉄七隈線,3,2001-11-01,25,20641599
グランドメゾン大濠南,10990,福岡県福岡市中央区草香江２,地下鉄七隈線「六本松」徒歩3分,98.79,3LDK+S（納戸）,2001年11月,https://suumo.jp//ms/chuko/fukuoka/sc_fukuokashichuo/nc_20286451/,六本松,地下鉄七隈線,3,2001-11-01,25,20286451
グランドメゾン大濠南,10990,福岡県福岡市中央区草香江２,地下鉄七隈線「六本松」徒歩3分,98.79,3LDK+S（納戸）,2001年11月,https://suumo.jp//ms/chuko/fukuoka/sc_fukuokashichuo/nc_20181928/,六本松,地下鉄七隈線,3,2001-11-01,25,20181928
グランドメゾン大濠南,10990,福岡県福岡市中央区草香江２-1-38,地下鉄七隈線「六本松」徒歩3分,98.79,3LDK+S（納戸）,2001年11月,https://suumo.jp//ms/chuko/fukuoka/sc_fukuokashichuo/nc_20412861/,六本松,地下鉄七隈線,3,2001-11-01,25,20412861
グランドメゾン大濠南,10990,福岡県福岡市中央区草香江２-1-38,地下鉄七隈線「六本松」徒歩2分,98.79,3LDK+S（納戸）,2001年11月,https://suumo.jp//ms/chuko/fukuoka/sc_fukuokashichuo/nc_20236709/,六本松,地下鉄七隈線,2,2001-11-01,25,20236709
グランドメゾン福岡The Central Luxe,11000,福岡県福岡市中央区渡辺通２-7-28,西鉄天神大牟田線「薬院」徒歩3分,51.35,1LDK,2025年6月,https://suumo.jp//ms/chuko/fukuoka/sc_fukuokashichuo/nc_20102772/,薬院,西鉄天神大牟田線,3,2025-06-01,1,20102772
グランドメゾン福岡The Central Luxe,11000,福岡県福岡市中央区渡辺通２,西鉄天神大牟田線「薬院」徒歩2分,51.35,1LDK,2025年6月,https://suumo.jp//ms/chuko/fukuoka/sc_fukuokashichuo/nc_20024816/,薬院,西鉄天神大牟田線,2,2025-06-01,1,20024816
グランドメゾン福岡Ｔｈｅ　Ｃｅｎｔｒａｌ　Ｌｕｘｅ,11000,福岡県福岡市中央区渡辺通２,西鉄天神大牟田線「薬院」徒歩3分,51.35,1LDK,2025年6月,https://suumo.jp//ms/chuko/fukuoka/sc_fukuokashichuo/nc_20389892/,薬院,西鉄天神大牟田線,3,2025-06-01,1,20389892
グランドメゾン大濠公園ＴＨＥ　ＴＯＷＥＲ,11500,福岡県福岡市中央区唐人町１,地下鉄空港線「唐人町」徒歩2分,70.67,3LDK,2023年6月,https://suumo.jp//ms/chuko/fukuoka/sc_fukuokashichuo/nc_20179644/,唐人町,地下鉄空港線,2,2023-06-01,3,20179644
グランドメゾン赤坂１丁目,11580,福岡県福岡市中央区赤坂１,地下鉄空港線「赤坂」徒歩6分,88.11,3LDK,2013年5月,https://suumo.jp//ms/chuko/fukuoka/sc_fukuokashichuo/nc_20401837/,赤坂,地下鉄空港線,6,2013-05-01,13,20401837
ブリリア平尾浄水,11800,福岡県福岡市中央区平尾浄水町,地下鉄七隈線「薬院大通」徒歩11分,114.43,3LDK,2009年5月,https://suumo.jp//ms/chuko/fukuoka/sc_fukuokashichuo/nc_78952756/,薬院大通,地下鉄七隈線,11,2009-05-01,17,78952756
Brillia平尾浄水,11800,福岡県福岡市中央区平尾浄水町,地下鉄七隈線「薬院大通」徒歩12分,114.43,3LDK,2009年4月,https://suumo.jp//ms/chuko/fukuoka/sc_fukuokashichuo/nc_20367604/,薬院大通,地下鉄七隈線,12,2009-04-01,17,20367604
Ｂｒｉｌｌｉａ平尾浄水,11800,福岡県福岡市中央区平尾浄水町,地下鉄七隈線「薬院大通」徒歩12分,114.43,3LDK,2009年4月,https://suumo.jp//ms/chuko/fukuoka/sc_fukuokashichuo/nc_20395544/,薬院大通,地下鉄七隈線,12,2009-04-01,17,20395544
パークハウス大濠,11880,福岡県福岡市中央区大濠１,地下鉄空港線「唐人町」徒歩12分,107.28,3LDK,1998年5月,https://suumo.jp//ms/chuko/fukuoka/sc_fukuokashichuo/nc_20126844/,唐人町,地下鉄空港線,12,1998-05-01,28,20126844
グランドメゾン大濠公園THE CLASS,12000,福岡県福岡市中央区荒戸２-3-9,地下鉄空港線「大濠公園」徒歩6分,60.35,2LDK,2024年1月,https://suumo.jp//ms/chuko/fukuoka/sc_fukuokashichuo/nc_20120081/,大濠公園,地下鉄空港線,6,2024-01-01,2,20120081
アーバンパレス大濠,12000,福岡県福岡市中央区荒戸２,地下鉄空港線「大濠公園」徒歩4分,151.77,4LDK,1992年6月,https://suumo.jp//ms/chuko/fukuoka/sc_fukuokashichuo/nc_20731823/,大濠公園,地下鉄空港線,4,1992-06-01,34,20731823
グランドメゾン大濠公園ＴＨＥ　ＣＬＡＳＳ,12000,福岡県福岡市中央区荒戸２,地下鉄空港線「大濠公園」徒歩4分,60.35,2LDK,2024年1月,https://suumo.jp//ms/chuko/fukuoka/sc_fukuokashichuo/nc_20346627/,大濠公園,地下鉄空港線,4,2024-01-01,2,20346627
グランドメゾン大濠公園THE CLASS,12000,福岡県福岡市中央区荒戸２,地下鉄空港線「大濠公園」徒歩4分,60.35,2LDK,2024年1月,https://suumo.jp//ms/chuko/fukuoka/sc_fukuokashichuo/nc_20005198/,大濠公園,地下鉄空港線,4,2024-01-01,2,20005198
グランドメゾン大濠公園THE CLASS,12000,福岡県福岡市中央区荒戸２,地下鉄空港線「大濠公園」徒歩5分,60.35,2LDK,2024年1月,https://suumo.jp//ms/chuko/fukuoka/sc_fukuokashichuo/nc_20415519/,大濠公園,地下鉄空港線,5,2024-01-01,2,20415519
アーバンパレス大濠,12000,福岡県福岡市中央区荒戸２-2-42,地下鉄空港線「大濠公園」徒歩6分,151.77,4LDK,1992年6月,https://suumo.jp//ms/chuko/fukuoka/sc_fukuokashichuo/nc_20645262/,大濠公園,地下鉄空港線,6,1992-06-01,34,20645262
グランドメゾン浄水ガーデンシティフォレストゲートⅢ,12500,福岡県福岡市中央区薬院４,地下鉄七隈線「薬院大通」徒歩5分,83.15,3LDK,2018年12月,https://suumo.jp//ms/chuko/fukuoka/sc_fukuokashichuo/nc_79074334/,薬院大通,地下鉄七隈線,5,2018-12-01,8,79074334
グランドメゾン浄水ガーデンシティ　セントラルフォレス…,12500,福岡県福岡市中央区薬院４,地下鉄七隈線「薬院大通」徒歩9分,74.84,3LDK,2022年1月,https://suumo.jp//ms/chuko/fukuoka/sc_fukuokashichuo/nc_20892817/,薬院大通,地下鉄七隈線,9,2022-01-01,4,20892817
グランドメゾン福岡　The Central Luxe…,12660,福岡県福岡市中央区渡辺通２-7-23,西鉄天神大牟田線「薬院」徒歩2分,69.72,1LDK,2025年6月,https://suumo.jp//ms/chuko/fukuoka/sc_fukuokashichuo/nc_79102216/,薬院,西鉄天神大牟田線,2,2025-06-01,1,79102216
CLUB THE.大濠二丁目,12780,福岡県福岡市中央区大濠２,地下鉄空港線「唐人町」徒歩7分,91.07,2LDK,2019年6月,https://suumo.jp//ms/chuko/fukuoka/sc_fukuokashichuo/nc_20032764/,唐人町,地下鉄空港線,7,2019-06-01,7,20032764
ＪＧＭロイヤルガーデン薬院,12800,福岡県福岡市中央区薬院２,地下鉄七隈線「薬院大通」徒歩1分,104.94,4LDK,2004年3月,https://suumo.jp//ms/chuko/fukuoka/sc_fukuokashichuo/nc_20696990/,薬院大通,地下鉄七隈線,1,2004-03-01,22,20696990
グランドメゾン赤坂弐番館,12800,福岡県福岡市中央区赤坂２,地下鉄空港線「赤坂」徒歩11分,110.0,3LDK,2004年9月,https://suumo.jp//ms/chuko/fukuoka/sc_fukuokashichuo/nc_20491491/,赤坂,地下鉄空港線,11,2004-09-01,22,20491491
グランドメゾン浄水ガーデンシティ　セントラルフォレス…,12800,福岡県福岡市中央区薬院４,地下鉄七隈線「薬院大通」徒歩6分,74.84,3LDK,2022年1月,https://suumo.jp//ms/chuko/fukuoka/sc_fukuokashichuo/nc_20752901/,薬院大通,地下鉄七隈線,6,2022-01-01,4,20752901
ザ・パークハウス福岡タワーズ EAST,12800,福岡県福岡市中央区地行浜２,地下鉄空港線「唐人町」徒歩12分,83.96,3LDK,2020年12月,https://suumo.jp//ms/chuko/fukuoka/sc_fukuokashichuo/nc_79049647/,唐人町,地下鉄空港線,12,2020-12-01,6,79049647
グランドメゾン赤坂弐番館,12800,福岡県福岡市中央区赤坂２,地下鉄空港線「赤坂」徒歩11分,110.0,3LDK,2004年9月,https://suumo.jp//ms/chuko/fukuoka/sc_fukuokashichuo/nc_20475936/,赤坂,地下鉄空港線,11,2004-09-01,22,20475936
グランドメゾン浄水ガーデンシティセントラルフォレスト…,12800,福岡県福岡市中央区薬院４,地下鉄七隈線「薬院大通」徒歩9分,74.84,3LDK,2022年1月,https://suumo.jp//ms/chuko/fukuoka/sc_fukuokashichuo/nc_20753991/,薬院大通,地下鉄七隈線,9,2022-01-01,4,20753991
グランドメゾン赤坂弐番館,12800,福岡県福岡市中央区赤坂２,地下鉄空港線「赤坂」徒歩12分,110.0,3LDK,2004年9月,https://suumo.jp//ms/chuko/fukuoka/sc_fukuokashichuo/nc_79104390/,赤坂,地下鉄空港線,12,2004-09-01,22,79104390
グランドメゾン赤坂弐番館,12800,福岡県福岡市中央区赤坂２,地下鉄空港線「赤坂」徒歩11分,110.0,3LDK,2004年9月,https://suumo.jp//ms/chuko/fukuoka/sc_fukuokashichuo/nc_20496537/,赤坂,地下鉄空港線,11,2004-09-01,22,20496537
グランドパレス浄水通り,12850,福岡県福岡市中央区薬院４,地下鉄七隈線「薬院大通」徒歩6分,101.74,2LDK+S（納戸）,2017年2月,https://suumo.jp//ms/chuko/fukuoka/sc_fukuokashichuo/nc_20329272/,薬院大通,地下鉄七隈線,6,2017-02-01,9,20329272
グランドパレス浄水通り,12850,福岡県福岡市中央区薬院４,地下鉄七隈線「薬院大通」徒歩6分,101.74,2LDK,2017年2月,https://suumo.jp//ms/chuko/fukuoka/sc_fukuokashichuo/nc_20336580/,薬院大通,地下鉄七隈線,6,2017-02-01,9,20336580
グランドパレス浄水通り,12850,福岡県福岡市中央区薬院４-15-10,地下鉄七隈線「薬院大通」徒歩8分,101.74,2LDK+S（納戸）,2017年3月,https://suumo.jp//ms/chuko/fukuoka/sc_fukuokashichuo/nc_20312519/,薬院大通,地下鉄七隈線,8,2017-03-01,9,20312519
ネクサス薬院,12880,福岡県福岡市中央区薬院１-12-10,地下鉄七隈線「薬院大通」徒歩4分,94.52,3LDK,2015年6月,https://suumo.jp//ms/chuko/fukuoka/sc_fukuokashichuo/nc_20536103/,薬院大通,地下鉄七隈線,4,2015-06-01,11,20536103
ネクサス薬院,12880,福岡県福岡市中央区薬院１,地下鉄七隈線「薬院大通」徒歩3分,94.52,3LDK,2015年6月,https://suumo.jp//ms/chuko/fukuoka/sc_fukuokashichuo/nc_78294683/,薬院大通,地下鉄七隈線,3,2015-06-01,11,78294683
ネクサス薬院,12880,福岡県福岡市中央区薬院１,地下鉄七隈線「薬院大通」徒歩4分,94.52,3LDK,2015年6月,https://suumo.jp//ms/chuko/fukuoka/sc_fukuokashichuo/nc_20767793/,薬院大通,地下鉄七隈線,4,2015-06-01,11,20767793
ネクサス薬院,12880,福岡県福岡市中央区薬院１,地下鉄七隈線「薬院大通」徒歩4分,94.52,3LDK,2015年6月,https://suumo.jp//ms/chuko/fukuoka/sc_fukuokashichuo/nc_78680505/,薬院大通,地下鉄七隈線,4,2015-06-01,11,78680505
Brillia平尾浄水,12900,福岡県福岡市中央区平尾浄水町4-7,地下鉄七隈線「薬院大通」徒歩11分,127.99,3LDK,2009年4月,https://suumo.jp//ms/chuko/fukuoka/sc_fukuokashichuo/nc_78105959/,薬院大通,地下鉄七隈線,11,2009-04-01,17,78105959
コアマンションけやき通りプレジオ,13400,福岡県福岡市中央区赤坂３,地下鉄七隈線「六本松」徒歩11分,150.4,3LDK+S（納戸）,2002年10月,https://suumo.jp//ms/chuko/fukuoka/sc_fukuokashichuo/nc_20445148/,六本松,地下鉄七隈線,11,2002-10-01,24,20445148
アンピール・マキシム大濠,13500,福岡県福岡市中央区荒戸２,地下鉄空港線「大濠公園」徒歩8分,123.43,3LDK,2000年10月,https://suumo.jp//ms/chuko/fukuoka/sc_fukuokashichuo/nc_20594963/,大濠公園,地下鉄空港線,8,2000-10-01,26,20594963
グランドメゾン大濠公園２０１７,13500,福岡県福岡市中央区荒戸１,地下鉄空港線「大濠公園」徒歩4分,93.44,2LDK,2017年11月,https://suumo.jp//ms/chuko/fukuoka/sc_fukuokashichuo/nc_78085177/,大濠公園,地下鉄空港線,4,2017-11-01,9,78085177
アンピールマキシム大濠,13500,福岡県福岡市中央区荒戸２,地下鉄空港線「大濠公園」徒歩6分,123.43,3LDK,2000年10月,https://suumo.jp//ms/chuko/fukuoka/sc_fukuokashichuo/nc_20785394/,大濠公園,地下鉄空港線,6,2000-10-01,26,20785394
コアマンションけやき通りプレジオ,13500,福岡県福岡市中央区赤坂３-４－２２,地下鉄七隈線「桜坂」徒歩12分,133.37,4LDK,2002年10月,https://suumo.jp//ms/chuko/fukuoka/sc_fukuokashichuo/nc_20724392/,桜坂,地下鉄七隈線,12,2002-10-01,24,20724392
サーパス赤坂マスターズビュー,13800,福岡県福岡市中央区六本松３-16-27,地下鉄七隈線「六本松」徒歩8分,90.23,3LDK,2013年10月,https://suumo.jp//ms/chuko/fukuoka/sc_fukuokashichuo/nc_78818450/,六本松,地下鉄七隈線,8,2013-10-01,13,78818450
サーパス赤坂マスターズビュー,13800,福岡県福岡市中央区六本松３,地下鉄七隈線「六本松」徒歩8分,90.23,3LDK,2013年10月,https://suumo.jp//ms/chuko/fukuoka/sc_fukuokashichuo/nc_78826360/,六本松,地下鉄七隈線,8,2013-10-01,13,78826360
ルッシュ・西公園,14000,福岡県福岡市中央区荒戸３-5-46,地下鉄空港線「唐人町」徒歩13分,131.05,4LDK,1990年9月,https://suumo.jp//ms/chuko/fukuoka/sc_fukuokashichuo/nc_78996625/,唐人町,地下鉄空港線,13,1990-09-01,36,78996625
グランドメゾン大濠公園ＴＨＥ　ＣＬＡＳＳ,14000,福岡県福岡市中央区荒戸２,地下鉄空港線「大濠公園」徒歩4分,80.07,3LDK,2024年1月,https://suumo.jp//ms/chuko/fukuoka/sc_fukuokashichuo/nc_77341516/,大濠公園,地下鉄空港線,4,2024-01-01,2,77341516
ウェリス大濠公園Z-Stage,14800,福岡県福岡市中央区黒門,地下鉄空港線「唐人町」徒歩2分,86.42,3LDK,2013年9月,https://suumo.jp//ms/chuko/fukuoka/sc_fukuokashichuo/nc_20422608/,唐人町,地下鉄空港線,2,2013-09-01,13,20422608
ウェリス大濠公園Ｚ－Ｓｔａｇｅ,14800,福岡県福岡市中央区黒門,地下鉄空港線「唐人町」徒歩2分,86.42,3LDK,2013年9月,https://suumo.jp//ms/chuko/fukuoka/sc_fukuokashichuo/nc_20649999/,唐人町,地下鉄空港線,2,2013-09-01,13,20649999
ザ・パークハウス桜坂サンリヤン,14800,福岡県福岡市中央区桜坂３,地下鉄七隈線「桜坂」徒歩3分,84.98,3LDK+S（納戸）,2018年9月,https://suumo.jp//ms/chuko/fukuoka/sc_fukuokashichuo/nc_20521773/,桜坂,地下鉄七隈線,3,2018-09-01,8,20521773
プレミスト天神赤坂タワー,14800,福岡県福岡市中央区大名２,地下鉄空港線「赤坂」徒歩2分,69.22,2LDK,2019年1月,https://suumo.jp//ms/chuko/fukuoka/sc_fukuokashichuo/nc_20574350/,赤坂,地下鉄空港線,2,2019-01-01,7,20574350
ザ・パークハウス桜坂サンリヤン,14800,福岡県福岡市中央区桜坂３,地下鉄七隈線「桜坂」徒歩3分,84.98,3LDK+S（納戸）,2018年9月,https://suumo.jp//ms/chuko/fukuoka/sc_fukuokashichuo/nc_20476499/,桜坂,地下鉄七隈線,3,2018-09-01,8,20476499
ル・サンク高取,14800,福岡県福岡市早良区高取１-14-18,地下鉄空港線「藤崎」徒歩9分,110.92,4LDK,2014年7月,https://suumo.jp//ms/chuko/fukuoka/sc_fukuokashisawara/nc_20809700/,藤崎,地下鉄空港線,9,2014-07-01,12,20809700
大濠パークハウス,15000,福岡県福岡市中央区大濠１,地下鉄空港線「唐人町」徒歩9分,179.25,2LDK+S（納戸）,1989年10月,https://suumo.jp//ms/chuko/fukuoka/sc_fukuokashichuo/nc_78946460/,唐人町,地下鉄空港線,9,1989-10-01,37,78946460
レーベン福岡天神ＯＮＥ ＴＯＷＥＲ,15358,福岡県福岡市中央区天神５,地下鉄空港線「天神」徒歩9分,83.43,3LDK,2024年1月,https://suumo.jp//ms/chuko/fukuoka/sc_fukuokashichuo/nc_20704379/,天神,地下鉄空港線,9,2024-01-01,2,20704379
レーベン福岡天神ＯＮＥＴＯＷＥＲ,15358,福岡県福岡市中央区天神５,地下鉄空港線「天神」徒歩6分,83.43,3LDK,2024年1月,https://suumo.jp//ms/chuko/fukuoka/sc_fukuokashichuo/nc_78395279/,天神,地下鉄空港線,6,2024-01-01,2,78395279
レーベン福岡天神ＯＮＥ　ＴＯＷＥＲ,15358,福岡県福岡市中央区天神５,地下鉄空港線「天神」徒歩8分,83.43,2LDK+S（納戸）,2024年1月,https://suumo.jp//ms/chuko/fukuoka/sc_fukuokashichuo/nc_20587896/,天神,地下鉄空港線,8,2024-01-01,2,20587896
レーベン福岡天神　ＯＮＥ　ＴＯＷＥＲ,15358,福岡県福岡市中央区天神５,地下鉄空港線「天神」徒歩9分,83.43,3LDK,2024年1月,https://suumo.jp//ms/chuko/fukuoka/sc_fukuokashichuo/nc_77793403/,天神,地下鉄空港線,9,2024-01-01,2,77793403
レーベン福岡天神ONETOWER,15358,福岡県福岡市中央区天神５,地下鉄空港線「天神」徒歩6分,83.43,3LDK,2024年1月,https://suumo.jp//ms/chuko/fukuoka/sc_fukuokashichuo/nc_77748360/,天神,地下鉄空港線,6,2024-01-01,2,77748360
ＭＪＲ赤坂タワー,15800,福岡県福岡市中央区赤坂１,地下鉄空港線「赤坂」徒歩1分,69.03,2LDK,2017年10月,https://suumo.jp//ms/chuko/fukuoka/sc_fukuokashichuo/nc_77940319/,赤坂,地下鉄空港線,1,2017-10-01,9,77940319
MJR赤坂タワー,15800,福岡県福岡市中央区赤坂１,地下鉄空港線「赤坂」徒歩1分,69.03,2LDK,2017年10月,https://suumo.jp//ms/chuko/fukuoka/sc_fukuokashichuo/nc_77959137/,赤坂,地下鉄空港線,1,2017-10-01,9,77959137
MJR赤坂タワー,15800,福岡県福岡市中央区赤坂１,地下鉄空港線「赤坂」徒歩1分,69.03,2LDK,2017年10月,https://suumo.jp//ms/chuko/fukuoka/sc_fukuokashichuo/nc_77915413/,赤坂,地下鉄空港線,1,2017-10-01,9,77915413
MJR赤坂タワー,15800,福岡県福岡市中央区赤坂１,地下鉄空港線「赤坂」徒歩1分,69.03,2LDK,2017年10月,https://suumo.jp//ms/chuko/fukuoka/sc_fukuokashichuo/nc_79059997/,赤坂,地下鉄空港線,1,2017-10-01,9,79059997
MJR赤坂タワー,15800,福岡県福岡市中央区赤坂１,地下鉄空港線「赤坂」徒歩1分,69.03,2LDK,2017年10月,https://suumo.jp//ms/chuko/fukuoka/sc_fukuokashichuo/nc_77892861/,赤坂,地下鉄空港線,1,2017-10-01,9,77892861
百道浜パークハウス,15800,福岡県福岡市早良区百道浜１,地下鉄空港線「西新」徒歩13分,131.0,4LDK,1998年8月,https://suumo.jp//ms/chuko/fukuoka/sc_fukuokashisawara/nc_20588497/,西新,地下鉄空港線,13,1998-08-01,28,20588497
MJR赤坂タワー,15800,福岡県福岡市中央区赤坂１,地下鉄空港線「赤坂」徒歩1分,69.03,2LDK,2017年11月,https://suumo.jp//ms/chuko/fukuoka/sc_fukuokashichuo/nc_77934409/,赤坂,地下鉄空港線,1,2017-11-01,9,77934409
ザ・パークハウス桜坂サンリヤン,16500,福岡県福岡市中央区桜坂３,地下鉄七隈線「桜坂」徒歩3分,105.07,4LDK,2018年9月,https://suumo.jp//ms/chuko/fukuoka/sc_fukuokashichuo/nc_74279125/,桜坂,地下鉄七隈線,3,2018-09-01,8,74279125
ブリリアタワー西新,16500,福岡県福岡市早良区西新４,地下鉄空港線「西新」徒歩1分,79.93,2LDK,2021年1月,https://suumo.jp//ms/chuko/fukuoka/sc_fukuokashisawara/nc_20693951/,西新,地下鉄空港線,1,2021-01-01,5,20693951
パークホームズ大濠二丁目,17200,福岡県福岡市中央区大濠２,地下鉄空港線「唐人町」徒歩4分,101.47,3LDK,2017年6月,https://suumo.jp//ms/chuko/fukuoka/sc_fukuokashichuo/nc_20417461/,唐人町,地下鉄空港線,4,2017-06-01,9,20417461
ザ・パークハウス天神今泉,17200,福岡県福岡市中央区今泉２,西鉄天神大牟田線「薬院」徒歩6分,104.72,3LDK,2020年7月,https://suumo.jp//ms/chuko/fukuoka/sc_fukuokashichuo/nc_20780000/,薬院,西鉄天神大牟田線,6,2020-07-01,6,20780000
グランドメゾン福岡　Ｔｈｅ　Ｃｅｎｔｒａｌ　Ｌｕｘｅ,18500,福岡県福岡市中央区渡辺通２,西鉄天神大牟田線「薬院」徒歩2分,77.39,2LDK,2025年6月,https://suumo.jp//ms/chuko/fukuoka/sc_fukuokashichuo/nc_20416508/,薬院,西鉄天神大牟田線,2,2025-06-01,1,20416508
ブリリアタワー西新,18680,福岡県福岡市早良区西新４,地下鉄空港線「西新」徒歩1分,80.74,3LDK,2021年1月,https://suumo.jp//ms/chuko/fukuoka/sc_fukuokashisawara/nc_20780485/,西新,地下鉄空港線,1,2021-01-01,5,20780485
プレミスト天神赤坂タワー,18900,福岡県福岡市中央区大名２-10-8,地下鉄空港線「赤坂」徒歩3分,62.77,1LDK,2019年1月,https://suumo.jp//ms/chuko/fukuoka/sc_fukuokashichuo/nc_20214629/,赤坂,地下鉄空港線,3,2019-01-01,7,20214629
グランドメゾン大濠レジデンス,18900,福岡県福岡市中央区大濠２,地下鉄空港線「唐人町」徒歩7分,97.71,2LDK,2015年4月,https://suumo.jp//ms/chuko/fukuoka/sc_fukuokashichuo/nc_20724057/,唐人町,地下鉄空港線,7,2015-04-01,11,20724057
グランアーキ大濠一丁目 ザ・レジデンス,19100,福岡県福岡市中央区大濠１,地下鉄空港線「大濠公園」徒歩15分,83.09,2LDK,2020年12月,https://suumo.jp//ms/chuko/fukuoka/sc_fukuokashichuo/nc_79152708/,大濠公園,地下鉄空港線,15,2020-12-01,6,79152708
グランドメゾン浄水ガーデンシティ　フォレストゲートⅢ,19800,福岡県福岡市中央区薬院４,地下鉄七隈線「薬院大通」徒歩5分,100.07,3LDK,2018年12月,https://suumo.jp//ms/chuko/fukuoka/sc_fukuokashichuo/nc_20401001/,薬院大通,地下鉄七隈線,5,2018-12-01,8,20401001
ザ・パークハウス桜坂サンリヤン,19800,福岡県福岡市中央区桜坂３,地下鉄七隈線「桜坂」徒歩3分,105.07,2LDK+S（納戸）,2018年9月,https://suumo.jp//ms/chuko/fukuoka/sc_fukuokashichuo/nc_78879298/,桜坂,地下鉄七隈線,3,2018-09-01,8,78879298
パークホームズ大濠二丁目,21000,福岡県福岡市中央区大濠２,地下鉄空港線「唐人町」徒歩4分,101.47,2LDK,2017年6月,https://suumo.jp//ms/chuko/fukuoka/sc_fukuokashichuo/nc_20237744/,唐人町,地下鉄空港線,4,2017-06-01,9,20237744
コアマンション大手門タワー,22000,福岡県福岡市中央区大手門１,地下鉄空港線「赤坂」徒歩6分,136.91,4LDK,2003年8月,https://suumo.jp//ms/chuko/fukuoka/sc_fukuokashichuo/nc_20724056/,赤坂,地下鉄空港線,6,2003-08-01,23,20724056
ＣＬＵＢ　ＴＨＥ．大濠二丁目,22800,福岡県福岡市中央区大濠２,地下鉄空港線「唐人町」徒歩7分,133.27,4LDK,2019年6月,https://suumo.jp//ms/chuko/fukuoka/sc_fukuokashichuo/nc_20577804/,唐人町,地下鉄空港線,7,2019-06-01,7,20577804
ザ・パークハウス平尾浄水通り,22800,福岡県福岡市中央区平尾３,地下鉄七隈線「薬院大通」徒歩8分,124.62,3LDK,2018年1月,https://suumo.jp//ms/chuko/fukuoka/sc_fukuokashichuo/nc_20702908/,薬院大通,地下鉄七隈線,8,2018-01-01,8,20702908
Ｂｒｉｌｌｉａ　Ｔｏｗｅｒ西新・ＰＲＡＬＩＶＡ,23300,福岡県福岡市早良区西新４,地下鉄空港線「西新」徒歩1分,99.1,3LDK,2021年1月,https://suumo.jp//ms/chuko/fukuoka/sc_fukuokashisawara/nc_20577831/,西新,地下鉄空港線,1,2021-01-01,5,20577831
グランドメゾン福岡The Central Luxe,25000,福岡県福岡市中央区渡辺通２,西鉄天神大牟田線「薬院」徒歩3分,110.97,3LDK,2025年6月,https://suumo.jp//ms/chuko/fukuoka/sc_fukuokashichuo/nc_20887084/,薬院,西鉄天神大牟田線,3,2025-06-01,1,20887084
パークホームズ西新トラッドマークス,25000,福岡県福岡市早良区西新２,地下鉄空港線「西新」徒歩3分,163.09,3LDK+S（納戸）,2018年5月,https://suumo.jp//ms/chuko/fukuoka/sc_fukuokashisawara/nc_20577823/,西新,地下鉄空港線,3,2018-05-01,8,20577823
グランドメゾン百道浜オーシャン＆フォレスト,25800,福岡県福岡市早良区百道浜３,地下鉄空港線「西新」徒歩15分,155.52,3LDK,2010年7月,https://suumo.jp//ms/chuko/fukuoka/sc_fukuokashisawara/nc_20416709/,西新,地下鉄空港線,15,2010-07-01,16,20416709
ブリリアタワー西新,30000,福岡県福岡市早良区西新４-1-1,地下鉄空港線「西新」徒歩1分,101.65,2LDK,2021年1月,https://suumo.jp//ms/chuko/fukuoka/sc_fukuokashisawara/nc_20407256/,西新,地下鉄空港線,1,2021-01-01,5,20407256
ザ・パークハウス福岡タワーズ　WEST,32000,福岡県福岡市中央区地行浜２,地下鉄空港線「唐人町」徒歩12分,102.56,1LDK,2019年12月,https://suumo.jp//ms/chuko/fukuoka/sc_fukuokashichuo/nc_20445675/,唐人町,地下鉄空港線,12,2019-12-01,7,20445675
Brillia Tower西新　ブリリアタワー西新,33000,福岡県福岡市早良区西新４,地下鉄空港線「西新」徒歩1分,101.82,2LDK,2021年1月,https://suumo.jp//ms/chuko/fukuoka/sc_fukuokashisawara/nc_77890908/,西新,地下鉄空港線,1,2021-01-01,5,77890908
ブリリアタワー西新,33000,福岡県福岡市早良区西新４,地下鉄空港線「西新」徒歩1分,101.82,2LDK,2021年1月,https://suumo.jp//ms/chuko/fukuoka/sc_fukuokashisawara/nc_77901688/,西新,地下鉄空港線,1,2021-01-01,5,77901688
Brillia　Tower西新,33000,福岡県福岡市早良区西新４,地下鉄空港線「西新」徒歩2分,101.82,2LDK,2021年1月,https://suumo.jp//ms/chuko/fukuoka/sc_fukuokashisawara/nc_77901231/,西新,地下鉄空港線,2,2021-01-01,5,77901231
ブリリアタワー西新,33000,福岡県福岡市早良区西新４-1-1,地下鉄空港線「西新」徒歩1分,101.82,2LDK+S（納戸）,2021年1月,https://suumo.jp//ms/chuko/fukuoka/sc_fukuokashisawara/nc_79050803/,西新,地下鉄空港線,1,2021-01-01,5,79050803
Ｂｒｉｌｌｉａ　Ｔｏｗｅｒ西新・ＰＲＡＬＩＶＡ,33000,福岡県福岡市早良区西新４,地下鉄空港線「西新」徒歩1分,101.82,2LDK+S（納戸）,2021年1月,https://suumo.jp//ms/chuko/fukuoka/sc_fukuokashisawara/nc_77940315/,西新,地下鉄空港線,1,2021-01-01,5,77940315
BrilliaTower西新（ブリリアタワー西新）,33000,福岡県福岡市早良区西新４,地下鉄空港線「西新」徒歩1分,101.82,2LDK+S（納戸）,2021年1月,https://suumo.jp//ms/chuko/fukuoka/sc_fukuokashisawara/nc_77918095/,西新,地下鉄空港線,1,2021-01-01,5,77918095
ＣＬＵＢ　ＴＨＥ．薬院ステーションタワー,46000,福岡県福岡市中央区白金１-17-34,西鉄天神大牟田線「薬院」徒歩2分,138.16,2LDK+S（納戸）,2020年4月,https://suumo.jp//ms/chuko/fukuoka/sc_fukuokashichuo/nc_20355816/,薬院,西鉄天神大牟田線,2,2020-04-01,6,20355816
CLUB THE. 薬院ステーションタワー,46000,福岡県福岡市中央区白金１-17-34,地下鉄七隈線「薬院」徒歩2分,138.16,2LDK+S（納戸）,2020年4月,https://suumo.jp//ms/chuko/fukuoka/sc_fukuokashichuo/nc_77605697/,薬院,地下鉄七隈線,2,2020-04-01,6,77605697
ＣＬＵＢ　ＴＨＥ．薬院ステーションタワー,46000,福岡県福岡市中央区白金１,地下鉄七隈線「薬院」徒歩2分,138.16,2LDK+S（納戸）,2020年4月,https://suumo.jp//ms/chuko/fukuoka/sc_fukuokashichuo/nc_20237747/,薬院,地下鉄七隈線,2,2020-04-01,6,20237747
CLUB THE. 薬院ステーションタワー,46000,福岡県福岡市中央区白金１,西鉄天神大牟田線「薬院」徒歩2分,138.16,2LDK+S（納戸）,2020年4月,https://suumo.jp//ms/chuko/fukuoka/sc_fukuokashichuo/nc_77676580/,薬院,西鉄天神大牟田線,2,2020-04-01,6,77676580
