name,price,address,access,area,layout,yyyymm_construction,url,station_name,line,minutes,yyyymm,age,id
シティマンション輝国,950,福岡県福岡市中央区輝国２,地下鉄七隈線「六本松」徒歩15分,55.43,3DK,1984年1月,https://suumo.jp//ms/chuko/fukuoka/sc_fukuokashichuo/nc_20230915/,六本松,地下鉄七隈線,15,1984-01-01,42,20230915
シティマンション輝国,1430,福岡県福岡市中央区輝国２,地下鉄七隈線「六本松」徒歩15分,55.06,3DK,1984年1月,https://suumo.jp//ms/chuko/fukuoka/sc_fukuokashichuo/nc_20293641/,六本松,地下鉄七隈線,15,1984-01-01,42,20293641
グリーンハイツ輝国,1750,福岡県福岡市中央区輝国２,地下鉄七隈線「六本松」徒歩14分,76.3,3LDK,1980年5月,https://suumo.jp//ms/chuko/fukuoka/sc_fukuokashichuo/nc_21237014/,六本松,地下鉄七隈線,14,1980-05-01,46,21237014
藤和城西コーポ,1998,福岡県福岡市城南区別府４-13-29,地下鉄七隈線「別府」徒歩10分,52.82,2LDK,1974年7月,https://suumo.jp//ms/chuko/fukuoka/sc_fukuokashijonan/nc_20576082/,別府,地下鉄七隈線,10,1974-07-01,52,20576082
ライオンズマンション昭代　中古マンション,2298,福岡県福岡市早良区昭代１,地下鉄空港線「西新」徒歩15分,58.8,2LDK,1981年3月,https://suumo.jp//ms/chuko/fukuoka/sc_fukuokashisawara/nc_20527006/,西新,地下鉄空港線,15,1981-03-01,45,20527006
エクセレンス谷,2490,福岡県福岡市中央区谷１-16-58,地下鉄七隈線「六本松」徒歩7分,57.23,2LDK,1979年8月,https://suumo.jp//ms/chuko/fukuoka/sc_fukuokashichuo/nc_20598329/,六本松,地下鉄七隈線,7,1979-08-01,47,20598329
エクセレンス谷,2490,福岡県福岡市中央区谷１,地下鉄七隈線「六本松」徒歩6分,57.23,2LDK,1979年8月,https://suumo.jp//ms/chuko/fukuoka/sc_fukuokashichuo/nc_20040622/,六本松,地下鉄七隈線,6,1979-08-01,47,20040622
エンクレスト天神南Ⅲ,2549,福岡県福岡市中央区清川３,地下鉄七隈線「渡辺通」徒歩13分,37.86,1LDK,2005年8月,https://suumo.jp//ms/chuko/fukuoka/sc_fukuokashichuo/nc_21219176/,渡辺通,地下鉄七隈線,13,2005-08-01,21,21219176
東峰マンション西公園　中古マンション,2680,福岡県福岡市中央区荒戸３,地下鉄空港線「大濠公園」徒歩7分,48.59,2LDK,1978年9月,https://suumo.jp//ms/chuko/fukuoka/sc_fukuokashichuo/nc_21172028/,大濠公園,地下鉄空港線,7,1978-09-01,48,21172028
シティマンション薬院Ⅱ,2690,福岡県福岡市中央区大宮１,西鉄天神大牟田線「薬院」徒歩5分,48.8,2LDK,1985年5月,https://suumo.jp//ms/chuko/fukuoka/sc_fukuokashichuo/nc_21052379/,薬院,西鉄天神大牟田線,5,1985-05-01,41,21052379
ダイアパレス平尾２,2950,福岡県福岡市中央区大宮２,西鉄天神大牟田線「薬院」徒歩11分,64.1,2LDK,1983年3月,https://suumo.jp//ms/chuko/fukuoka/sc_fukuokashichuo/nc_20225032/,薬院,西鉄天神大牟田線,11,1983-03-01,43,20225032
ファミール輝国,2990,福岡県福岡市中央区輝国２-8-20,地下鉄七隈線「六本松」徒歩15分,81.6,3LDK+S（納戸）,1984年3月,https://suumo.jp//ms/chuko/fukuoka/sc_fukuokashichuo/nc_21166001/,六本松,地下鉄七隈線,15,1984-03-01,42,21166001
ロマネスク大濠アネックス,2999,福岡県福岡市中央区鳥飼２-6-15,地下鉄空港線「唐人町」徒歩14分,59.65,2LDK,1987年5月,https://suumo.jp//ms/chuko/fukuoka/sc_fukuokashichuo/nc_79090280/,唐人町,地下鉄空港線,14,1987-05-01,39,79090280
警固ハウス,2999,福岡県福岡市中央区警固１-15-15,地下鉄七隈線「薬院大通」徒歩8分,66.0,2LDK,1980年3月,https://suumo.jp//ms/chuko/fukuoka/sc_fukuokashichuo/nc_21128916/,薬院大通,地下鉄七隈線,8,1980-03-01,46,21128916
警固ハウス,3190,福岡県福岡市中央区警固１-15-15,地下鉄七隈線「薬院大通」徒歩10分,66.0,3LDK,1980年3月,https://suumo.jp//ms/chuko/fukuoka/sc_fukuokashichuo/nc_20874418/,薬院大通,地下鉄七隈線,10,1980-03-01,46,20874418
警固ハウス,3190,福岡県福岡市中央区警固１,地下鉄七隈線「薬院大通」徒歩8分,66.0,3LDK,1980年3月,https://suumo.jp//ms/chuko/fukuoka/sc_fukuokashichuo/nc_20968843/,薬院大通,地下鉄七隈線,8,1980-03-01,46,20968843
グランフォーレ西新,3290,福岡県福岡市早良区城西１,地下鉄空港線「西新」徒歩6分,40.05,1LDK,2006年9月,https://suumo.jp//ms/chuko/fukuoka/sc_fukuokashisawara/nc_21031110/,西新,地下鉄空港線,6,2006-09-01,20,21031110
クレアランドマーク,3380,福岡県福岡市博多区冷泉町,地下鉄七隈線「櫛田神社前」徒歩4分,40.43,1LDK,2001年1月,https://suumo.jp//ms/chuko/fukuoka/sc_fukuokashihakata/nc_21017734/,櫛田神社前,地下鉄七隈線,4,2001-01-01,25,21017734
クレアランドマーク,3380,福岡県福岡市博多区冷泉町2-9,地下鉄空港線「祇園」徒歩4分,40.43,1LDK,2001年1月,https://suumo.jp//ms/chuko/fukuoka/sc_fukuokashihakata/nc_21180321/,祇園,地下鉄空港線,4,2001-01-01,25,21180321
【ロワールマンション博多駅南】博多駅徒歩圏！最新リノ…,3390,福岡県福岡市博多区博多駅南３,ＪＲ鹿児島本線「博多」徒歩15分,69.51,3LDK,1985年9月,https://suumo.jp//ms/chuko/fukuoka/sc_fukuokashihakata/nc_20097897/,博多,ＪＲ鹿児島本線,15,1985-09-01,41,20097897
ツインタワー空港通り,3399,福岡県福岡市博多区豊１,地下鉄空港線「東比恵」徒歩12分,71.7,3LDK,1994年7月,https://suumo.jp//ms/chuko/fukuoka/sc_fukuokashihakata/nc_20935902/,東比恵,地下鉄空港線,12,1994-07-01,32,20935902
ツインタワー空港通り,3399,福岡県福岡市博多区豊１,地下鉄空港線「東比恵」徒歩12分,71.7,3LDK,1994年7月,https://suumo.jp//ms/chuko/fukuoka/sc_fukuokashihakata/nc_20483695/,東比恵,地下鉄空港線,12,1994-07-01,32,20483695
赤坂エクセル,3449,福岡県福岡市中央区赤坂３-8-26,地下鉄七隈線「桜坂」徒歩13分,79.5,2LDK,1974年11月,https://suumo.jp//ms/chuko/fukuoka/sc_fukuokashichuo/nc_79089881/,桜坂,地下鉄七隈線,13,1974-11-01,52,79089881
オープンレジデンシア薬院南,3498,福岡県福岡市中央区平尾３,地下鉄七隈線「薬院大通」徒歩10分,34.54,1LDK,2022年8月,https://suumo.jp//ms/chuko/fukuoka/sc_fukuokashichuo/nc_20912694/,薬院大通,地下鉄七隈線,10,2022-08-01,4,20912694
赤坂パインマンション,3500,福岡県福岡市中央区赤坂１,地下鉄空港線「赤坂」徒歩7分,72.0,2LDK,1981年5月,https://suumo.jp//ms/chuko/fukuoka/sc_fukuokashichuo/nc_21221592/,赤坂,地下鉄空港線,7,1981-05-01,45,21221592
ラフィネスシャトードゥ赤坂,3599,福岡県福岡市中央区大手門１,地下鉄空港線「赤坂」徒歩8分,32.81,1LDK,2002年6月,https://suumo.jp//ms/chuko/fukuoka/sc_fukuokashichuo/nc_20968854/,赤坂,地下鉄空港線,8,2002-06-01,24,20968854
オープンレジデンシア博多駅南,3600,福岡県福岡市博多区博多駅南２,ＪＲ鹿児島本線「博多」徒歩11分,34.7,1LDK,2024年9月,https://suumo.jp//ms/chuko/fukuoka/sc_fukuokashihakata/nc_21176444/,博多,ＪＲ鹿児島本線,11,2024-09-01,2,21176444
グランフォーレ西新,3699,福岡県福岡市早良区城西１-8-14,地下鉄空港線「西新」徒歩7分,40.05,1LDK,2006年9月,https://suumo.jp//ms/chuko/fukuoka/sc_fukuokashisawara/nc_20966218/,西新,地下鉄空港線,7,2006-09-01,20,20966218
グランフォーレ西新,3699,福岡県福岡市早良区城西１,地下鉄空港線「西新」徒歩5分,40.05,1LDK,2006年9月,https://suumo.jp//ms/chuko/fukuoka/sc_fukuokashisawara/nc_20704362/,西新,地下鉄空港線,5,2006-09-01,20,20704362
トラスト福岡空港駅レジデンス,3790,福岡県糟屋郡志免町別府北４,地下鉄空港線「福岡空港」徒歩14分,65.55,3LDK,2024年5月,https://suumo.jp//ms/chuko/fukuoka/sc_kasuyagunshime/nc_77251778/,福岡空港,地下鉄空港線,14,2024-05-01,2,77251778
サンシティ鳥飼,3799,福岡県福岡市城南区鳥飼４-9-3,地下鉄七隈線「別府」徒歩11分,68.48,3LDK,1994年3月,https://suumo.jp//ms/chuko/fukuoka/sc_fukuokashijonan/nc_79090720/,別府,地下鉄七隈線,11,1994-03-01,32,79090720
トラスト福岡空港駅レジデンス,3890,福岡県糟屋郡志免町別府北４,地下鉄空港線「福岡空港」徒歩14分,67.85,3LDK,2024年5月,https://suumo.jp//ms/chuko/fukuoka/sc_kasuyagunshime/nc_20786690/,福岡空港,地下鉄空港線,14,2024-05-01,2,20786690
デュ・レジア大濠,3980,福岡県福岡市中央区黒門,地下鉄空港線「唐人町」徒歩2分,35.56,ワンルーム,2020年11月,https://suumo.jp//ms/chuko/fukuoka/sc_fukuokashichuo/nc_21066671/,唐人町,地下鉄空港線,2,2020-11-01,6,21066671
サンライフ六本松,3980,福岡県福岡市中央区草香江２,地下鉄七隈線「六本松」徒歩4分,60.02,2LDK,1984年5月,https://suumo.jp//ms/chuko/fukuoka/sc_fukuokashichuo/nc_20740573/,六本松,地下鉄七隈線,4,1984-05-01,42,20740573
朝日プラザ薬院,3990,福岡県福岡市中央区薬院２-11-10,地下鉄七隈線「薬院大通」徒歩7分,63.32,2LDK,1984年10月,https://suumo.jp//ms/chuko/fukuoka/sc_fukuokashichuo/nc_20779585/,薬院大通,地下鉄七隈線,7,1984-10-01,42,20779585
赤坂パインマンション,4049,福岡県福岡市中央区赤坂１-2-6,地下鉄空港線「赤坂」徒歩8分,72.0,2LDK,1981年5月,https://suumo.jp//ms/chuko/fukuoka/sc_fukuokashichuo/nc_20777150/,赤坂,地下鉄空港線,8,1981-05-01,45,20777150
パーク・サンリヤン博多の森Ⅰ・Ⅱ番館,4190,福岡県糟屋郡志免町別府西２-24-2,地下鉄空港線「福岡空港」徒歩12分,82.19,3LDK,2003年3月,https://suumo.jp//ms/chuko/fukuoka/sc_kasuyagunshime/nc_20683977/,福岡空港,地下鉄空港線,12,2003-03-01,23,20683977
モントーレ東比恵クレア,4199,福岡県福岡市博多区東比恵３,地下鉄空港線「東比恵」徒歩2分,42.77,1LDK,2019年2月,https://suumo.jp//ms/chuko/fukuoka/sc_fukuokashihakata/nc_79204532/,東比恵,地下鉄空港線,2,2019-02-01,7,79204532
エバーライフ赤坂,4280,福岡県福岡市中央区赤坂３,地下鉄七隈線「桜坂」徒歩14分,63.63,1LDK,1988年12月,https://suumo.jp//ms/chuko/fukuoka/sc_fukuokashichuo/nc_20426588/,桜坂,地下鉄七隈線,14,1988-12-01,38,20426588
藤崎ロジュマン,4380,福岡県福岡市早良区昭代３,地下鉄空港線「藤崎」徒歩10分,82.76,4LDK,1988年3月,https://suumo.jp//ms/chuko/fukuoka/sc_fukuokashisawara/nc_79055759/,藤崎,地下鉄空港線,10,1988-03-01,38,79055759
ロイヤルマンション西新,4399,福岡県福岡市早良区祖原,地下鉄空港線「西新」徒歩8分,84.48,4LDK,1987年11月,https://suumo.jp//ms/chuko/fukuoka/sc_fukuokashisawara/nc_21193060/,西新,地下鉄空港線,8,1987-11-01,39,21193060
ラ・ミリオーレ室見河畔,4399,福岡県福岡市早良区室見５,地下鉄空港線「藤崎」徒歩15分,54.79,1LDK+S（納戸）,2005年5月,https://suumo.jp//ms/chuko/fukuoka/sc_fukuokashisawara/nc_21179636/,藤崎,地下鉄空港線,15,2005-05-01,21,21179636
西公園ツインタワー,4580,福岡県福岡市中央区荒戸２,地下鉄空港線「大濠公園」徒歩7分,83.05,3LDK,1990年1月,https://suumo.jp//ms/chuko/fukuoka/sc_fukuokashichuo/nc_20052926/,大濠公園,地下鉄空港線,7,1990-01-01,36,20052926
サヴォイ　ザ・リバーテラス　１３０１号,4599,福岡県福岡市博多区中洲中島町,地下鉄箱崎線「中洲川端」徒歩7分,49.89,2LDK,2006年2月,https://suumo.jp//ms/chuko/fukuoka/sc_fukuokashihakata/nc_21046252/,中洲川端,地下鉄箱崎線,7,2006-02-01,20,21046252
ジョイナス地行浜東,4760,福岡県福岡市中央区伊崎,地下鉄空港線「唐人町」徒歩11分,73.92,2LDK,2006年3月,https://suumo.jp//ms/chuko/fukuoka/sc_fukuokashichuo/nc_20877308/,唐人町,地下鉄空港線,11,2006-03-01,20,20877308
≪価格改定≫アートウィル赤坂,4780,福岡県福岡市中央区赤坂３,地下鉄七隈線「桜坂」徒歩11分,65.61,2LDK,1994年10月,https://suumo.jp//ms/chuko/fukuoka/sc_fukuokashichuo/nc_20837855/,桜坂,地下鉄七隈線,11,1994-10-01,32,20837855
オープンレジデンシア天神今泉,4900,福岡県福岡市中央区今泉２,地下鉄七隈線「薬院大通」徒歩6分,46.01,2LDK,2023年9月,https://suumo.jp//ms/chuko/fukuoka/sc_fukuokashichuo/nc_79170354/,薬院大通,地下鉄七隈線,6,2023-09-01,3,79170354
コモダス奈良屋,4980,福岡県福岡市博多区奈良屋町,地下鉄空港線「中洲川端」徒歩12分,56.3,2LDK,2001年10月,https://suumo.jp//ms/chuko/fukuoka/sc_fukuokashihakata/nc_20902271/,中洲川端,地下鉄空港線,12,2001-10-01,25,20902271
グランコート高砂,4980,福岡県福岡市中央区高砂２,地下鉄七隈線「薬院」徒歩12分,64.23,3LDK,1996年7月,https://suumo.jp//ms/chuko/fukuoka/sc_fukuokashichuo/nc_20743794/,薬院,地下鉄七隈線,12,1996-07-01,30,20743794
エンゼルハイム鳥飼中央,4980,福岡県福岡市中央区鳥飼１,地下鉄七隈線「別府」徒歩14分,75.68,3LDK,2001年3月,https://suumo.jp//ms/chuko/fukuoka/sc_fukuokashichuo/nc_20853495/,別府,地下鉄七隈線,14,2001-03-01,25,20853495
ソレイユ赤坂南,4998,福岡県福岡市中央区六本松３,地下鉄七隈線「桜坂」徒歩7分,75.03,3LDK+S（納戸）,1989年10月,https://suumo.jp//ms/chuko/fukuoka/sc_fukuokashichuo/nc_20785852/,桜坂,地下鉄七隈線,7,1989-10-01,37,20785852
オープンレジデンシア天神今泉,4999,福岡県福岡市中央区今泉２,地下鉄七隈線「薬院大通」徒歩6分,46.28,2LDK,2023年9月,https://suumo.jp//ms/chuko/fukuoka/sc_fukuokashichuo/nc_20711534/,薬院大通,地下鉄七隈線,6,2023-09-01,3,20711534
ロイヤルマンション別府,5280,福岡県福岡市城南区別府３-1-11,地下鉄七隈線「別府」徒歩1分,81.0,3LDK,1986年4月,https://suumo.jp//ms/chuko/fukuoka/sc_fukuokashijonan/nc_21182601/,別府,地下鉄七隈線,1,1986-04-01,40,21182601
オープンレジデンシア博多住吉,5280,福岡県福岡市博多区住吉２,地下鉄七隈線「櫛田神社前」徒歩5分,51.18,2LDK,2023年9月,https://suumo.jp//ms/chuko/fukuoka/sc_fukuokashihakata/nc_20734997/,櫛田神社前,地下鉄七隈線,5,2023-09-01,3,20734997
ロイヤルマンションユトリテ田島,5280,福岡県福岡市城南区田島１-4-18,地下鉄七隈線「別府」徒歩13分,91.98,3LDK+S（納戸）,2005年3月,https://suumo.jp//ms/chuko/fukuoka/sc_fukuokashijonan/nc_21046422/,別府,地下鉄七隈線,13,2005-03-01,21,21046422
ロイヤルマンションユトリテ田島,5280,福岡県福岡市城南区田島１,地下鉄七隈線「別府」徒歩15分,91.98,3LDK+S（納戸）,2005年3月,https://suumo.jp//ms/chuko/fukuoka/sc_fukuokashijonan/nc_21263985/,別府,地下鉄七隈線,15,2005-03-01,21,21263985
グランドメゾン鳥飼,5290,福岡県福岡市城南区鳥飼６,地下鉄七隈線「別府」徒歩10分,72.93,3LDK,2000年1月,https://suumo.jp//ms/chuko/fukuoka/sc_fukuokashijonan/nc_20741683/,別府,地下鉄七隈線,10,2000-01-01,26,20741683
≪6月末完成しました≫ソピア大濠西,5480,福岡県福岡市中央区鳥飼３,地下鉄空港線「西新」徒歩10分,69.57,3LDK,1999年3月,https://suumo.jp//ms/chuko/fukuoka/sc_fukuokashichuo/nc_20835624/,西新,地下鉄空港線,10,1999-03-01,27,20835624
リーベスト祖原公園アソシア,5680,福岡県福岡市早良区昭代１,地下鉄空港線「西新」徒歩12分,80.96,3LDK,1999年3月,https://suumo.jp//ms/chuko/fukuoka/sc_fukuokashisawara/nc_21074142/,西新,地下鉄空港線,12,1999-03-01,27,21074142
大濠公園グランドヒルズ,5780,福岡県福岡市中央区荒戸２-3-49,地下鉄空港線「大濠公園」徒歩4分,70.11,3LDK,1990年9月,https://suumo.jp//ms/chuko/fukuoka/sc_fukuokashichuo/nc_21196117/,大濠公園,地下鉄空港線,4,1990-09-01,36,21196117
ソピア天神,5980,福岡県福岡市中央区警固１,地下鉄七隈線「薬院大通」徒歩7分,66.24,3LDK,1999年2月,https://suumo.jp//ms/chuko/fukuoka/sc_fukuokashichuo/nc_20447816/,薬院大通,地下鉄七隈線,7,1999-02-01,27,20447816
インプレスト天神オークタワー,5990,福岡県福岡市中央区長浜２,地下鉄空港線「赤坂」徒歩9分,56.79,2LDK,2020年5月,https://suumo.jp//ms/chuko/fukuoka/sc_fukuokashichuo/nc_78973290/,赤坂,地下鉄空港線,9,2020-05-01,6,78973290
ブライトンヒルズ藤崎,6180,福岡県福岡市早良区藤崎１-5-10,地下鉄空港線「藤崎」徒歩7分,79.23,3LDK,2003年7月,https://suumo.jp//ms/chuko/fukuoka/sc_fukuokashisawara/nc_79071797/,藤崎,地下鉄空港線,7,2003-07-01,23,79071797
東急ドエルアルス桜坂,6199,福岡県福岡市中央区桜坂１-15-13,地下鉄七隈線「桜坂」徒歩6分,84.11,3LDK+S（納戸）,1996年3月,https://suumo.jp//ms/chuko/fukuoka/sc_fukuokashichuo/nc_20636452/,桜坂,地下鉄七隈線,6,1996-03-01,30,20636452
ファーネスト百道二丁目,6200,福岡県福岡市早良区百道２,地下鉄空港線「藤崎」徒歩4分,87.85,4LDK,2000年6月,https://suumo.jp//ms/chuko/fukuoka/sc_fukuokashisawara/nc_21267926/,藤崎,地下鉄空港線,4,2000-06-01,26,21267926
東峰マンション第二西公園,6280,福岡県福岡市中央区荒戸３,地下鉄空港線「唐人町」徒歩8分,103.54,4LDK,1982年2月,https://suumo.jp//ms/chuko/fukuoka/sc_fukuokashichuo/nc_20851652/,唐人町,地下鉄空港線,8,1982-02-01,44,20851652
クリオ渡辺通サザンマークス,6280,福岡県福岡市中央区清川３,地下鉄七隈線「渡辺通」徒歩15分,67.0,2LDK,2024年3月,https://suumo.jp//ms/chuko/fukuoka/sc_fukuokashichuo/nc_20647152/,渡辺通,地下鉄七隈線,15,2024-03-01,2,20647152
アクセス天神Ⅱ,6280,福岡県福岡市中央区今泉１,西鉄天神大牟田線「薬院」徒歩5分,70.3,3LDK,2001年7月,https://suumo.jp//ms/chuko/fukuoka/sc_fukuokashichuo/nc_21127150/,薬院,西鉄天神大牟田線,5,2001-07-01,25,21127150
ロワール赤坂けやき通り,6480,福岡県福岡市中央区赤坂３,地下鉄七隈線「桜坂」徒歩9分,83.6,4LDK,2005年12月,https://suumo.jp//ms/chuko/fukuoka/sc_fukuokashichuo/nc_21096471/,桜坂,地下鉄七隈線,9,2005-12-01,21,21096471
サーパス城南,6890,福岡県福岡市城南区田島１-4-17,地下鉄七隈線「別府」徒歩14分,94.85,4LDK,2006年11月,https://suumo.jp//ms/chuko/fukuoka/sc_fukuokashijonan/nc_20943175/,別府,地下鉄七隈線,14,2006-11-01,20,20943175
大濠公園グランドヒルズ,6980,福岡県福岡市中央区荒戸２-3-49,地下鉄空港線「大濠公園」徒歩4分,79.08,2LDK+S（納戸）,1990年9月,https://suumo.jp//ms/chuko/fukuoka/sc_fukuokashichuo/nc_20268504/,大濠公園,地下鉄空港線,4,1990-09-01,36,20268504
デュ・レジア薬院テラス,6980,福岡県福岡市中央区高砂２,地下鉄七隈線「薬院」徒歩11分,63.0,2LDK,2022年3月,https://suumo.jp//ms/chuko/fukuoka/sc_fukuokashichuo/nc_79108337/,薬院,地下鉄七隈線,11,2022-03-01,4,79108337
グランフォーレ西公園ルネッサンス,7199,福岡県福岡市中央区荒戸１,地下鉄空港線「大濠公園」徒歩5分,75.65,3LDK,2007年11月,https://suumo.jp//ms/chuko/fukuoka/sc_fukuokashichuo/nc_20579461/,大濠公園,地下鉄空港線,5,2007-11-01,19,20579461
アンピール西新,7200,福岡県福岡市早良区城西３,地下鉄空港線「西新」徒歩10分,93.58,4LDK,2004年5月,https://suumo.jp//ms/chuko/fukuoka/sc_fukuokashisawara/nc_21167401/,西新,地下鉄空港線,10,2004-05-01,22,21167401
Asobi＋　アーティックス大濠,7490,福岡県福岡市中央区鳥飼１,地下鉄七隈線「六本松」徒歩12分,85.8,3LDK,2004年2月,https://suumo.jp//ms/chuko/fukuoka/sc_fukuokashichuo/nc_20929098/,六本松,地下鉄七隈線,12,2004-02-01,22,20929098
ネオグランデ赤坂,7680,福岡県福岡市中央区赤坂２,地下鉄空港線「赤坂」徒歩9分,82.15,3LDK,2001年3月,https://suumo.jp//ms/chuko/fukuoka/sc_fukuokashichuo/nc_20897260/,赤坂,地下鉄空港線,9,2001-03-01,25,20897260
アメックス大手門ツインビュー,7980,福岡県福岡市中央区大手門２,地下鉄空港線「赤坂」徒歩8分,86.54,3LDK,2005年2月,https://suumo.jp//ms/chuko/fukuoka/sc_fukuokashichuo/nc_21128467/,赤坂,地下鉄空港線,8,2005-02-01,21,21128467
パレスト・リッツガーデン百道,7980,福岡県福岡市早良区西新７,地下鉄空港線「藤崎」徒歩9分,81.21,3LDK,2017年4月,https://suumo.jp//ms/chuko/fukuoka/sc_fukuokashisawara/nc_21032451/,藤崎,地下鉄空港線,9,2017-04-01,9,21032451
ザ・パークハウス福岡タワーズ　EAST,8500,福岡県福岡市中央区地行浜２,地下鉄空港線「唐人町」徒歩12分,74.25,3LDK,2020年12月,https://suumo.jp//ms/chuko/fukuoka/sc_fukuokashichuo/nc_21029912/,唐人町,地下鉄空港線,12,2020-12-01,6,21029912
ザ・パークハウス福岡タワーズ　EAST,8780,福岡県福岡市中央区地行浜２,地下鉄空港線「唐人町」徒歩12分,82.52,2LDK,2020年12月,https://suumo.jp//ms/chuko/fukuoka/sc_fukuokashichuo/nc_20595838/,唐人町,地下鉄空港線,12,2020-12-01,6,20595838
ザ・パークハウス福岡タワーズWEST,8820,福岡県福岡市中央区地行浜２,地下鉄空港線「唐人町」徒歩12分,61.74,2LDK,2019年12月,https://suumo.jp//ms/chuko/fukuoka/sc_fukuokashichuo/nc_21184932/,唐人町,地下鉄空港線,12,2019-12-01,7,21184932
百道タワー,8980,福岡県福岡市早良区百道浜１,地下鉄空港線「西新」徒歩10分,81.73,2LDK,2004年2月,https://suumo.jp//ms/chuko/fukuoka/sc_fukuokashisawara/nc_79098275/,西新,地下鉄空港線,10,2004-02-01,22,79098275
パークコート赤坂ヒルトップレジデンス,9880,福岡県福岡市中央区赤坂３,地下鉄七隈線「桜坂」徒歩9分,88.76,3LDK,2010年2月,https://suumo.jp//ms/chuko/fukuoka/sc_fukuokashichuo/nc_78598929/,桜坂,地下鉄七隈線,9,2010-02-01,16,78598929
グランドメゾン大濠南,10990,福岡県福岡市中央区草香江２-1-38,地下鉄七隈線「六本松」徒歩4分,98.79,3LDK+S（納戸）,2001年11月,https://suumo.jp//ms/chuko/fukuoka/sc_fukuokashichuo/nc_20735319/,六本松,地下鉄七隈線,4,2001-11-01,25,20735319
グランドメゾン大濠公園THE TOWER,11500,福岡県福岡市中央区唐人町１,地下鉄空港線「唐人町」徒歩2分,70.67,3LDK,2023年6月,https://suumo.jp//ms/chuko/fukuoka/sc_fukuokashichuo/nc_20182967/,唐人町,地下鉄空港線,2,2023-06-01,3,20182967
グランドメゾン浄水ガーデンシティサウスフォレスト,12000,福岡県福岡市中央区薬院４,地下鉄七隈線「薬院大通」徒歩7分,82.49,2LDK,2015年7月,https://suumo.jp//ms/chuko/fukuoka/sc_fukuokashichuo/nc_21238190/,薬院大通,地下鉄七隈線,7,2015-07-01,11,21238190
サークコート大濠公園駅,12000,福岡県福岡市中央区荒戸２,地下鉄空港線「大濠公園」徒歩3分,100.78,4LDK,2001年2月,https://suumo.jp//ms/chuko/fukuoka/sc_fukuokashichuo/nc_21175402/,大濠公園,地下鉄空港線,3,2001-02-01,25,21175402
グランドメゾン赤坂弐番館,12300,福岡県福岡市中央区赤坂２,地下鉄空港線「赤坂」徒歩11分,110.0,3LDK,2004年9月,https://suumo.jp//ms/chuko/fukuoka/sc_fukuokashichuo/nc_20491491/,赤坂,地下鉄空港線,11,2004-09-01,22,20491491
ザ・パークハウス福岡タワーズＷＥＳＴ,14800,福岡県福岡市中央区地行浜２,地下鉄空港線「唐人町」徒歩12分,92.49,2LDK,2019年12月,https://suumo.jp//ms/chuko/fukuoka/sc_fukuokashichuo/nc_20651837/,唐人町,地下鉄空港線,12,2019-12-01,7,20651837
サンリベラ・プライム天神大名レジデンス,14980,福岡県福岡市中央区大名２-4-5,地下鉄空港線「赤坂」徒歩4分,100.4,1LDK,1992年2月,https://suumo.jp//ms/chuko/fukuoka/sc_fukuokashichuo/nc_20743987/,赤坂,地下鉄空港線,4,1992-02-01,34,20743987
グランドメゾン福岡THE Central Luxe,25000,福岡県福岡市中央区渡辺通２,西鉄天神大牟田線「薬院」徒歩4分,110.97,3LDK,2025年7月,https://suumo.jp//ms/chuko/fukuoka/sc_fukuokashichuo/nc_20844164/,薬院,西鉄天神大牟田線,4,2025-07-01,1,20844164
Ｂｒｉｌｌｉａ　Ｔｏｗｅｒ西新・ＰＲＡＬＩＶＡ,31000,福岡県福岡市早良区西新４,地下鉄空港線「西新」徒歩1分,101.13,2LDK,2021年1月,https://suumo.jp//ms/chuko/fukuoka/sc_fukuokashisawara/nc_78550441/,西新,地下鉄空港線,1,2021-01-01,5,78550441
日商岩井新福陵マンション２号棟,1498,福岡県福岡市早良区荒江３,地下鉄空港線「藤崎」徒歩15分,83.19,4LDK,1978年3月,https://suumo.jp//ms/chuko/fukuoka/sc_fukuokashisawara/nc_20900800/,藤崎,地下鉄空港線,15,1978-03-01,48,20900800
ゾンネンハイム大手門,1649,福岡県福岡市中央区大手門２-5-10,地下鉄空港線「大濠公園」徒歩7分,33.0,1K,1973年8月,https://suumo.jp//ms/chuko/fukuoka/sc_fukuokashichuo/nc_20904816/,大濠公園,地下鉄空港線,7,1973-08-01,53,20904816
西新ビル,1850,福岡県福岡市早良区高取１,地下鉄空港線「藤崎」徒歩5分,60.8,2LDK,1972年7月,https://suumo.jp//ms/chuko/fukuoka/sc_fukuokashisawara/nc_20458331/,藤崎,地下鉄空港線,5,1972-07-01,54,20458331
藤和城西コープ,1998,福岡県福岡市城南区別府４,地下鉄七隈線「別府」徒歩7分,52.82,2LDK,1974年7月,https://suumo.jp//ms/chuko/fukuoka/sc_fukuokashijonan/nc_20457505/,別府,地下鉄七隈線,7,1974-07-01,52,20457505
ステイツ天神東,1999,福岡県福岡市博多区奈良屋町,地下鉄空港線「中洲川端」徒歩10分,40.97,1LDK,1990年3月,https://suumo.jp//ms/chuko/fukuoka/sc_fukuokashihakata/nc_20808315/,中洲川端,地下鉄空港線,10,1990-03-01,36,20808315
ステイツ天神東,2049,福岡県福岡市博多区奈良屋町,地下鉄空港線「中洲川端」徒歩11分,40.97,1LDK,1990年3月,https://suumo.jp//ms/chuko/fukuoka/sc_fukuokashihakata/nc_20822456/,中洲川端,地下鉄空港線,11,1990-03-01,36,20822456
ステイツ天神東,2049,福岡県福岡市博多区奈良屋町,地下鉄箱崎線「中洲川端」徒歩9分,40.97,1LDK,1990年3月,https://suumo.jp//ms/chuko/fukuoka/sc_fukuokashihakata/nc_20811449/,中洲川端,地下鉄箱崎線,9,1990-03-01,36,20811449
プレイスポットしんばしビル本館,2148,福岡県福岡市博多区中洲２-1-11,地下鉄七隈線「櫛田神社前」徒歩5分,40.63,1DK,1975年2月,https://suumo.jp//ms/chuko/fukuoka/sc_fukuokashihakata/nc_20351680/,櫛田神社前,地下鉄七隈線,5,1975-02-01,51,20351680
プレイスポットしんばしビル本館,2148,福岡県福岡市博多区中洲２,地下鉄七隈線「櫛田神社前」徒歩2分,40.63,1DK,1975年2月,https://suumo.jp//ms/chuko/fukuoka/sc_fukuokashihakata/nc_20310107/,櫛田神社前,地下鉄七隈線,2,1975-02-01,51,20310107
皐月マンション奈良屋,2180,福岡県福岡市博多区奈良屋町12‐18,地下鉄空港線「中洲川端」徒歩11分,53.28,2LDK,1980年7月,https://suumo.jp//ms/chuko/fukuoka/sc_fukuokashihakata/nc_78566794/,中洲川端,地下鉄空港線,11,1980-07-01,46,78566794
ハイライフ平尾,2250,福岡県福岡市中央区平尾４-7-17,地下鉄七隈線「薬院大通」徒歩14分,44.71,1LDK,1977年9月,https://suumo.jp//ms/chuko/fukuoka/sc_fukuokashichuo/nc_20804155/,薬院大通,地下鉄七隈線,14,1977-09-01,49,20804155
グリーンハイツ輝国【担当：中尾】までお気軽にお問合せ…,2430,福岡県福岡市中央区輝国２,地下鉄七隈線「六本松」徒歩14分,73.32,3LDK,1980年1月,https://suumo.jp//ms/chuko/fukuoka/sc_fukuokashichuo/nc_20965244/,六本松,地下鉄七隈線,14,1980-01-01,46,20965244
グリーンハイツ輝国,2430,福岡県福岡市中央区輝国２-24-55,地下鉄七隈線「六本松」徒歩13分,73.32,3LDK,1980年5月,https://suumo.jp//ms/chuko/fukuoka/sc_fukuokashichuo/nc_20962151/,六本松,地下鉄七隈線,13,1980-05-01,46,20962151
藤崎センタービル,2450,福岡県福岡市早良区高取２,地下鉄空港線「藤崎」徒歩1分,42.55,1LDK,1979年11月,https://suumo.jp//ms/chuko/fukuoka/sc_fukuokashisawara/nc_20751441/,藤崎,地下鉄空港線,1,1979-11-01,47,20751441
藤崎センタービル,2450,福岡県福岡市早良区高取２,地下鉄空港線「藤崎」徒歩1分,42.55,1LDK,1979年11月,https://suumo.jp//ms/chuko/fukuoka/sc_fukuokashisawara/nc_20825678/,藤崎,地下鉄空港線,1,1979-11-01,47,20825678
ロワールマンション大名,2480,福岡県福岡市中央区大名１,地下鉄空港線「赤坂」徒歩6分,68.04,3LDK,1980年3月,https://suumo.jp//ms/chuko/fukuoka/sc_fukuokashichuo/nc_20556337/,赤坂,地下鉄空港線,6,1980-03-01,46,20556337
エクセレンス谷,2490,福岡県福岡市中央区谷１,地下鉄七隈線「六本松」徒歩5分,57.23,2LDK,1979年8月,https://suumo.jp//ms/chuko/fukuoka/sc_fukuokashichuo/nc_20728981/,六本松,地下鉄七隈線,5,1979-08-01,47,20728981
エクセレンス谷,2490,福岡県福岡市中央区谷１,地下鉄七隈線「桜坂」徒歩6分,57.23,2LDK,1979年8月,https://suumo.jp//ms/chuko/fukuoka/sc_fukuokashichuo/nc_20697135/,桜坂,地下鉄七隈線,6,1979-08-01,47,20697135
エクセレンス谷　中古マンション,2490,福岡県福岡市中央区谷１,地下鉄七隈線「六本松」徒歩7分,57.23,2LDK,1979年8月,https://suumo.jp//ms/chuko/fukuoka/sc_fukuokashichuo/nc_78743140/,六本松,地下鉄七隈線,7,1979-08-01,47,78743140
エクセレンス谷,2490,福岡県福岡市中央区谷１,地下鉄七隈線「六本松」徒歩7分,57.23,2LDK,1979年8月,https://suumo.jp//ms/chuko/fukuoka/sc_fukuokashichuo/nc_78778379/,六本松,地下鉄七隈線,7,1979-08-01,47,78778379
パークハイツ平尾山荘　21棟,2490,福岡県福岡市中央区平尾５,地下鉄七隈線「薬院大通」徒歩15分,79.44,3LDK,1981年7月,https://suumo.jp//ms/chuko/fukuoka/sc_fukuokashichuo/nc_20367967/,薬院大通,地下鉄七隈線,15,1981-07-01,45,20367967
エクセレンス谷,2590,福岡県福岡市中央区谷１-16-58,地下鉄七隈線「六本松」徒歩7分,57.23,2LDK,1979年8月,https://suumo.jp//ms/chuko/fukuoka/sc_fukuokashichuo/nc_79071316/,六本松,地下鉄七隈線,7,1979-08-01,47,79071316
第三住吉ハイツ,2599,福岡県福岡市博多区住吉５,ＪＲ鹿児島本線「博多」徒歩14分,67.2,2LDK,1980年5月,https://suumo.jp//ms/chuko/fukuoka/sc_fukuokashihakata/nc_20766547/,博多,ＪＲ鹿児島本線,14,1980-05-01,46,20766547
第三住吉ハイツ,2599,福岡県福岡市博多区住吉５,ＪＲ鹿児島本線「博多」徒歩14分,67.2,2LDK,1980年5月,https://suumo.jp//ms/chuko/fukuoka/sc_fukuokashihakata/nc_20445302/,博多,ＪＲ鹿児島本線,14,1980-05-01,46,20445302
第三住吉ハイツ,2599,福岡県福岡市博多区住吉５,ＪＲ鹿児島本線「博多」徒歩15分,67.2,2LDK,1980年5月,https://suumo.jp//ms/chuko/fukuoka/sc_fukuokashihakata/nc_21199649/,博多,ＪＲ鹿児島本線,15,1980-05-01,46,21199649
第三住吉ハイツ,2599,福岡県福岡市博多区住吉５,ＪＲ鹿児島本線「博多」徒歩10分,67.2,2LDK,1980年5月,https://suumo.jp//ms/chuko/fukuoka/sc_fukuokashihakata/nc_20469317/,博多,ＪＲ鹿児島本線,10,1980-05-01,46,20469317
第三住吉ハイツ,2599,福岡県福岡市博多区住吉１,ＪＲ鹿児島本線「博多」徒歩13分,67.2,2LDK,1980年5月,https://suumo.jp//ms/chuko/fukuoka/sc_fukuokashihakata/nc_20930466/,博多,ＪＲ鹿児島本線,13,1980-05-01,46,20930466
第三住吉ハイツ,2599,福岡県福岡市博多区住吉５,ＪＲ鹿児島本線「博多」徒歩13分,67.2,2LDK,1980年5月,https://suumo.jp//ms/chuko/fukuoka/sc_fukuokashihakata/nc_20504232/,博多,ＪＲ鹿児島本線,13,1980-05-01,46,20504232
東峰マンション西公園【担当：中尾】　までお気軽にお問…,2680,福岡県福岡市中央区荒戸３,地下鉄空港線「大濠公園」徒歩7分,48.59,2LDK,1978年9月,https://suumo.jp//ms/chuko/fukuoka/sc_fukuokashichuo/nc_20868602/,大濠公園,地下鉄空港線,7,1978-09-01,48,20868602
東峰マンション西公園,2680,福岡県福岡市中央区荒戸３,地下鉄空港線「大濠公園」徒歩5分,48.59,2LDK,1978年9月,https://suumo.jp//ms/chuko/fukuoka/sc_fukuokashichuo/nc_20689080/,大濠公園,地下鉄空港線,5,1978-09-01,48,20689080
東峰マンション西公園,2680,福岡県福岡市中央区荒戸３-2-5,地下鉄空港線「大濠公園」徒歩4分,48.59,2LDK,1978年9月,https://suumo.jp//ms/chuko/fukuoka/sc_fukuokashichuo/nc_21254223/,大濠公園,地下鉄空港線,4,1978-09-01,48,21254223
サンポートハイツ304号室,2690,福岡県福岡市中央区港２,地下鉄空港線「大濠公園」徒歩8分,60.69,2LDK,1974年9月,https://suumo.jp//ms/chuko/fukuoka/sc_fukuokashichuo/nc_20812912/,大濠公園,地下鉄空港線,8,1974-09-01,52,20812912
サンポートハイツ　中古マンション,2690,福岡県福岡市中央区港２,地下鉄空港線「大濠公園」徒歩8分,60.69,2LDK,1974年9月,https://suumo.jp//ms/chuko/fukuoka/sc_fukuokashichuo/nc_21263257/,大濠公園,地下鉄空港線,8,1974-09-01,52,21263257
サンポートハイツ,2690,福岡県福岡市中央区港２,地下鉄空港線「大濠公園」徒歩7分,60.69,2LDK,1974年9月,https://suumo.jp//ms/chuko/fukuoka/sc_fukuokashichuo/nc_21273339/,大濠公園,地下鉄空港線,7,1974-09-01,52,21273339
カーサ第弐博多,2780,福岡県福岡市博多区住吉２,地下鉄七隈線「櫛田神社前」徒歩9分,55.27,1LDK,1981年11月,https://suumo.jp//ms/chuko/fukuoka/sc_fukuokashihakata/nc_21185132/,櫛田神社前,地下鉄七隈線,9,1981-11-01,45,21185132
ライオンズマンション西新,2780,福岡県福岡市早良区西新７,地下鉄空港線「藤崎」徒歩5分,45.97,2DK,1982年2月,https://suumo.jp//ms/chuko/fukuoka/sc_fukuokashisawara/nc_20084916/,藤崎,地下鉄空港線,5,1982-02-01,44,20084916
朝日プラザ桜坂　中古マンション,2780,福岡県福岡市中央区谷１,地下鉄七隈線「桜坂」徒歩6分,62.34,3LDK,1986年8月,https://suumo.jp//ms/chuko/fukuoka/sc_fukuokashichuo/nc_20332513/,桜坂,地下鉄七隈線,6,1986-08-01,40,20332513
ネオハイツ南公園,2790,福岡県福岡市中央区谷２,地下鉄七隈線「桜坂」徒歩7分,77.9,3LDK,1988年3月,https://suumo.jp//ms/chuko/fukuoka/sc_fukuokashichuo/nc_20744649/,桜坂,地下鉄七隈線,7,1988-03-01,38,20744649
ネオハイツ南公園,2790,福岡県福岡市中央区谷２,地下鉄七隈線「桜坂」徒歩9分,77.9,3LDK,1988年3月,https://suumo.jp//ms/chuko/fukuoka/sc_fukuokashichuo/nc_20734810/,桜坂,地下鉄七隈線,9,1988-03-01,38,20734810
ネオハイツ南公園　中古マンション,2790,福岡県福岡市中央区谷２,地下鉄七隈線「桜坂」徒歩12分,77.9,3LDK,1988年3月,https://suumo.jp//ms/chuko/fukuoka/sc_fukuokashichuo/nc_20724153/,桜坂,地下鉄七隈線,12,1988-03-01,38,20724153
ネオハイツ南公園,2790,福岡県福岡市中央区谷２,地下鉄七隈線「桜坂」徒歩8分,77.9,3LDK,1988年3月,https://suumo.jp//ms/chuko/fukuoka/sc_fukuokashichuo/nc_20751269/,桜坂,地下鉄七隈線,8,1988-03-01,38,20751269
ふよう港ハイツ,2890,福岡県福岡市博多区築港本町,地下鉄空港線「中洲川端」徒歩14分,69.43,3LDK,1982年4月,https://suumo.jp//ms/chuko/fukuoka/sc_fukuokashihakata/nc_20873029/,中洲川端,地下鉄空港線,14,1982-04-01,44,20873029
ふよう港ハイツ　中古マンション,2890,福岡県福岡市博多区築港本町,地下鉄空港線「中洲川端」徒歩15分,69.43,3LDK,1982年4月,https://suumo.jp//ms/chuko/fukuoka/sc_fukuokashihakata/nc_20966201/,中洲川端,地下鉄空港線,15,1982-04-01,44,20966201
グランフォーレラグゼ博多駅南,2899,福岡県福岡市博多区博多駅南４-2-26,地下鉄空港線「東比恵」徒歩14分,33.41,1LDK,2016年7月,https://suumo.jp//ms/chuko/fukuoka/sc_fukuokashihakata/nc_20872860/,東比恵,地下鉄空港線,14,2016-07-01,10,20872860
ダイアパレス平尾２,2950,福岡県福岡市中央区大宮２,西鉄天神大牟田線「薬院」徒歩10分,64.1,2LDK,1983年3月,https://suumo.jp//ms/chuko/fukuoka/sc_fukuokashichuo/nc_20359832/,薬院,西鉄天神大牟田線,10,1983-03-01,43,20359832
大濠ハウス,2980,福岡県福岡市中央区草香江２,地下鉄七隈線「六本松」徒歩10分,76.18,2LDK+S（納戸）,1978年8月,https://suumo.jp//ms/chuko/fukuoka/sc_fukuokashichuo/nc_20824198/,六本松,地下鉄七隈線,10,1978-08-01,48,20824198
大濠ハウス,2980,福岡県福岡市中央区草香江２,地下鉄七隈線「六本松」徒歩12分,76.18,2LDK+S（納戸）,1978年8月,https://suumo.jp//ms/chuko/fukuoka/sc_fukuokashichuo/nc_20923977/,六本松,地下鉄七隈線,12,1978-08-01,48,20923977
東カングランドマンション大濠パークサイド,2980,福岡県福岡市中央区鳥飼１,地下鉄七隈線「六本松」徒歩12分,55.0,2LDK,1974年8月,https://suumo.jp//ms/chuko/fukuoka/sc_fukuokashichuo/nc_21122262/,六本松,地下鉄七隈線,12,1974-08-01,52,21122262
大濠ハウス,2980,福岡県福岡市中央区草香江２,地下鉄七隈線「六本松」徒歩12分,76.18,3LDK,1978年8月,https://suumo.jp//ms/chuko/fukuoka/sc_fukuokashichuo/nc_21019572/,六本松,地下鉄七隈線,12,1978-08-01,48,21019572
東カングランドマンション大濠パークサイド,2980,福岡県福岡市中央区鳥飼１,地下鉄空港線「唐人町」徒歩14分,55.0,2LDK,1974年8月,https://suumo.jp//ms/chuko/fukuoka/sc_fukuokashichuo/nc_21146325/,唐人町,地下鉄空港線,14,1974-08-01,52,21146325
東カングランドマンション大濠パークサイド,2980,福岡県福岡市中央区鳥飼１-4-58,地下鉄七隈線「六本松」徒歩12分,55.0,2LDK,1974年8月,https://suumo.jp//ms/chuko/fukuoka/sc_fukuokashichuo/nc_21107659/,六本松,地下鉄七隈線,12,1974-08-01,52,21107659
グランピア田島,2990,福岡県福岡市城南区田島１,地下鉄七隈線「別府」徒歩11分,62.71,3LDK,1993年3月,https://suumo.jp//ms/chuko/fukuoka/sc_fukuokashijonan/nc_21084728/,別府,地下鉄七隈線,11,1993-03-01,33,21084728
ファミール輝国　中古マンション,2990,福岡県福岡市中央区輝国２,地下鉄七隈線「六本松」徒歩15分,81.6,3LDK+S（納戸）,1984年3月,https://suumo.jp//ms/chuko/fukuoka/sc_fukuokashichuo/nc_21104942/,六本松,地下鉄七隈線,15,1984-03-01,42,21104942
ファミール輝国,2990,福岡県福岡市中央区輝国２,地下鉄七隈線「六本松」徒歩15分,81.6,3LDK+S（納戸）,1984年3月,https://suumo.jp//ms/chuko/fukuoka/sc_fukuokashichuo/nc_21132891/,六本松,地下鉄七隈線,15,1984-03-01,42,21132891
ファミール輝国,2990,福岡県福岡市中央区輝国２,地下鉄七隈線「六本松」徒歩15分,81.6,3LDK+S（納戸）,1984年3月,https://suumo.jp//ms/chuko/fukuoka/sc_fukuokashichuo/nc_21120021/,六本松,地下鉄七隈線,15,1984-03-01,42,21120021
ファミール輝国,2990,福岡県福岡市中央区輝国２-8-20,地下鉄七隈線「六本松」徒歩15分,81.6,3LDK+S（納戸）,1984年3月,https://suumo.jp//ms/chuko/fukuoka/sc_fukuokashichuo/nc_21089822/,六本松,地下鉄七隈線,15,1984-03-01,42,21089822
ロマネスク大濠アネックス,2999,福岡県福岡市中央区鳥飼２,地下鉄空港線「唐人町」徒歩12分,59.65,2LDK,1987年5月,https://suumo.jp//ms/chuko/fukuoka/sc_fukuokashichuo/nc_78652138/,唐人町,地下鉄空港線,12,1987-05-01,39,78652138
ロマネスク大濠アネックス,2999,福岡県福岡市中央区鳥飼２-6-15,地下鉄空港線「唐人町」徒歩11分,59.65,2LDK,1987年5月,https://suumo.jp//ms/chuko/fukuoka/sc_fukuokashichuo/nc_21094258/,唐人町,地下鉄空港線,11,1987-05-01,39,21094258
警固ハウス,2999,福岡県福岡市中央区警固１-15-15,地下鉄七隈線「薬院大通」徒歩8分,66.0,2LDK,1980年3月,https://suumo.jp//ms/chuko/fukuoka/sc_fukuokashichuo/nc_21089824/,薬院大通,地下鉄七隈線,8,1980-03-01,46,21089824
【ロマネスク大濠アネックス】大濠公園徒歩8分！16帖…,2999,福岡県福岡市中央区鳥飼２,地下鉄空港線「唐人町」徒歩14分,59.65,2LDK,1987年5月,https://suumo.jp//ms/chuko/fukuoka/sc_fukuokashichuo/nc_20178485/,唐人町,地下鉄空港線,14,1987-05-01,39,20178485
ロマネスク大濠アネックス,2999,福岡県福岡市中央区鳥飼２,地下鉄空港線「唐人町」徒歩14分,59.65,2LDK,1987年5月,https://suumo.jp//ms/chuko/fukuoka/sc_fukuokashichuo/nc_20417239/,唐人町,地下鉄空港線,14,1987-05-01,39,20417239
ロマネスク大濠アネックス　中古マンション,2999,福岡県福岡市中央区鳥飼２,地下鉄空港線「唐人町」徒歩14分,59.65,2LDK,1987年5月,https://suumo.jp//ms/chuko/fukuoka/sc_fukuokashichuo/nc_20520250/,唐人町,地下鉄空港線,14,1987-05-01,39,20520250
ロマネスク大濠アネックス,2999,福岡県福岡市中央区鳥飼２,地下鉄空港線「唐人町」徒歩14分,59.65,2LDK,1987年5月,https://suumo.jp//ms/chuko/fukuoka/sc_fukuokashichuo/nc_21111840/,唐人町,地下鉄空港線,14,1987-05-01,39,21111840
ロマネスク大濠アネックス,2999,福岡県福岡市中央区鳥飼２-6-15,地下鉄空港線「唐人町」徒歩14分,59.65,2LDK,1987年5月,https://suumo.jp//ms/chuko/fukuoka/sc_fukuokashichuo/nc_78334227/,唐人町,地下鉄空港線,14,1987-05-01,39,78334227
ロマネスク大濠アネックス,2999,福岡県福岡市中央区鳥飼２-6-15,地下鉄空港線「唐人町」徒歩12分,59.65,2LDK,1987年5月,https://suumo.jp//ms/chuko/fukuoka/sc_fukuokashichuo/nc_20602513/,唐人町,地下鉄空港線,12,1987-05-01,39,20602513
ロマネスク大濠アネックス,2999,福岡県福岡市中央区鳥飼２,地下鉄空港線「唐人町」徒歩12分,59.65,2LDK,1987年5月,https://suumo.jp//ms/chuko/fukuoka/sc_fukuokashichuo/nc_20588725/,唐人町,地下鉄空港線,12,1987-05-01,39,20588725
ロマネスク大濠アネックス,2999,福岡県福岡市中央区鳥飼２,地下鉄空港線「唐人町」徒歩12分,59.65,2LDK,1987年5月,https://suumo.jp//ms/chuko/fukuoka/sc_fukuokashichuo/nc_20740894/,唐人町,地下鉄空港線,12,1987-05-01,39,20740894
警固ハウス【担当：中尾】までお気軽にお問合せください…,2999,福岡県福岡市中央区警固１,地下鉄七隈線「薬院大通」徒歩9分,66.0,2LDK,1980年3月,https://suumo.jp//ms/chuko/fukuoka/sc_fukuokashichuo/nc_21105417/,薬院大通,地下鉄七隈線,9,1980-03-01,46,21105417
【秀和警固レジデンス】天神を日常にする好立地。青い屋…,3080,福岡県福岡市中央区警固２,地下鉄空港線「赤坂」徒歩8分,69.43,2LDK,1974年7月,https://suumo.jp//ms/chuko/fukuoka/sc_fukuokashichuo/nc_20120211/,赤坂,地下鉄空港線,8,1974-07-01,52,20120211
ロマネスク大濠アネックス,3099,福岡県福岡市中央区鳥飼２,地下鉄空港線「唐人町」徒歩11分,59.65,2LDK,1987年5月,https://suumo.jp//ms/chuko/fukuoka/sc_fukuokashichuo/nc_20751445/,唐人町,地下鉄空港線,11,1987-05-01,39,20751445
ロマネスク大濠アネックス,3099,福岡県福岡市中央区鳥飼２,地下鉄空港線「唐人町」徒歩14分,59.65,2LDK,1987年5月,https://suumo.jp//ms/chuko/fukuoka/sc_fukuokashichuo/nc_78728305/,唐人町,地下鉄空港線,14,1987-05-01,39,78728305
警固ハウス　中古マンション,3190,福岡県福岡市中央区警固１,地下鉄七隈線「薬院大通」徒歩9分,66.0,3LDK,1980年3月,https://suumo.jp//ms/chuko/fukuoka/sc_fukuokashichuo/nc_21005838/,薬院大通,地下鉄七隈線,9,1980-03-01,46,21005838
警固ハウス,3190,福岡県福岡市中央区警固１,地下鉄七隈線「薬院大通」徒歩9分,66.0,3LDK,1980年2月,https://suumo.jp//ms/chuko/fukuoka/sc_fukuokashichuo/nc_20995706/,薬院大通,地下鉄七隈線,9,1980-02-01,46,20995706
警固ハウス,3190,福岡県福岡市中央区警固１-15-15,地下鉄七隈線「薬院大通」徒歩8分,66.0,3LDK,1980年3月,https://suumo.jp//ms/chuko/fukuoka/sc_fukuokashichuo/nc_21130902/,薬院大通,地下鉄七隈線,8,1980-03-01,46,21130902
警固ハウス,3190,福岡県福岡市中央区警固１,地下鉄七隈線「薬院大通」徒歩8分,66.0,3LDK,1980年3月,https://suumo.jp//ms/chuko/fukuoka/sc_fukuokashichuo/nc_20800032/,薬院大通,地下鉄七隈線,8,1980-03-01,46,20800032
警固ハウス,3190,福岡県福岡市中央区警固１,地下鉄七隈線「薬院大通」徒歩9分,66.0,3LDK,1980年3月,https://suumo.jp//ms/chuko/fukuoka/sc_fukuokashichuo/nc_20911506/,薬院大通,地下鉄七隈線,9,1980-03-01,46,20911506
警固ハウス,3190,福岡県福岡市中央区警固１,地下鉄七隈線「薬院大通」徒歩9分,66.0,3LDK,1980年3月,https://suumo.jp//ms/chuko/fukuoka/sc_fukuokashichuo/nc_20802447/,薬院大通,地下鉄七隈線,9,1980-03-01,46,20802447
クリオラベルヴィ呉服町,3199,福岡県福岡市博多区下呉服町,地下鉄箱崎線「中洲川端」徒歩11分,34.4,1LDK,2018年1月,https://suumo.jp//ms/chuko/fukuoka/sc_fukuokashihakata/nc_79057012/,中洲川端,地下鉄箱崎線,11,2018-01-01,8,79057012
クリオラベルヴィ呉服町,3199,福岡県福岡市博多区下呉服町3-19,地下鉄空港線「中洲川端」徒歩12分,34.4,1LDK,2018年1月,https://suumo.jp//ms/chuko/fukuoka/sc_fukuokashihakata/nc_79076927/,中洲川端,地下鉄空港線,12,2018-01-01,8,79076927
オーセントスクエア室見アーバンコンフォート,3200,福岡県福岡市早良区室見４,地下鉄空港線「藤崎」徒歩15分,60.03,2LDK,2004年1月,https://suumo.jp//ms/chuko/fukuoka/sc_fukuokashisawara/nc_74991725/,藤崎,地下鉄空港線,15,2004-01-01,22,74991725
クリオラベルヴィ呉服町ウエスト,3280,福岡県福岡市博多区下呉服町,地下鉄空港線「中洲川端」徒歩11分,34.4,1LDK,2020年11月,https://suumo.jp//ms/chuko/fukuoka/sc_fukuokashihakata/nc_21186021/,中洲川端,地下鉄空港線,11,2020-11-01,6,21186021
朝日プラザ博多,3280,福岡県福岡市博多区博多駅前４-33-11,ＪＲ鹿児島本線「博多」徒歩12分,54.18,2LDK,1985年6月,https://suumo.jp//ms/chuko/fukuoka/sc_fukuokashihakata/nc_21154723/,博多,ＪＲ鹿児島本線,12,1985-06-01,41,21154723
ライオンズマンション舞鶴第2,3290,福岡県福岡市中央区舞鶴３,地下鉄空港線「赤坂」徒歩6分,52.72,2DK+S（納戸）,1982年9月,https://suumo.jp//ms/chuko/fukuoka/sc_fukuokashichuo/nc_20591721/,赤坂,地下鉄空港線,6,1982-09-01,44,20591721
ツインタワー空港通り,3399,福岡県福岡市博多区豊１,地下鉄空港線「東比恵」徒歩12分,71.7,3LDK,1994年7月,https://suumo.jp//ms/chuko/fukuoka/sc_fukuokashihakata/nc_20066674/,東比恵,地下鉄空港線,12,1994-07-01,32,20066674
ツインタワー空港通り,3399,福岡県福岡市博多区豊１,地下鉄空港線「東比恵」徒歩12分,71.7,3LDK,1994年7月,https://suumo.jp//ms/chuko/fukuoka/sc_fukuokashihakata/nc_79057062/,東比恵,地下鉄空港線,12,1994-07-01,32,79057062
【ツインタワー空港通り】陽当り良好な四方角部屋！博多…,3399,福岡県福岡市博多区豊１,地下鉄空港線「東比恵」徒歩14分,71.7,3LDK,1994年7月,https://suumo.jp//ms/chuko/fukuoka/sc_fukuokashihakata/nc_20416810/,東比恵,地下鉄空港線,14,1994-07-01,32,20416810
ツインタワー空港通り,3399,福岡県福岡市博多区豊１-1-17,地下鉄空港線「東比恵」徒歩14分,71.7,3LDK,1994年7月,https://suumo.jp//ms/chuko/fukuoka/sc_fukuokashihakata/nc_79058651/,東比恵,地下鉄空港線,14,1994-07-01,32,79058651
ツインタワー空港通り,3399,福岡県福岡市博多区豊１,地下鉄空港線「東比恵」徒歩12分,71.7,3LDK,1994年7月,https://suumo.jp//ms/chuko/fukuoka/sc_fukuokashihakata/nc_20477027/,東比恵,地下鉄空港線,12,1994-07-01,32,20477027
赤坂エクセル,3449,福岡県福岡市中央区赤坂３,地下鉄空港線「赤坂」徒歩12分,79.5,2LDK,1974年11月,https://suumo.jp//ms/chuko/fukuoka/sc_fukuokashichuo/nc_20497405/,赤坂,地下鉄空港線,12,1974-11-01,52,20497405
赤坂エクセル,3449,福岡県福岡市中央区赤坂３,地下鉄空港線「赤坂」徒歩13分,79.5,2LDK,1974年11月,https://suumo.jp//ms/chuko/fukuoka/sc_fukuokashichuo/nc_20201400/,赤坂,地下鉄空港線,13,1974-11-01,52,20201400
赤坂エクセル,3449,福岡県福岡市中央区赤坂３,地下鉄空港線「赤坂」徒歩12分,79.5,2LDK,1974年11月,https://suumo.jp//ms/chuko/fukuoka/sc_fukuokashichuo/nc_79104475/,赤坂,地下鉄空港線,12,1974-11-01,52,79104475
赤坂エクセル　中古マンション,3449,福岡県福岡市中央区赤坂３,地下鉄七隈線「桜坂」徒歩13分,79.5,2LDK,1974年4月,https://suumo.jp//ms/chuko/fukuoka/sc_fukuokashichuo/nc_20854643/,桜坂,地下鉄七隈線,13,1974-04-01,52,20854643
赤坂エクセル,3449,福岡県福岡市中央区赤坂３,地下鉄七隈線「桜坂」徒歩13分,79.5,2LDK,1974年11月,https://suumo.jp//ms/chuko/fukuoka/sc_fukuokashichuo/nc_79101544/,桜坂,地下鉄七隈線,13,1974-11-01,52,79101544
アムール山王公園南,3450,福岡県福岡市博多区半道橋１,地下鉄空港線「東比恵」徒歩15分,64.89,3LDK,1998年7月,https://suumo.jp//ms/chuko/fukuoka/sc_fukuokashihakata/nc_20667031/,東比恵,地下鉄空港線,15,1998-07-01,28,20667031
藤和コープソシエ大名,3490,福岡県福岡市中央区大名１,地下鉄七隈線「天神南」徒歩8分,67.0,2LDK,1979年11月,https://suumo.jp//ms/chuko/fukuoka/sc_fukuokashichuo/nc_20919736/,天神南,地下鉄七隈線,8,1979-11-01,47,20919736
シャンボール大名A棟,3490,福岡県福岡市中央区大名２,地下鉄七隈線「薬院大通」徒歩7分,61.08,3DK,1981年12月,https://suumo.jp//ms/chuko/fukuoka/sc_fukuokashichuo/nc_20384520/,薬院大通,地下鉄七隈線,7,1981-12-01,45,20384520
サーパス大博通り,3499,福岡県福岡市博多区大博町,地下鉄箱崎線「中洲川端」徒歩15分,48.39,1LDK,1990年3月,https://suumo.jp//ms/chuko/fukuoka/sc_fukuokashihakata/nc_21118621/,中洲川端,地下鉄箱崎線,15,1990-03-01,36,21118621
サーパス大博通り,3499,福岡県福岡市博多区大博町5-27,地下鉄箱崎線「中洲川端」徒歩15分,48.39,1LDK,1990年3月,https://suumo.jp//ms/chuko/fukuoka/sc_fukuokashihakata/nc_20984761/,中洲川端,地下鉄箱崎線,15,1990-03-01,36,20984761
オープンレジデンシア薬院白金,3500,福岡県福岡市中央区白金２,地下鉄七隈線「薬院」徒歩8分,33.92,1LDK,2023年8月,https://suumo.jp//ms/chuko/fukuoka/sc_fukuokashichuo/nc_20797881/,薬院,地下鉄七隈線,8,2023-08-01,3,20797881
KBCマンションユーハイム赤坂南,3580,福岡県福岡市中央区警固２,地下鉄七隈線「薬院大通」徒歩8分,84.87,2LDK,1986年2月,https://suumo.jp//ms/chuko/fukuoka/sc_fukuokashichuo/nc_20821800/,薬院大通,地下鉄七隈線,8,1986-02-01,40,20821800
ラフィネスシャトードゥ赤坂,3599,福岡県福岡市中央区大手門１-3番31,地下鉄空港線「赤坂」徒歩7分,32.81,1LK,2002年6月,https://suumo.jp//ms/chuko/fukuoka/sc_fukuokashichuo/nc_20292231/,赤坂,地下鉄空港線,7,2002-06-01,24,20292231
星和今泉コーポラス,3690,福岡県福岡市中央区今泉２,地下鉄七隈線「薬院大通」徒歩7分,88.0,3LDK,1982年2月,https://suumo.jp//ms/chuko/fukuoka/sc_fukuokashichuo/nc_78533278/,薬院大通,地下鉄七隈線,7,1982-02-01,44,78533278
グランフォーレ西新,3699,福岡県福岡市早良区城西１-8-14,地下鉄空港線「西新」徒歩7分,40.05,1LDK,2006年9月,https://suumo.jp//ms/chuko/fukuoka/sc_fukuokashisawara/nc_21177479/,西新,地下鉄空港線,7,2006-09-01,20,21177479
グランフォーレ西新,3699,福岡県福岡市早良区城西１,地下鉄空港線「西新」徒歩5分,40.05,1LDK,2006年9月,https://suumo.jp//ms/chuko/fukuoka/sc_fukuokashisawara/nc_20965679/,西新,地下鉄空港線,5,2006-09-01,20,20965679
グランフォーレ西新,3699,福岡県福岡市早良区城西１,地下鉄空港線「西新」徒歩6分,40.05,1LDK,2006年9月,https://suumo.jp//ms/chuko/fukuoka/sc_fukuokashisawara/nc_21097552/,西新,地下鉄空港線,6,2006-09-01,20,21097552
ロマネスク西公園第６,3790,福岡県福岡市中央区荒戸２-4-37,地下鉄空港線「大濠公園」徒歩7分,52.24,2LDK,1991年3月,https://suumo.jp//ms/chuko/fukuoka/sc_fukuokashichuo/nc_20884869/,大濠公園,地下鉄空港線,7,1991-03-01,35,20884869
【サンシティ鳥飼】鳥飼小学校1分・内装リノベ済！アフ…,3799,福岡県福岡市城南区鳥飼４,地下鉄七隈線「別府」徒歩11分,68.48,3LDK,1994年3月,https://suumo.jp//ms/chuko/fukuoka/sc_fukuokashijonan/nc_20178579/,別府,地下鉄七隈線,11,1994-03-01,32,20178579
サンシティ鳥飼,3799,福岡県福岡市城南区鳥飼４,地下鉄七隈線「別府」徒歩10分,68.48,3LDK,1994年3月,https://suumo.jp//ms/chuko/fukuoka/sc_fukuokashijonan/nc_21239083/,別府,地下鉄七隈線,10,1994-03-01,32,21239083
サンシティ鳥飼　中古マンション,3799,福岡県福岡市城南区鳥飼４,地下鉄七隈線「別府」徒歩11分,68.48,3LDK+S（納戸）,1994年3月,https://suumo.jp//ms/chuko/fukuoka/sc_fukuokashijonan/nc_79217231/,別府,地下鉄七隈線,11,1994-03-01,32,79217231
サンシティ鳥飼,3799,福岡県福岡市城南区鳥飼４-9-3,地下鉄七隈線「別府」徒歩10分,68.48,3LDK,1994年3月,https://suumo.jp//ms/chuko/fukuoka/sc_fukuokashijonan/nc_20815283/,別府,地下鉄七隈線,10,1994-03-01,32,20815283
サンシティ鳥飼,3799,福岡県福岡市城南区鳥飼４,地下鉄七隈線「別府」徒歩10分,68.48,3LDK,1994年3月,https://suumo.jp//ms/chuko/fukuoka/sc_fukuokashijonan/nc_20770093/,別府,地下鉄七隈線,10,1994-03-01,32,20770093
サンシティ鳥飼,3799,福岡県福岡市城南区鳥飼４,地下鉄七隈線「別府」徒歩11分,68.48,3LDK,1994年3月,https://suumo.jp//ms/chuko/fukuoka/sc_fukuokashijonan/nc_78314270/,別府,地下鉄七隈線,11,1994-03-01,32,78314270
サンシティ鳥飼,3799,福岡県福岡市城南区鳥飼４,地下鉄七隈線「別府」徒歩11分,68.48,3LDK,1994年3月,https://suumo.jp//ms/chuko/fukuoka/sc_fukuokashijonan/nc_20310482/,別府,地下鉄七隈線,11,1994-03-01,32,20310482
サンシティ鳥飼,3799,福岡県福岡市城南区鳥飼４,地下鉄七隈線「別府」徒歩10分,68.48,3LDK,1994年3月,https://suumo.jp//ms/chuko/fukuoka/sc_fukuokashijonan/nc_20588687/,別府,地下鉄七隈線,10,1994-03-01,32,20588687
舞鶴パークホームズ,3900,福岡県福岡市中央区舞鶴２,地下鉄空港線「赤坂」徒歩7分,80.05,4LDK,1980年4月,https://suumo.jp//ms/chuko/fukuoka/sc_fukuokashichuo/nc_20520587/,赤坂,地下鉄空港線,7,1980-04-01,46,20520587
サンライフ六本松,3980,福岡県福岡市中央区草香江２,地下鉄七隈線「六本松」徒歩3分,60.02,2LDK,1984年5月,https://suumo.jp//ms/chuko/fukuoka/sc_fukuokashichuo/nc_20846488/,六本松,地下鉄七隈線,3,1984-05-01,42,20846488
ライオンズマンション警固南,3990,福岡県福岡市中央区薬院２,地下鉄七隈線「薬院大通」徒歩6分,67.43,2LDK,1983年7月,https://suumo.jp//ms/chuko/fukuoka/sc_fukuokashichuo/nc_21045538/,薬院大通,地下鉄七隈線,6,1983-07-01,43,21045538
ライオンズマンション大濠,3998,福岡県福岡市中央区大濠２,地下鉄空港線「唐人町」徒歩4分,89.55,3LDK+S（納戸）,1978年7月,https://suumo.jp//ms/chuko/fukuoka/sc_fukuokashichuo/nc_21267923/,唐人町,地下鉄空港線,4,1978-07-01,48,21267923
ロマネスク室見,4180,福岡県福岡市早良区室見１,地下鉄空港線「藤崎」徒歩7分,67.67,3LDK,1985年7月,https://suumo.jp//ms/chuko/fukuoka/sc_fukuokashisawara/nc_20707189/,藤崎,地下鉄空港線,7,1985-07-01,41,20707189
パーク・サンリヤン博多の森Ⅰ・Ⅱ番館,4190,福岡県糟屋郡志免町別府西２-24-2,地下鉄空港線「福岡空港」徒歩11分,82.19,3LDK,2003年3月,https://suumo.jp//ms/chuko/fukuoka/sc_kasuyagunshime/nc_21093287/,福岡空港,地下鉄空港線,11,2003-03-01,23,21093287
モントーレ東比恵クレア205号室,4199,福岡県福岡市博多区東比恵３,地下鉄空港線「東比恵」徒歩3分,42.77,1LDK,2019年2月,https://suumo.jp//ms/chuko/fukuoka/sc_fukuokashihakata/nc_20172465/,東比恵,地下鉄空港線,3,2019-02-01,7,20172465
モントーレ東比恵クレア,4199,福岡県福岡市博多区東比恵３,地下鉄空港線「東比恵」徒歩3分,42.77,1LDK,2019年2月,https://suumo.jp//ms/chuko/fukuoka/sc_fukuokashihakata/nc_79172819/,東比恵,地下鉄空港線,3,2019-02-01,7,79172819
リファレンス天神南,4299,福岡県福岡市中央区清川２,地下鉄七隈線「渡辺通」徒歩12分,65.32,3LDK,2002年3月,https://suumo.jp//ms/chuko/fukuoka/sc_fukuokashichuo/nc_20589194/,渡辺通,地下鉄七隈線,12,2002-03-01,24,20589194
リファレンス天神南,4299,福岡県福岡市中央区清川２,地下鉄七隈線「渡辺通」徒歩13分,65.32,3LDK,2002年3月,https://suumo.jp//ms/chuko/fukuoka/sc_fukuokashichuo/nc_20056310/,渡辺通,地下鉄七隈線,13,2002-03-01,24,20056310
リファレンス天神南,4299,福岡県福岡市中央区清川２,地下鉄七隈線「渡辺通」徒歩13分,65.32,3LDK,2002年3月,https://suumo.jp//ms/chuko/fukuoka/sc_fukuokashichuo/nc_21199655/,渡辺通,地下鉄七隈線,13,2002-03-01,24,21199655
リファレンス天神南,4299,福岡県福岡市中央区清川２,地下鉄七隈線「渡辺通」徒歩13分,65.32,3LDK,2002年3月,https://suumo.jp//ms/chuko/fukuoka/sc_fukuokashichuo/nc_20232459/,渡辺通,地下鉄七隈線,13,2002-03-01,24,20232459
リファレンス天神南,4299,福岡県福岡市中央区清川２,地下鉄七隈線「渡辺通」徒歩13分,65.32,3LDK,2002年3月,https://suumo.jp//ms/chuko/fukuoka/sc_fukuokashichuo/nc_20713112/,渡辺通,地下鉄七隈線,13,2002-03-01,24,20713112
【藤崎ロジュマン】高取小・中エリア～専用庭付4LDK…,4380,福岡県福岡市早良区昭代３,地下鉄空港線「藤崎」徒歩10分,82.76,3LDK,1988年3月,https://suumo.jp//ms/chuko/fukuoka/sc_fukuokashisawara/nc_20378888/,藤崎,地下鉄空港線,10,1988-03-01,38,20378888
藤崎ロジュマン,4380,福岡県福岡市早良区昭代３,地下鉄空港線「藤崎」徒歩11分,82.76,4LDK,1988年3月,https://suumo.jp//ms/chuko/fukuoka/sc_fukuokashisawara/nc_20812024/,藤崎,地下鉄空港線,11,1988-03-01,38,20812024
藤崎ロジュマン,4380,福岡県福岡市早良区昭代３,地下鉄空港線「藤崎」徒歩10分,82.76,4LDK,1988年3月,https://suumo.jp//ms/chuko/fukuoka/sc_fukuokashisawara/nc_21199643/,藤崎,地下鉄空港線,10,1988-03-01,38,21199643
ライオンズマンションマキシム桜坂II,4380,福岡県福岡市中央区谷１,地下鉄七隈線「桜坂」徒歩5分,85.78,3LDK,1998年2月,https://suumo.jp//ms/chuko/fukuoka/sc_fukuokashichuo/nc_77794350/,桜坂,地下鉄七隈線,5,1998-02-01,28,77794350
藤崎ロジュマン,4380,福岡県福岡市早良区昭代３,地下鉄空港線「藤崎」徒歩11分,82.76,4LDK,1988年3月,https://suumo.jp//ms/chuko/fukuoka/sc_fukuokashisawara/nc_78705032/,藤崎,地下鉄空港線,11,1988-03-01,38,78705032
藤崎ロジュマン,4380,福岡県福岡市早良区昭代３,地下鉄空港線「藤崎」徒歩13分,82.76,4LDK,1988年3月,https://suumo.jp//ms/chuko/fukuoka/sc_fukuokashisawara/nc_20187670/,藤崎,地下鉄空港線,13,1988-03-01,38,20187670
藤崎ロジュマン,4380,福岡県福岡市早良区昭代３-9-5,地下鉄空港線「藤崎」徒歩11分,82.76,3LDK,1988年3月,https://suumo.jp//ms/chuko/fukuoka/sc_fukuokashisawara/nc_20991669/,藤崎,地下鉄空港線,11,1988-03-01,38,20991669
藤崎ロジュマン,4380,福岡県福岡市早良区昭代３,地下鉄空港線「藤崎」徒歩12分,82.76,4LDK,1988年3月,https://suumo.jp//ms/chuko/fukuoka/sc_fukuokashisawara/nc_21008385/,藤崎,地下鉄空港線,12,1988-03-01,38,21008385
ロイヤルマンション西新,4399,福岡県福岡市早良区祖原,地下鉄空港線「西新」徒歩9分,84.48,4LDK,1987年11月,https://suumo.jp//ms/chuko/fukuoka/sc_fukuokashisawara/nc_20596774/,西新,地下鉄空港線,9,1987-11-01,39,20596774
ロイヤルマンション西新,4399,福岡県福岡市早良区祖原,地下鉄空港線「西新」徒歩10分,84.48,4LDK,1987年11月,https://suumo.jp//ms/chuko/fukuoka/sc_fukuokashisawara/nc_20617864/,西新,地下鉄空港線,10,1987-11-01,39,20617864
ロイヤルマンション西新,4399,福岡県福岡市早良区祖原23‐20,地下鉄空港線「西新」徒歩12分,84.48,4LDK,1987年11月,https://suumo.jp//ms/chuko/fukuoka/sc_fukuokashisawara/nc_21058298/,西新,地下鉄空港線,12,1987-11-01,39,21058298
ロイヤルマンション西新,4399,福岡県福岡市早良区祖原,地下鉄空港線「西新」徒歩12分,84.48,4LDK,1987年11月,https://suumo.jp//ms/chuko/fukuoka/sc_fukuokashisawara/nc_21011970/,西新,地下鉄空港線,12,1987-11-01,39,21011970
アルデ別府,4490,福岡県福岡市城南区別府１-16-28,地下鉄七隈線「別府」徒歩6分,107.96,4LDK,2006年1月,https://suumo.jp//ms/chuko/fukuoka/sc_fukuokashijonan/nc_77889490/,別府,地下鉄七隈線,6,2006-01-01,20,77889490
西公園ツインタワー,4498,福岡県福岡市中央区荒戸２,地下鉄空港線「大濠公園」徒歩10分,83.05,3LDK,1990年1月,https://suumo.jp//ms/chuko/fukuoka/sc_fukuokashichuo/nc_20825534/,大濠公園,地下鉄空港線,10,1990-01-01,36,20825534
【エンクレストベイサイド通】最上階×リフォーム済！海…,4499,福岡県福岡市博多区築港本町,地下鉄空港線「中洲川端」徒歩14分,54.65,1LDK+S（納戸）,2016年5月,https://suumo.jp//ms/chuko/fukuoka/sc_fukuokashihakata/nc_20156687/,中洲川端,地下鉄空港線,14,2016-05-01,10,20156687
ロイヤルマンション西新,4499,福岡県福岡市早良区祖原,地下鉄空港線「西新」徒歩8分,84.48,4LDK,1987年11月,https://suumo.jp//ms/chuko/fukuoka/sc_fukuokashisawara/nc_20588692/,西新,地下鉄空港線,8,1987-11-01,39,20588692
アンピール空港通り２,4499,福岡県福岡市博多区豊２,地下鉄空港線「東比恵」徒歩11分,77.26,3LDK,2009年3月,https://suumo.jp//ms/chuko/fukuoka/sc_fukuokashihakata/nc_20698812/,東比恵,地下鉄空港線,11,2009-03-01,17,20698812
エンクレストベイサイド通り,4499,福岡県福岡市博多区築港本町,地下鉄空港線「中洲川端」徒歩14分,54.65,1LDK+S（納戸）,2016年5月,https://suumo.jp//ms/chuko/fukuoka/sc_fukuokashihakata/nc_79044901/,中洲川端,地下鉄空港線,14,2016-05-01,10,79044901
エンクレストベイサイド通り,4499,福岡県福岡市博多区築港本町,地下鉄空港線「中洲川端」徒歩12分,54.65,1LDK+S（納戸）,2016年5月,https://suumo.jp//ms/chuko/fukuoka/sc_fukuokashihakata/nc_21217570/,中洲川端,地下鉄空港線,12,2016-05-01,10,21217570
ロイヤルマンション西新,4499,福岡県福岡市早良区祖原,地下鉄空港線「西新」徒歩12分,84.48,4LDK,1987年11月,https://suumo.jp//ms/chuko/fukuoka/sc_fukuokashisawara/nc_20516591/,西新,地下鉄空港線,12,1987-11-01,39,20516591
朝日プラザ天神,4499,福岡県福岡市中央区舞鶴１-9-3,地下鉄空港線「天神」徒歩6分,55.5,3DK,1986年5月,https://suumo.jp//ms/chuko/fukuoka/sc_fukuokashichuo/nc_20822755/,天神,地下鉄空港線,6,1986-05-01,40,20822755
アルファライフ博多,4599,福岡県福岡市博多区住吉５,ＪＲ鹿児島本線「博多」徒歩14分,53.04,1LDK,2011年3月,https://suumo.jp//ms/chuko/fukuoka/sc_fukuokashihakata/nc_20477044/,博多,ＪＲ鹿児島本線,14,2011-03-01,15,20477044
サヴォイ　ザ・リバーテラス,4599,福岡県福岡市博多区中洲中島町,地下鉄空港線「天神」徒歩10分,49.89,2LDK,2006年2月,https://suumo.jp//ms/chuko/fukuoka/sc_fukuokashihakata/nc_21079958/,天神,地下鉄空港線,10,2006-02-01,20,21079958
サヴォイ　ザ・リバーテラス,4599,福岡県福岡市博多区中洲中島町,地下鉄箱崎線「中洲川端」徒歩5分,49.89,2LDK,2006年2月,https://suumo.jp//ms/chuko/fukuoka/sc_fukuokashihakata/nc_21014065/,中洲川端,地下鉄箱崎線,5,2006-02-01,20,21014065
サヴォイ ザ・リバーテラス,4599,福岡県福岡市博多区中洲中島町,地下鉄空港線「中洲川端」徒歩8分,49.89,2LDK,2006年2月,https://suumo.jp//ms/chuko/fukuoka/sc_fukuokashihakata/nc_21134076/,中洲川端,地下鉄空港線,8,2006-02-01,20,21134076
エステートマンション大濠グランディール,4880,福岡県福岡市中央区今川２,地下鉄空港線「西新」徒歩9分,68.37,3LDK,1991年3月,https://suumo.jp//ms/chuko/fukuoka/sc_fukuokashichuo/nc_21246756/,西新,地下鉄空港線,9,1991-03-01,35,21246756
エステートマンション大濠グランディール,4880,福岡県福岡市中央区今川２-7-52,地下鉄空港線「唐人町」徒歩8分,68.37,3LDK,1991年3月,https://suumo.jp//ms/chuko/fukuoka/sc_fukuokashichuo/nc_21216421/,唐人町,地下鉄空港線,8,1991-03-01,35,21216421
アダージュ薬院弐番館,4890,福岡県福岡市中央区薬院２,地下鉄七隈線「薬院大通」徒歩3分,65.11,2LDK,2003年3月,https://suumo.jp//ms/chuko/fukuoka/sc_fukuokashichuo/nc_20272288/,薬院大通,地下鉄七隈線,3,2003-03-01,23,20272288
エンゼルハイム鳥飼中央,4980,福岡県福岡市中央区鳥飼１,地下鉄空港線「唐人町」徒歩15分,75.68,3LDK,2001年3月,https://suumo.jp//ms/chuko/fukuoka/sc_fukuokashichuo/nc_20928829/,唐人町,地下鉄空港線,15,2001-03-01,25,20928829
ソレイユ赤坂南,4998,福岡県福岡市中央区六本松３-5-35,地下鉄七隈線「桜坂」徒歩6分,75.03,3LDK,1989年10月,https://suumo.jp//ms/chuko/fukuoka/sc_fukuokashichuo/nc_20640080/,桜坂,地下鉄七隈線,6,1989-10-01,37,20640080
オープンレジデンシア博多住吉,5040,福岡県福岡市博多区住吉２-7-1,地下鉄七隈線「櫛田神社前」徒歩5分,45.81,2LDK,2023年8月,https://suumo.jp//ms/chuko/fukuoka/sc_fukuokashihakata/nc_20862743/,櫛田神社前,地下鉄七隈線,5,2023-08-01,3,20862743
パークエステート博多,5088,福岡県福岡市博多区店屋町,地下鉄箱崎線「中洲川端」徒歩6分,60.81,3LDK,1997年3月,https://suumo.jp//ms/chuko/fukuoka/sc_fukuokashihakata/nc_20758909/,中洲川端,地下鉄箱崎線,6,1997-03-01,29,20758909
パーク・エステート博多,5088,福岡県福岡市博多区店屋町,地下鉄空港線「祇園」徒歩7分,60.81,2LDK,1997年3月,https://suumo.jp//ms/chuko/fukuoka/sc_fukuokashihakata/nc_20612025/,祇園,地下鉄空港線,7,1997-03-01,29,20612025
パーク・エステート博多503号室,5088,福岡県福岡市博多区店屋町,地下鉄空港線「祇園」徒歩6分,60.81,2LDK,1997年2月,https://suumo.jp//ms/chuko/fukuoka/sc_fukuokashihakata/nc_20387762/,祇園,地下鉄空港線,6,1997-02-01,29,20387762
コモダス天神,5199,福岡県福岡市中央区今泉２,地下鉄七隈線「薬院大通」徒歩8分,66.78,3LDK,1997年5月,https://suumo.jp//ms/chuko/fukuoka/sc_fukuokashichuo/nc_20204209/,薬院大通,地下鉄七隈線,8,1997-05-01,29,20204209
サントーア薬院,5280,福岡県福岡市中央区薬院２-5-33,地下鉄七隈線「薬院大通」徒歩5分,73.35,2LDK,1995年8月,https://suumo.jp//ms/chuko/fukuoka/sc_fukuokashichuo/nc_20383590/,薬院大通,地下鉄七隈線,5,1995-08-01,31,20383590
ロイヤルマンションユトリテ田島,5280,福岡県福岡市城南区田島１,地下鉄七隈線「別府」徒歩15分,91.98,3LDK+S（納戸）,2005年3月,https://suumo.jp//ms/chuko/fukuoka/sc_fukuokashijonan/nc_21051303/,別府,地下鉄七隈線,15,2005-03-01,21,21051303
ロイヤルマンションユトリテ田島,5280,福岡県福岡市城南区田島１-4-18,地下鉄七隈線「別府」徒歩13分,91.98,3LDK+S（納戸）,2005年3月,https://suumo.jp//ms/chuko/fukuoka/sc_fukuokashijonan/nc_21047017/,別府,地下鉄七隈線,13,2005-03-01,21,21047017
第３３プリンスマンション城南,5380,福岡県福岡市城南区別府１,地下鉄七隈線「別府」徒歩4分,85.4,3LDK,1986年8月,https://suumo.jp//ms/chuko/fukuoka/sc_fukuokashijonan/nc_21205678/,別府,地下鉄七隈線,4,1986-08-01,40,21205678
コモダスパッソ天神,5390,福岡県福岡市中央区渡辺通５-6-18,地下鉄七隈線「天神南」徒歩4分,64.15,3LDK,2000年10月,https://suumo.jp//ms/chuko/fukuoka/sc_fukuokashichuo/nc_21274553/,天神南,地下鉄七隈線,4,2000-10-01,26,21274553
アーティックス大濠,5398,福岡県福岡市中央区鳥飼１,地下鉄七隈線「六本松」徒歩11分,71.43,2LDK,2004年2月,https://suumo.jp//ms/chuko/fukuoka/sc_fukuokashichuo/nc_20230046/,六本松,地下鉄七隈線,11,2004-02-01,22,20230046
トラスト福岡空港前レジデンス,5500,福岡県糟屋郡志免町別府北４,地下鉄空港線「福岡空港」徒歩14分,79.35,4LDK,2024年5月,https://suumo.jp//ms/chuko/fukuoka/sc_kasuyagunshime/nc_21234575/,福岡空港,地下鉄空港線,14,2024-05-01,2,21234575
三井薬院ハイツ,5500,福岡県福岡市中央区薬院２,地下鉄七隈線「薬院大通」徒歩6分,98.7,4LDK,1982年10月,https://suumo.jp//ms/chuko/fukuoka/sc_fukuokashichuo/nc_21185449/,薬院大通,地下鉄七隈線,6,1982-10-01,44,21185449
ロイヤルアーク藤崎,5598,福岡県福岡市早良区昭代３,地下鉄空港線「藤崎」徒歩12分,82.48,4LDK,2002年6月,https://suumo.jp//ms/chuko/fukuoka/sc_fukuokashisawara/nc_20637739/,藤崎,地下鉄空港線,12,2002-06-01,24,20637739
浄水通りパーク・ホームズ,5599,福岡県福岡市中央区薬院４-6-7,地下鉄七隈線「薬院大通」徒歩4分,61.48,3LDK,1994年3月,https://suumo.jp//ms/chuko/fukuoka/sc_fukuokashichuo/nc_21115582/,薬院大通,地下鉄七隈線,4,1994-03-01,32,21115582
大濠公園グランドヒルズ,5780,福岡県福岡市中央区荒戸２-3-49,地下鉄空港線「大濠公園」徒歩4分,70.11,3LDK,1990年9月,https://suumo.jp//ms/chuko/fukuoka/sc_fukuokashichuo/nc_21232377/,大濠公園,地下鉄空港線,4,1990-09-01,36,21232377
大濠公園グランドヒルズ,5780,福岡県福岡市中央区荒戸２,地下鉄空港線「大濠公園」徒歩4分,70.11,3LDK,1990年9月,https://suumo.jp//ms/chuko/fukuoka/sc_fukuokashichuo/nc_21195543/,大濠公園,地下鉄空港線,4,1990-09-01,36,21195543
グランコート薬院,5780,福岡県福岡市中央区薬院１,地下鉄七隈線「薬院」徒歩4分,66.92,3LDK,1998年11月,https://suumo.jp//ms/chuko/fukuoka/sc_fukuokashichuo/nc_21027145/,薬院,地下鉄七隈線,4,1998-11-01,28,21027145
グラン・コート薬院,5780,福岡県福岡市中央区薬院１-15-8,西鉄天神大牟田線「薬院」徒歩4分,66.92,3LDK,1998年11月,https://suumo.jp//ms/chuko/fukuoka/sc_fukuokashichuo/nc_21014895/,薬院,西鉄天神大牟田線,4,1998-11-01,28,21014895
グランドメゾン薬院ザ・タワーレジデンス,5800,福岡県福岡市中央区薬院３,地下鉄七隈線「薬院大通」徒歩7分,39.23,1LDK,2022年6月,https://suumo.jp//ms/chuko/fukuoka/sc_fukuokashichuo/nc_20668272/,薬院大通,地下鉄七隈線,7,2022-06-01,4,20668272
アーバンパレスアクス大濠,5980,福岡県福岡市中央区荒戸３,地下鉄空港線「唐人町」徒歩8分,72.48,3LDK,1995年10月,https://suumo.jp//ms/chuko/fukuoka/sc_fukuokashichuo/nc_20530817/,唐人町,地下鉄空港線,8,1995-10-01,31,20530817
パークホームズ室見駅前,5980,福岡県福岡市早良区室見５,地下鉄空港線「藤崎」徒歩12分,71.47,3LDK,2004年5月,https://suumo.jp//ms/chuko/fukuoka/sc_fukuokashisawara/nc_21227568/,藤崎,地下鉄空港線,12,2004-05-01,22,21227568
アンピール六本松,5980,福岡県福岡市中央区六本松４,地下鉄七隈線「六本松」徒歩6分,71.23,3LDK,1994年9月,https://suumo.jp//ms/chuko/fukuoka/sc_fukuokashichuo/nc_20605017/,六本松,地下鉄七隈線,6,1994-09-01,32,20605017
パークホームズ室見駅前,5980,福岡県福岡市早良区室見５-7-27,地下鉄空港線「藤崎」徒歩13分,71.47,3LDK,2004年5月,https://suumo.jp//ms/chuko/fukuoka/sc_fukuokashisawara/nc_21259956/,藤崎,地下鉄空港線,13,2004-05-01,22,21259956
ヒューマインド博多駅東ネクスタイル,5999,福岡県福岡市博多区東比恵３,地下鉄空港線「東比恵」徒歩5分,80.11,3LDK,2005年4月,https://suumo.jp//ms/chuko/fukuoka/sc_fukuokashihakata/nc_21117161/,東比恵,地下鉄空港線,5,2005-04-01,21,21117161
ヒューマインド博多駅東ネクスタイル,5999,福岡県福岡市博多区東比恵３,地下鉄空港線「東比恵」徒歩5分,80.11,3LDK,2005年4月,https://suumo.jp//ms/chuko/fukuoka/sc_fukuokashihakata/nc_21137790/,東比恵,地下鉄空港線,5,2005-04-01,21,21137790
シーサイドももちヴェルデコート　5番館,5999,福岡県福岡市早良区百道浜３-3-5,地下鉄空港線「藤崎」徒歩12分,80.88,3LDK,1991年2月,https://suumo.jp//ms/chuko/fukuoka/sc_fukuokashisawara/nc_21155883/,藤崎,地下鉄空港線,12,1991-02-01,35,21155883
ヒューマインド博多駅東ネクスタイル,5999,福岡県福岡市博多区東比恵３,地下鉄空港線「東比恵」徒歩7分,80.11,3LDK,2005年4月,https://suumo.jp//ms/chuko/fukuoka/sc_fukuokashihakata/nc_21137414/,東比恵,地下鉄空港線,7,2005-04-01,21,21137414
ヒューマインド博多駅東ネクスタイル,5999,福岡県福岡市博多区東比恵３,地下鉄空港線「東比恵」徒歩5分,80.11,3LDK,2005年4月,https://suumo.jp//ms/chuko/fukuoka/sc_fukuokashihakata/nc_21199676/,東比恵,地下鉄空港線,5,2005-04-01,21,21199676
ヒューマインド博多駅東ネクスタイル,5999,福岡県福岡市博多区東比恵３-24-24,地下鉄空港線「東比恵」徒歩6分,80.11,3LDK,2005年4月,https://suumo.jp//ms/chuko/fukuoka/sc_fukuokashihakata/nc_21241364/,東比恵,地下鉄空港線,6,2005-04-01,21,21241364
ダイアパレス大濠公園Ⅱ,5999,福岡県福岡市中央区荒戸２-2-32,地下鉄空港線「大濠公園」徒歩6分,70.92,3LDK,1996年3月,https://suumo.jp//ms/chuko/fukuoka/sc_fukuokashichuo/nc_21107656/,大濠公園,地下鉄空港線,6,1996-03-01,30,21107656
ブライトンヒルズ藤崎,6180,福岡県福岡市早良区藤崎１,地下鉄空港線「藤崎」徒歩5分,79.23,3LDK,2003年7月,https://suumo.jp//ms/chuko/fukuoka/sc_fukuokashisawara/nc_78716200/,藤崎,地下鉄空港線,5,2003-07-01,23,78716200
ブライトンヒルズ藤崎,6180,福岡県福岡市早良区藤崎１,地下鉄空港線「藤崎」徒歩7分,79.23,3LDK,2003年7月,https://suumo.jp//ms/chuko/fukuoka/sc_fukuokashisawara/nc_79068584/,藤崎,地下鉄空港線,7,2003-07-01,23,79068584
コモダスパッソ天神,6390,福岡県福岡市中央区渡辺通５-6-18,地下鉄七隈線「天神南」徒歩4分,64.15,2LDK,2000年10月,https://suumo.jp//ms/chuko/fukuoka/sc_fukuokashichuo/nc_21274206/,天神南,地下鉄七隈線,4,2000-10-01,26,21274206
ジョイナス地行浜東　内装リフォーム,6490,福岡県福岡市中央区伊崎17-11,地下鉄空港線「唐人町」徒歩12分,85.47,4LDK,2006年3月,https://suumo.jp//ms/chuko/fukuoka/sc_fukuokashichuo/nc_20588156/,唐人町,地下鉄空港線,12,2006-03-01,20,20588156
シーサイドももちヴェルデコート６番館,6498,福岡県福岡市早良区百道浜３,地下鉄空港線「藤崎」徒歩10分,94.47,3LDK,1991年7月,https://suumo.jp//ms/chuko/fukuoka/sc_fukuokashisawara/nc_20970626/,藤崎,地下鉄空港線,10,1991-07-01,35,20970626
グランディア百道浜通り,6580,福岡県福岡市早良区西新２,地下鉄空港線「西新」徒歩9分,68.66,3LDK,2006年4月,https://suumo.jp//ms/chuko/fukuoka/sc_fukuokashisawara/nc_21129688/,西新,地下鉄空港線,9,2006-04-01,20,21129688
グランディア百道浜通り,6580,福岡県福岡市早良区西新２,地下鉄空港線「西新」徒歩9分,68.66,3LDK,2006年4月,https://suumo.jp//ms/chuko/fukuoka/sc_fukuokashisawara/nc_21107580/,西新,地下鉄空港線,9,2006-04-01,20,21107580
グランディア百道浜通り,6580,福岡県福岡市早良区西新２-23-12,地下鉄空港線「西新」徒歩9分,68.66,3LDK,2006年4月,https://suumo.jp//ms/chuko/fukuoka/sc_fukuokashisawara/nc_21118462/,西新,地下鉄空港線,9,2006-04-01,20,21118462
エステートマンション大濠グランディール,6699,福岡県福岡市中央区今川２-7-52,地下鉄空港線「西新」徒歩12分,85.23,3LDK,1991年3月,https://suumo.jp//ms/chuko/fukuoka/sc_fukuokashichuo/nc_21150902/,西新,地下鉄空港線,12,1991-03-01,35,21150902
ライオンズ大濠公園グランゲイト,6780,福岡県福岡市中央区大手門２,地下鉄空港線「大濠公園」徒歩7分,67.03,3LDK,2015年2月,https://suumo.jp//ms/chuko/fukuoka/sc_fukuokashichuo/nc_20572204/,大濠公園,地下鉄空港線,7,2015-02-01,11,20572204
クレアセンターマーク,6999,福岡県福岡市中央区今泉２-4-48,地下鉄七隈線「薬院大通」徒歩10分,80.25,3LDK+S（納戸）,2000年10月,https://suumo.jp//ms/chuko/fukuoka/sc_fukuokashichuo/nc_20721145/,薬院大通,地下鉄七隈線,10,2000-10-01,26,20721145
クレアセンターマーク,6999,福岡県福岡市中央区今泉２-4-48,地下鉄七隈線「薬院大通」徒歩11分,80.25,3LDK,2000年10月,https://suumo.jp//ms/chuko/fukuoka/sc_fukuokashichuo/nc_21058292/,薬院大通,地下鉄七隈線,11,2000-10-01,26,21058292
クリスタージュ壱番館,7199,福岡県福岡市早良区百道浜４-2-1,地下鉄空港線「藤崎」徒歩11分,95.53,3LDK,1992年5月,https://suumo.jp//ms/chuko/fukuoka/sc_fukuokashisawara/nc_21238324/,藤崎,地下鉄空港線,11,1992-05-01,34,21238324
アンピール西新,7200,福岡県福岡市早良区城西３-12－27,地下鉄空港線「西新」徒歩10分,93.58,4LDK,2004年5月,https://suumo.jp//ms/chuko/fukuoka/sc_fukuokashisawara/nc_20721532/,西新,地下鉄空港線,10,2004-05-01,22,20721532
コスモ六本松シティフォルム,7399,福岡県福岡市中央区草香江２,地下鉄七隈線「六本松」徒歩4分,70.58,3LDK,2000年2月,https://suumo.jp//ms/chuko/fukuoka/sc_fukuokashichuo/nc_21190414/,六本松,地下鉄七隈線,4,2000-02-01,26,21190414
コスモ六本松シティフォルム,7399,福岡県福岡市中央区草香江２,地下鉄七隈線「六本松」徒歩4分,70.58,3LDK,2000年2月,https://suumo.jp//ms/chuko/fukuoka/sc_fukuokashichuo/nc_21190286/,六本松,地下鉄七隈線,4,2000-02-01,26,21190286
コスモ六本松シティフォルム,7399,福岡県福岡市中央区草香江２,地下鉄七隈線「六本松」徒歩5分,70.58,3LDK,2000年2月,https://suumo.jp//ms/chuko/fukuoka/sc_fukuokashichuo/nc_20597892/,六本松,地下鉄七隈線,5,2000-02-01,26,20597892
コスモ六本松シティフォルム,7399,福岡県福岡市中央区草香江２-1-13,地下鉄七隈線「六本松」徒歩4分,70.58,3LDK,2000年2月,https://suumo.jp//ms/chuko/fukuoka/sc_fukuokashichuo/nc_20908440/,六本松,地下鉄七隈線,4,2000-02-01,26,20908440
パークホームズ警固本通り,7700,福岡県福岡市中央区警固２,地下鉄空港線「赤坂」徒歩9分,82.96,3LDK,2009年10月,https://suumo.jp//ms/chuko/fukuoka/sc_fukuokashichuo/nc_20635372/,赤坂,地下鉄空港線,9,2009-10-01,17,20635372
パークホームズ警固本通り　中古マンション,7770,福岡県福岡市中央区警固２,地下鉄空港線「赤坂」徒歩9分,82.96,3LDK,2009年10月,https://suumo.jp//ms/chuko/fukuoka/sc_fukuokashichuo/nc_21171973/,赤坂,地下鉄空港線,9,2009-10-01,17,21171973
パークホームズ警固本通り,7770,福岡県福岡市中央区警固２,地下鉄空港線「赤坂」徒歩8分,82.96,3LDK,2009年10月,https://suumo.jp//ms/chuko/fukuoka/sc_fukuokashichuo/nc_20752404/,赤坂,地下鉄空港線,8,2009-10-01,17,20752404
パークホームズ警固本通り,7770,福岡県福岡市中央区警固２,地下鉄空港線「赤坂」徒歩9分,82.96,3LDK,2009年10月,https://suumo.jp//ms/chuko/fukuoka/sc_fukuokashichuo/nc_20312015/,赤坂,地下鉄空港線,9,2009-10-01,17,20312015
サングレート平尾山荘,8000,福岡県福岡市中央区平尾５,地下鉄七隈線「薬院大通」徒歩15分,83.36,2LDK,2018年8月,https://suumo.jp//ms/chuko/fukuoka/sc_fukuokashichuo/nc_76993707/,薬院大通,地下鉄七隈線,15,2018-08-01,8,76993707
コアマンション百道プレジオ,8100,福岡県福岡市早良区百道１,地下鉄空港線「藤崎」徒歩10分,92.92,3LDK+S（納戸）,2006年2月,https://suumo.jp//ms/chuko/fukuoka/sc_fukuokashisawara/nc_21053033/,藤崎,地下鉄空港線,10,2006-02-01,20,21053033
百道タワー,8200,福岡県福岡市早良区百道浜１,地下鉄空港線「西新」徒歩9分,88.62,2LDK,2004年2月,https://suumo.jp//ms/chuko/fukuoka/sc_fukuokashisawara/nc_20891032/,西新,地下鉄空港線,9,2004-02-01,22,20891032
グランドステイツ大濠公園南,8280,福岡県福岡市中央区六本松３,地下鉄七隈線「六本松」徒歩3分,80.69,3LDK,2004年6月,https://suumo.jp//ms/chuko/fukuoka/sc_fukuokashichuo/nc_77539723/,六本松,地下鉄七隈線,3,2004-06-01,22,77539723
ザ・パークハウス赤坂タワーレジデンス,8900,福岡県福岡市中央区長浜２,地下鉄空港線「赤坂」徒歩8分,75.6,3LDK,2019年7月,https://suumo.jp//ms/chuko/fukuoka/sc_fukuokashichuo/nc_21147158/,赤坂,地下鉄空港線,8,2019-07-01,7,21147158
ダイアパレス赤坂,8999,福岡県福岡市中央区赤坂２-1-33,地下鉄空港線「赤坂」徒歩10分,88.58,4LDK,2001年9月,https://suumo.jp//ms/chuko/fukuoka/sc_fukuokashichuo/nc_21135593/,赤坂,地下鉄空港線,10,2001-09-01,25,21135593
百道タワー,9200,福岡県福岡市早良区百道浜１,地下鉄空港線「西新」徒歩9分,88.62,2LDK,2004年2月,https://suumo.jp//ms/chuko/fukuoka/sc_fukuokashisawara/nc_21224471/,西新,地下鉄空港線,9,2004-02-01,22,21224471
アクタス大手門パークシティ,9980,福岡県福岡市中央区大手門１,地下鉄空港線「赤坂」徒歩6分,93.92,3LDK,2005年2月,https://suumo.jp//ms/chuko/fukuoka/sc_fukuokashichuo/nc_77427348/,赤坂,地下鉄空港線,6,2005-02-01,21,77427348
Ｂｒｉｌｌｉａ平尾浄水,10800,福岡県福岡市中央区平尾浄水町,地下鉄七隈線「薬院大通」徒歩11分,108.17,3LDK,2009年4月,https://suumo.jp//ms/chuko/fukuoka/sc_fukuokashichuo/nc_20685889/,薬院大通,地下鉄七隈線,11,2009-04-01,17,20685889
アルテマインド浄水平丘,10800,福岡県福岡市中央区平丘町,地下鉄七隈線「薬院大通」徒歩9分,94.63,3LDK,2010年5月,https://suumo.jp//ms/chuko/fukuoka/sc_fukuokashichuo/nc_21022638/,薬院大通,地下鉄七隈線,9,2010-05-01,16,21022638
グランドメゾン大濠南,10990,福岡県福岡市中央区草香江２,地下鉄七隈線「六本松」徒歩4分,98.79,3LDK+S（納戸）,2001年11月,https://suumo.jp//ms/chuko/fukuoka/sc_fukuokashichuo/nc_20504208/,六本松,地下鉄七隈線,4,2001-11-01,25,20504208
グランドメゾン大濠南,10990,福岡県福岡市中央区草香江２-1-38,地下鉄七隈線「六本松」徒歩3分,98.79,3LDK+S（納戸）,2001年11月,https://suumo.jp//ms/chuko/fukuoka/sc_fukuokashichuo/nc_20908444/,六本松,地下鉄七隈線,3,2001-11-01,25,20908444
グランドメゾン大濠南,10990,福岡県福岡市中央区草香江２,地下鉄七隈線「六本松」徒歩3分,98.79,3LDK+S（納戸）,2001年11月,https://suumo.jp//ms/chuko/fukuoka/sc_fukuokashichuo/nc_20181928/,六本松,地下鉄七隈線,3,2001-11-01,25,20181928
ブライトパークサンリヤン地行Ⅲ番館,12000,福岡県福岡市中央区地行３,地下鉄空港線「西新」徒歩8分,88.39,4LDK,2012年10月,https://suumo.jp//ms/chuko/fukuoka/sc_fukuokashichuo/nc_79150933/,西新,地下鉄空港線,8,2012-10-01,14,79150933
MJR赤坂タワー,12500,福岡県福岡市中央区赤坂１,地下鉄空港線「赤坂」徒歩1分,64.8,2LDK,2017年10月,https://suumo.jp//ms/chuko/fukuoka/sc_fukuokashichuo/nc_79200862/,赤坂,地下鉄空港線,1,2017-10-01,9,79200862
ネクサス薬院,12880,福岡県福岡市中央区薬院１,地下鉄七隈線「薬院大通」徒歩3分,94.52,3LDK,2015年6月,https://suumo.jp//ms/chuko/fukuoka/sc_fukuokashichuo/nc_21166288/,薬院大通,地下鉄七隈線,3,2015-06-01,11,21166288
ザ・パークハウス桜坂サンリヤン,14800,福岡県福岡市中央区桜坂３,地下鉄七隈線「桜坂」徒歩3分,84.98,3LDK+S（納戸）,2018年9月,https://suumo.jp//ms/chuko/fukuoka/sc_fukuokashichuo/nc_20546042/,桜坂,地下鉄七隈線,3,2018-09-01,8,20546042
ブリリアタワー西新,16800,福岡県福岡市早良区西新４,地下鉄空港線「西新」徒歩1分,79.93,2LDK,2021年1月,https://suumo.jp//ms/chuko/fukuoka/sc_fukuokashisawara/nc_79220468/,西新,地下鉄空港線,1,2021-01-01,5,79220468
グランドメゾン薬院,20000,福岡県福岡市中央区薬院２,地下鉄七隈線「薬院大通」徒歩3分,134.97,4LDK,2013年6月,https://suumo.jp//ms/chuko/fukuoka/sc_fukuokashichuo/nc_20874229/,薬院大通,地下鉄七隈線,3,2013-06-01,13,20874229
グランドメゾ薬院レジデンス,20000,福岡県福岡市中央区薬院２,地下鉄七隈線「薬院大通」徒歩5分,105.5,4LDK,2017年7月,https://suumo.jp//ms/chuko/fukuoka/sc_fukuokashichuo/nc_21174631/,薬院大通,地下鉄七隈線,5,2017-07-01,9,21174631
プレミスト大濠公園,24800,福岡県福岡市中央区荒戸３,地下鉄空港線「唐人町」徒歩3分,120.71,3LDK,2025年6月,https://suumo.jp//ms/chuko/fukuoka/sc_fukuokashichuo/nc_79003032/,唐人町,地下鉄空港線,3,2025-06-01,1,79003032
グランドメゾン福岡ＴＨＥ　Ｃｅｎｔｒａｌ　Ｌｕｘｅ　…,25000,福岡県福岡市中央区渡辺通２,西鉄天神大牟田線「薬院」徒歩4分,110.97,3LDK,2025年7月,https://suumo.jp//ms/chuko/fukuoka/sc_fukuokashichuo/nc_21175413/,薬院,西鉄天神大牟田線,4,2025-07-01,1,21175413
グランドメゾン赤坂LUXE,25000,福岡県福岡市中央区赤坂２,地下鉄空港線「赤坂」徒歩8分,142.11,3LDK,2016年9月,https://suumo.jp//ms/chuko/fukuoka/sc_fukuokashichuo/nc_20673715/,赤坂,地下鉄空港線,8,2016-09-01,10,20673715
ＣＬＵＢ　ＴＨＥ．薬院ステーションタワー,46000,福岡県福岡市中央区白金１,地下鉄七隈線「薬院」徒歩2分,138.16,2LDK+S（納戸）,2020年4月,https://suumo.jp//ms/chuko/fukuoka/sc_fukuokashichuo/nc_21015987/,薬院,地下鉄七隈線,2,2020-04-01,6,21015987
プチメゾン薬院,498,福岡県福岡市中央区白金１-13-11,西鉄天神大牟田線「薬院」徒歩7分,15.0,ワンルーム,1984年9月,https://suumo.jp//ms/chuko/fukuoka/sc_fukuokashichuo/nc_20708382/,薬院,西鉄天神大牟田線,7,1984-09-01,42,20708382
第７プリンスマンション,680,福岡県福岡市中央区高砂１-15-23,地下鉄七隈線「渡辺通」徒歩9分,25.2,1DK,1987年12月,https://suumo.jp//ms/chuko/fukuoka/sc_fukuokashichuo/nc_20979544/,渡辺通,地下鉄七隈線,9,1987-12-01,39,20979544
スカイ・クリエート天神南,730,福岡県福岡市中央区春吉２,地下鉄七隈線「渡辺通」徒歩7分,19.71,ワンルーム,1991年3月,https://suumo.jp//ms/chuko/fukuoka/sc_fukuokashichuo/nc_20665914/,渡辺通,地下鉄七隈線,7,1991-03-01,35,20665914
スカイ・クリエート天神南,730,福岡県福岡市中央区春吉２-19-17,地下鉄七隈線「渡辺通」徒歩7分,19.71,ワンルーム,1991年3月,https://suumo.jp//ms/chuko/fukuoka/sc_fukuokashichuo/nc_79200824/,渡辺通,地下鉄七隈線,7,1991-03-01,35,79200824
ロマネスク西新第2,750,福岡県福岡市早良区城西３,地下鉄空港線「西新」徒歩9分,20.44,ワンルーム,1989年10月,https://suumo.jp//ms/chuko/fukuoka/sc_fukuokashisawara/nc_21143463/,西新,地下鉄空港線,9,1989-10-01,37,21143463
エトワール博多,870,福岡県福岡市博多区博多駅前１,地下鉄空港線「博多」徒歩5分,27.72,ワンルーム,1977年4月,https://suumo.jp//ms/chuko/fukuoka/sc_fukuokashihakata/nc_20069809/,博多,地下鉄空港線,5,1977-04-01,49,20069809
皐月マンシヨン博多,890,福岡県福岡市博多区博多駅前３,地下鉄空港線「博多」徒歩6分,23.06,ワンルーム,1979年2月,https://suumo.jp//ms/chuko/fukuoka/sc_fukuokashihakata/nc_77530800/,博多,地下鉄空港線,6,1979-02-01,47,77530800
ラフィネスネオシティ平尾,980,福岡県福岡市中央区大宮２,西鉄天神大牟田線「薬院」徒歩13分,23.4,ワンルーム,2001年9月,https://suumo.jp//ms/chuko/fukuoka/sc_fukuokashichuo/nc_20980712/,薬院,西鉄天神大牟田線,13,2001-09-01,25,20980712
ライオンズマンション博多,980,福岡県福岡市博多区博多駅前３,地下鉄七隈線「櫛田神社前」徒歩4分,17.13,ワンルーム,1981年6月,https://suumo.jp//ms/chuko/fukuoka/sc_fukuokashihakata/nc_20824863/,櫛田神社前,地下鉄七隈線,4,1981-06-01,45,20824863
◆☆チサンマンション天神Ⅲ☆◆,999,福岡県福岡市中央区大名２,地下鉄空港線「赤坂」徒歩3分,16.37,ワンルーム,1980年1月,https://suumo.jp//ms/chuko/fukuoka/sc_fukuokashichuo/nc_21270657/,赤坂,地下鉄空港線,3,1980-01-01,46,21270657
エステートモア祇園,1190,福岡県福岡市博多区冷泉町,地下鉄七隈線「櫛田神社前」徒歩6分,20.73,1K,1998年1月,https://suumo.jp//ms/chuko/fukuoka/sc_fukuokashihakata/nc_20464597/,櫛田神社前,地下鉄七隈線,6,1998-01-01,28,20464597
東峰マンション博多駅東,1280,福岡県福岡市博多区比恵町7-27,地下鉄空港線「東比恵」徒歩8分,23.17,1K,1985年4月,https://suumo.jp//ms/chuko/fukuoka/sc_fukuokashihakata/nc_20770211/,東比恵,地下鉄空港線,8,1985-04-01,41,20770211
グリーンハイツ輝国,1280,福岡県福岡市中央区輝国２,地下鉄七隈線「六本松」徒歩14分,62.04,2DK,1980年5月,https://suumo.jp//ms/chuko/fukuoka/sc_fukuokashichuo/nc_21208962/,六本松,地下鉄七隈線,14,1980-05-01,46,21208962
日商岩井弥生マンション,1330,福岡県福岡市早良区原１-41 - 1,地下鉄空港線「藤崎」徒歩14分,87.49,4LDK,1979年4月,https://suumo.jp//ms/chuko/fukuoka/sc_fukuokashisawara/nc_78515294/,藤崎,地下鉄空港線,14,1979-04-01,47,78515294
輝国住宅1号棟,1380,福岡県福岡市中央区輝国２,地下鉄七隈線「六本松」徒歩13分,65.68,3LDK,1974年3月,https://suumo.jp//ms/chuko/fukuoka/sc_fukuokashichuo/nc_20845382/,六本松,地下鉄七隈線,13,1974-03-01,52,20845382
ライオンズマンション天神南,1380,福岡県福岡市中央区今泉２-1-32,地下鉄七隈線「薬院大通」徒歩10分,21.0,ワンルーム,1992年3月,https://suumo.jp//ms/chuko/fukuoka/sc_fukuokashichuo/nc_20250868/,薬院大通,地下鉄七隈線,10,1992-03-01,34,20250868
パソナ―ル博多,1475,福岡県福岡市博多区神屋町,地下鉄空港線「中洲川端」徒歩13分,38.57,1LDK,1973年10月,https://suumo.jp//ms/chuko/fukuoka/sc_fukuokashihakata/nc_79140656/,中洲川端,地下鉄空港線,13,1973-10-01,53,79140656
ライオンズマンション六本松第２,1480,福岡県福岡市中央区六本松３,地下鉄七隈線「桜坂」徒歩6分,44.96,2DK,1988年9月,https://suumo.jp//ms/chuko/fukuoka/sc_fukuokashichuo/nc_21188030/,桜坂,地下鉄七隈線,6,1988-09-01,38,21188030
日商岩井新福陵マンション２号棟,1498,福岡県福岡市早良区荒江３,地下鉄空港線「藤崎」徒歩14分,83.19,4LDK,1978年3月,https://suumo.jp//ms/chuko/fukuoka/sc_fukuokashisawara/nc_20045615/,藤崎,地下鉄空港線,14,1978-03-01,48,20045615
日商岩井新福陵マンション,1498,福岡県福岡市早良区荒江３,地下鉄空港線「藤崎」徒歩15分,83.19,4LDK,1978年3月,https://suumo.jp//ms/chuko/fukuoka/sc_fukuokashisawara/nc_20908107/,藤崎,地下鉄空港線,15,1978-03-01,48,20908107
ドミール鳥飼,1500,福岡県福岡市中央区鳥飼３,地下鉄空港線「西新」徒歩7分,54.96,1LDK,1974年7月,https://suumo.jp//ms/chuko/fukuoka/sc_fukuokashichuo/nc_21193526/,西新,地下鉄空港線,7,1974-07-01,52,21193526
サニークレスト荒江,1580,福岡県福岡市城南区荒江１,地下鉄七隈線「別府」徒歩14分,81.47,3LDK,1982年7月,https://suumo.jp//ms/chuko/fukuoka/sc_fukuokashijonan/nc_21013233/,別府,地下鉄七隈線,14,1982-07-01,44,21013233
マンション鳥飼204,1650,福岡県福岡市中央区鳥飼１-3-19,地下鉄七隈線「六本松」徒歩12分,49.8,1LDK,1973年12月,https://suumo.jp//ms/chuko/fukuoka/sc_fukuokashichuo/nc_20656955/,六本松,地下鉄七隈線,12,1973-12-01,53,20656955
ハイツ城西,1680,福岡県福岡市早良区城西１,地下鉄空港線「西新」徒歩5分,48.51,1LDK,1974年6月,https://suumo.jp//ms/chuko/fukuoka/sc_fukuokashisawara/nc_20601172/,西新,地下鉄空港線,5,1974-06-01,52,20601172
第2住吉ハイツ,1680,福岡県福岡市博多区住吉３,地下鉄七隈線「渡辺通」徒歩10分,55.55,1LDK,1979年10月,https://suumo.jp//ms/chuko/fukuoka/sc_fukuokashihakata/nc_20367370/,渡辺通,地下鉄七隈線,10,1979-10-01,47,20367370
サニークレスト荒江,1690,福岡県福岡市城南区荒江１,地下鉄七隈線「別府」徒歩14分,81.47,4LDK,1982年7月,https://suumo.jp//ms/chuko/fukuoka/sc_fukuokashijonan/nc_78393758/,別府,地下鉄七隈線,14,1982-07-01,44,78393758
ロータリープラザ博多駅東,1690,福岡県福岡市博多区比恵町,地下鉄空港線「東比恵」徒歩8分,56.0,4K,1985年3月,https://suumo.jp//ms/chuko/fukuoka/sc_fukuokashihakata/nc_21187917/,東比恵,地下鉄空港線,8,1985-03-01,41,21187917
ビレッタ百道,1690,福岡県福岡市早良区百道１,地下鉄空港線「藤崎」徒歩12分,55.39,2LDK,1975年4月,https://suumo.jp//ms/chuko/fukuoka/sc_fukuokashisawara/nc_20298722/,藤崎,地下鉄空港線,12,1975-04-01,51,20298722
ロマネスク渡辺通第2,1699,福岡県福岡市中央区高砂２,西鉄天神大牟田線「薬院」徒歩13分,33.29,1LDK,1989年3月,https://suumo.jp//ms/chuko/fukuoka/sc_fukuokashichuo/nc_20325130/,薬院,西鉄天神大牟田線,13,1989-03-01,37,20325130
シャンボール大濠,1780,福岡県福岡市中央区鳥飼３,地下鉄空港線「西新」徒歩9分,74.88,3LDK,1978年8月,https://suumo.jp//ms/chuko/fukuoka/sc_fukuokashichuo/nc_78802367/,西新,地下鉄空港線,9,1978-08-01,48,78802367
パークハイツ桜坂,1820,福岡県福岡市中央区桜坂３,地下鉄七隈線「桜坂」徒歩3分,67.2,ワンルーム,1977年6月,https://suumo.jp//ms/chuko/fukuoka/sc_fukuokashichuo/nc_20301505/,桜坂,地下鉄七隈線,3,1977-06-01,49,20301505
西新ビル　中古マンション,1850,福岡県福岡市早良区高取１,地下鉄空港線「藤崎」徒歩6分,60.8,2LDK,1972年7月,https://suumo.jp//ms/chuko/fukuoka/sc_fukuokashisawara/nc_20596775/,藤崎,地下鉄空港線,6,1972-07-01,54,20596775
サヴォイ　ザ・セントラルガーデン,1850,福岡県福岡市博多区住吉３,地下鉄七隈線「渡辺通」徒歩10分,24.63,1K,2007年2月,https://suumo.jp//ms/chuko/fukuoka/sc_fukuokashihakata/nc_21174285/,渡辺通,地下鉄七隈線,10,2007-02-01,19,21174285
西新ビル,1850,福岡県福岡市早良区高取１,地下鉄空港線「西新」徒歩5分,60.8,2LDK,1972年7月,https://suumo.jp//ms/chuko/fukuoka/sc_fukuokashisawara/nc_20255236/,西新,地下鉄空港線,5,1972-07-01,54,20255236
ライオンズマンション浄水,1880,福岡県福岡市中央区御所ヶ谷,地下鉄七隈線「薬院大通」徒歩6分,71.67,3DK,1977年12月,https://suumo.jp//ms/chuko/fukuoka/sc_fukuokashichuo/nc_75963392/,薬院大通,地下鉄七隈線,6,1977-12-01,49,75963392
マンションアベニュー,1980,福岡県福岡市早良区西新５,地下鉄空港線「西新」徒歩3分,53.91,2LDK,1974年8月,https://suumo.jp//ms/chuko/fukuoka/sc_fukuokashisawara/nc_20586973/,西新,地下鉄空港線,3,1974-08-01,52,20586973
藤和西新コープ,1980,福岡県福岡市早良区城西２-11-25,地下鉄空港線「西新」徒歩8分,84.82,4LDK,1977年12月,https://suumo.jp//ms/chuko/fukuoka/sc_fukuokashisawara/nc_21202969/,西新,地下鉄空港線,8,1977-12-01,49,21202969
コープ野村平尾山荘,1980,福岡県福岡市中央区山荘通３,地下鉄七隈線「薬院大通」徒歩13分,73.65,3LDK,1978年7月,https://suumo.jp//ms/chuko/fukuoka/sc_fukuokashichuo/nc_21221612/,薬院大通,地下鉄七隈線,13,1978-07-01,48,21221612
ライオンズマンションマキシム浄水通り,1980,福岡県福岡市中央区薬院４-18-15,地下鉄七隈線「薬院大通」徒歩3分,36.55,ワンルーム,1981年3月,https://suumo.jp//ms/chuko/fukuoka/sc_fukuokashichuo/nc_78092052/,薬院大通,地下鉄七隈線,3,1981-03-01,45,78092052
コープ野村平尾山荘,1980,福岡県福岡市中央区山荘通３,地下鉄七隈線「薬院大通」徒歩13分,73.65,3LDK,1978年7月,https://suumo.jp//ms/chuko/fukuoka/sc_fukuokashichuo/nc_21265223/,薬院大通,地下鉄七隈線,13,1978-07-01,48,21265223
藤和城西コープ,1998,福岡県福岡市城南区別府４,地下鉄七隈線「別府」徒歩8分,52.82,2LDK,1974年7月,https://suumo.jp//ms/chuko/fukuoka/sc_fukuokashijonan/nc_78715529/,別府,地下鉄七隈線,8,1974-07-01,52,78715529
藤和城西コーポ,1998,福岡県福岡市城南区別府４-13-29,地下鉄七隈線「別府」徒歩9分,52.82,2LDK,1974年7月,https://suumo.jp//ms/chuko/fukuoka/sc_fukuokashijonan/nc_20956744/,別府,地下鉄七隈線,9,1974-07-01,52,20956744
藤和城西コープ,1998,福岡県福岡市城南区別府４,地下鉄七隈線「別府」徒歩8分,52.82,2LDK,1974年7月,https://suumo.jp//ms/chuko/fukuoka/sc_fukuokashijonan/nc_20044338/,別府,地下鉄七隈線,8,1974-07-01,52,20044338
エメラルドマンション比恵,1998,福岡県福岡市博多区東比恵３,地下鉄空港線「東比恵」徒歩3分,51.16,2LDK,1982年3月,https://suumo.jp//ms/chuko/fukuoka/sc_fukuokashihakata/nc_20442837/,東比恵,地下鉄空港線,3,1982-03-01,44,20442837
藤和城西コープ,1998,福岡県福岡市城南区別府４,地下鉄七隈線「別府」徒歩8分,52.82,2LDK,1974年7月,https://suumo.jp//ms/chuko/fukuoka/sc_fukuokashijonan/nc_77854406/,別府,地下鉄七隈線,8,1974-07-01,52,77854406
ステイツ天神東,1999,福岡県福岡市博多区奈良屋町９－１５,地下鉄空港線「中洲川端」徒歩10分,40.97,1LDK,1990年3月,https://suumo.jp//ms/chuko/fukuoka/sc_fukuokashihakata/nc_20818637/,中洲川端,地下鉄空港線,10,1990-03-01,36,20818637
ステイツ天神東,2049,福岡県福岡市博多区奈良屋町,地下鉄空港線「中洲川端」徒歩9分,40.97,1LDK,1990年3月,https://suumo.jp//ms/chuko/fukuoka/sc_fukuokashihakata/nc_20886187/,中洲川端,地下鉄空港線,9,1990-03-01,36,20886187
ステイツ天神東,2049,福岡県福岡市博多区奈良屋町9-15,地下鉄空港線「中洲川端」徒歩9分,40.97,1LDK,1990年3月,https://suumo.jp//ms/chuko/fukuoka/sc_fukuokashihakata/nc_20843071/,中洲川端,地下鉄空港線,9,1990-03-01,36,20843071
ステイツ天神東,2049,福岡県福岡市博多区奈良屋町,地下鉄箱崎線「中洲川端」徒歩10分,40.97,1LDK,1990年3月,https://suumo.jp//ms/chuko/fukuoka/sc_fukuokashihakata/nc_20966066/,中洲川端,地下鉄箱崎線,10,1990-03-01,36,20966066
ステイツ天神東,2049,福岡県福岡市博多区奈良屋町,地下鉄箱崎線「中洲川端」徒歩9分,40.97,1LDK,1990年3月,https://suumo.jp//ms/chuko/fukuoka/sc_fukuokashihakata/nc_20808718/,中洲川端,地下鉄箱崎線,9,1990-03-01,36,20808718
ステイツ天神東,2049,福岡県福岡市博多区奈良屋町9-15,地下鉄空港線「中洲川端」徒歩10分,40.97,1LDK,1990年3月,https://suumo.jp//ms/chuko/fukuoka/sc_fukuokashihakata/nc_20831941/,中洲川端,地下鉄空港線,10,1990-03-01,36,20831941
ステイツ天神東,2049,福岡県福岡市博多区奈良屋町,地下鉄空港線「中洲川端」徒歩10分,40.97,1LDK,1990年3月,https://suumo.jp//ms/chuko/fukuoka/sc_fukuokashihakata/nc_21052272/,中洲川端,地下鉄空港線,10,1990-03-01,36,21052272
ステイツ天神東,2049,福岡県福岡市博多区奈良屋町9-15,地下鉄空港線「中洲川端」徒歩10分,40.97,1LDK,1990年3月,https://suumo.jp//ms/chuko/fukuoka/sc_fukuokashihakata/nc_20821561/,中洲川端,地下鉄空港線,10,1990-03-01,36,20821561
ステイツ天神東,2049,福岡県福岡市博多区奈良屋町9-15,地下鉄空港線「中洲川端」徒歩11分,40.97,1LDK,1990年3月,https://suumo.jp//ms/chuko/fukuoka/sc_fukuokashihakata/nc_21063579/,中洲川端,地下鉄空港線,11,1990-03-01,36,21063579
ステイツ天神東,2049,福岡県福岡市博多区奈良屋町9-15,地下鉄箱崎線「中洲川端」徒歩10分,40.97,1LDK,1990年3月,https://suumo.jp//ms/chuko/fukuoka/sc_fukuokashihakata/nc_20863627/,中洲川端,地下鉄箱崎線,10,1990-03-01,36,20863627
ステイツ天神東,2049,福岡県福岡市博多区奈良屋町,地下鉄空港線「中洲川端」徒歩10分,40.97,1LDK,1990年3月,https://suumo.jp//ms/chuko/fukuoka/sc_fukuokashihakata/nc_20985931/,中洲川端,地下鉄空港線,10,1990-03-01,36,20985931
ステイツ天神東,2049,福岡県福岡市博多区奈良屋町9-15,地下鉄空港線「中洲川端」徒歩11分,40.97,1LDK,1990年3月,https://suumo.jp//ms/chuko/fukuoka/sc_fukuokashihakata/nc_20905941/,中洲川端,地下鉄空港線,11,1990-03-01,36,20905941
ステイツ天神東,2049,福岡県福岡市博多区奈良屋町,地下鉄空港線「中洲川端」徒歩11分,40.97,1LDK,1990年3月,https://suumo.jp//ms/chuko/fukuoka/sc_fukuokashihakata/nc_20910075/,中洲川端,地下鉄空港線,11,1990-03-01,36,20910075
ホワイティ薬院,2080,福岡県福岡市中央区薬院１,西鉄天神大牟田線「薬院」徒歩3分,38.81,1LDK,1975年5月,https://suumo.jp//ms/chuko/fukuoka/sc_fukuokashichuo/nc_78062008/,薬院,西鉄天神大牟田線,3,1975-05-01,51,78062008
103大稲マンション,2080,福岡県福岡市中央区薬院２-4-5,地下鉄七隈線「薬院大通」徒歩1分,55.62,2LDK,1975年4月,https://suumo.jp//ms/chuko/fukuoka/sc_fukuokashichuo/nc_20045528/,薬院大通,地下鉄七隈線,1,1975-04-01,51,20045528
103大稲マンション,2080,福岡県福岡市中央区薬院２-4-5,地下鉄七隈線「薬院大通」徒歩1分,55.68,2LDK,1975年4月,https://suumo.jp//ms/chuko/fukuoka/sc_fukuokashichuo/nc_20052456/,薬院大通,地下鉄七隈線,1,1975-04-01,51,20052456
藤和コープ・サンウェルス,2080,福岡県福岡市中央区警固２,地下鉄空港線「赤坂」徒歩8分,66.0,1LDK,1980年5月,https://suumo.jp//ms/chuko/fukuoka/sc_fukuokashichuo/nc_20161225/,赤坂,地下鉄空港線,8,1980-05-01,46,20161225
エクセレンス谷,2080,福岡県福岡市中央区谷１,地下鉄七隈線「六本松」徒歩6分,66.68,3LDK,1979年8月,https://suumo.jp//ms/chuko/fukuoka/sc_fukuokashichuo/nc_21174313/,六本松,地下鉄七隈線,6,1979-08-01,47,21174313
ライオンズマンション六本松第2,2150,福岡県福岡市中央区六本松３,地下鉄七隈線「六本松」徒歩7分,40.74,2DK,1988年9月,https://suumo.jp//ms/chuko/fukuoka/sc_fukuokashichuo/nc_20532937/,六本松,地下鉄七隈線,7,1988-09-01,38,20532937
皐月マンション奈良屋,2180,福岡県福岡市博多区奈良屋町12-18,地下鉄空港線「中洲川端」徒歩11分,53.28,2LDK,1980年7月,https://suumo.jp//ms/chuko/fukuoka/sc_fukuokashihakata/nc_21200951/,中洲川端,地下鉄空港線,11,1980-07-01,46,21200951
輝国住宅1号棟,2180,福岡県福岡市中央区輝国２-12-12,地下鉄七隈線「六本松」徒歩14分,65.68,3LDK,1974年3月,https://suumo.jp//ms/chuko/fukuoka/sc_fukuokashichuo/nc_21037245/,六本松,地下鉄七隈線,14,1974-03-01,52,21037245
輝国住宅1号棟,2180,福岡県福岡市中央区輝国２,地下鉄七隈線「六本松」徒歩14分,64.42,3LDK,1974年3月,https://suumo.jp//ms/chuko/fukuoka/sc_fukuokashichuo/nc_20245678/,六本松,地下鉄七隈線,14,1974-03-01,52,20245678
ハイツ21,2180,福岡県福岡市早良区城西１,地下鉄空港線「西新」徒歩6分,61.83,2LDK,1977年3月,https://suumo.jp//ms/chuko/fukuoka/sc_fukuokashisawara/nc_78708894/,西新,地下鉄空港線,6,1977-03-01,49,78708894
スワローハイツ山荘通,2180,福岡県福岡市中央区平尾４,地下鉄七隈線「薬院大通」徒歩14分,79.27,3LDK,1986年3月,https://suumo.jp//ms/chuko/fukuoka/sc_fukuokashichuo/nc_71893185/,薬院大通,地下鉄七隈線,14,1986-03-01,40,71893185
輝国住宅,2180,福岡県福岡市中央区輝国２,地下鉄七隈線「六本松」徒歩14分,65.68,3LDK,1974年3月,https://suumo.jp//ms/chuko/fukuoka/sc_fukuokashichuo/nc_21043257/,六本松,地下鉄七隈線,14,1974-03-01,52,21043257
シャンボール桜坂,2198,福岡県福岡市中央区古小烏町81,地下鉄七隈線「桜坂」徒歩7分,51.93,2LDK,1974年2月,https://suumo.jp//ms/chuko/fukuoka/sc_fukuokashichuo/nc_20755833/,桜坂,地下鉄七隈線,7,1974-02-01,52,20755833
グレイス博多,2210,福岡県福岡市博多区博多駅東３,地下鉄空港線「東比恵」徒歩10分,63.53,2LDK,1980年8月,https://suumo.jp//ms/chuko/fukuoka/sc_fukuokashihakata/nc_20893718/,東比恵,地下鉄空港線,10,1980-08-01,46,20893718
日商岩井新福陵マンション3号棟,2280,福岡県福岡市早良区荒江３,地下鉄空港線「藤崎」徒歩14分,92.26,4LDK,1978年3月,https://suumo.jp//ms/chuko/fukuoka/sc_fukuokashisawara/nc_21165863/,藤崎,地下鉄空港線,14,1978-03-01,48,21165863
日商岩井新福陵マンション,2280,福岡県福岡市早良区荒江３,地下鉄空港線「藤崎」徒歩14分,92.26,4LDK,1978年3月,https://suumo.jp//ms/chuko/fukuoka/sc_fukuokashisawara/nc_78371177/,藤崎,地下鉄空港線,14,1978-03-01,48,78371177
ライオンズマンション昭代,2298,福岡県福岡市早良区昭代１,地下鉄空港線「西新」徒歩15分,54.91,2LDK,1981年3月,https://suumo.jp//ms/chuko/fukuoka/sc_fukuokashisawara/nc_20536120/,西新,地下鉄空港線,15,1981-03-01,45,20536120
東急ドエルアルス天神,2350,福岡県福岡市中央区渡辺通５,地下鉄七隈線「天神南」徒歩1分,36.62,1K,1983年2月,https://suumo.jp//ms/chuko/fukuoka/sc_fukuokashichuo/nc_20209727/,天神南,地下鉄七隈線,1,1983-02-01,43,20209727
ダイアパレス薬院,2380,福岡県福岡市中央区薬院２-2-26,地下鉄七隈線「薬院大通」徒歩4分,36.37,1LDK,1984年5月,https://suumo.jp//ms/chuko/fukuoka/sc_fukuokashichuo/nc_20582551/,薬院大通,地下鉄七隈線,4,1984-05-01,42,20582551
ライオンズマンション薬院,2380,福岡県福岡市中央区薬院３,地下鉄七隈線「薬院大通」徒歩7分,40.87,1LDK,1979年9月,https://suumo.jp//ms/chuko/fukuoka/sc_fukuokashichuo/nc_20863777/,薬院大通,地下鉄七隈線,7,1979-09-01,47,20863777
ライオンズマンション南薬院,2380,福岡県福岡市中央区薬院３,西鉄天神大牟田線「薬院」徒歩5分,47.79,1LDK,1983年1月,https://suumo.jp//ms/chuko/fukuoka/sc_fukuokashichuo/nc_20354638/,薬院,西鉄天神大牟田線,5,1983-01-01,43,20354638
グランピア住吉,2399,福岡県福岡市博多区住吉３,地下鉄七隈線「渡辺通」徒歩9分,51.68,2LDK,1983年1月,https://suumo.jp//ms/chuko/fukuoka/sc_fukuokashihakata/nc_20558546/,渡辺通,地下鉄七隈線,9,1983-01-01,43,20558546
ホワイティ薬院,2400,福岡県福岡市中央区薬院１,西鉄天神大牟田線「薬院」徒歩3分,65.03,3LDK,1975年5月,https://suumo.jp//ms/chuko/fukuoka/sc_fukuokashichuo/nc_21214048/,薬院,西鉄天神大牟田線,3,1975-05-01,51,21214048
グリーンハイツ輝国,2430,福岡県福岡市中央区輝国２,地下鉄七隈線「六本松」徒歩13分,73.32,3LDK,1980年5月,https://suumo.jp//ms/chuko/fukuoka/sc_fukuokashichuo/nc_20910067/,六本松,地下鉄七隈線,13,1980-05-01,46,20910067
グリーンハイツ輝国,2430,福岡県福岡市中央区輝国２,地下鉄七隈線「六本松」徒歩13分,73.32,3LDK,1980年5月,https://suumo.jp//ms/chuko/fukuoka/sc_fukuokashichuo/nc_79174995/,六本松,地下鉄七隈線,13,1980-05-01,46,79174995
グリーンハイツ輝国,2430,福岡県福岡市中央区輝国２-24-55,地下鉄七隈線「六本松」徒歩13分,73.32,3LDK,1980年5月,https://suumo.jp//ms/chuko/fukuoka/sc_fukuokashichuo/nc_20675253/,六本松,地下鉄七隈線,13,1980-05-01,46,20675253
グリーンハイツ輝国,2430,福岡県福岡市中央区輝国２,地下鉄七隈線「六本松」徒歩13分,73.32,3LDK,1980年5月,https://suumo.jp//ms/chuko/fukuoka/sc_fukuokashichuo/nc_21029226/,六本松,地下鉄七隈線,13,1980-05-01,46,21029226
藤崎センタービル,2450,福岡県福岡市早良区高取２-18-6,地下鉄空港線「藤崎」徒歩3分,42.55,1LDK,1979年11月,https://suumo.jp//ms/chuko/fukuoka/sc_fukuokashisawara/nc_21135595/,藤崎,地下鉄空港線,3,1979-11-01,47,21135595
西公園ハウス,2450,福岡県福岡市中央区西公園11-10,地下鉄空港線「大濠公園」徒歩14分,71.7,2LDK,1986年5月,https://suumo.jp//ms/chuko/fukuoka/sc_fukuokashichuo/nc_77529888/,大濠公園,地下鉄空港線,14,1986-05-01,40,77529888
藤崎センタービル,2450,福岡県福岡市早良区高取２,地下鉄空港線「藤崎」徒歩1分,42.55,1LDK,1979年11月,https://suumo.jp//ms/chuko/fukuoka/sc_fukuokashisawara/nc_21202027/,藤崎,地下鉄空港線,1,1979-11-01,47,21202027
藤崎センタービル,2450,福岡県福岡市早良区高取２-18-6,地下鉄空港線「藤崎」徒歩1分,42.55,1LDK,1979年11月,https://suumo.jp//ms/chuko/fukuoka/sc_fukuokashisawara/nc_20547675/,藤崎,地下鉄空港線,1,1979-11-01,47,20547675
グリーンマンション薬院,2480,福岡県福岡市中央区薬院２-6-19,地下鉄七隈線「薬院大通」徒歩5分,47.0,1LDK,1986年8月,https://suumo.jp//ms/chuko/fukuoka/sc_fukuokashichuo/nc_21232153/,薬院大通,地下鉄七隈線,5,1986-08-01,40,21232153
エクセレンス谷,2490,福岡県福岡市中央区谷１-16-58,地下鉄七隈線「桜坂」徒歩6分,57.23,2LDK,1979年8月,https://suumo.jp//ms/chuko/fukuoka/sc_fukuokashichuo/nc_20163284/,桜坂,地下鉄七隈線,6,1979-08-01,47,20163284
エクセレンス谷,2490,福岡県福岡市中央区谷１-16.58,地下鉄七隈線「六本松」徒歩7分,57.23,2LDK,1979年8月,https://suumo.jp//ms/chuko/fukuoka/sc_fukuokashichuo/nc_21054711/,六本松,地下鉄七隈線,7,1979-08-01,47,21054711
エクセレンス谷,2490,福岡県福岡市中央区谷１,地下鉄七隈線「六本松」徒歩6分,57.23,2LDK,1979年8月,https://suumo.jp//ms/chuko/fukuoka/sc_fukuokashichuo/nc_20628890/,六本松,地下鉄七隈線,6,1979-08-01,47,20628890
エクセレンス谷,2490,福岡県福岡市中央区谷１,地下鉄七隈線「桜坂」徒歩6分,57.23,2LDK,1979年8月,https://suumo.jp//ms/chuko/fukuoka/sc_fukuokashichuo/nc_20052927/,桜坂,地下鉄七隈線,6,1979-08-01,47,20052927
エクセレンス谷,2490,福岡県福岡市中央区谷１,地下鉄七隈線「桜坂」徒歩6分,57.23,2LDK,1979年8月,https://suumo.jp//ms/chuko/fukuoka/sc_fukuokashichuo/nc_20963038/,桜坂,地下鉄七隈線,6,1979-08-01,47,20963038
エクセレンス谷,2490,福岡県福岡市中央区谷１,地下鉄七隈線「桜坂」徒歩6分,57.23,2LDK,1979年8月,https://suumo.jp//ms/chuko/fukuoka/sc_fukuokashichuo/nc_21199651/,桜坂,地下鉄七隈線,6,1979-08-01,47,21199651
エクセレンス谷,2490,福岡県福岡市中央区谷１,地下鉄七隈線「六本松」徒歩7分,57.23,2LDK,1979年8月,https://suumo.jp//ms/chuko/fukuoka/sc_fukuokashichuo/nc_78807526/,六本松,地下鉄七隈線,7,1979-08-01,47,78807526
エクセレンス谷,2490,福岡県福岡市中央区谷１-１６－５８,地下鉄七隈線「桜坂」徒歩6分,57.23,2LDK,1979年8月,https://suumo.jp//ms/chuko/fukuoka/sc_fukuokashichuo/nc_20219897/,桜坂,地下鉄七隈線,6,1979-08-01,47,20219897
エクセレンス谷,2490,福岡県福岡市中央区谷１-16-58,地下鉄七隈線「桜坂」徒歩6分,57.23,2LDK,1979年8月,https://suumo.jp//ms/chuko/fukuoka/sc_fukuokashichuo/nc_21058284/,桜坂,地下鉄七隈線,6,1979-08-01,47,21058284
エクセレンス谷,2490,福岡県福岡市中央区谷１-16-58,地下鉄七隈線「六本松」徒歩6分,57.23,2LDK,1979年8月,https://suumo.jp//ms/chuko/fukuoka/sc_fukuokashichuo/nc_78717582/,六本松,地下鉄七隈線,6,1979-08-01,47,78717582
エクセレンス谷,2490,福岡県福岡市中央区谷１,地下鉄七隈線「六本松」徒歩7分,57.23,2LDK,1979年8月,https://suumo.jp//ms/chuko/fukuoka/sc_fukuokashichuo/nc_78720132/,六本松,地下鉄七隈線,7,1979-08-01,47,78720132
ゾンネンハイム大手門,2497,福岡県福岡市中央区大手門２-5,地下鉄空港線「大濠公園」徒歩7分,66.0,1LDK,1973年8月,https://suumo.jp//ms/chuko/fukuoka/sc_fukuokashichuo/nc_78773022/,大濠公園,地下鉄空港線,7,1973-08-01,53,78773022
ゾンネンハイム大手門,2507,福岡県福岡市中央区大手門２,地下鉄空港線「大濠公園」徒歩7分,66.0,1LDK,1973年8月,https://suumo.jp//ms/chuko/fukuoka/sc_fukuokashichuo/nc_78996474/,大濠公園,地下鉄空港線,7,1973-08-01,53,78996474
GSハイム博多,2514,福岡県福岡市博多区博多駅東２-13-21,地下鉄空港線「東比恵」徒歩5分,66.15,3DK,1980年10月,https://suumo.jp//ms/chuko/fukuoka/sc_fukuokashihakata/nc_20130351/,東比恵,地下鉄空港線,5,1980-10-01,46,20130351
ゾンネンハイム大手門,2527,福岡県福岡市中央区大手門２-5,地下鉄空港線「大濠公園」徒歩9分,66.0,1LDK,1973年8月,https://suumo.jp//ms/chuko/fukuoka/sc_fukuokashichuo/nc_20761464/,大濠公園,地下鉄空港線,9,1973-08-01,53,20761464
シテイマンション平尾Ⅱ,2538,福岡県福岡市中央区平尾２-2-21,地下鉄七隈線「薬院」徒歩11分,58.24,3LDK,1985年7月,https://suumo.jp//ms/chuko/fukuoka/sc_fukuokashichuo/nc_20605290/,薬院,地下鉄七隈線,11,1985-07-01,41,20605290
シティマンション平尾Ⅱ,2543,福岡県福岡市中央区平尾２,西鉄天神大牟田線「薬院」徒歩10分,58.24,3LDK,1985年7月,https://suumo.jp//ms/chuko/fukuoka/sc_fukuokashichuo/nc_78947683/,薬院,西鉄天神大牟田線,10,1985-07-01,41,78947683
GSハイム博多,2544,福岡県福岡市博多区博多駅東２,地下鉄空港線「東比恵」徒歩7分,66.15,4DK,1980年10月,https://suumo.jp//ms/chuko/fukuoka/sc_fukuokashihakata/nc_20337474/,東比恵,地下鉄空港線,7,1980-10-01,46,20337474
エンクレスト天神南Ⅲ,2549,福岡県福岡市中央区清川３-2-9,地下鉄七隈線「渡辺通」徒歩13分,37.86,1LDK,2005年8月,https://suumo.jp//ms/chuko/fukuoka/sc_fukuokashichuo/nc_20239975/,渡辺通,地下鉄七隈線,13,2005-08-01,21,20239975
エンクレスト天神南Ⅲ,2549,福岡県福岡市中央区清川３,地下鉄七隈線「渡辺通」徒歩13分,37.86,1LDK,2005年8月,https://suumo.jp//ms/chuko/fukuoka/sc_fukuokashichuo/nc_21189932/,渡辺通,地下鉄七隈線,13,2005-08-01,21,21189932
第三住吉ハイツ,2549,福岡県福岡市博多区住吉５,地下鉄空港線「博多」徒歩13分,67.2,2LDK,1980年5月,https://suumo.jp//ms/chuko/fukuoka/sc_fukuokashihakata/nc_20429863/,博多,地下鉄空港線,13,1980-05-01,46,20429863
第三住吉ハイツ,2549,福岡県福岡市博多区住吉５-10-7,ＪＲ鹿児島本線「博多」徒歩14分,67.2,2LDK,1980年5月,https://suumo.jp//ms/chuko/fukuoka/sc_fukuokashihakata/nc_20629461/,博多,ＪＲ鹿児島本線,14,1980-05-01,46,20629461
シティマンション平尾Ⅱ,2553,福岡県福岡市中央区平尾２,西鉄天神大牟田線「薬院」徒歩11分,58.24,3LDK,1985年7月,https://suumo.jp//ms/chuko/fukuoka/sc_fukuokashichuo/nc_21052344/,薬院,西鉄天神大牟田線,11,1985-07-01,41,21052344
シティマンション平尾Ⅱ,2553,福岡県福岡市中央区平尾２-2-21,地下鉄七隈線「薬院」徒歩11分,58.24,3LDK,1985年7月,https://suumo.jp//ms/chuko/fukuoka/sc_fukuokashichuo/nc_20708446/,薬院,地下鉄七隈線,11,1985-07-01,41,20708446
エクセレンス谷,2590,福岡県福岡市中央区谷１,地下鉄七隈線「桜坂」徒歩6分,57.23,2LDK,1979年8月,https://suumo.jp//ms/chuko/fukuoka/sc_fukuokashichuo/nc_20946004/,桜坂,地下鉄七隈線,6,1979-08-01,47,20946004
エクセレンス谷,2590,福岡県福岡市中央区谷１,地下鉄七隈線「六本松」徒歩7分,57.23,2LDK,1979年8月,https://suumo.jp//ms/chuko/fukuoka/sc_fukuokashichuo/nc_20845947/,六本松,地下鉄七隈線,7,1979-08-01,47,20845947
第三住吉ハイツ,2599,福岡県福岡市博多区住吉１-10-7,ＪＲ鹿児島本線「博多」徒歩13分,67.2,2LDK,1980年5月,https://suumo.jp//ms/chuko/fukuoka/sc_fukuokashihakata/nc_21006189/,博多,ＪＲ鹿児島本線,13,1980-05-01,46,21006189
第3住吉ハイツ702号室,2599,福岡県福岡市博多区住吉５,ＪＲ鹿児島本線「博多」徒歩13分,67.2,2LDK,1980年5月,https://suumo.jp//ms/chuko/fukuoka/sc_fukuokashihakata/nc_20583258/,博多,ＪＲ鹿児島本線,13,1980-05-01,46,20583258
第三住吉ハイツ,2599,福岡県福岡市博多区住吉５,地下鉄空港線「博多」徒歩13分,67.2,2LDK,1980年5月,https://suumo.jp//ms/chuko/fukuoka/sc_fukuokashihakata/nc_20636529/,博多,地下鉄空港線,13,1980-05-01,46,20636529
第三住吉ハイツ,2599,福岡県福岡市博多区住吉５-10-7,地下鉄七隈線「博多」徒歩15分,67.2,2LDK,1980年5月,https://suumo.jp//ms/chuko/fukuoka/sc_fukuokashihakata/nc_20470485/,博多,地下鉄七隈線,15,1980-05-01,46,20470485
第三住吉ハイツ,2599,福岡県福岡市博多区住吉５,ＪＲ鹿児島本線「博多」徒歩13分,67.2,2LDK,1980年5月,https://suumo.jp//ms/chuko/fukuoka/sc_fukuokashihakata/nc_20599370/,博多,ＪＲ鹿児島本線,13,1980-05-01,46,20599370
第三住吉ハイツ,2599,福岡県福岡市博多区住吉５,ＪＲ鹿児島本線「博多」徒歩12分,67.2,2LDK,1980年5月,https://suumo.jp//ms/chuko/fukuoka/sc_fukuokashihakata/nc_20491495/,博多,ＪＲ鹿児島本線,12,1980-05-01,46,20491495
第三住吉ハイツ,2599,福岡県福岡市博多区住吉５,ＪＲ鹿児島本線「博多」徒歩14分,67.2,2LDK,1980年5月,https://suumo.jp//ms/chuko/fukuoka/sc_fukuokashihakata/nc_20590562/,博多,ＪＲ鹿児島本線,14,1980-05-01,46,20590562
第三住吉ハイツ,2599,福岡県福岡市博多区住吉５-10-7,地下鉄空港線「博多」徒歩13分,67.2,2LDK,1980年5月,https://suumo.jp//ms/chuko/fukuoka/sc_fukuokashihakata/nc_21169345/,博多,地下鉄空港線,13,1980-05-01,46,21169345
第三住吉ハイツ,2599,福岡県福岡市博多区住吉５,ＪＲ鹿児島本線「博多」徒歩13分,67.2,2LDK,1980年5月,https://suumo.jp//ms/chuko/fukuoka/sc_fukuokashihakata/nc_20961881/,博多,ＪＲ鹿児島本線,13,1980-05-01,46,20961881
第三住吉ハイツ,2599,福岡県福岡市博多区住吉５-10-7,ＪＲ篠栗線「博多」徒歩13分,67.2,2LDK,1980年5月,https://suumo.jp//ms/chuko/fukuoka/sc_fukuokashihakata/nc_20469945/,博多,ＪＲ篠栗線,13,1980-05-01,46,20469945
ユーハイム大濠西,2600,福岡県福岡市中央区黒門6-40,地下鉄空港線「唐人町」徒歩1分,48.09,1LDK,1985年8月,https://suumo.jp//ms/chuko/fukuoka/sc_fukuokashichuo/nc_20247920/,唐人町,地下鉄空港線,1,1985-08-01,41,20247920
ユーハイム大濠西,2630,福岡県福岡市中央区黒門,地下鉄空港線「唐人町」徒歩3分,48.09,1LDK,1985年8月,https://suumo.jp//ms/chuko/fukuoka/sc_fukuokashichuo/nc_20708458/,唐人町,地下鉄空港線,3,1985-08-01,41,20708458
コープ野村博多東,2680,福岡県福岡市博多区比恵町4-27,地下鉄空港線「東比恵」徒歩5分,69.36,2LDK,1980年3月,https://suumo.jp//ms/chuko/fukuoka/sc_fukuokashihakata/nc_77951272/,東比恵,地下鉄空港線,5,1980-03-01,46,77951272
東峰マンション西公園,2680,福岡県福岡市中央区荒戸３-2-5,地下鉄空港線「大濠公園」徒歩6分,48.59,2LDK,1978年9月,https://suumo.jp//ms/chuko/fukuoka/sc_fukuokashichuo/nc_20859670/,大濠公園,地下鉄空港線,6,1978-09-01,48,20859670
東峰マンション西公園,2680,福岡県福岡市中央区荒戸３-2-5,地下鉄空港線「大濠公園」徒歩5分,48.59,2LDK,1978年9月,https://suumo.jp//ms/chuko/fukuoka/sc_fukuokashichuo/nc_20890930/,大濠公園,地下鉄空港線,5,1978-09-01,48,20890930
東峰マンション西公園,2680,福岡県福岡市中央区荒戸３-2-5,地下鉄空港線「大濠公園」徒歩6分,48.59,2LDK,1978年9月,https://suumo.jp//ms/chuko/fukuoka/sc_fukuokashichuo/nc_20866272/,大濠公園,地下鉄空港線,6,1978-09-01,48,20866272
マンションアベニュー,2680,福岡県福岡市早良区西新５,地下鉄空港線「西新」徒歩4分,44.57,1LDK,1974年8月,https://suumo.jp//ms/chuko/fukuoka/sc_fukuokashisawara/nc_77357198/,西新,地下鉄空港線,4,1974-08-01,52,77357198
朝日プラザ高取,2680,福岡県福岡市早良区高取２,地下鉄空港線「藤崎」徒歩2分,49.37,2LDK,1985年2月,https://suumo.jp//ms/chuko/fukuoka/sc_fukuokashisawara/nc_21110100/,藤崎,地下鉄空港線,2,1985-02-01,41,21110100
東峰マンション西公園,2680,福岡県福岡市中央区荒戸３,地下鉄空港線「大濠公園」徒歩5分,48.59,2LDK,1978年9月,https://suumo.jp//ms/chuko/fukuoka/sc_fukuokashichuo/nc_20850543/,大濠公園,地下鉄空港線,5,1978-09-01,48,20850543
ビレッタ百道,2680,福岡県福岡市早良区百道１,地下鉄空港線「藤崎」徒歩11分,55.39,2LDK,1975年4月,https://suumo.jp//ms/chuko/fukuoka/sc_fukuokashisawara/nc_79060704/,藤崎,地下鉄空港線,11,1975-04-01,51,79060704
アクタス天神スクエア,2680,福岡県福岡市中央区春吉１,地下鉄七隈線「渡辺通」徒歩5分,30.36,1LDK,2017年5月,https://suumo.jp//ms/chuko/fukuoka/sc_fukuokashichuo/nc_20801987/,渡辺通,地下鉄七隈線,5,2017-05-01,9,20801987
東峰マンション西公園,2680,福岡県福岡市中央区荒戸３-2-5,地下鉄空港線「大濠公園」徒歩5分,48.59,2LDK,1978年9月,https://suumo.jp//ms/chuko/fukuoka/sc_fukuokashichuo/nc_20865695/,大濠公園,地下鉄空港線,5,1978-09-01,48,20865695
シティマンション薬院Ⅱ,2690,福岡県福岡市中央区大宮１,西鉄天神大牟田線「薬院」徒歩5分,48.8,2LDK,1985年5月,https://suumo.jp//ms/chuko/fukuoka/sc_fukuokashichuo/nc_20310563/,薬院,西鉄天神大牟田線,5,1985-05-01,41,20310563
サンポートハイツ,2690,福岡県福岡市中央区港２,地下鉄空港線「大濠公園」徒歩8分,60.69,2LDK,1974年9月,https://suumo.jp//ms/chuko/fukuoka/sc_fukuokashichuo/nc_21274074/,大濠公園,地下鉄空港線,8,1974-09-01,52,21274074
サンポートハイツ,2690,福岡県福岡市中央区港２-5-32,地下鉄空港線「大濠公園」徒歩7分,60.69,2LDK,1974年9月,https://suumo.jp//ms/chuko/fukuoka/sc_fukuokashichuo/nc_21268183/,大濠公園,地下鉄空港線,7,1974-09-01,52,21268183
ハイライフ平尾,2690,福岡県福岡市中央区平尾４-7-17,地下鉄七隈線「薬院大通」徒歩14分,57.13,1LDK,1977年9月,https://suumo.jp//ms/chuko/fukuoka/sc_fukuokashichuo/nc_77821582/,薬院大通,地下鉄七隈線,14,1977-09-01,49,77821582
藤和城西コーポ,2699,福岡県福岡市城南区別府４,地下鉄七隈線「別府」徒歩7分,84.5,3LDK,1974年7月,https://suumo.jp//ms/chuko/fukuoka/sc_fukuokashijonan/nc_20857704/,別府,地下鉄七隈線,7,1974-07-01,52,20857704
藤和別府コープ,2699,福岡県福岡市城南区別府５-2-5,地下鉄七隈線「別府」徒歩5分,62.16,3LDK,1983年5月,https://suumo.jp//ms/chuko/fukuoka/sc_fukuokashijonan/nc_78888074/,別府,地下鉄七隈線,5,1983-05-01,43,78888074
藤和城西コーポ,2699,福岡県福岡市城南区別府４-13-29,地下鉄七隈線「別府」徒歩9分,84.5,3LDK,1974年7月,https://suumo.jp//ms/chuko/fukuoka/sc_fukuokashijonan/nc_21155882/,別府,地下鉄七隈線,9,1974-07-01,52,21155882
藤和城西コーポ,2699,福岡県福岡市城南区別府４-13-29,地下鉄七隈線「別府」徒歩10分,84.5,3LDK,1974年7月,https://suumo.jp//ms/chuko/fukuoka/sc_fukuokashijonan/nc_20903688/,別府,地下鉄七隈線,10,1974-07-01,52,20903688
駅徒歩約4分♪ シティマンション薬院Ⅱ　【担当：大石…,2700,福岡県福岡市中央区大宮１,西鉄天神大牟田線「薬院」徒歩4分,48.8,2LDK,1985年5月,https://suumo.jp//ms/chuko/fukuoka/sc_fukuokashichuo/nc_20680872/,薬院,西鉄天神大牟田線,4,1985-05-01,41,20680872
第7プリンスマンション,2740,福岡県福岡市中央区高砂１,地下鉄七隈線「渡辺通」徒歩7分,77.93,3LDK,1978年12月,https://suumo.jp//ms/chuko/fukuoka/sc_fukuokashichuo/nc_21149750/,渡辺通,地下鉄七隈線,7,1978-12-01,48,21149750
第7プリンスマンション,2740,福岡県福岡市中央区高砂１-15-32,地下鉄七隈線「渡辺通」徒歩10分,74.01,3LDK,1978年12月,https://suumo.jp//ms/chuko/fukuoka/sc_fukuokashichuo/nc_20355646/,渡辺通,地下鉄七隈線,10,1978-12-01,48,20355646
第7プリンスマンション,2745,福岡県福岡市中央区高砂１-15,地下鉄七隈線「渡辺通」徒歩10分,77.93,3LDK,1978年12月,https://suumo.jp//ms/chuko/fukuoka/sc_fukuokashichuo/nc_21138771/,渡辺通,地下鉄七隈線,10,1978-12-01,48,21138771
カーサ第２博多,2780,福岡県福岡市博多区住吉２,地下鉄七隈線「渡辺通」徒歩10分,55.27,1LDK,1981年11月,https://suumo.jp//ms/chuko/fukuoka/sc_fukuokashihakata/nc_21105486/,渡辺通,地下鉄七隈線,10,1981-11-01,45,21105486
カーサ第弐博多,2780,福岡県福岡市博多区住吉２,地下鉄七隈線「櫛田神社前」徒歩9分,55.27,1LDK,1981年1月,https://suumo.jp//ms/chuko/fukuoka/sc_fukuokashihakata/nc_21069711/,櫛田神社前,地下鉄七隈線,9,1981-01-01,45,21069711
ネオハイツ南公園,2790,福岡県福岡市中央区谷２-2-28,地下鉄七隈線「桜坂」徒歩12分,77.9,3LDK,1988年3月,https://suumo.jp//ms/chuko/fukuoka/sc_fukuokashichuo/nc_20950178/,桜坂,地下鉄七隈線,12,1988-03-01,38,20950178
ネオハイツ南公園,2790,福岡県福岡市中央区谷２,地下鉄七隈線「桜坂」徒歩12分,77.9,3LDK,1988年3月,https://suumo.jp//ms/chuko/fukuoka/sc_fukuokashichuo/nc_21210975/,桜坂,地下鉄七隈線,12,1988-03-01,38,21210975
ネオハイツ南公園,2790,福岡県福岡市中央区谷２,地下鉄七隈線「桜坂」徒歩8分,77.9,3LDK,1988年3月,https://suumo.jp//ms/chuko/fukuoka/sc_fukuokashichuo/nc_21197915/,桜坂,地下鉄七隈線,8,1988-03-01,38,21197915
ネオハイツ南公園,2790,福岡県福岡市中央区谷２-2-28,地下鉄七隈線「桜坂」徒歩10分,77.9,3LDK,1988年3月,https://suumo.jp//ms/chuko/fukuoka/sc_fukuokashichuo/nc_20843346/,桜坂,地下鉄七隈線,10,1988-03-01,38,20843346
ネオハイツ南公園,2790,福岡県福岡市中央区谷２,地下鉄七隈線「桜坂」徒歩8分,77.9,3LDK,1988年3月,https://suumo.jp//ms/chuko/fukuoka/sc_fukuokashichuo/nc_20105424/,桜坂,地下鉄七隈線,8,1988-03-01,38,20105424
ネオハイツ南公園,2790,福岡県福岡市中央区谷２,地下鉄七隈線「桜坂」徒歩7分,77.9,3LDK,1988年3月,https://suumo.jp//ms/chuko/fukuoka/sc_fukuokashichuo/nc_20753989/,桜坂,地下鉄七隈線,7,1988-03-01,38,20753989
ネオハイツ南公園,2790,福岡県福岡市中央区谷２-2-28,地下鉄七隈線「桜坂」徒歩9分,77.9,3LDK,1988年3月,https://suumo.jp//ms/chuko/fukuoka/sc_fukuokashichuo/nc_20733029/,桜坂,地下鉄七隈線,9,1988-03-01,38,20733029
ネオハイツ南公園,2790,福岡県福岡市中央区谷２,地下鉄七隈線「桜坂」徒歩12分,77.9,3LDK,1988年3月,https://suumo.jp//ms/chuko/fukuoka/sc_fukuokashichuo/nc_20845761/,桜坂,地下鉄七隈線,12,1988-03-01,38,20845761
ネオハイツ南公園,2790,福岡県福岡市中央区谷２-２－２８,地下鉄七隈線「桜坂」徒歩7分,77.9,3LDK,1988年3月,https://suumo.jp//ms/chuko/fukuoka/sc_fukuokashichuo/nc_20839215/,桜坂,地下鉄七隈線,7,1988-03-01,38,20839215
ネオハイツ南公園,2790,福岡県福岡市中央区谷２-2-28,地下鉄七隈線「桜坂」徒歩7分,77.9,3LDK,1988年3月,https://suumo.jp//ms/chuko/fukuoka/sc_fukuokashichuo/nc_20753490/,桜坂,地下鉄七隈線,7,1988-03-01,38,20753490
ネオハイツ南公園,2790,福岡県福岡市中央区谷２,地下鉄七隈線「桜坂」徒歩12分,77.9,3LDK,1988年3月,https://suumo.jp//ms/chuko/fukuoka/sc_fukuokashichuo/nc_20784618/,桜坂,地下鉄七隈線,12,1988-03-01,38,20784618
ネオハイツ南公園,2790,福岡県福岡市中央区谷２,地下鉄七隈線「桜坂」徒歩12分,77.9,3LDK,1988年3月,https://suumo.jp//ms/chuko/fukuoka/sc_fukuokashichuo/nc_20726680/,桜坂,地下鉄七隈線,12,1988-03-01,38,20726680
ニューライフ天神,2800,福岡県福岡市中央区天神４,地下鉄空港線「天神」徒歩6分,53.85,2LDK,1983年9月,https://suumo.jp//ms/chuko/fukuoka/sc_fukuokashichuo/nc_20938129/,天神,地下鉄空港線,6,1983-09-01,43,20938129
朝日プラザ浄水,2800,福岡県福岡市中央区薬院４,地下鉄七隈線「薬院大通」徒歩5分,72.16,4LDK,1981年4月,https://suumo.jp//ms/chuko/fukuoka/sc_fukuokashichuo/nc_79141005/,薬院大通,地下鉄七隈線,5,1981-04-01,45,79141005
ニューライフ天神,2800,福岡県福岡市中央区天神４-1-23,地下鉄空港線「天神」徒歩7分,53.85,2LDK,1983年9月,https://suumo.jp//ms/chuko/fukuoka/sc_fukuokashichuo/nc_20946030/,天神,地下鉄空港線,7,1983-09-01,43,20946030
大名サンハイツ,2820,福岡県福岡市中央区大名１,地下鉄空港線「赤坂」徒歩5分,62.32,3LDK,1981年8月,https://suumo.jp//ms/chuko/fukuoka/sc_fukuokashichuo/nc_20372624/,赤坂,地下鉄空港線,5,1981-08-01,45,20372624
大名サンハイツ,2820,福岡県福岡市中央区大名１-11-5,地下鉄空港線「赤坂」徒歩6分,62.32,3LDK,1981年8月,https://suumo.jp//ms/chuko/fukuoka/sc_fukuokashichuo/nc_20370839/,赤坂,地下鉄空港線,6,1981-08-01,45,20370839
サンシャイン別府,2845,福岡県福岡市城南区別府４,地下鉄七隈線「別府」徒歩8分,85.62,4LDK,1979年10月,https://suumo.jp//ms/chuko/fukuoka/sc_fukuokashijonan/nc_20636973/,別府,地下鉄七隈線,8,1979-10-01,47,20636973
ふよう港ハイツ,2890,福岡県福岡市博多区築港本町2-3,地下鉄空港線「中洲川端」徒歩15分,69.43,3LDK,1982年4月,https://suumo.jp//ms/chuko/fukuoka/sc_fukuokashihakata/nc_20913735/,中洲川端,地下鉄空港線,15,1982-04-01,44,20913735
ダイアパレス平尾Ⅱ,2890,福岡県福岡市中央区大宮２,西鉄天神大牟田線「薬院」徒歩11分,55.62,1LDK+S（納戸）,1983年3月,https://suumo.jp//ms/chuko/fukuoka/sc_fukuokashichuo/nc_20635589/,薬院,西鉄天神大牟田線,11,1983-03-01,43,20635589
ふよう港ハイツ,2890,福岡県福岡市博多区築港本町2-3,地下鉄箱崎線「中洲川端」徒歩15分,69.43,3LDK,1982年4月,https://suumo.jp//ms/chuko/fukuoka/sc_fukuokashihakata/nc_20977290/,中洲川端,地下鉄箱崎線,15,1982-04-01,44,20977290
ふよう港ハイツ,2890,福岡県福岡市博多区築港本町,地下鉄空港線「中洲川端」徒歩14分,69.43,3LDK,1982年4月,https://suumo.jp//ms/chuko/fukuoka/sc_fukuokashihakata/nc_20878226/,中洲川端,地下鉄空港線,14,1982-04-01,44,20878226
ダイアパレス平尾Ⅱ,2890,福岡県福岡市中央区大宮２,西鉄天神大牟田線「薬院」徒歩12分,55.62,1LDK+S（納戸）,1983年3月,https://suumo.jp//ms/chuko/fukuoka/sc_fukuokashichuo/nc_21083602/,薬院,西鉄天神大牟田線,12,1983-03-01,43,21083602
グランフォーレラグゼ博多駅南,2899,福岡県福岡市博多区博多駅南４,地下鉄空港線「東比恵」徒歩15分,33.41,1LDK,2016年7月,https://suumo.jp//ms/chuko/fukuoka/sc_fukuokashihakata/nc_20355236/,東比恵,地下鉄空港線,15,2016-07-01,10,20355236
ダイナコート六本松,2899,福岡県福岡市中央区谷１,地下鉄七隈線「桜坂」徒歩6分,59.9,2LDK,1987年3月,https://suumo.jp//ms/chuko/fukuoka/sc_fukuokashichuo/nc_20460207/,桜坂,地下鉄七隈線,6,1987-03-01,39,20460207
グランフォーレラグゼ博多駅南,2899,福岡県福岡市博多区博多駅南４,地下鉄空港線「東比恵」徒歩15分,33.41,1LDK,2016年7月,https://suumo.jp//ms/chuko/fukuoka/sc_fukuokashihakata/nc_20152980/,東比恵,地下鉄空港線,15,2016-07-01,10,20152980
ニューライフ平尾,2963,福岡県福岡市中央区平尾１-2-20,西鉄天神大牟田線「薬院」徒歩8分,66.57,3LDK,1981年9月,https://suumo.jp//ms/chuko/fukuoka/sc_fukuokashichuo/nc_20840821/,薬院,西鉄天神大牟田線,8,1981-09-01,45,20840821
ライオンズマンション大名,2967,福岡県福岡市中央区大名１-2-20,地下鉄空港線「赤坂」徒歩8分,56.72,3DK,1982年4月,https://suumo.jp//ms/chuko/fukuoka/sc_fukuokashichuo/nc_20272676/,赤坂,地下鉄空港線,8,1982-04-01,44,20272676
大濠ハウス,2980,福岡県福岡市中央区草香江２,地下鉄七隈線「六本松」徒歩12分,76.18,2LDK+S（納戸）,1978年8月,https://suumo.jp//ms/chuko/fukuoka/sc_fukuokashichuo/nc_20949898/,六本松,地下鉄七隈線,12,1978-08-01,48,20949898
大濠ハウス,2980,福岡県福岡市中央区草香江２-18-1,地下鉄七隈線「六本松」徒歩11分,76.18,2LDK+S（納戸）,1978年8月,https://suumo.jp//ms/chuko/fukuoka/sc_fukuokashichuo/nc_20935252/,六本松,地下鉄七隈線,11,1978-08-01,48,20935252
東カングランドマンション大濠パークサイド,2980,福岡県福岡市中央区鳥飼１-4-58,地下鉄七隈線「六本松」徒歩13分,55.0,2LDK,1974年8月,https://suumo.jp//ms/chuko/fukuoka/sc_fukuokashichuo/nc_21085719/,六本松,地下鉄七隈線,13,1974-08-01,52,21085719
大濠ハウス,2980,福岡県福岡市中央区草香江１,地下鉄七隈線「六本松」徒歩12分,76.18,2LDK+S（納戸）,1978年8月,https://suumo.jp//ms/chuko/fukuoka/sc_fukuokashichuo/nc_20931984/,六本松,地下鉄七隈線,12,1978-08-01,48,20931984
トーカンマンション大濠公園駅前,2980,福岡県福岡市中央区大手門３,地下鉄空港線「大濠公園」徒歩3分,63.68,2LDK,1981年10月,https://suumo.jp//ms/chuko/fukuoka/sc_fukuokashichuo/nc_20609010/,大濠公園,地下鉄空港線,3,1981-10-01,45,20609010
大濠ハウス,2980,福岡県福岡市中央区草香江２-18-1,地下鉄七隈線「六本松」徒歩12分,76.18,2LDK+S（納戸）,1978年8月,https://suumo.jp//ms/chuko/fukuoka/sc_fukuokashichuo/nc_20949136/,六本松,地下鉄七隈線,12,1978-08-01,48,20949136
大濠ハウス,2980,福岡県福岡市中央区草香江２,地下鉄七隈線「六本松」徒歩10分,76.18,2LDK+S（納戸）,1978年8月,https://suumo.jp//ms/chuko/fukuoka/sc_fukuokashichuo/nc_20956552/,六本松,地下鉄七隈線,10,1978-08-01,48,20956552
ライオンズマンション薬院第５,2980,福岡県福岡市中央区薬院２,地下鉄七隈線「薬院大通」徒歩2分,46.35,1LDK,1982年7月,https://suumo.jp//ms/chuko/fukuoka/sc_fukuokashichuo/nc_20962483/,薬院大通,地下鉄七隈線,2,1982-07-01,44,20962483
大濠ハウス 303号室,2980,福岡県福岡市中央区草香江２,地下鉄七隈線「六本松」徒歩12分,76.18,2LDK+S（納戸）,1978年8月,https://suumo.jp//ms/chuko/fukuoka/sc_fukuokashichuo/nc_20936559/,六本松,地下鉄七隈線,12,1978-08-01,48,20936559
ライオンズマンション西新,2980,福岡県福岡市早良区西新７,地下鉄空港線「藤崎」徒歩4分,66.36,2LDK,1982年2月,https://suumo.jp//ms/chuko/fukuoka/sc_fukuokashisawara/nc_77788575/,藤崎,地下鉄空港線,4,1982-02-01,44,77788575
ライオンズマンション西新,2980,福岡県福岡市早良区西新７,地下鉄空港線「藤崎」徒歩5分,66.36,2LDK,1982年2月,https://suumo.jp//ms/chuko/fukuoka/sc_fukuokashisawara/nc_20435512/,藤崎,地下鉄空港線,5,1982-02-01,44,20435512
エバーライフすのこ小前,2980,福岡県福岡市中央区港２-1-9,地下鉄空港線「大濠公園」徒歩8分,45.1,ワンルーム,1983年11月,https://suumo.jp//ms/chuko/fukuoka/sc_fukuokashichuo/nc_21209087/,大濠公園,地下鉄空港線,8,1983-11-01,43,21209087
大濠ハウス,2980,福岡県福岡市中央区草香江２-18-1,地下鉄七隈線「六本松」徒歩11分,76.18,2LDK+S（納戸）,1978年8月,https://suumo.jp//ms/chuko/fukuoka/sc_fukuokashichuo/nc_20946031/,六本松,地下鉄七隈線,11,1978-08-01,48,20946031
東カングランドマンション大濠パークサイド,2980,福岡県福岡市中央区鳥飼１-4-58,地下鉄空港線「唐人町」徒歩12分,55.0,2LDK,1974年8月,https://suumo.jp//ms/chuko/fukuoka/sc_fukuokashichuo/nc_21203656/,唐人町,地下鉄空港線,12,1974-08-01,52,21203656
ファミール輝国,2990,福岡県福岡市中央区輝国２,地下鉄七隈線「六本松」徒歩15分,91.6,3LDK+S（納戸）,1984年3月,https://suumo.jp//ms/chuko/fukuoka/sc_fukuokashichuo/nc_21113605/,六本松,地下鉄七隈線,15,1984-03-01,42,21113605
ファミール輝国,2990,福岡県福岡市中央区輝国２,地下鉄七隈線「六本松」徒歩15分,81.6,3LDK,1984年3月,https://suumo.jp//ms/chuko/fukuoka/sc_fukuokashichuo/nc_21089973/,六本松,地下鉄七隈線,15,1984-03-01,42,21089973
ファミール輝国,2990,福岡県福岡市中央区輝国２,地下鉄七隈線「六本松」徒歩15分,81.6,3LDK+S（納戸）,1984年3月,https://suumo.jp//ms/chuko/fukuoka/sc_fukuokashichuo/nc_21088346/,六本松,地下鉄七隈線,15,1984-03-01,42,21088346
ファミール輝国,2990,福岡県福岡市中央区輝国２,地下鉄七隈線「六本松」徒歩15分,81.6,3LDK,1984年3月,https://suumo.jp//ms/chuko/fukuoka/sc_fukuokashichuo/nc_21195416/,六本松,地下鉄七隈線,15,1984-03-01,42,21195416
ライオンズマンション大名,2992,福岡県福岡市中央区大名１,地下鉄空港線「赤坂」徒歩10分,56.72,3DK,1982年4月,https://suumo.jp//ms/chuko/fukuoka/sc_fukuokashichuo/nc_20410832/,赤坂,地下鉄空港線,10,1982-04-01,44,20410832
ライオンズマンション大名,2992,福岡県福岡市中央区大名１,地下鉄空港線「赤坂」徒歩9分,56.72,3DK,1982年4月,https://suumo.jp//ms/chuko/fukuoka/sc_fukuokashichuo/nc_20982434/,赤坂,地下鉄空港線,9,1982-04-01,44,20982434
ダイナコート赤坂南,2998,福岡県福岡市中央区桜坂２,地下鉄七隈線「桜坂」徒歩6分,63.27,3LDK,1988年7月,https://suumo.jp//ms/chuko/fukuoka/sc_fukuokashichuo/nc_21187914/,桜坂,地下鉄七隈線,6,1988-07-01,38,21187914
グリーンハイツ赤坂,2998,福岡県福岡市中央区赤坂２-６番２３号,地下鉄七隈線「六本松」徒歩11分,72.57,2LDK,1974年10月,https://suumo.jp//ms/chuko/fukuoka/sc_fukuokashichuo/nc_20098723/,六本松,地下鉄七隈線,11,1974-10-01,52,20098723
ロマネスク大濠アネックス,2999,福岡県福岡市中央区鳥飼２-6-15,地下鉄空港線「唐人町」徒歩12分,59.65,2LDK,1987年5月,https://suumo.jp//ms/chuko/fukuoka/sc_fukuokashichuo/nc_20572265/,唐人町,地下鉄空港線,12,1987-05-01,39,20572265
ロマネスク大濠アネックス,2999,福岡県福岡市中央区鳥飼２,地下鉄空港線「唐人町」徒歩14分,59.65,2LDK,1987年5月,https://suumo.jp//ms/chuko/fukuoka/sc_fukuokashichuo/nc_21015621/,唐人町,地下鉄空港線,14,1987-05-01,39,21015621
ロマネスク大濠アネックス,2999,福岡県福岡市中央区鳥飼２,地下鉄空港線「唐人町」徒歩14分,59.65,2LDK,1987年5月,https://suumo.jp//ms/chuko/fukuoka/sc_fukuokashichuo/nc_20939675/,唐人町,地下鉄空港線,14,1987-05-01,39,20939675
ロマネスク大濠アネックス,2999,福岡県福岡市中央区鳥飼２-6-15,地下鉄空港線「唐人町」徒歩13分,59.65,2LDK,1987年3月,https://suumo.jp//ms/chuko/fukuoka/sc_fukuokashichuo/nc_20956712/,唐人町,地下鉄空港線,13,1987-03-01,39,20956712
ロマネスク大濠アネックス,2999,福岡県福岡市中央区鳥飼２,地下鉄空港線「唐人町」徒歩14分,59.65,2LDK,1987年5月,https://suumo.jp//ms/chuko/fukuoka/sc_fukuokashichuo/nc_79224953/,唐人町,地下鉄空港線,14,1987-05-01,39,79224953
ロマネスク大濠アネックス,2999,福岡県福岡市中央区鳥飼２,地下鉄空港線「唐人町」徒歩12分,59.65,2LDK,1987年5月,https://suumo.jp//ms/chuko/fukuoka/sc_fukuokashichuo/nc_78856431/,唐人町,地下鉄空港線,12,1987-05-01,39,78856431
ロマネスク大濠アネックス,2999,福岡県福岡市中央区鳥飼２,地下鉄空港線「唐人町」徒歩13分,59.65,2LDK,1987年5月,https://suumo.jp//ms/chuko/fukuoka/sc_fukuokashichuo/nc_20917049/,唐人町,地下鉄空港線,13,1987-05-01,39,20917049
ロマネスク大濠アネツクス,2999,福岡県福岡市中央区鳥飼２,地下鉄空港線「唐人町」徒歩12分,59.65,2LDK,1987年5月,https://suumo.jp//ms/chuko/fukuoka/sc_fukuokashichuo/nc_78922034/,唐人町,地下鉄空港線,12,1987-05-01,39,78922034
グランフォーレラグゼ平尾,2999,福岡県福岡市南区市崎１,地下鉄七隈線「薬院大通」徒歩15分,30.18,1LDK,2011年6月,https://suumo.jp//ms/chuko/fukuoka/sc_fukuokashiminami/nc_21067437/,薬院大通,地下鉄七隈線,15,2011-06-01,15,21067437
ロマネスク大濠アネックス,2999,福岡県福岡市中央区鳥飼２,地下鉄七隈線「別府」徒歩12分,59.65,2LDK,1987年5月,https://suumo.jp//ms/chuko/fukuoka/sc_fukuokashichuo/nc_20918397/,別府,地下鉄七隈線,12,1987-05-01,39,20918397
ロマネスク大濠アネツクス,2999,福岡県福岡市中央区鳥飼２,地下鉄空港線「唐人町」徒歩12分,59.65,2LDK,1987年5月,https://suumo.jp//ms/chuko/fukuoka/sc_fukuokashichuo/nc_21241586/,唐人町,地下鉄空港線,12,1987-05-01,39,21241586
グランフォーレラグゼ平尾,2999,福岡県福岡市南区市崎１-17-25,地下鉄七隈線「薬院大通」徒歩15分,30.18,1LDK,2011年6月,https://suumo.jp//ms/chuko/fukuoka/sc_fukuokashiminami/nc_20801795/,薬院大通,地下鉄七隈線,15,2011-06-01,15,20801795
ロマネスク大濠アネックス,2999,福岡県福岡市中央区鳥飼２,地下鉄空港線「唐人町」徒歩12分,59.65,2LDK,1987年5月,https://suumo.jp//ms/chuko/fukuoka/sc_fukuokashichuo/nc_78691499/,唐人町,地下鉄空港線,12,1987-05-01,39,78691499
ロマネスク大濠アネックス,2999,福岡県福岡市中央区鳥飼２-6-15,地下鉄空港線「唐人町」徒歩14分,59.65,2LDK,1987年5月,https://suumo.jp//ms/chuko/fukuoka/sc_fukuokashichuo/nc_21006170/,唐人町,地下鉄空港線,14,1987-05-01,39,21006170
ロマネスク大濠アネックス,2999,福岡県福岡市中央区鳥飼２-6-15,地下鉄空港線「唐人町」徒歩12分,59.65,2LDK,1987年5月,https://suumo.jp//ms/chuko/fukuoka/sc_fukuokashichuo/nc_20484049/,唐人町,地下鉄空港線,12,1987-05-01,39,20484049
警固ハウス,2999,福岡県福岡市中央区警固１,地下鉄七隈線「薬院大通」徒歩8分,66.0,2LDK,1980年3月,https://suumo.jp//ms/chuko/fukuoka/sc_fukuokashichuo/nc_79225116/,薬院大通,地下鉄七隈線,8,1980-03-01,46,79225116
グランフォーレラグゼ平尾,2999,福岡県福岡市南区市崎１,地下鉄七隈線「薬院」徒歩15分,30.18,1LDK,2011年6月,https://suumo.jp//ms/chuko/fukuoka/sc_fukuokashiminami/nc_21110399/,薬院,地下鉄七隈線,15,2011-06-01,15,21110399
ロマネスク大濠アネックス,2999,福岡県福岡市中央区鳥飼２,地下鉄空港線「唐人町」徒歩13分,59.65,2LDK,1987年5月,https://suumo.jp//ms/chuko/fukuoka/sc_fukuokashichuo/nc_78325037/,唐人町,地下鉄空港線,13,1987-05-01,39,78325037
ロマネスク大濠アネックス,2999,福岡県福岡市中央区鳥飼２-6-15,地下鉄空港線「唐人町」徒歩11分,59.65,2LDK,1987年5月,https://suumo.jp//ms/chuko/fukuoka/sc_fukuokashichuo/nc_78536383/,唐人町,地下鉄空港線,11,1987-05-01,39,78536383
アンピール天神南,2999,福岡県福岡市中央区今泉１,西鉄天神大牟田線「薬院」徒歩6分,52.8,2LDK,1986年8月,https://suumo.jp//ms/chuko/fukuoka/sc_fukuokashichuo/nc_20632329/,薬院,西鉄天神大牟田線,6,1986-08-01,40,20632329
ロマネスク大濠アネツクス,2999,福岡県福岡市中央区鳥飼２,地下鉄空港線「唐人町」徒歩14分,59.65,2LDK,1987年5月,https://suumo.jp//ms/chuko/fukuoka/sc_fukuokashichuo/nc_20845992/,唐人町,地下鉄空港線,14,1987-05-01,39,20845992
パークハイツ赤坂,3020,福岡県福岡市中央区赤坂２,地下鉄七隈線「六本松」徒歩12分,70.01,3LDK,1979年1月,https://suumo.jp//ms/chuko/fukuoka/sc_fukuokashichuo/nc_21272924/,六本松,地下鉄七隈線,12,1979-01-01,47,21272924
秀和警固レジデンス,3080,福岡県福岡市中央区警固２,地下鉄空港線「赤坂」徒歩7分,69.43,2LDK+S（納戸）,1974年7月,https://suumo.jp//ms/chuko/fukuoka/sc_fukuokashichuo/nc_20360375/,赤坂,地下鉄空港線,7,1974-07-01,52,20360375
秀和警固レジデンス,3080,福岡県福岡市中央区警固２,地下鉄空港線「赤坂」徒歩8分,69.43,2LDK+S（納戸）,1974年7月,https://suumo.jp//ms/chuko/fukuoka/sc_fukuokashichuo/nc_79215971/,赤坂,地下鉄空港線,8,1974-07-01,52,79215971
秀和警固レジデンス,3080,福岡県福岡市中央区警固２-17-26,地下鉄空港線「赤坂」徒歩9分,69.43,2LDK,1974年7月,https://suumo.jp//ms/chuko/fukuoka/sc_fukuokashichuo/nc_20915031/,赤坂,地下鉄空港線,9,1974-07-01,52,20915031
ライオンズマンション薬院第５,3080,福岡県福岡市中央区薬院２,地下鉄七隈線「薬院大通」徒歩3分,65.31,2LDK,1982年7月,https://suumo.jp//ms/chuko/fukuoka/sc_fukuokashichuo/nc_20975971/,薬院大通,地下鉄七隈線,3,1982-07-01,44,20975971
ライオンズマンション薬院第３,3090,福岡県福岡市中央区薬院３,地下鉄七隈線「薬院大通」徒歩7分,56.1,2LDK,1980年11月,https://suumo.jp//ms/chuko/fukuoka/sc_fukuokashichuo/nc_21052728/,薬院大通,地下鉄七隈線,7,1980-11-01,46,21052728
ライオンズマンション天神,3100,福岡県福岡市中央区舞鶴１,地下鉄空港線「赤坂」徒歩5分,54.09,2LDK,1979年7月,https://suumo.jp//ms/chuko/fukuoka/sc_fukuokashichuo/nc_20751183/,赤坂,地下鉄空港線,5,1979-07-01,47,20751183
ヴェルドミール今泉,3100,福岡県福岡市中央区今泉２,地下鉄七隈線「薬院大通」徒歩7分,74.17,2LDK+S（納戸）,1980年12月,https://suumo.jp//ms/chuko/fukuoka/sc_fukuokashichuo/nc_21204923/,薬院大通,地下鉄七隈線,7,1980-12-01,46,21204923
クリオラベルヴィ呉服町ウエスト,3130,福岡県福岡市博多区下呉服町4-22,地下鉄空港線「中洲川端」徒歩14分,34.4,1LDK,2020年11月,https://suumo.jp//ms/chuko/fukuoka/sc_fukuokashihakata/nc_21191053/,中洲川端,地下鉄空港線,14,2020-11-01,6,21191053
朝日プラザ天神,3180,福岡県福岡市中央区舞鶴１,地下鉄空港線「天神」徒歩4分,43.65,ワンルーム,1986年5月,https://suumo.jp//ms/chuko/fukuoka/sc_fukuokashichuo/nc_76206976/,天神,地下鉄空港線,4,1986-05-01,40,76206976
チサンマンション祇園,3180,福岡県福岡市博多区祇園町,地下鉄空港線「祇園」徒歩4分,52.98,2LDK,1980年10月,https://suumo.jp//ms/chuko/fukuoka/sc_fukuokashihakata/nc_20372579/,祇園,地下鉄空港線,4,1980-10-01,46,20372579
警固ハウス,3190,福岡県福岡市中央区警固１,地下鉄七隈線「薬院大通」徒歩10分,66.0,3LDK,1980年3月,https://suumo.jp//ms/chuko/fukuoka/sc_fukuokashichuo/nc_21199652/,薬院大通,地下鉄七隈線,10,1980-03-01,46,21199652
警固ハウス,3190,福岡県福岡市中央区警固１,地下鉄七隈線「薬院大通」徒歩8分,66.0,3LDK,1980年3月,https://suumo.jp//ms/chuko/fukuoka/sc_fukuokashichuo/nc_20896321/,薬院大通,地下鉄七隈線,8,1980-03-01,46,20896321
警固ハウス,3190,福岡県福岡市中央区警固１-15-15,地下鉄七隈線「薬院大通」徒歩9分,66.0,3LDK,1980年3月,https://suumo.jp//ms/chuko/fukuoka/sc_fukuokashichuo/nc_20434666/,薬院大通,地下鉄七隈線,9,1980-03-01,46,20434666
警固ハウス,3190,福岡県福岡市中央区警固１,地下鉄七隈線「薬院大通」徒歩9分,66.0,3LDK,1955年3月,https://suumo.jp//ms/chuko/fukuoka/sc_fukuokashichuo/nc_21039307/,薬院大通,地下鉄七隈線,9,1955-03-01,71,21039307
警固ハウス,3190,福岡県福岡市中央区警固１-15-15,地下鉄七隈線「薬院大通」徒歩8分,66.0,3LDK,1980年3月,https://suumo.jp//ms/chuko/fukuoka/sc_fukuokashichuo/nc_21058302/,薬院大通,地下鉄七隈線,8,1980-03-01,46,21058302
警固ハウス,3190,福岡県福岡市中央区警固１-１５－１５,地下鉄七隈線「薬院大通」徒歩8分,66.0,3LDK,1955年3月,https://suumo.jp//ms/chuko/fukuoka/sc_fukuokashichuo/nc_20829059/,薬院大通,地下鉄七隈線,8,1955-03-01,71,20829059
警固ハウス,3190,福岡県福岡市中央区警固１-15-15,地下鉄七隈線「薬院大通」徒歩10分,66.0,3LDK,1980年3月,https://suumo.jp//ms/chuko/fukuoka/sc_fukuokashichuo/nc_20863666/,薬院大通,地下鉄七隈線,10,1980-03-01,46,20863666
警固ハウス,3190,福岡県福岡市中央区警固１,地下鉄七隈線「薬院大通」徒歩10分,66.0,3LDK,1980年3月,https://suumo.jp//ms/chuko/fukuoka/sc_fukuokashichuo/nc_20828263/,薬院大通,地下鉄七隈線,10,1980-03-01,46,20828263
エバーライフ住吉,3190,福岡県福岡市博多区住吉４-4-21,地下鉄七隈線「渡辺通」徒歩14分,52.48,2LDK+S（納戸）,1985年9月,https://suumo.jp//ms/chuko/fukuoka/sc_fukuokashihakata/nc_20753447/,渡辺通,地下鉄七隈線,14,1985-09-01,41,20753447
警固ハウス,3190,福岡県福岡市中央区警固１,地下鉄七隈線「薬院大通」徒歩8分,66.0,3LDK,1980年3月,https://suumo.jp//ms/chuko/fukuoka/sc_fukuokashichuo/nc_20889105/,薬院大通,地下鉄七隈線,8,1980-03-01,46,20889105
警固ハウス,3190,福岡県福岡市中央区警固１,地下鉄空港線「赤坂」徒歩10分,66.0,3LDK,1980年3月,https://suumo.jp//ms/chuko/fukuoka/sc_fukuokashichuo/nc_20863593/,赤坂,地下鉄空港線,10,1980-03-01,46,20863593
警固ハウス,3190,福岡県福岡市中央区警固１-15-15,地下鉄七隈線「薬院大通」徒歩8分,66.0,3LDK,1955年3月,https://suumo.jp//ms/chuko/fukuoka/sc_fukuokashichuo/nc_20808256/,薬院大通,地下鉄七隈線,8,1955-03-01,71,20808256
警固ハウス,3190,福岡県福岡市中央区警固１,地下鉄七隈線「薬院大通」徒歩9分,66.0,3LDK,1980年3月,https://suumo.jp//ms/chuko/fukuoka/sc_fukuokashichuo/nc_20869192/,薬院大通,地下鉄七隈線,9,1980-03-01,46,20869192
クリオラベルヴィ呉服町,3199,福岡県福岡市博多区下呉服町,地下鉄空港線「中洲川端」徒歩12分,34.4,1LDK,2018年1月,https://suumo.jp//ms/chuko/fukuoka/sc_fukuokashihakata/nc_21217571/,中洲川端,地下鉄空港線,12,2018-01-01,8,21217571
クリオラベルヴィ呉服町,3199,福岡県福岡市博多区下呉服町,地下鉄空港線「中洲川端」徒歩12分,34.4,1LDK,2018年1月,https://suumo.jp//ms/chuko/fukuoka/sc_fukuokashihakata/nc_20500908/,中洲川端,地下鉄空港線,12,2018-01-01,8,20500908
クリオラベルヴィ呉服町,3199,福岡県福岡市博多区下呉服町3-19,地下鉄空港線「中洲川端」徒歩13分,34.4,1LDK,2018年3月,https://suumo.jp//ms/chuko/fukuoka/sc_fukuokashihakata/nc_20582553/,中洲川端,地下鉄空港線,13,2018-03-01,8,20582553
クリオ ラベルヴィ呉服町,3199,福岡県福岡市博多区下呉服町,地下鉄空港線「中洲川端」徒歩12分,34.4,1LDK,2018年1月,https://suumo.jp//ms/chuko/fukuoka/sc_fukuokashihakata/nc_79035434/,中洲川端,地下鉄空港線,12,2018-01-01,8,79035434
クリオラベルヴィ呉服町,3199,福岡県福岡市博多区下呉服町,地下鉄空港線「中洲川端」徒歩10分,34.4,1LDK,2018年1月,https://suumo.jp//ms/chuko/fukuoka/sc_fukuokashihakata/nc_79065759/,中洲川端,地下鉄空港線,10,2018-01-01,8,79065759
クリオラベルヴィ呉服町,3199,福岡県福岡市博多区下呉服町3-19,地下鉄空港線「中洲川端」徒歩13分,34.4,1LDK,2018年1月,https://suumo.jp//ms/chuko/fukuoka/sc_fukuokashihakata/nc_79177374/,中洲川端,地下鉄空港線,13,2018-01-01,8,79177374
クリオラベルヴィ呉服町,3199,福岡県福岡市博多区下呉服町,地下鉄空港線「中洲川端」徒歩12分,34.4,1LDK,2018年1月,https://suumo.jp//ms/chuko/fukuoka/sc_fukuokashihakata/nc_20938445/,中洲川端,地下鉄空港線,12,2018-01-01,8,20938445
クリオラベルヴィ呉服町,3199,福岡県福岡市博多区下呉服町3-19,地下鉄空港線「中洲川端」徒歩12分,34.4,1LDK,2018年1月,https://suumo.jp//ms/chuko/fukuoka/sc_fukuokashihakata/nc_79028575/,中洲川端,地下鉄空港線,12,2018-01-01,8,79028575
◆☆クリオラベルヴィ呉服町☆◆,3199,福岡県福岡市博多区下呉服町,地下鉄空港線「中洲川端」徒歩12分,34.4,1LDK,2018年1月,https://suumo.jp//ms/chuko/fukuoka/sc_fukuokashihakata/nc_20902172/,中洲川端,地下鉄空港線,12,2018-01-01,8,20902172
デュオヴェール平尾,3200,福岡県福岡市中央区平尾２,地下鉄七隈線「薬院」徒歩14分,34.1,1LDK,2023年2月,https://suumo.jp//ms/chuko/fukuoka/sc_fukuokashichuo/nc_21187995/,薬院,地下鉄七隈線,14,2023-02-01,3,21187995
オープンレジデンシア大濠西,3220,福岡県福岡市中央区今川２,地下鉄空港線「唐人町」徒歩8分,34.31,1LDK,2024年9月,https://suumo.jp//ms/chuko/fukuoka/sc_fukuokashichuo/nc_76105420/,唐人町,地下鉄空港線,8,2024-09-01,2,76105420
オープンレジデンシア室見,3250,福岡県福岡市西区愛宕２,地下鉄空港線「藤崎」徒歩15分,33.64,1LDK,2025年12月,https://suumo.jp//ms/chuko/fukuoka/sc_fukuokashinishi/nc_79124599/,藤崎,地下鉄空港線,15,2025-12-01,1,79124599
ライオンズマンション高砂,3280,福岡県福岡市中央区高砂１,地下鉄七隈線「渡辺通」徒歩7分,55.69,1LDK+S（納戸）,1978年11月,https://suumo.jp//ms/chuko/fukuoka/sc_fukuokashichuo/nc_20423568/,渡辺通,地下鉄七隈線,7,1978-11-01,48,20423568
アンピール百年橋,3280,福岡県福岡市中央区清川３,地下鉄七隈線「渡辺通」徒歩15分,65.12,2LDK,1995年8月,https://suumo.jp//ms/chuko/fukuoka/sc_fukuokashichuo/nc_78896616/,渡辺通,地下鉄七隈線,15,1995-08-01,31,78896616
デュオヴェール平尾,3280,福岡県福岡市中央区平尾２-２０－３８,地下鉄七隈線「薬院」徒歩13分,34.05,1LDK,2023年2月,https://suumo.jp//ms/chuko/fukuoka/sc_fukuokashichuo/nc_21106120/,薬院,地下鉄七隈線,13,2023-02-01,3,21106120
ロイヤルマンション別府六,3290,福岡県福岡市城南区別府６,地下鉄七隈線「別府」徒歩6分,82.27,3LDK,1994年11月,https://suumo.jp//ms/chuko/fukuoka/sc_fukuokashijonan/nc_20241317/,別府,地下鉄七隈線,6,1994-11-01,32,20241317
ダイアパレス大名第２,3360,福岡県福岡市中央区大名１-8-32,地下鉄空港線「赤坂」徒歩5分,63.0,1LDK,1986年2月,https://suumo.jp//ms/chuko/fukuoka/sc_fukuokashichuo/nc_21143211/,赤坂,地下鉄空港線,5,1986-02-01,40,21143211
コープ野村博多東,3380,福岡県福岡市博多区比恵町,地下鉄空港線「東比恵」徒歩5分,98.41,3LDK,1980年3月,https://suumo.jp//ms/chuko/fukuoka/sc_fukuokashihakata/nc_20707365/,東比恵,地下鉄空港線,5,1980-03-01,46,20707365
コープ野村博多東,3380,福岡県福岡市博多区比恵町,地下鉄空港線「東比恵」徒歩5分,98.41,3LDK,1980年3月,https://suumo.jp//ms/chuko/fukuoka/sc_fukuokashihakata/nc_79004709/,東比恵,地下鉄空港線,5,1980-03-01,46,79004709
クレアランドマーク,3380,福岡県福岡市博多区冷泉町,地下鉄七隈線「櫛田神社前」徒歩3分,40.43,1LDK,2001年1月,https://suumo.jp//ms/chuko/fukuoka/sc_fukuokashihakata/nc_21036009/,櫛田神社前,地下鉄七隈線,3,2001-01-01,25,21036009
オープンレジデンシア渡辺通南,3380,福岡県福岡市中央区清川２-18-10,地下鉄七隈線「渡辺通」徒歩9分,34.3,1LDK,2024年8月,https://suumo.jp//ms/chuko/fukuoka/sc_fukuokashichuo/nc_20817855/,渡辺通,地下鉄七隈線,9,2024-08-01,2,20817855
クレアランドマーク,3380,福岡県福岡市博多区冷泉町,地下鉄空港線「祇園」徒歩4分,40.43,1LDK,2001年1月,https://suumo.jp//ms/chuko/fukuoka/sc_fukuokashihakata/nc_21020056/,祇園,地下鉄空港線,4,2001-01-01,25,21020056
オープンレジデンシア渡辺通南,3380,福岡県福岡市中央区清川２,地下鉄七隈線「渡辺通」徒歩10分,34.3,1LDK,2024年8月,https://suumo.jp//ms/chuko/fukuoka/sc_fukuokashichuo/nc_20674574/,渡辺通,地下鉄七隈線,10,2024-08-01,2,20674574
ロワールマンション博多駅南,3390,福岡県福岡市博多区博多駅南３,ＪＲ鹿児島本線「博多」徒歩13分,69.51,3LDK,1985年9月,https://suumo.jp//ms/chuko/fukuoka/sc_fukuokashihakata/nc_20984952/,博多,ＪＲ鹿児島本線,13,1985-09-01,41,20984952
グランフォーレラグゼ博多,3390,福岡県福岡市博多区奈良屋町,地下鉄空港線「中洲川端」徒歩10分,47.02,2LDK,2013年7月,https://suumo.jp//ms/chuko/fukuoka/sc_fukuokashihakata/nc_21126511/,中洲川端,地下鉄空港線,10,2013-07-01,13,21126511
グランフォーレラグゼ博多,3390,福岡県福岡市博多区奈良屋町,地下鉄空港線「中洲川端」徒歩11分,47.02,2LDK,2013年8月,https://suumo.jp//ms/chuko/fukuoka/sc_fukuokashihakata/nc_21194211/,中洲川端,地下鉄空港線,11,2013-08-01,13,21194211
赤坂エクセル,3390,福岡県福岡市中央区赤坂３-8-26,地下鉄空港線「赤坂」徒歩12分,79.5,2LDK,1974年11月,https://suumo.jp//ms/chuko/fukuoka/sc_fukuokashichuo/nc_20612889/,赤坂,地下鉄空港線,12,1974-11-01,52,20612889
ツインタワー空港通り,3399,福岡県福岡市博多区豊１,地下鉄空港線「東比恵」徒歩14分,71.7,3LDK,1994年7月,https://suumo.jp//ms/chuko/fukuoka/sc_fukuokashihakata/nc_20879813/,東比恵,地下鉄空港線,14,1994-07-01,32,20879813
ツインタワー空港通り,3399,福岡県福岡市博多区豊１,地下鉄空港線「東比恵」徒歩12分,71.7,3LDK,1994年7月,https://suumo.jp//ms/chuko/fukuoka/sc_fukuokashihakata/nc_21107537/,東比恵,地下鉄空港線,12,1994-07-01,32,21107537
ツインタワー空港通り,3399,福岡県福岡市博多区豊１,地下鉄空港線「東比恵」徒歩12分,71.7,3LDK,1994年7月,https://suumo.jp//ms/chuko/fukuoka/sc_fukuokashihakata/nc_20500470/,東比恵,地下鉄空港線,12,1994-07-01,32,20500470
赤坂エクセル,3399,福岡県福岡市中央区赤坂３,地下鉄空港線「赤坂」徒歩12分,79.5,2LDK,1974年11月,https://suumo.jp//ms/chuko/fukuoka/sc_fukuokashichuo/nc_79139452/,赤坂,地下鉄空港線,12,1974-11-01,52,79139452
ツインタワー空港通り,3399,福岡県福岡市博多区豊１,地下鉄空港線「東比恵」徒歩14分,71.7,3LDK,1994年7月,https://suumo.jp//ms/chuko/fukuoka/sc_fukuokashihakata/nc_21015624/,東比恵,地下鉄空港線,14,1994-07-01,32,21015624
ツインタワー空港通り,3399,福岡県福岡市博多区豊１,地下鉄空港線「東比恵」徒歩14分,71.7,3LDK,1994年7月,https://suumo.jp//ms/chuko/fukuoka/sc_fukuokashihakata/nc_20489857/,東比恵,地下鉄空港線,14,1994-07-01,32,20489857
ツインタワー空港通り,3399,福岡県福岡市博多区豊１-1-17,地下鉄空港線「東比恵」徒歩12分,71.7,3LDK,1994年7月,https://suumo.jp//ms/chuko/fukuoka/sc_fukuokashihakata/nc_79198729/,東比恵,地下鉄空港線,12,1994-07-01,32,79198729
ツインタワー空港通り,3399,福岡県福岡市博多区豊１-1-17,地下鉄空港線「東比恵」徒歩13分,71.7,3LDK,1994年7月,https://suumo.jp//ms/chuko/fukuoka/sc_fukuokashihakata/nc_21058287/,東比恵,地下鉄空港線,13,1994-07-01,32,21058287
ツインタワー空港通り,3399,福岡県福岡市博多区豊１-１－１７,地下鉄空港線「東比恵」徒歩12分,71.7,3LDK,1994年7月,https://suumo.jp//ms/chuko/fukuoka/sc_fukuokashihakata/nc_20431843/,東比恵,地下鉄空港線,12,1994-07-01,32,20431843
ツインタワー空港通り,3399,福岡県福岡市博多区豊１,地下鉄空港線「東比恵」徒歩13分,71.7,3LDK,1994年7月,https://suumo.jp//ms/chuko/fukuoka/sc_fukuokashihakata/nc_20446736/,東比恵,地下鉄空港線,13,1994-07-01,32,20446736
ツインタワー空港通り,3399,福岡県福岡市博多区豊１-1-17,地下鉄空港線「東比恵」徒歩12分,71.7,3LDK,1994年7月,https://suumo.jp//ms/chuko/fukuoka/sc_fukuokashihakata/nc_79093684/,東比恵,地下鉄空港線,12,1994-07-01,32,79093684
赤坂エクセル,3399,福岡県福岡市中央区赤坂３,地下鉄空港線「赤坂」徒歩12分,79.5,2LDK,1974年11月,https://suumo.jp//ms/chuko/fukuoka/sc_fukuokashichuo/nc_79068778/,赤坂,地下鉄空港線,12,1974-11-01,52,79068778
赤坂エクセル,3399,福岡県福岡市中央区赤坂３,地下鉄空港線「赤坂」徒歩13分,79.5,2LDK,1974年11月,https://suumo.jp//ms/chuko/fukuoka/sc_fukuokashichuo/nc_79062235/,赤坂,地下鉄空港線,13,1974-11-01,52,79062235
赤坂エクセル,3399,福岡県福岡市中央区赤坂３,地下鉄七隈線「桜坂」徒歩12分,79.5,2LDK,1974年11月,https://suumo.jp//ms/chuko/fukuoka/sc_fukuokashichuo/nc_21088469/,桜坂,地下鉄七隈線,12,1974-11-01,52,21088469
オープンレジデンシア西新,3400,福岡県福岡市早良区城西１,地下鉄空港線「西新」徒歩5分,31.65,1LDK,2025年9月,https://suumo.jp//ms/chuko/fukuoka/sc_fukuokashisawara/nc_78668157/,西新,地下鉄空港線,5,2025-09-01,1,78668157
赤坂エクセル,3449,福岡県福岡市中央区赤坂３-8-26,地下鉄空港線「赤坂」徒歩12分,79.5,2LDK,1974年11月,https://suumo.jp//ms/chuko/fukuoka/sc_fukuokashichuo/nc_20316237/,赤坂,地下鉄空港線,12,1974-11-01,52,20316237
赤坂エクセル,3449,福岡県福岡市中央区赤坂３-8-26,地下鉄空港線「赤坂」徒歩13分,79.5,2LDK,1974年11月,https://suumo.jp//ms/chuko/fukuoka/sc_fukuokashichuo/nc_21226496/,赤坂,地下鉄空港線,13,1974-11-01,52,21226496
赤坂エクセル,3449,福岡県福岡市中央区赤坂３-8-26,地下鉄空港線「赤坂」徒歩12分,79.5,2LDK,1974年11月,https://suumo.jp//ms/chuko/fukuoka/sc_fukuokashichuo/nc_21065519/,赤坂,地下鉄空港線,12,1974-11-01,52,21065519
赤坂エクセル,3449,福岡県福岡市中央区赤坂３,地下鉄七隈線「桜坂」徒歩13分,79.5,2LDK,1974年11月,https://suumo.jp//ms/chuko/fukuoka/sc_fukuokashichuo/nc_20641849/,桜坂,地下鉄七隈線,13,1974-11-01,52,20641849
赤坂エクセル,3449,福岡県福岡市中央区赤坂３,地下鉄空港線「赤坂」徒歩12分,79.5,2LDK,1974年11月,https://suumo.jp//ms/chuko/fukuoka/sc_fukuokashichuo/nc_79083735/,赤坂,地下鉄空港線,12,1974-11-01,52,79083735
赤坂エクセル,3449,福岡県福岡市中央区赤坂３,地下鉄七隈線「桜坂」徒歩13分,79.5,2LDK,1974年11月,https://suumo.jp//ms/chuko/fukuoka/sc_fukuokashichuo/nc_20606611/,桜坂,地下鉄七隈線,13,1974-11-01,52,20606611
赤坂エクセル,3449,福岡県福岡市中央区赤坂３-8-26,地下鉄空港線「赤坂」徒歩12分,79.5,2LDK,1974年11月,https://suumo.jp//ms/chuko/fukuoka/sc_fukuokashichuo/nc_20905594/,赤坂,地下鉄空港線,12,1974-11-01,52,20905594
赤坂エクセル,3449,福岡県福岡市中央区赤坂３,地下鉄空港線「赤坂」徒歩12分,79.5,2LDK,1974年11月,https://suumo.jp//ms/chuko/fukuoka/sc_fukuokashichuo/nc_20229053/,赤坂,地下鉄空港線,12,1974-11-01,52,20229053
赤坂エクセル,3449,福岡県福岡市中央区赤坂３,地下鉄空港線「赤坂」徒歩13分,79.5,2LDK,1974年11月,https://suumo.jp//ms/chuko/fukuoka/sc_fukuokashichuo/nc_79143193/,赤坂,地下鉄空港線,13,1974-11-01,52,79143193
赤坂エクセル,3449,福岡県福岡市中央区赤坂３-8-26,地下鉄七隈線「桜坂」徒歩13分,79.5,2LDK,1974年3月,https://suumo.jp//ms/chuko/fukuoka/sc_fukuokashichuo/nc_20956725/,桜坂,地下鉄七隈線,13,1974-03-01,52,20956725
赤坂エクセル,3449,福岡県福岡市中央区赤坂１-8-26,地下鉄空港線「赤坂」徒歩3分,79.5,2LDK,1974年11月,https://suumo.jp//ms/chuko/fukuoka/sc_fukuokashichuo/nc_21039687/,赤坂,地下鉄空港線,3,1974-11-01,52,21039687
赤坂エクセル207号,3449,福岡県福岡市中央区赤坂３,地下鉄空港線「赤坂」徒歩12分,79.5,2LDK,1974年11月,https://suumo.jp//ms/chuko/fukuoka/sc_fukuokashichuo/nc_21009357/,赤坂,地下鉄空港線,12,1974-11-01,52,21009357
赤坂エクセル,3449,福岡県福岡市中央区赤坂３,地下鉄七隈線「桜坂」徒歩13分,79.5,2LDK,1974年11月,https://suumo.jp//ms/chuko/fukuoka/sc_fukuokashichuo/nc_21199654/,桜坂,地下鉄七隈線,13,1974-11-01,52,21199654
赤坂エクセル,3449,福岡県福岡市中央区赤坂３-８－２６,地下鉄空港線「赤坂」徒歩12分,79.5,2LDK,1974年11月,https://suumo.jp//ms/chuko/fukuoka/sc_fukuokashichuo/nc_79201047/,赤坂,地下鉄空港線,12,1974-11-01,52,79201047
赤坂エクセル,3449,福岡県福岡市中央区赤坂３,地下鉄空港線「赤坂」徒歩12分,79.5,2LDK,1974年11月,https://suumo.jp//ms/chuko/fukuoka/sc_fukuokashichuo/nc_79104940/,赤坂,地下鉄空港線,12,1974-11-01,52,79104940
赤坂エクセル,3449,福岡県福岡市中央区赤坂３,地下鉄空港線「赤坂」徒歩13分,79.5,2LDK,1974年11月,https://suumo.jp//ms/chuko/fukuoka/sc_fukuokashichuo/nc_79122545/,赤坂,地下鉄空港線,13,1974-11-01,52,79122545
アムール山王公園南,3450,福岡県福岡市博多区半道橋１,地下鉄空港線「東比恵」徒歩15分,64.89,3LDK,1998年7月,https://suumo.jp//ms/chuko/fukuoka/sc_fukuokashihakata/nc_20642325/,東比恵,地下鉄空港線,15,1998-07-01,28,20642325
東峰マンション空港通り,3450,福岡県福岡市博多区豊１,地下鉄空港線「東比恵」徒歩12分,78.82,3LDK,1998年10月,https://suumo.jp//ms/chuko/fukuoka/sc_fukuokashihakata/nc_21144720/,東比恵,地下鉄空港線,12,1998-10-01,28,21144720
ライオンズマンション赤坂,3470,福岡県福岡市中央区赤坂２,地下鉄空港線「赤坂」徒歩8分,58.66,2LDK,1979年11月,https://suumo.jp//ms/chuko/fukuoka/sc_fukuokashichuo/nc_21271723/,赤坂,地下鉄空港線,8,1979-11-01,47,21271723
シャンボール舞鶴,3480,福岡県福岡市中央区舞鶴２,地下鉄空港線「赤坂」徒歩3分,56.7,1LDK+S（納戸）,1979年4月,https://suumo.jp//ms/chuko/fukuoka/sc_fukuokashichuo/nc_79039453/,赤坂,地下鉄空港線,3,1979-04-01,47,79039453
ステイツ天神,3480,福岡県福岡市中央区警固１-6-41,地下鉄七隈線「薬院大通」徒歩9分,46.8,2LDK,1990年10月,https://suumo.jp//ms/chuko/fukuoka/sc_fukuokashichuo/nc_20458386/,薬院大通,地下鉄七隈線,9,1990-10-01,36,20458386
オープンレジデンシア博多空港通り,3480,福岡県福岡市博多区東光２,ＪＲ鹿児島本線「博多」徒歩10分,34.38,1LDK,2024年9月,https://suumo.jp//ms/chuko/fukuoka/sc_fukuokashihakata/nc_20714459/,博多,ＪＲ鹿児島本線,10,2024-09-01,2,20714459
アクロス六本松リル・グレイス,3480,福岡県福岡市中央区草香江２,地下鉄七隈線「六本松」徒歩6分,33.2,1LDK,2023年4月,https://suumo.jp//ms/chuko/fukuoka/sc_fukuokashichuo/nc_20905823/,六本松,地下鉄七隈線,6,2023-04-01,3,20905823
クレアランドマーク,3480,福岡県福岡市博多区冷泉町,地下鉄空港線「祇園」徒歩3分,40.43,1LDK,2001年1月,https://suumo.jp//ms/chuko/fukuoka/sc_fukuokashihakata/nc_21168948/,祇園,地下鉄空港線,3,2001-01-01,25,21168948
クレアランドマーク,3480,福岡県福岡市博多区冷泉町2-9,地下鉄七隈線「櫛田神社前」徒歩5分,40.43,1LDK,2001年1月,https://suumo.jp//ms/chuko/fukuoka/sc_fukuokashihakata/nc_20939258/,櫛田神社前,地下鉄七隈線,5,2001-01-01,25,20939258
シャンボール大濠,3490,福岡県福岡市中央区鳥飼３,地下鉄空港線「西新」徒歩10分,74.88,2LDK,1978年8月,https://suumo.jp//ms/chuko/fukuoka/sc_fukuokashichuo/nc_20993568/,西新,地下鉄空港線,10,1978-08-01,48,20993568
サンシャイン別府 ペット飼育可、室内美麗【担当：出田…,3490,福岡県福岡市城南区別府４,地下鉄七隈線「別府」徒歩8分,85.62,2LDK,1979年10月,https://suumo.jp//ms/chuko/fukuoka/sc_fukuokashijonan/nc_20884543/,別府,地下鉄七隈線,8,1979-10-01,47,20884543
オープンレジデンシア博多住吉,3490,福岡県福岡市博多区住吉２-7-1,地下鉄七隈線「櫛田神社前」徒歩8分,31.13,1LDK,2023年9月,https://suumo.jp//ms/chuko/fukuoka/sc_fukuokashihakata/nc_75745223/,櫛田神社前,地下鉄七隈線,8,2023-09-01,3,75745223
東峰マンション第二西公園,3498,福岡県福岡市中央区荒戸３,地下鉄空港線「唐人町」徒歩9分,73.55,3LDK,1982年2月,https://suumo.jp//ms/chuko/fukuoka/sc_fukuokashichuo/nc_20773709/,唐人町,地下鉄空港線,9,1982-02-01,44,20773709
デュオヴェール平尾,3498,福岡県福岡市中央区平尾２,西鉄天神大牟田線「薬院」徒歩15分,34.05,1LDK,2023年3月,https://suumo.jp//ms/chuko/fukuoka/sc_fukuokashichuo/nc_78252151/,薬院,西鉄天神大牟田線,15,2023-03-01,3,78252151
メゾン高砂,3498,福岡県福岡市中央区高砂２,地下鉄七隈線「渡辺通」徒歩12分,80.13,3LDK,1978年3月,https://suumo.jp//ms/chuko/fukuoka/sc_fukuokashichuo/nc_21081925/,渡辺通,地下鉄七隈線,12,1978-03-01,48,21081925
オープンレジデンシア薬院白金,3498,福岡県福岡市中央区白金２,西鉄天神大牟田線「薬院」徒歩8分,33.92,1LDK,2023年8月,https://suumo.jp//ms/chuko/fukuoka/sc_fukuokashichuo/nc_20382669/,薬院,西鉄天神大牟田線,8,2023-08-01,3,20382669
サーパス大博通り,3499,福岡県福岡市博多区大博町,地下鉄空港線「中洲川端」徒歩13分,48.39,1LDK,1990年3月,https://suumo.jp//ms/chuko/fukuoka/sc_fukuokashihakata/nc_20884860/,中洲川端,地下鉄空港線,13,1990-03-01,36,20884860
サーパス大博通り,3499,福岡県福岡市博多区大博町5-27,地下鉄空港線「中洲川端」徒歩15分,48.39,1LDK,1990年3月,https://suumo.jp//ms/chuko/fukuoka/sc_fukuokashihakata/nc_21115626/,中洲川端,地下鉄空港線,15,1990-03-01,36,21115626
◆☆サーパス大博通り☆◆,3499,福岡県福岡市博多区大博町,地下鉄空港線「中洲川端」徒歩15分,49.39,1LDK,1990年3月,https://suumo.jp//ms/chuko/fukuoka/sc_fukuokashihakata/nc_21159531/,中洲川端,地下鉄空港線,15,1990-03-01,36,21159531
サーパス大博通り,3499,福岡県福岡市博多区大博町,地下鉄空港線「中洲川端」徒歩15分,48.39,1LDK,1990年3月,https://suumo.jp//ms/chuko/fukuoka/sc_fukuokashihakata/nc_21190896/,中洲川端,地下鉄空港線,15,1990-03-01,36,21190896
サーパス大博通り,3499,福岡県福岡市博多区大博町5-27,地下鉄箱崎線「中洲川端」徒歩15分,48.39,1LDK,1990年3月,https://suumo.jp//ms/chuko/fukuoka/sc_fukuokashihakata/nc_20870523/,中洲川端,地下鉄箱崎線,15,1990-03-01,36,20870523
シャンボール大名 D棟,3500,福岡県福岡市中央区大名２,地下鉄空港線「赤坂」徒歩3分,58.88,3DK,1982年1月,https://suumo.jp//ms/chuko/fukuoka/sc_fukuokashichuo/nc_21099765/,赤坂,地下鉄空港線,3,1982-01-01,44,21099765
ライフピア舞鶴,3549,福岡県福岡市中央区舞鶴３,地下鉄空港線「赤坂」徒歩7分,72.3,2LDK,1982年4月,https://suumo.jp//ms/chuko/fukuoka/sc_fukuokashichuo/nc_21127107/,赤坂,地下鉄空港線,7,1982-04-01,44,21127107
リベール博多駅前,3580,福岡県福岡市博多区博多駅前４,ＪＲ鹿児島本線「博多」徒歩9分,32.83,1LDK,2024年7月,https://suumo.jp//ms/chuko/fukuoka/sc_fukuokashihakata/nc_20884071/,博多,ＪＲ鹿児島本線,9,2024-07-01,2,20884071
朝日プラザ大濠,3580,福岡県福岡市中央区草香江２,地下鉄七隈線「六本松」徒歩4分,69.12,3LDK,1983年3月,https://suumo.jp//ms/chuko/fukuoka/sc_fukuokashichuo/nc_20449512/,六本松,地下鉄七隈線,4,1983-03-01,43,20449512
ヴィザージュ大濠西,3580,福岡県福岡市中央区草香江２,地下鉄七隈線「六本松」徒歩10分,70.69,3LDK,1987年11月,https://suumo.jp//ms/chuko/fukuoka/sc_fukuokashichuo/nc_21143432/,六本松,地下鉄七隈線,10,1987-11-01,39,21143432
パークリュクス博多駅前,3580,福岡県福岡市博多区博多駅前４,ＪＲ鹿児島本線「博多」徒歩11分,30.04,1LDK,2024年12月,https://suumo.jp//ms/chuko/fukuoka/sc_fukuokashihakata/nc_20530374/,博多,ＪＲ鹿児島本線,11,2024-12-01,2,20530374
オープンレジデンシア薬院南,3580,福岡県福岡市中央区平尾３-5-6,西鉄天神大牟田線「薬院」徒歩9分,34.54,1LDK,2022年9月,https://suumo.jp//ms/chuko/fukuoka/sc_fukuokashichuo/nc_20474520/,薬院,西鉄天神大牟田線,9,2022-09-01,4,20474520
ＫＢＣマンションユーハイム赤坂南,3580,福岡県福岡市中央区警固２,地下鉄七隈線「薬院大通」徒歩7分,84.87,2LDK,1986年2月,https://suumo.jp//ms/chuko/fukuoka/sc_fukuokashichuo/nc_78851188/,薬院大通,地下鉄七隈線,7,1986-02-01,40,78851188
ＫＢＣマンションユーハイム赤坂南,3580,福岡県福岡市中央区警固２,地下鉄七隈線「薬院大通」徒歩7分,84.87,2LDK,1986年2月,https://suumo.jp//ms/chuko/fukuoka/sc_fukuokashichuo/nc_79226603/,薬院大通,地下鉄七隈線,7,1986-02-01,40,79226603
KBCマンションユーハイム赤坂南,3580,福岡県福岡市中央区警固２,地下鉄七隈線「薬院大通」徒歩7分,84.87,2LDK,1986年2月,https://suumo.jp//ms/chuko/fukuoka/sc_fukuokashichuo/nc_20711061/,薬院大通,地下鉄七隈線,7,1986-02-01,40,20711061
オープンレジデンシア薬院白金,3590,福岡県福岡市中央区白金２-1-24,地下鉄七隈線「薬院」徒歩8分,33.92,1LDK,2023年8月,https://suumo.jp//ms/chuko/fukuoka/sc_fukuokashichuo/nc_75917403/,薬院,地下鉄七隈線,8,2023-08-01,3,75917403
◆☆ラフィネスシャトードゥ赤坂☆◆,3599,福岡県福岡市中央区大手門１,地下鉄空港線「赤坂」徒歩7分,32.81,1LDK,2002年6月,https://suumo.jp//ms/chuko/fukuoka/sc_fukuokashichuo/nc_20853603/,赤坂,地下鉄空港線,7,2002-06-01,24,20853603
ラフィネスシャトードゥ赤坂,3599,福岡県福岡市中央区大手門１,地下鉄空港線「赤坂」徒歩7分,32.81,1LDK,2002年6月,https://suumo.jp//ms/chuko/fukuoka/sc_fukuokashichuo/nc_20946505/,赤坂,地下鉄空港線,7,2002-06-01,24,20946505
ラフィネスシャトードゥ赤坂,3599,福岡県福岡市中央区大手門１-3-31,地下鉄空港線「赤坂」徒歩8分,32.81,1LDK,2002年6月,https://suumo.jp//ms/chuko/fukuoka/sc_fukuokashichuo/nc_20755435/,赤坂,地下鉄空港線,8,2002-06-01,24,20755435
ラフィネスシャトードゥ赤坂,3599,福岡県福岡市中央区大手門１,地下鉄空港線「赤坂」徒歩8分,32.81,1LDK,2002年6月,https://suumo.jp//ms/chuko/fukuoka/sc_fukuokashichuo/nc_20726051/,赤坂,地下鉄空港線,8,2002-06-01,24,20726051
ラフィネスシャトードゥ赤坂,3599,福岡県福岡市中央区大手門１,地下鉄空港線「赤坂」徒歩7分,32.81,1LDK,2002年6月,https://suumo.jp//ms/chuko/fukuoka/sc_fukuokashichuo/nc_20814457/,赤坂,地下鉄空港線,7,2002-06-01,24,20814457
ラフィネスシャトードゥ赤坂,3599,福岡県福岡市中央区大手門１,地下鉄空港線「赤坂」徒歩4分,32.81,1LDK,2002年6月,https://suumo.jp//ms/chuko/fukuoka/sc_fukuokashichuo/nc_21079957/,赤坂,地下鉄空港線,4,2002-06-01,24,21079957
ラフィネスシャトードゥ赤坂,3599,福岡県福岡市中央区大手門１,地下鉄空港線「大濠公園」徒歩7分,32.81,1LDK,2002年6月,https://suumo.jp//ms/chuko/fukuoka/sc_fukuokashichuo/nc_20917050/,大濠公園,地下鉄空港線,7,2002-06-01,24,20917050
ラフィネスシャトードゥ赤坂,3599,福岡県福岡市中央区大手門１,地下鉄空港線「赤坂」徒歩7分,32.81,1LDK,2002年6月,https://suumo.jp//ms/chuko/fukuoka/sc_fukuokashichuo/nc_20392329/,赤坂,地下鉄空港線,7,2002-06-01,24,20392329
ラフィネスシャトードゥ赤坂,3599,福岡県福岡市中央区大手門１,地下鉄空港線「赤坂」徒歩7分,32.81,1LDK,2002年6月,https://suumo.jp//ms/chuko/fukuoka/sc_fukuokashichuo/nc_20294623/,赤坂,地下鉄空港線,7,2002-06-01,24,20294623
ラフィネスシャトードゥ赤坂,3599,福岡県福岡市中央区大手門１-3-31,地下鉄空港線「赤坂」徒歩7分,32.81,1LDK,2002年6月,https://suumo.jp//ms/chuko/fukuoka/sc_fukuokashichuo/nc_20801769/,赤坂,地下鉄空港線,7,2002-06-01,24,20801769
ブラントン六本松,3620,福岡県福岡市中央区草香江２,地下鉄七隈線「六本松」徒歩3分,33.61,1LDK,2020年3月,https://suumo.jp//ms/chuko/fukuoka/sc_fukuokashichuo/nc_20737121/,六本松,地下鉄七隈線,3,2020-03-01,6,20737121
オープンレジデンシア薬院南,3690,福岡県福岡市中央区平尾３,西鉄天神大牟田線「薬院」徒歩8分,39.99,1LDK,2022年8月,https://suumo.jp//ms/chuko/fukuoka/sc_fukuokashichuo/nc_20586988/,薬院,西鉄天神大牟田線,8,2022-08-01,4,20586988
グランフォーレ西新,3699,福岡県福岡市早良区城西１-8-14,地下鉄空港線「西新」徒歩5分,40.05,1LDK,2006年9月,https://suumo.jp//ms/chuko/fukuoka/sc_fukuokashisawara/nc_21046332/,西新,地下鉄空港線,5,2006-09-01,20,21046332
グランフォーレ西新,3699,福岡県福岡市早良区城西１,地下鉄空港線「西新」徒歩5分,40.05,1LDK,2006年9月,https://suumo.jp//ms/chuko/fukuoka/sc_fukuokashisawara/nc_21249165/,西新,地下鉄空港線,5,2006-09-01,20,21249165
グランフォーレ西新,3699,福岡県福岡市早良区城西１,地下鉄空港線「西新」徒歩6分,40.05,1LDK,2006年9月,https://suumo.jp//ms/chuko/fukuoka/sc_fukuokashisawara/nc_21146280/,西新,地下鉄空港線,6,2006-09-01,20,21146280
グランフォーレ西新602号室,3699,福岡県福岡市早良区城西１,地下鉄空港線「西新」徒歩6分,40.05,1LDK,2006年9月,https://suumo.jp//ms/chuko/fukuoka/sc_fukuokashisawara/nc_21161920/,西新,地下鉄空港線,6,2006-09-01,20,21161920
トーカンマンション今泉,3720,福岡県福岡市中央区今泉１,地下鉄七隈線「天神南」徒歩7分,78.26,3LDK,1980年6月,https://suumo.jp//ms/chuko/fukuoka/sc_fukuokashichuo/nc_21166776/,天神南,地下鉄七隈線,7,1980-06-01,46,21166776
トーカンマンション今泉１０,3720,福岡県福岡市中央区今泉１,地下鉄七隈線「天神南」徒歩7分,78.26,3LDK,1980年7月,https://suumo.jp//ms/chuko/fukuoka/sc_fukuokashichuo/nc_20698153/,天神南,地下鉄七隈線,7,1980-07-01,46,20698153
パーク・サンリヤン博多の森I・II番館,3730,福岡県糟屋郡志免町別府西２,地下鉄空港線「福岡空港」徒歩11分,89.13,4LDK,2003年3月,https://suumo.jp//ms/chuko/fukuoka/sc_kasuyagunshime/nc_20968151/,福岡空港,地下鉄空港線,11,2003-03-01,23,20968151
オープンレジデンシア天神今泉,3750,福岡県福岡市中央区今泉２,地下鉄七隈線「薬院大通」徒歩7分,34.12,1LDK,2023年9月,https://suumo.jp//ms/chuko/fukuoka/sc_fukuokashichuo/nc_75894792/,薬院大通,地下鉄七隈線,7,2023-09-01,3,75894792
ロマネスク西公園第６,3790,福岡県福岡市中央区荒戸２,地下鉄空港線「大濠公園」徒歩7分,52.24,2LDK,1991年3月,https://suumo.jp//ms/chuko/fukuoka/sc_fukuokashichuo/nc_20952543/,大濠公園,地下鉄空港線,7,1991-03-01,35,20952543
ロマネスク西公園第6,3790,福岡県福岡市中央区荒戸２,地下鉄空港線「大濠公園」徒歩7分,52.24,2LDK,1991年3月,https://suumo.jp//ms/chuko/fukuoka/sc_fukuokashichuo/nc_20896901/,大濠公園,地下鉄空港線,7,1991-03-01,35,20896901
コープ野村博多東,3798,福岡県福岡市博多区比恵町,地下鉄空港線「東比恵」徒歩4分,98.41,4LDK,1980年3月,https://suumo.jp//ms/chuko/fukuoka/sc_fukuokashihakata/nc_21233451/,東比恵,地下鉄空港線,4,1980-03-01,46,21233451
サンシティ鳥飼,3799,福岡県福岡市城南区鳥飼４-9,地下鉄七隈線「別府」徒歩10分,68.48,3LDK,1994年3月,https://suumo.jp//ms/chuko/fukuoka/sc_fukuokashijonan/nc_20445475/,別府,地下鉄七隈線,10,1994-03-01,32,20445475
サンシティ鳥飼,3799,福岡県福岡市城南区鳥飼４-9-3,地下鉄七隈線「別府」徒歩11分,64.48,3LDK,1994年3月,https://suumo.jp//ms/chuko/fukuoka/sc_fukuokashijonan/nc_20371760/,別府,地下鉄七隈線,11,1994-03-01,32,20371760
サンシティ鳥飼,3799,福岡県福岡市城南区鳥飼４,地下鉄七隈線「別府」徒歩12分,68.48,3LDK,1994年3月,https://suumo.jp//ms/chuko/fukuoka/sc_fukuokashijonan/nc_21015620/,別府,地下鉄七隈線,12,1994-03-01,32,21015620
【リフォーム完了しました☆彡】サンシティ鳥飼,3799,福岡県福岡市城南区鳥飼４-9-3,地下鉄七隈線「別府」徒歩10分,68.48,3LDK,1994年3月,https://suumo.jp//ms/chuko/fukuoka/sc_fukuokashijonan/nc_78214946/,別府,地下鉄七隈線,10,1994-03-01,32,78214946
◆☆サンシティ鳥飼☆◆,3799,福岡県福岡市城南区鳥飼４,地下鉄七隈線「別府」徒歩10分,68.48,3LDK,1994年3月,https://suumo.jp//ms/chuko/fukuoka/sc_fukuokashijonan/nc_78963294/,別府,地下鉄七隈線,10,1994-03-01,32,78963294
サンシティ鳥飼,3799,福岡県福岡市城南区鳥飼４,地下鉄七隈線「別府」徒歩10分,68.48,3LDK,1994年8月,https://suumo.jp//ms/chuko/fukuoka/sc_fukuokashijonan/nc_21090367/,別府,地下鉄七隈線,10,1994-08-01,32,21090367
サンシティ鳥飼,3799,福岡県福岡市城南区鳥飼４-9-3,地下鉄七隈線「別府」徒歩10分,68.48,3LDK,1994年3月,https://suumo.jp//ms/chuko/fukuoka/sc_fukuokashijonan/nc_20956711/,別府,地下鉄七隈線,10,1994-03-01,32,20956711
サンシティ鳥飼,3799,福岡県福岡市城南区鳥飼４,地下鉄七隈線「別府」徒歩10分,68.48,3LDK,1994年3月,https://suumo.jp//ms/chuko/fukuoka/sc_fukuokashijonan/nc_78854362/,別府,地下鉄七隈線,10,1994-03-01,32,78854362
サンシティ鳥飼,3799,福岡県福岡市城南区鳥飼４,地下鉄七隈線「別府」徒歩10分,68.48,3LDK,1994年3月,https://suumo.jp//ms/chuko/fukuoka/sc_fukuokashijonan/nc_21079653/,別府,地下鉄七隈線,10,1994-03-01,32,21079653
サンシティ鳥飼,3799,福岡県福岡市城南区鳥飼４,地下鉄七隈線「別府」徒歩10分,68.48,3LDK,1994年3月,https://suumo.jp//ms/chuko/fukuoka/sc_fukuokashijonan/nc_20647791/,別府,地下鉄七隈線,10,1994-03-01,32,20647791
サンシティ鳥飼,3799,福岡県福岡市城南区鳥飼４,地下鉄七隈線「別府」徒歩12分,68.48,3LDK,1994年3月,https://suumo.jp//ms/chuko/fukuoka/sc_fukuokashijonan/nc_79210134/,別府,地下鉄七隈線,12,1994-03-01,32,79210134
サンシティ鳥飼,3799,福岡県福岡市城南区鳥飼４,地下鉄七隈線「別府」徒歩10分,68.48,3LDK,1994年3月,https://suumo.jp//ms/chuko/fukuoka/sc_fukuokashijonan/nc_20886185/,別府,地下鉄七隈線,10,1994-03-01,32,20886185
チサンマンション西公園,3799,福岡県福岡市中央区荒戸２,地下鉄空港線「大濠公園」徒歩8分,57.32,2LDK,1984年12月,https://suumo.jp//ms/chuko/fukuoka/sc_fukuokashichuo/nc_20780545/,大濠公園,地下鉄空港線,8,1984-12-01,42,20780545
サンシティ鳥飼,3799,福岡県福岡市城南区鳥飼４,地下鉄七隈線「別府」徒歩11分,68.48,3LDK,1994年3月,https://suumo.jp//ms/chuko/fukuoka/sc_fukuokashijonan/nc_20845420/,別府,地下鉄七隈線,11,1994-03-01,32,20845420
オープンレジデンシア渡辺通南,3800,福岡県福岡市中央区清川２,地下鉄七隈線「渡辺通」徒歩10分,38.25,1LDK,2024年9月,https://suumo.jp//ms/chuko/fukuoka/sc_fukuokashichuo/nc_78135127/,渡辺通,地下鉄七隈線,10,2024-09-01,2,78135127
藤和薬院コープ,3848,福岡県福岡市中央区薬院２-3-3,地下鉄七隈線「薬院大通」徒歩2分,71.18,3LDK,1979年3月,https://suumo.jp//ms/chuko/fukuoka/sc_fukuokashichuo/nc_21008454/,薬院大通,地下鉄七隈線,2,1979-03-01,47,21008454
藤和薬院コープ,3848,福岡県福岡市中央区薬院２,地下鉄七隈線「薬院大通」徒歩2分,71.18,3LDK,1979年3月,https://suumo.jp//ms/chuko/fukuoka/sc_fukuokashichuo/nc_20590770/,薬院大通,地下鉄七隈線,2,1979-03-01,47,20590770
日商岩井今泉マンション,3850,福岡県福岡市中央区今泉２-1-28,西鉄天神大牟田線「薬院」徒歩8分,78.75,3LDK,1974年7月,https://suumo.jp//ms/chuko/fukuoka/sc_fukuokashichuo/nc_20988650/,薬院,西鉄天神大牟田線,8,1974-07-01,52,20988650
オープンレジデンシア大濠西,3850,福岡県福岡市中央区今川２,地下鉄空港線「唐人町」徒歩8分,34.11,1LDK,2024年8月,https://suumo.jp//ms/chuko/fukuoka/sc_fukuokashichuo/nc_21193978/,唐人町,地下鉄空港線,8,2024-08-01,2,21193978
ミスモ天神,3880,福岡県福岡市中央区渡辺通２,地下鉄七隈線「薬院」徒歩4分,33.37,1LDK,2023年3月,https://suumo.jp//ms/chuko/fukuoka/sc_fukuokashichuo/nc_78551396/,薬院,地下鉄七隈線,4,2023-03-01,3,78551396
エステートマンション赤坂けやき通り,3880,福岡県福岡市中央区赤坂３,地下鉄七隈線「桜坂」徒歩11分,68.53,3LDK,1995年3月,https://suumo.jp//ms/chuko/fukuoka/sc_fukuokashichuo/nc_21266295/,桜坂,地下鉄七隈線,11,1995-03-01,31,21266295
ミスモ天神,3880,福岡県福岡市中央区渡辺通２,地下鉄七隈線「渡辺通」徒歩4分,33.37,1LDK,2023年3月,https://suumo.jp//ms/chuko/fukuoka/sc_fukuokashichuo/nc_78516843/,渡辺通,地下鉄七隈線,4,2023-03-01,3,78516843
藤和薬院コープ,3898,福岡県福岡市中央区薬院２,地下鉄七隈線「薬院大通」徒歩2分,68.55,3LDK,1979年3月,https://suumo.jp//ms/chuko/fukuoka/sc_fukuokashichuo/nc_21237186/,薬院大通,地下鉄七隈線,2,1979-03-01,47,21237186
サンシティ鳥飼,3899,福岡県福岡市城南区鳥飼４-9-3,地下鉄七隈線「別府」徒歩11分,68.48,3LDK,1994年3月,https://suumo.jp//ms/chuko/fukuoka/sc_fukuokashijonan/nc_79013671/,別府,地下鉄七隈線,11,1994-03-01,32,79013671
サンライフ六本松,3980,福岡県福岡市中央区草香江２,地下鉄七隈線「六本松」徒歩2分,60.02,1LDK+S（納戸）,1984年5月,https://suumo.jp//ms/chuko/fukuoka/sc_fukuokashichuo/nc_20062724/,六本松,地下鉄七隈線,2,1984-05-01,42,20062724
オープンレジデンシア博多住吉,3980,福岡県福岡市博多区住吉２,地下鉄空港線「博多」徒歩9分,38.65,1LDK,2023年8月,https://suumo.jp//ms/chuko/fukuoka/sc_fukuokashihakata/nc_78348132/,博多,地下鉄空港線,9,2023-08-01,3,78348132
ハイラーク舞鶴,3980,福岡県福岡市中央区舞鶴１,地下鉄空港線「赤坂」徒歩7分,67.98,2LDK,1980年1月,https://suumo.jp//ms/chuko/fukuoka/sc_fukuokashichuo/nc_20894851/,赤坂,地下鉄空港線,7,1980-01-01,46,20894851
サンライフ六本松,3980,福岡県福岡市中央区草香江２-1-40,地下鉄七隈線「六本松」徒歩4分,60.02,2LDK,1984年5月,https://suumo.jp//ms/chuko/fukuoka/sc_fukuokashichuo/nc_20660212/,六本松,地下鉄七隈線,4,1984-05-01,42,20660212
オープンレジデンシア博多住吉,3980,福岡県福岡市博多区住吉２,地下鉄七隈線「櫛田神社前」徒歩6分,38.65,1LDK,2023年9月,https://suumo.jp//ms/chuko/fukuoka/sc_fukuokashihakata/nc_77553274/,櫛田神社前,地下鉄七隈線,6,2023-09-01,3,77553274
アンピール百年橋,3980,福岡県福岡市中央区清川３-9-23,地下鉄七隈線「渡辺通」徒歩15分,73.11,3LDK,1995年9月,https://suumo.jp//ms/chuko/fukuoka/sc_fukuokashichuo/nc_20914350/,渡辺通,地下鉄七隈線,15,1995-09-01,31,20914350
日商岩井今泉マンション,3980,福岡県福岡市中央区今泉２,地下鉄七隈線「薬院大通」徒歩7分,78.75,3LDK,1974年7月,https://suumo.jp//ms/chuko/fukuoka/sc_fukuokashichuo/nc_21237189/,薬院大通,地下鉄七隈線,7,1974-07-01,52,21237189
コアマンション祖原公園,3980,福岡県福岡市早良区昭代１,地下鉄空港線「西新」徒歩15分,71.8,2LDK,1999年5月,https://suumo.jp//ms/chuko/fukuoka/sc_fukuokashisawara/nc_77631768/,西新,地下鉄空港線,15,1999-05-01,27,77631768
ロマネスク大濠公園,3980,福岡県福岡市中央区大濠２,地下鉄空港線「唐人町」徒歩6分,57.11,2LDK,1985年8月,https://suumo.jp//ms/chuko/fukuoka/sc_fukuokashichuo/nc_20933103/,唐人町,地下鉄空港線,6,1985-08-01,41,20933103
ライオンズミレス西新,3980,福岡県福岡市早良区城西３,地下鉄空港線「西新」徒歩5分,33.47,1LDK,2022年1月,https://suumo.jp//ms/chuko/fukuoka/sc_fukuokashisawara/nc_21225525/,西新,地下鉄空港線,5,2022-01-01,4,21225525
グランドメゾン藤崎,3990,福岡県福岡市早良区高取２,地下鉄空港線「藤崎」徒歩2分,64.8,2LDK,1983年12月,https://suumo.jp//ms/chuko/fukuoka/sc_fukuokashisawara/nc_21063084/,藤崎,地下鉄空港線,2,1983-12-01,43,21063084
西公園ツインタワー,4000,福岡県福岡市中央区荒戸２,地下鉄空港線「大濠公園」徒歩10分,81.69,4LDK,1990年1月,https://suumo.jp//ms/chuko/fukuoka/sc_fukuokashichuo/nc_20666923/,大濠公園,地下鉄空港線,10,1990-01-01,36,20666923
アンピール百年橋,4080,福岡県福岡市中央区清川３,地下鉄七隈線「渡辺通」徒歩14分,70.11,3LDK,1995年8月,https://suumo.jp//ms/chuko/fukuoka/sc_fukuokashichuo/nc_20746436/,渡辺通,地下鉄七隈線,14,1995-08-01,31,20746436
アンピール百年橋,4080,福岡県福岡市中央区清川３,地下鉄七隈線「渡辺通」徒歩15分,70.11,3LDK,1995年8月,https://suumo.jp//ms/chuko/fukuoka/sc_fukuokashichuo/nc_20724983/,渡辺通,地下鉄七隈線,15,1995-08-01,31,20724983
アクロス空港イーストステージ,4080,福岡県糟屋郡志免町別府西３,地下鉄空港線「福岡空港」徒歩11分,91.26,4LDK,2004年2月,https://suumo.jp//ms/chuko/fukuoka/sc_kasuyagunshime/nc_20876899/,福岡空港,地下鉄空港線,11,2004-02-01,22,20876899
オープンレジデンシア薬院白金,4150,福岡県福岡市中央区白金２,西鉄天神大牟田線「薬院」徒歩8分,33.05,1LDK,2023年9月,https://suumo.jp//ms/chuko/fukuoka/sc_fukuokashichuo/nc_20865211/,薬院,西鉄天神大牟田線,8,2023-09-01,3,20865211
パーク・サンリヤン博多の森Ⅰ・Ⅱ番館,4190,福岡県糟屋郡志免町別府西２,地下鉄空港線「福岡空港」徒歩15分,82.19,3LDK,2003年3月,https://suumo.jp//ms/chuko/fukuoka/sc_kasuyagunshime/nc_21204565/,福岡空港,地下鉄空港線,15,2003-03-01,23,21204565
パーク・サンリヤン博多の森Ⅰ・Ⅱ番館,4190,福岡県糟屋郡志免町別府西２,地下鉄空港線「福岡空港」徒歩10分,82.19,3LDK,2003年3月,https://suumo.jp//ms/chuko/fukuoka/sc_kasuyagunshime/nc_78809967/,福岡空港,地下鉄空港線,10,2003-03-01,23,78809967
パーク・サンリヤン博多の森Ⅰ・Ⅱ番館,4190,福岡県糟屋郡志免町別府西２,地下鉄空港線「福岡空港」徒歩11分,82.19,3LDK,2003年3月,https://suumo.jp//ms/chuko/fukuoka/sc_kasuyagunshime/nc_20724058/,福岡空港,地下鉄空港線,11,2003-03-01,23,20724058
モントーレ東比恵クレア,4199,福岡県福岡市博多区東比恵３,地下鉄空港線「東比恵」徒歩3分,42.77,1LDK,2019年2月,https://suumo.jp//ms/chuko/fukuoka/sc_fukuokashihakata/nc_20106814/,東比恵,地下鉄空港線,3,2019-02-01,7,20106814
モントーレ東比恵クレア,4199,福岡県福岡市博多区東比恵３,地下鉄空港線「東比恵」徒歩2分,42.77,1LDK,2019年2月,https://suumo.jp//ms/chuko/fukuoka/sc_fukuokashihakata/nc_79199369/,東比恵,地下鉄空港線,2,2019-02-01,7,79199369
モントーレ東比恵クレア,4199,福岡県福岡市博多区東比恵３-19-10,地下鉄空港線「東比恵」徒歩2分,42.77,1LDK,2019年2月,https://suumo.jp//ms/chuko/fukuoka/sc_fukuokashihakata/nc_20082171/,東比恵,地下鉄空港線,2,2019-02-01,7,20082171
モントーレ東比恵クレア,4199,福岡県福岡市博多区東比恵３-19-10,地下鉄空港線「東比恵」徒歩2分,42.77,1LDK,2019年3月,https://suumo.jp//ms/chuko/fukuoka/sc_fukuokashihakata/nc_20956730/,東比恵,地下鉄空港線,2,2019-03-01,7,20956730
モントーレ東比恵クレア,4199,福岡県福岡市博多区東比恵３,地下鉄空港線「東比恵」徒歩3分,42.77,1LDK,2019年2月,https://suumo.jp//ms/chuko/fukuoka/sc_fukuokashihakata/nc_79169561/,東比恵,地下鉄空港線,3,2019-02-01,7,79169561
モントーレ東比恵クレア,4199,福岡県福岡市博多区東比恵３,地下鉄空港線「東比恵」徒歩2分,42.77,1LDK,2019年2月,https://suumo.jp//ms/chuko/fukuoka/sc_fukuokashihakata/nc_21239084/,東比恵,地下鉄空港線,2,2019-02-01,7,21239084
モントーレ東比恵クレア,4199,福岡県福岡市博多区東比恵３,地下鉄空港線「東比恵」徒歩2分,42.77,1LDK,2019年2月,https://suumo.jp//ms/chuko/fukuoka/sc_fukuokashihakata/nc_20935569/,東比恵,地下鉄空港線,2,2019-02-01,7,20935569
モントーレ東比恵クレア,4199,福岡県福岡市博多区東比恵３,地下鉄空港線「東比恵」徒歩2分,42.77,1LDK,2019年3月,https://suumo.jp//ms/chuko/fukuoka/sc_fukuokashihakata/nc_78927453/,東比恵,地下鉄空港線,2,2019-03-01,7,78927453
モントーレ東比恵クレア,4199,福岡県福岡市博多区東比恵３,地下鉄空港線「東比恵」徒歩3分,42.77,1LDK,2019年2月,https://suumo.jp//ms/chuko/fukuoka/sc_fukuokashihakata/nc_79197908/,東比恵,地下鉄空港線,3,2019-02-01,7,79197908
モントーレ東比恵クレア,4199,福岡県福岡市博多区東比恵３,地下鉄空港線「東比恵」徒歩4分,42.77,1LDK,2019年2月,https://suumo.jp//ms/chuko/fukuoka/sc_fukuokashihakata/nc_20985954/,東比恵,地下鉄空港線,4,2019-02-01,7,20985954
モントーレ東比恵クレア,4199,福岡県福岡市博多区東比恵３,地下鉄空港線「東比恵」徒歩3分,42.77,1LDK,2019年2月,https://suumo.jp//ms/chuko/fukuoka/sc_fukuokashihakata/nc_20760864/,東比恵,地下鉄空港線,3,2019-02-01,7,20760864
モントーレ東比恵クレア【担当：鍋嶋】　までお気軽にお…,4199,福岡県福岡市博多区東比恵３,地下鉄空港線「東比恵」徒歩2分,42.77,1LDK,2019年2月,https://suumo.jp//ms/chuko/fukuoka/sc_fukuokashihakata/nc_79194902/,東比恵,地下鉄空港線,2,2019-02-01,7,79194902
モントーレ東比恵クレア,4199,福岡県福岡市博多区東比恵３,地下鉄空港線「東比恵」徒歩3分,42.77,1LDK,2019年2月,https://suumo.jp//ms/chuko/fukuoka/sc_fukuokashihakata/nc_20590555/,東比恵,地下鉄空港線,3,2019-02-01,7,20590555
朝日プラザ浄水,4199,福岡県福岡市中央区薬院４,地下鉄七隈線「薬院大通」徒歩4分,74.88,3LDK,1981年4月,https://suumo.jp//ms/chuko/fukuoka/sc_fukuokashichuo/nc_21156825/,薬院大通,地下鉄七隈線,4,1981-04-01,45,21156825
モントーレ東比恵クレア,4199,福岡県福岡市博多区東比恵３,地下鉄空港線「東比恵」徒歩3分,42.77,1LDK+S（納戸）,2019年2月,https://suumo.jp//ms/chuko/fukuoka/sc_fukuokashihakata/nc_20006864/,東比恵,地下鉄空港線,3,2019-02-01,7,20006864
ロマネスク奈良屋,4200,福岡県福岡市博多区須崎町,地下鉄空港線「中洲川端」徒歩5分,50.06,1LDK,1982年10月,https://suumo.jp//ms/chuko/fukuoka/sc_fukuokashihakata/nc_21001095/,中洲川端,地下鉄空港線,5,1982-10-01,44,21001095
ネオグランデ六本松ヒルズ,4200,福岡県福岡市中央区六本松３-11-12,地下鉄七隈線「六本松」徒歩6分,78.14,3LDK,1999年9月,https://suumo.jp//ms/chuko/fukuoka/sc_fukuokashichuo/nc_78147889/,六本松,地下鉄七隈線,6,1999-09-01,27,78147889
ロマネスク奈良屋,4200,福岡県福岡市博多区須崎町,地下鉄空港線「中洲川端」徒歩6分,50.06,1LDK,1982年10月,https://suumo.jp//ms/chuko/fukuoka/sc_fukuokashihakata/nc_21022649/,中洲川端,地下鉄空港線,6,1982-10-01,44,21022649
アクロス大濠公園グランビュー,4230,福岡県福岡市中央区黒門,地下鉄空港線「唐人町」徒歩3分,37.11,1LDK,2025年2月,https://suumo.jp//ms/chuko/fukuoka/sc_fukuokashichuo/nc_20401004/,唐人町,地下鉄空港線,3,2025-02-01,1,20401004
オープンレジデンシア博多駅南(未入居),4248,福岡県福岡市博多区博多駅南２-8-34,ＪＲ鹿児島本線「博多」徒歩14分,41.35,2LDK,2024年8月,https://suumo.jp//ms/chuko/fukuoka/sc_fukuokashihakata/nc_78333936/,博多,ＪＲ鹿児島本線,14,2024-08-01,2,78333936
朝日プラザ浄水,4249,福岡県福岡市中央区薬院４,地下鉄七隈線「薬院大通」徒歩3分,74.88,3LDK,1981年4月,https://suumo.jp//ms/chuko/fukuoka/sc_fukuokashichuo/nc_21204216/,薬院大通,地下鉄七隈線,3,1981-04-01,45,21204216
オープンレジデンシア大濠公園,4250,福岡県福岡市中央区大手門２,地下鉄空港線「大濠公園」徒歩5分,34.78,1LDK,2023年4月,https://suumo.jp//ms/chuko/fukuoka/sc_fukuokashichuo/nc_20576519/,大濠公園,地下鉄空港線,5,2023-04-01,3,20576519
ダイナコートエスパシオ舞鶴,4280,福岡県福岡市中央区舞鶴２,地下鉄空港線「赤坂」徒歩6分,52.92,2LDK,1996年11月,https://suumo.jp//ms/chuko/fukuoka/sc_fukuokashichuo/nc_20152977/,赤坂,地下鉄空港線,6,1996-11-01,30,20152977
アートウィル赤坂,4280,福岡県福岡市中央区赤坂３,地下鉄七隈線「桜坂」徒歩9分,65.61,3LDK,1994年10月,https://suumo.jp//ms/chuko/fukuoka/sc_fukuokashichuo/nc_79112729/,桜坂,地下鉄七隈線,9,1994-10-01,32,79112729
イニシアイオ大名,4280,福岡県福岡市中央区大名１-9-4,地下鉄空港線「赤坂」徒歩5分,45.0,1LDK,2008年1月,https://suumo.jp//ms/chuko/fukuoka/sc_fukuokashichuo/nc_20410240/,赤坂,地下鉄空港線,5,2008-01-01,18,20410240
サンライフ六本松,4280,福岡県福岡市中央区草香江２,地下鉄七隈線「六本松」徒歩2分,60.04,1LDK,1984年5月,https://suumo.jp//ms/chuko/fukuoka/sc_fukuokashichuo/nc_20780392/,六本松,地下鉄七隈線,2,1984-05-01,42,20780392
ロマネスク今川第2,4290,福岡県福岡市中央区今川２,地下鉄空港線「西新」徒歩7分,70.66,3LDK,1998年6月,https://suumo.jp//ms/chuko/fukuoka/sc_fukuokashichuo/nc_20797510/,西新,地下鉄空港線,7,1998-06-01,28,20797510
ロマネスク今川第2,4290,福岡県福岡市中央区今川２,地下鉄空港線「西新」徒歩8分,70.66,3LDK,1998年6月,https://suumo.jp//ms/chuko/fukuoka/sc_fukuokashichuo/nc_21026145/,西新,地下鉄空港線,8,1998-06-01,28,21026145
ロマネスク今川第２,4290,福岡県福岡市中央区今川２-6-35,地下鉄空港線「西新」徒歩8分,70.66,3LDK,1998年6月,https://suumo.jp//ms/chuko/fukuoka/sc_fukuokashichuo/nc_20946029/,西新,地下鉄空港線,8,1998-06-01,28,20946029
ハイツ大手門,4298,福岡県福岡市中央区大手門２,地下鉄空港線「大濠公園」徒歩5分,67.63,3LDK,1982年5月,https://suumo.jp//ms/chuko/fukuoka/sc_fukuokashichuo/nc_21147524/,大濠公園,地下鉄空港線,5,1982-05-01,44,21147524
リファレンス天神南,4299,福岡県福岡市中央区清川２,地下鉄七隈線「渡辺通」徒歩12分,65.32,3LDK,2002年3月,https://suumo.jp//ms/chuko/fukuoka/sc_fukuokashichuo/nc_79226606/,渡辺通,地下鉄七隈線,12,2002-03-01,24,79226606
リファレンス天神南,4299,福岡県福岡市中央区清川２-4-9,地下鉄七隈線「渡辺通」徒歩13分,65.32,3LDK,2002年3月,https://suumo.jp//ms/chuko/fukuoka/sc_fukuokashichuo/nc_20956732/,渡辺通,地下鉄七隈線,13,2002-03-01,24,20956732
リファレンス天神南,4299,福岡県福岡市中央区清川２,地下鉄七隈線「渡辺通」徒歩13分,65.32,3LDK,2002年3月,https://suumo.jp//ms/chuko/fukuoka/sc_fukuokashichuo/nc_20646744/,渡辺通,地下鉄七隈線,13,2002-03-01,24,20646744
リファレンス天神南,4299,福岡県福岡市中央区清川２,地下鉄七隈線「渡辺通」徒歩13分,65.32,3LDK,2002年3月,https://suumo.jp//ms/chuko/fukuoka/sc_fukuokashichuo/nc_21209107/,渡辺通,地下鉄七隈線,13,2002-03-01,24,21209107
リファレンス天神南,4299,福岡県福岡市中央区清川２,地下鉄七隈線「渡辺通」徒歩13分,65.32,3LDK,2002年3月,https://suumo.jp//ms/chuko/fukuoka/sc_fukuokashichuo/nc_20096135/,渡辺通,地下鉄七隈線,13,2002-03-01,24,20096135
リファレンス天神南,4299,福岡県福岡市中央区清川２-4-9,地下鉄七隈線「渡辺通」徒歩13分,65.32,3LDK,2002年3月,https://suumo.jp//ms/chuko/fukuoka/sc_fukuokashichuo/nc_20660235/,渡辺通,地下鉄七隈線,13,2002-03-01,24,20660235
リファレンス天神南,4299,福岡県福岡市中央区清川２,地下鉄七隈線「渡辺通」徒歩13分,65.32,3LDK,2002年3月,https://suumo.jp//ms/chuko/fukuoka/sc_fukuokashichuo/nc_21097447/,渡辺通,地下鉄七隈線,13,2002-03-01,24,21097447
リファレンス天神南,4299,福岡県福岡市中央区清川２-4-9,地下鉄七隈線「渡辺通」徒歩13分,65.32,3LDK,2002年3月,https://suumo.jp//ms/chuko/fukuoka/sc_fukuokashichuo/nc_20249542/,渡辺通,地下鉄七隈線,13,2002-03-01,24,20249542
リファレンス天神南,4299,福岡県福岡市中央区清川２,地下鉄七隈線「渡辺通」徒歩13分,65.32,3LDK,2002年3月,https://suumo.jp//ms/chuko/fukuoka/sc_fukuokashichuo/nc_20033456/,渡辺通,地下鉄七隈線,13,2002-03-01,24,20033456
リファレンス天神南,4299,福岡県福岡市中央区清川２-4-9,地下鉄七隈線「渡辺通」徒歩13分,65.32,3LDK,2002年3月,https://suumo.jp//ms/chuko/fukuoka/sc_fukuokashichuo/nc_20213313/,渡辺通,地下鉄七隈線,13,2002-03-01,24,20213313
オープンレジデンシア薬院二丁目,4350,福岡県福岡市中央区薬院２,西鉄天神大牟田線「薬院」徒歩9分,34.21,1LDK,2023年1月,https://suumo.jp//ms/chuko/fukuoka/sc_fukuokashichuo/nc_20642323/,薬院,西鉄天神大牟田線,9,2023-01-01,3,20642323
ブラントン薬院,4350,福岡県福岡市中央区薬院３,西鉄天神大牟田線「薬院」徒歩3分,34.31,1LDK,2023年1月,https://suumo.jp//ms/chuko/fukuoka/sc_fukuokashichuo/nc_21245602/,薬院,西鉄天神大牟田線,3,2023-01-01,3,21245602
アクロス天神セントラルグロー,4350,福岡県福岡市中央区春吉２,地下鉄七隈線「渡辺通」徒歩6分,44.4,2LDK,2023年4月,https://suumo.jp//ms/chuko/fukuoka/sc_fukuokashichuo/nc_21029594/,渡辺通,地下鉄七隈線,6,2023-04-01,3,21029594
藤崎ロジュマン,4380,福岡県福岡市早良区昭代３-9-5,地下鉄空港線「藤崎」徒歩13分,82.76,4LDK,1988年3月,https://suumo.jp//ms/chuko/fukuoka/sc_fukuokashisawara/nc_20956745/,藤崎,地下鉄空港線,13,1988-03-01,38,20956745
藤崎ロジュマン,4380,福岡県福岡市早良区昭代３-9-5,地下鉄空港線「藤崎」徒歩10分,82.76,4LDK,1988年3月,https://suumo.jp//ms/chuko/fukuoka/sc_fukuokashisawara/nc_78392749/,藤崎,地下鉄空港線,10,1988-03-01,38,78392749
藤崎ロジュマン,4380,福岡県福岡市早良区昭代３,地下鉄空港線「藤崎」徒歩11分,82.76,4LDK,1988年3月,https://suumo.jp//ms/chuko/fukuoka/sc_fukuokashisawara/nc_79053877/,藤崎,地下鉄空港線,11,1988-03-01,38,79053877
藤崎ロジュマン,4380,福岡県福岡市早良区昭代３,地下鉄空港線「藤崎」徒歩12分,82.76,4LDK,1988年3月,https://suumo.jp//ms/chuko/fukuoka/sc_fukuokashisawara/nc_21090386/,藤崎,地下鉄空港線,12,1988-03-01,38,21090386
藤崎ロジュマン,4380,福岡県福岡市早良区昭代３,地下鉄空港線「藤崎」徒歩10分,82.76,4LDK,1988年3月,https://suumo.jp//ms/chuko/fukuoka/sc_fukuokashisawara/nc_78457540/,藤崎,地下鉄空港線,10,1988-03-01,38,78457540
藤崎ロジュマン,4380,福岡県福岡市早良区昭代３,地下鉄空港線「藤崎」徒歩10分,82.76,4LDK,1988年3月,https://suumo.jp//ms/chuko/fukuoka/sc_fukuokashisawara/nc_20248803/,藤崎,地下鉄空港線,10,1988-03-01,38,20248803
アンピール別府Ⅱ,4380,福岡県福岡市城南区別府３,地下鉄七隈線「別府」徒歩3分,66.29,3LDK,1993年8月,https://suumo.jp//ms/chuko/fukuoka/sc_fukuokashijonan/nc_20451509/,別府,地下鉄七隈線,3,1993-08-01,33,20451509
ロイヤルマンション西新,4399,福岡県福岡市早良区祖原23-20,地下鉄空港線「西新」徒歩8分,84.48,4LDK,1987年11月,https://suumo.jp//ms/chuko/fukuoka/sc_fukuokashisawara/nc_20970874/,西新,地下鉄空港線,8,1987-11-01,39,20970874
コスモ博多古門戸,4399,福岡県福岡市博多区古門戸町10-5,地下鉄箱崎線「中洲川端」徒歩9分,54.49,1LDK,2003年1月,https://suumo.jp//ms/chuko/fukuoka/sc_fukuokashihakata/nc_20956713/,中洲川端,地下鉄箱崎線,9,2003-01-01,23,20956713
ロイヤルマンション西新,4399,福岡県福岡市早良区祖原,地下鉄空港線「西新」徒歩8分,84.48,4LDK,1987年11月,https://suumo.jp//ms/chuko/fukuoka/sc_fukuokashisawara/nc_21205834/,西新,地下鉄空港線,8,1987-11-01,39,21205834
ロイヤルマンション西新,4399,福岡県福岡市早良区祖原23-20,地下鉄空港線「西新」徒歩8分,84.48,4LDK,1987年11月,https://suumo.jp//ms/chuko/fukuoka/sc_fukuokashisawara/nc_20547639/,西新,地下鉄空港線,8,1987-11-01,39,20547639
ロイヤルマンション西新,4399,福岡県福岡市早良区祖原,地下鉄空港線「西新」徒歩8分,84.48,4LDK,1987年11月,https://suumo.jp//ms/chuko/fukuoka/sc_fukuokashisawara/nc_20544576/,西新,地下鉄空港線,8,1987-11-01,39,20544576
ロイヤルマンション西新,4399,福岡県福岡市早良区祖原,地下鉄空港線「西新」徒歩10分,84.48,4LDK,1987年11月,https://suumo.jp//ms/chuko/fukuoka/sc_fukuokashisawara/nc_20798870/,西新,地下鉄空港線,10,1987-11-01,39,20798870
ロイヤルマンション西新,4399,福岡県福岡市早良区祖原,地下鉄空港線「西新」徒歩11分,84.48,ワンルーム,1987年11月,https://suumo.jp//ms/chuko/fukuoka/sc_fukuokashisawara/nc_21197491/,西新,地下鉄空港線,11,1987-11-01,39,21197491
デュオヴェール薬院est,4400,福岡県福岡市中央区高砂１,西鉄天神大牟田線「薬院」徒歩7分,43.81,2LDK,2021年1月,https://suumo.jp//ms/chuko/fukuoka/sc_fukuokashichuo/nc_20804712/,薬院,西鉄天神大牟田線,7,2021-01-01,5,20804712
ロワールマンション大濠Ⅱ,4430,福岡県福岡市中央区荒戸２,地下鉄空港線「大濠公園」徒歩3分,67.29,2LDK,1986年11月,https://suumo.jp//ms/chuko/fukuoka/sc_fukuokashichuo/nc_20236085/,大濠公園,地下鉄空港線,3,1986-11-01,40,20236085
オープンレジデンシア博多空港通り(未入居),4448,福岡県福岡市博多区東光２-6-12,ＪＲ篠栗線「博多」徒歩12分,48.97,2LDK,2024年8月,https://suumo.jp//ms/chuko/fukuoka/sc_fukuokashihakata/nc_78334003/,博多,ＪＲ篠栗線,12,2024-08-01,2,78334003
平尾フェニックスマンション,4480,福岡県福岡市中央区平尾１,西鉄天神大牟田線「薬院」徒歩6分,61.29,3LDK,1991年10月,https://suumo.jp//ms/chuko/fukuoka/sc_fukuokashichuo/nc_20577801/,薬院,西鉄天神大牟田線,6,1991-10-01,35,20577801
チサンマンション西公園,4480,福岡県福岡市中央区荒戸２,地下鉄空港線「大濠公園」徒歩8分,68.59,3LDK,1984年12月,https://suumo.jp//ms/chuko/fukuoka/sc_fukuokashichuo/nc_21044780/,大濠公園,地下鉄空港線,8,1984-12-01,42,21044780
デュオヴェール博多駅,4480,福岡県福岡市博多区博多駅東１,ＪＲ鹿児島本線「博多」徒歩8分,43.82,1LDK,2023年6月,https://suumo.jp//ms/chuko/fukuoka/sc_fukuokashihakata/nc_20555466/,博多,ＪＲ鹿児島本線,8,2023-06-01,3,20555466
ライオンズマンション高砂,4480,福岡県福岡市中央区高砂１,地下鉄七隈線「渡辺通」徒歩8分,81.16,2LDK,1978年11月,https://suumo.jp//ms/chuko/fukuoka/sc_fukuokashichuo/nc_21235250/,渡辺通,地下鉄七隈線,8,1978-11-01,48,21235250
西公園ツインタワー,4498,福岡県福岡市中央区荒戸２,地下鉄空港線「大濠公園」徒歩8分,83.05,3LDK,1990年1月,https://suumo.jp//ms/chuko/fukuoka/sc_fukuokashichuo/nc_21188027/,大濠公園,地下鉄空港線,8,1990-01-01,36,21188027
西公園ツインタワー,4498,福岡県福岡市中央区荒戸２,地下鉄空港線「大濠公園」徒歩10分,83.05,3LDK,1990年1月,https://suumo.jp//ms/chuko/fukuoka/sc_fukuokashichuo/nc_20760407/,大濠公園,地下鉄空港線,10,1990-01-01,36,20760407
西公園ツインタワー,4498,福岡県福岡市中央区荒戸２,地下鉄空港線「大濠公園」徒歩9分,83.05,3LDK,1990年1月,https://suumo.jp//ms/chuko/fukuoka/sc_fukuokashichuo/nc_20977246/,大濠公園,地下鉄空港線,9,1990-01-01,36,20977246
エンクレストベイサイド通り,4499,福岡県福岡市博多区築港本町,地下鉄空港線「中洲川端」徒歩13分,54.65,1LDK+S（納戸）,2016年6月,https://suumo.jp//ms/chuko/fukuoka/sc_fukuokashihakata/nc_79015073/,中洲川端,地下鉄空港線,13,2016-06-01,10,79015073
エンクレストベイサイド通り,4499,福岡県福岡市博多区築港本町,地下鉄空港線「中洲川端」徒歩15分,54.65,1LDK,2016年5月,https://suumo.jp//ms/chuko/fukuoka/sc_fukuokashihakata/nc_79220129/,中洲川端,地下鉄空港線,15,2016-05-01,10,79220129
ロイヤルマンション西新,4499,福岡県福岡市早良区祖原,地下鉄空港線「西新」徒歩10分,84.48,4LDK,1987年11月,https://suumo.jp//ms/chuko/fukuoka/sc_fukuokashisawara/nc_21097448/,西新,地下鉄空港線,10,1987-11-01,39,21097448
エンクレストベイサイド通り,4499,福岡県福岡市博多区築港本町7-14,地下鉄空港線「中洲川端」徒歩15分,54.65,1LDK,2016年5月,https://suumo.jp//ms/chuko/fukuoka/sc_fukuokashihakata/nc_20582550/,中洲川端,地下鉄空港線,15,2016-05-01,10,20582550
◆☆ ロイヤルマンション西新☆◆,4499,福岡県福岡市早良区祖原,地下鉄空港線「西新」徒歩8分,84.48,4LDK,1987年11月,https://suumo.jp//ms/chuko/fukuoka/sc_fukuokashisawara/nc_20854622/,西新,地下鉄空港線,8,1987-11-01,39,20854622
◆☆エンクレストベイサイド通り☆◆,4499,福岡県福岡市博多区築港本町,地下鉄空港線「中洲川端」徒歩13分,54.65,1LDK+S（納戸）,2016年5月,https://suumo.jp//ms/chuko/fukuoka/sc_fukuokashihakata/nc_21159303/,中洲川端,地下鉄空港線,13,2016-05-01,10,21159303
エンクレストベイサイド通り,4499,福岡県福岡市博多区築港本町,地下鉄空港線「中洲川端」徒歩13分,54.65,1LDK+S（納戸）,2016年5月,https://suumo.jp//ms/chuko/fukuoka/sc_fukuokashihakata/nc_78937325/,中洲川端,地下鉄空港線,13,2016-05-01,10,78937325
エンクレストベイサイド通り,4499,福岡県福岡市博多区築港本町7-14,地下鉄空港線「中洲川端」徒歩12分,54.65,1LDK+S（納戸）,2016年5月,https://suumo.jp//ms/chuko/fukuoka/sc_fukuokashihakata/nc_20420878/,中洲川端,地下鉄空港線,12,2016-05-01,10,20420878
エンクレストベイサイド通り,4499,福岡県福岡市博多区築港本町,地下鉄空港線「中洲川端」徒歩13分,54.65,1LDK+S（納戸）,2016年5月,https://suumo.jp//ms/chuko/fukuoka/sc_fukuokashihakata/nc_21249164/,中洲川端,地下鉄空港線,13,2016-05-01,10,21249164
エンクレストベイサイド通り,4499,福岡県福岡市博多区築港本町7,地下鉄箱崎線「中洲川端」徒歩12分,54.65,1LDK,2016年5月,https://suumo.jp//ms/chuko/fukuoka/sc_fukuokashihakata/nc_78957204/,中洲川端,地下鉄箱崎線,12,2016-05-01,10,78957204
クリオラベルヴィ呉服町,4499,福岡県福岡市博多区下呉服町,地下鉄空港線「中洲川端」徒歩11分,34.4,1LDK,2018年1月,https://suumo.jp//ms/chuko/fukuoka/sc_fukuokashihakata/nc_20997474/,中洲川端,地下鉄空港線,11,2018-01-01,8,20997474
エンクレストベイサイド通り,4499,福岡県福岡市博多区築港本町,地下鉄空港線「中洲川端」徒歩13分,54.65,1LDK+S（納戸）,2016年5月,https://suumo.jp//ms/chuko/fukuoka/sc_fukuokashihakata/nc_20594589/,中洲川端,地下鉄空港線,13,2016-05-01,10,20594589
ロイヤルマンション西新,4499,福岡県福岡市早良区祖原,地下鉄空港線「西新」徒歩12分,84.48,4LDK,1987年11月,https://suumo.jp//ms/chuko/fukuoka/sc_fukuokashisawara/nc_20846078/,西新,地下鉄空港線,12,1987-11-01,39,20846078
シティマンション大名,4500,福岡県福岡市中央区大名１,地下鉄空港線「赤坂」徒歩6分,64.98,3LDK,1987年1月,https://suumo.jp//ms/chuko/fukuoka/sc_fukuokashichuo/nc_78307032/,赤坂,地下鉄空港線,6,1987-01-01,39,78307032
スコーレ赤坂,4500,福岡県福岡市中央区赤坂１,地下鉄空港線「赤坂」徒歩1分,74.92,2LDK,1982年4月,https://suumo.jp//ms/chuko/fukuoka/sc_fukuokashichuo/nc_20948701/,赤坂,地下鉄空港線,1,1982-04-01,44,20948701
アーバンパレス大濠,4570,福岡県福岡市中央区荒戸２,地下鉄空港線「大濠公園」徒歩4分,53.88,2DK,1992年6月,https://suumo.jp//ms/chuko/fukuoka/sc_fukuokashichuo/nc_21187898/,大濠公園,地下鉄空港線,4,1992-06-01,34,21187898
西公園ツインタワー,4580,福岡県福岡市中央区荒戸２,地下鉄空港線「大濠公園」徒歩8分,83.05,3LDK,1990年1月,https://suumo.jp//ms/chuko/fukuoka/sc_fukuokashichuo/nc_20650003/,大濠公園,地下鉄空港線,8,1990-01-01,36,20650003
オープンレジデンシア博多空港通り,4580,福岡県福岡市博多区東光２,ＪＲ鹿児島本線「博多」徒歩9分,48.97,2LDK,2024年7月,https://suumo.jp//ms/chuko/fukuoka/sc_fukuokashihakata/nc_20593483/,博多,ＪＲ鹿児島本線,9,2024-07-01,2,20593483
アルデ別府,4580,福岡県福岡市城南区別府１-16-28,地下鉄七隈線「別府」徒歩3分,112.19,3LDK,2006年1月,https://suumo.jp//ms/chuko/fukuoka/sc_fukuokashijonan/nc_21260915/,別府,地下鉄七隈線,3,2006-01-01,20,21260915
ライオンズマンション大濠第二,4580,福岡県福岡市中央区黒門,地下鉄空港線「唐人町」徒歩3分,72.5,3LDK,1983年2月,https://suumo.jp//ms/chuko/fukuoka/sc_fukuokashichuo/nc_20623163/,唐人町,地下鉄空港線,3,1983-02-01,43,20623163
デュオヴェール西新,4580,福岡県福岡市早良区祖原,地下鉄空港線「西新」徒歩6分,43.5,2LDK,2021年7月,https://suumo.jp//ms/chuko/fukuoka/sc_fukuokashisawara/nc_78829131/,西新,地下鉄空港線,6,2021-07-01,5,78829131
ティアラ薬院,4580,福岡県福岡市中央区薬院２,地下鉄七隈線「薬院大通」徒歩3分,87.4,2LDK,1991年12月,https://suumo.jp//ms/chuko/fukuoka/sc_fukuokashichuo/nc_74671558/,薬院大通,地下鉄七隈線,3,1991-12-01,35,74671558
デュオヴェール薬院est,4580,福岡県福岡市中央区高砂１,西鉄天神大牟田線「薬院」徒歩7分,43.81,2LDK,2021年1月,https://suumo.jp//ms/chuko/fukuoka/sc_fukuokashichuo/nc_20826258/,薬院,西鉄天神大牟田線,7,2021-01-01,5,20826258
コーポ大濠,4580,福岡県福岡市中央区荒戸１,地下鉄空港線「大濠公園」徒歩2分,149.22,3LDK,1985年3月,https://suumo.jp//ms/chuko/fukuoka/sc_fukuokashichuo/nc_21149220/,大濠公園,地下鉄空港線,2,1985-03-01,41,21149220
シャンボール高取,4580,福岡県福岡市早良区高取２,地下鉄空港線「藤崎」徒歩6分,85.9,3LDK+S（納戸）,1980年9月,https://suumo.jp//ms/chuko/fukuoka/sc_fukuokashisawara/nc_20841612/,藤崎,地下鉄空港線,6,1980-09-01,46,20841612
アルファライフ博多プレシャス,4599,福岡県福岡市博多区住吉５,地下鉄七隈線「博多」徒歩15分,53.04,1LDK,2011年3月,https://suumo.jp//ms/chuko/fukuoka/sc_fukuokashihakata/nc_20590548/,博多,地下鉄七隈線,15,2011-03-01,15,20590548
アルファライフ博多,4599,福岡県福岡市博多区住吉５,ＪＲ鹿児島本線「博多」徒歩14分,53.04,1LDK,2011年3月,https://suumo.jp//ms/chuko/fukuoka/sc_fukuokashihakata/nc_21086949/,博多,ＪＲ鹿児島本線,14,2011-03-01,15,21086949
サヴォイ　ザ・リバーテラス,4599,福岡県福岡市博多区中洲中島町3-20,地下鉄空港線「中洲川端」徒歩8分,49.89,2LDK,2006年2月,https://suumo.jp//ms/chuko/fukuoka/sc_fukuokashihakata/nc_20966490/,中洲川端,地下鉄空港線,8,2006-02-01,20,20966490
アルファライフ博多,4599,福岡県福岡市博多区住吉５,ＪＲ鹿児島本線「博多」徒歩13分,53.04,1LDK,2011年3月,https://suumo.jp//ms/chuko/fukuoka/sc_fukuokashihakata/nc_20823573/,博多,ＪＲ鹿児島本線,13,2011-03-01,15,20823573
アルファライフ博多,4599,福岡県福岡市博多区住吉５,地下鉄七隈線「博多」徒歩13分,53.04,1LDK,2011年3月,https://suumo.jp//ms/chuko/fukuoka/sc_fukuokashihakata/nc_20155224/,博多,地下鉄七隈線,13,2011-03-01,15,20155224
アルファライフ博多プレシャス,4599,福岡県福岡市博多区住吉５-5-22,ＪＲ鹿児島本線「博多」徒歩14分,53.04,1LDK,2011年3月,https://suumo.jp//ms/chuko/fukuoka/sc_fukuokashihakata/nc_20956727/,博多,ＪＲ鹿児島本線,14,2011-03-01,15,20956727
アルファライフ博多,4599,福岡県福岡市博多区住吉５-5-22,ＪＲ篠栗線「博多」徒歩14分,53.04,1LDK,2011年3月,https://suumo.jp//ms/chuko/fukuoka/sc_fukuokashihakata/nc_20163293/,博多,ＪＲ篠栗線,14,2011-03-01,15,20163293
アルファライフ博多,4599,福岡県福岡市博多区住吉５,ＪＲ鹿児島本線「博多」徒歩14分,53.04,1LDK,2011年3月,https://suumo.jp//ms/chuko/fukuoka/sc_fukuokashihakata/nc_79167310/,博多,ＪＲ鹿児島本線,14,2011-03-01,15,79167310
サヴォィ　ザ・リバーテラス,4599,福岡県福岡市博多区中洲中島町3-20,地下鉄空港線「中洲川端」徒歩6分,49.89,2LDK,2006年2月,https://suumo.jp//ms/chuko/fukuoka/sc_fukuokashihakata/nc_21268015/,中洲川端,地下鉄空港線,6,2006-02-01,20,21268015
アルファライフ博多,4599,福岡県福岡市博多区住吉５,ＪＲ鹿児島本線「博多」徒歩14分,53.04,1LDK,2011年3月,https://suumo.jp//ms/chuko/fukuoka/sc_fukuokashihakata/nc_20875883/,博多,ＪＲ鹿児島本線,14,2011-03-01,15,20875883
エンクレストベイサイド通り,4599,福岡県福岡市博多区築港本町,地下鉄空港線「中洲川端」徒歩15分,54.65,1LDK,2016年5月,https://suumo.jp//ms/chuko/fukuoka/sc_fukuokashihakata/nc_20997472/,中洲川端,地下鉄空港線,15,2016-05-01,10,20997472
アルファライフ博多,4599,福岡県福岡市博多区住吉５-5-22,ＪＲ鹿児島本線「博多」徒歩12分,53.04,1LDK,2011年3月,https://suumo.jp//ms/chuko/fukuoka/sc_fukuokashihakata/nc_20554532/,博多,ＪＲ鹿児島本線,12,2011-03-01,15,20554532
サヴォイ　ザ・リバーテラス,4599,福岡県福岡市博多区中洲中島町,地下鉄箱崎線「中洲川端」徒歩6分,49.89,2LDK,2006年2月,https://suumo.jp//ms/chuko/fukuoka/sc_fukuokashihakata/nc_20926892/,中洲川端,地下鉄箱崎線,6,2006-02-01,20,20926892
サヴォイ ザ・リバーテラス,4599,福岡県福岡市博多区中洲中島町3-20,地下鉄箱崎線「中洲川端」徒歩5分,49.89,2LDK,2006年2月,https://suumo.jp//ms/chuko/fukuoka/sc_fukuokashihakata/nc_20956215/,中洲川端,地下鉄箱崎線,5,2006-02-01,20,20956215
朝日プラザ天神,4600,福岡県福岡市中央区舞鶴１,地下鉄空港線「天神」徒歩7分,59.08,2LDK,1986年5月,https://suumo.jp//ms/chuko/fukuoka/sc_fukuokashichuo/nc_21172212/,天神,地下鉄空港線,7,1986-05-01,40,21172212
ソレイユ赤坂南,4680,福岡県福岡市中央区六本松３,地下鉄七隈線「六本松」徒歩9分,75.03,3LDK,1989年10月,https://suumo.jp//ms/chuko/fukuoka/sc_fukuokashichuo/nc_20277705/,六本松,地下鉄七隈線,9,1989-10-01,37,20277705
東急ドエル・アルス博多・古門戸町,4690,福岡県福岡市博多区古門戸町,地下鉄箱崎線「中洲川端」徒歩6分,55.39,2LDK,1997年2月,https://suumo.jp//ms/chuko/fukuoka/sc_fukuokashihakata/nc_20667143/,中洲川端,地下鉄箱崎線,6,1997-02-01,29,20667143
アルファライフ博多,4699,福岡県福岡市博多区住吉５-5-22,地下鉄七隈線「博多」徒歩13分,53.04,1LDK,2011年3月,https://suumo.jp//ms/chuko/fukuoka/sc_fukuokashihakata/nc_20886121/,博多,地下鉄七隈線,13,2011-03-01,15,20886121
アルファライフ博多,4699,福岡県福岡市博多区住吉５,地下鉄七隈線「博多」徒歩13分,53.04,1LDK,2011年3月,https://suumo.jp//ms/chuko/fukuoka/sc_fukuokashihakata/nc_20554328/,博多,地下鉄七隈線,13,2011-03-01,15,20554328
アルファライフ博多,4699,福岡県福岡市博多区住吉５,ＪＲ鹿児島本線「博多」徒歩13分,53.04,1LDK,2011年3月,https://suumo.jp//ms/chuko/fukuoka/sc_fukuokashihakata/nc_20610221/,博多,ＪＲ鹿児島本線,13,2011-03-01,15,20610221
アルファライフ博多,4699,福岡県福岡市博多区住吉５-5-22,ＪＲ篠栗線「博多」徒歩14分,53.04,1LDK,2011年3月,https://suumo.jp//ms/chuko/fukuoka/sc_fukuokashihakata/nc_20733990/,博多,ＪＲ篠栗線,14,2011-03-01,15,20733990
アルファライフ博多,4699,福岡県福岡市博多区住吉５,ＪＲ鹿児島本線「博多」徒歩14分,53.04,1LDK,2011年3月,https://suumo.jp//ms/chuko/fukuoka/sc_fukuokashihakata/nc_20564572/,博多,ＪＲ鹿児島本線,14,2011-03-01,15,20564572
アルファライフ博多プレシャス,4699,福岡県福岡市博多区住吉５,地下鉄七隈線「博多」徒歩15分,53.04,1LDK,2011年3月,https://suumo.jp//ms/chuko/fukuoka/sc_fukuokashihakata/nc_21209105/,博多,地下鉄七隈線,15,2011-03-01,15,21209105
アートウィル赤坂,4780,福岡県福岡市中央区赤坂３,地下鉄七隈線「桜坂」徒歩9分,65.61,2LDK,1994年10月,https://suumo.jp//ms/chuko/fukuoka/sc_fukuokashichuo/nc_20964533/,桜坂,地下鉄七隈線,9,1994-10-01,32,20964533
サングレート博多ロイヤルステージ,4780,福岡県福岡市博多区半道橋１,地下鉄空港線「東比恵」徒歩12分,91.02,4LDK,2012年10月,https://suumo.jp//ms/chuko/fukuoka/sc_fukuokashihakata/nc_78475889/,東比恵,地下鉄空港線,12,2012-10-01,14,78475889
オリエントハイツ別府,4790,福岡県福岡市城南区別府１,地下鉄七隈線「別府」徒歩1分,84.0,3LDK,1990年5月,https://suumo.jp//ms/chuko/fukuoka/sc_fukuokashijonan/nc_20199429/,別府,地下鉄七隈線,1,1990-05-01,36,20199429
エステートマンション大濠グランディール,4880,福岡県福岡市中央区今川２-7-52,地下鉄空港線「唐人町」徒歩8分,68.37,3LDK,1991年3月,https://suumo.jp//ms/chuko/fukuoka/sc_fukuokashichuo/nc_21240480/,唐人町,地下鉄空港線,8,1991-03-01,35,21240480
アーバンパレスアクス大濠Ⅱ,4890,福岡県福岡市中央区荒戸３-3-15,地下鉄空港線「唐人町」徒歩5分,74.2,3LDK,1999年3月,https://suumo.jp//ms/chuko/fukuoka/sc_fukuokashichuo/nc_76431436/,唐人町,地下鉄空港線,5,1999-03-01,27,76431436
サーパス桜坂,4900,福岡県福岡市中央区桜坂３,地下鉄七隈線「桜坂」徒歩5分,71.63,3LDK,2000年6月,https://suumo.jp//ms/chuko/fukuoka/sc_fukuokashichuo/nc_20031460/,桜坂,地下鉄七隈線,5,2000-06-01,26,20031460
オープンレジデンシア天神今泉,4900,福岡県福岡市中央区今泉２,地下鉄七隈線「薬院大通」徒歩6分,46.01,2LDK,2023年9月,https://suumo.jp//ms/chuko/fukuoka/sc_fukuokashichuo/nc_78553902/,薬院大通,地下鉄七隈線,6,2023-09-01,3,78553902
エンクレスト博多駅南ＦＩＴ,4950,福岡県福岡市博多区博多駅南２,地下鉄空港線「博多」徒歩14分,49.54,2LDK,2022年10月,https://suumo.jp//ms/chuko/fukuoka/sc_fukuokashihakata/nc_21126510/,博多,地下鉄空港線,14,2022-10-01,4,21126510
ヒルズ平尾,4980,福岡県福岡市中央区平尾４,地下鉄七隈線「薬院」徒歩15分,80.79,2LDK,1998年2月,https://suumo.jp//ms/chuko/fukuoka/sc_fukuokashichuo/nc_20594188/,薬院,地下鉄七隈線,15,1998-02-01,28,20594188
エンゼルハイム鳥飼中央,4980,福岡県福岡市中央区鳥飼１,地下鉄空港線「西新」徒歩15分,75.68,3LDK,2001年2月,https://suumo.jp//ms/chuko/fukuoka/sc_fukuokashichuo/nc_20896322/,西新,地下鉄空港線,15,2001-02-01,25,20896322
ニューライフ西公園,4980,福岡県福岡市中央区荒戸３,地下鉄空港線「唐人町」徒歩10分,86.57,3LDK+S（納戸）,1982年3月,https://suumo.jp//ms/chuko/fukuoka/sc_fukuokashichuo/nc_21097444/,唐人町,地下鉄空港線,10,1982-03-01,44,21097444
エンゼルハイム鳥飼中央,4980,福岡県福岡市中央区鳥飼１,地下鉄空港線「唐人町」徒歩15分,75.68,3LDK,2001年3月,https://suumo.jp//ms/chuko/fukuoka/sc_fukuokashichuo/nc_20842992/,唐人町,地下鉄空港線,15,2001-03-01,25,20842992
エンゼルハイム鳥飼中央,4980,福岡県福岡市中央区鳥飼１,地下鉄空港線「唐人町」徒歩15分,75.68,3LDK,2001年3月,https://suumo.jp//ms/chuko/fukuoka/sc_fukuokashichuo/nc_20786093/,唐人町,地下鉄空港線,15,2001-03-01,25,20786093
東急ドエルアルス桜坂,4980,福岡県福岡市中央区桜坂１,地下鉄七隈線「桜坂」徒歩6分,68.03,3LDK,1996年3月,https://suumo.jp//ms/chuko/fukuoka/sc_fukuokashichuo/nc_21126879/,桜坂,地下鉄七隈線,6,1996-03-01,30,21126879
コモダス天神,4980,福岡県福岡市中央区今泉２,地下鉄七隈線「薬院大通」徒歩6分,58.3,2LDK,1997年5月,https://suumo.jp//ms/chuko/fukuoka/sc_fukuokashichuo/nc_21035180/,薬院大通,地下鉄七隈線,6,1997-05-01,29,21035180
エンゼルハイム鳥飼中央,4980,福岡県福岡市中央区鳥飼１-４－４３,地下鉄空港線「西新」徒歩13分,75.68,3LDK,2001年3月,https://suumo.jp//ms/chuko/fukuoka/sc_fukuokashichuo/nc_78757591/,西新,地下鉄空港線,13,2001-03-01,25,78757591
エンゼルハイム鳥飼中央,4980,福岡県福岡市中央区鳥飼１,地下鉄七隈線「六本松」徒歩15分,75.68,3LDK,2001年3月,https://suumo.jp//ms/chuko/fukuoka/sc_fukuokashichuo/nc_20507192/,六本松,地下鉄七隈線,15,2001-03-01,25,20507192
エンゼルハイム鳥飼中央,4980,福岡県福岡市中央区鳥飼１-4-43,地下鉄七隈線「別府」徒歩13分,75.68,3LDK,2001年3月,https://suumo.jp//ms/chuko/fukuoka/sc_fukuokashichuo/nc_20604902/,別府,地下鉄七隈線,13,2001-03-01,25,20604902
ライオンズマンション天神南,4980,福岡県福岡市中央区今泉２,地下鉄七隈線「薬院大通」徒歩7分,86.02,1LDK,1992年3月,https://suumo.jp//ms/chuko/fukuoka/sc_fukuokashichuo/nc_20435722/,薬院大通,地下鉄七隈線,7,1992-03-01,34,20435722
サングレート薬院駅ロイヤルウィン,4980,福岡県福岡市中央区平尾１,西鉄天神大牟田線「薬院」徒歩5分,55.72,2LDK,2003年11月,https://suumo.jp//ms/chuko/fukuoka/sc_fukuokashichuo/nc_20538366/,薬院,西鉄天神大牟田線,5,2003-11-01,23,20538366
エンゼルハイム鳥飼中央,4980,福岡県福岡市中央区鳥飼１,地下鉄七隈線「別府」徒歩13分,75.68,2LDK+S（納戸）,2001年3月,https://suumo.jp//ms/chuko/fukuoka/sc_fukuokashichuo/nc_21237185/,別府,地下鉄七隈線,13,2001-03-01,25,21237185
東峰マンション六本松,4990,福岡県福岡市中央区輝国２,地下鉄七隈線「六本松」徒歩8分,78.87,2LDK,1989年5月,https://suumo.jp//ms/chuko/fukuoka/sc_fukuokashichuo/nc_21221610/,六本松,地下鉄七隈線,8,1989-05-01,37,21221610
ロマネスク浄水通り,4990,福岡県福岡市中央区薬院４,地下鉄七隈線「薬院大通」徒歩5分,91.98,3LDK,1986年7月,https://suumo.jp//ms/chuko/fukuoka/sc_fukuokashichuo/nc_21120042/,薬院大通,地下鉄七隈線,5,1986-07-01,40,21120042
ロマネスク六本松第２　Ａ棟,4990,福岡県福岡市中央区谷１,地下鉄七隈線「六本松」徒歩4分,78.12,3LDK,1987年8月,https://suumo.jp//ms/chuko/fukuoka/sc_fukuokashichuo/nc_21029230/,六本松,地下鉄七隈線,4,1987-08-01,39,21029230
クリスタージュ２番館,4990,福岡県福岡市早良区百道浜４,地下鉄空港線「藤崎」徒歩11分,102.28,4LDK,1992年5月,https://suumo.jp//ms/chuko/fukuoka/sc_fukuokashisawara/nc_78014368/,藤崎,地下鉄空港線,11,1992-05-01,34,78014368
ソレイユ赤坂南,4998,福岡県福岡市中央区六本松３,地下鉄七隈線「桜坂」徒歩6分,75.03,3LDK,1989年10月,https://suumo.jp//ms/chuko/fukuoka/sc_fukuokashichuo/nc_21230346/,桜坂,地下鉄七隈線,6,1989-10-01,37,21230346
ソレイユ赤坂南,4998,福岡県福岡市中央区六本松３,地下鉄七隈線「桜坂」徒歩7分,75.03,3LDK,1989年10月,https://suumo.jp//ms/chuko/fukuoka/sc_fukuokashichuo/nc_20975360/,桜坂,地下鉄七隈線,7,1989-10-01,37,20975360
ソレイユ赤坂南,4998,福岡県福岡市中央区六本松３-5-35,地下鉄七隈線「桜坂」徒歩7分,75.03,3LDK,1989年10月,https://suumo.jp//ms/chuko/fukuoka/sc_fukuokashichuo/nc_20631173/,桜坂,地下鉄七隈線,7,1989-10-01,37,20631173
ソレイユ赤坂南,4998,福岡県福岡市中央区六本松３,地下鉄七隈線「桜坂」徒歩6分,75.03,3LDK,1989年10月,https://suumo.jp//ms/chuko/fukuoka/sc_fukuokashichuo/nc_20896320/,桜坂,地下鉄七隈線,6,1989-10-01,37,20896320
ソレイユ赤坂南,4998,福岡県福岡市中央区六本松３,地下鉄七隈線「桜坂」徒歩6分,75.03,3LDK,1989年10月,https://suumo.jp//ms/chuko/fukuoka/sc_fukuokashichuo/nc_21187884/,桜坂,地下鉄七隈線,6,1989-10-01,37,21187884
ソレイユ赤坂南,4998,福岡県福岡市中央区六本松３,地下鉄七隈線「桜坂」徒歩7分,75.03,3LDK,1989年10月,https://suumo.jp//ms/chuko/fukuoka/sc_fukuokashichuo/nc_20932015/,桜坂,地下鉄七隈線,7,1989-10-01,37,20932015
ソレイユ赤坂南,4998,福岡県福岡市中央区六本松３,地下鉄七隈線「桜坂」徒歩7分,75.03,3LDK,1989年10月,https://suumo.jp//ms/chuko/fukuoka/sc_fukuokashichuo/nc_21260166/,桜坂,地下鉄七隈線,7,1989-10-01,37,21260166
エスポワール城西,5090,福岡県福岡市早良区城西３,地下鉄空港線「西新」徒歩4分,67.29,3LDK,1994年9月,https://suumo.jp//ms/chuko/fukuoka/sc_fukuokashisawara/nc_20753981/,西新,地下鉄空港線,4,1994-09-01,32,20753981
ライオンズマンション赤坂,5180,福岡県福岡市中央区赤坂２,地下鉄空港線「赤坂」徒歩8分,78.98,3LDK,1979年11月,https://suumo.jp//ms/chuko/fukuoka/sc_fukuokashichuo/nc_21149359/,赤坂,地下鉄空港線,8,1979-11-01,47,21149359
シーサイドももちアクアコート8番館,5180,福岡県福岡市早良区百道浜３,地下鉄空港線「藤崎」徒歩12分,81.53,3LDK,1993年11月,https://suumo.jp//ms/chuko/fukuoka/sc_fukuokashisawara/nc_20895176/,藤崎,地下鉄空港線,12,1993-11-01,33,20895176
ダイアパレスグランデージ博多駅前,5180,福岡県福岡市博多区博多駅前４-23-12,地下鉄七隈線「博多」徒歩9分,64.64,3LDK,1998年7月,https://suumo.jp//ms/chuko/fukuoka/sc_fukuokashihakata/nc_21181989/,博多,地下鉄七隈線,9,1998-07-01,28,21181989
ロイヤルマンション別府,5280,福岡県福岡市城南区別府３,地下鉄七隈線「別府」徒歩1分,81.0,3LDK,1986年4月,https://suumo.jp//ms/chuko/fukuoka/sc_fukuokashijonan/nc_21175231/,別府,地下鉄七隈線,1,1986-04-01,40,21175231
イトーピア大濠,5280,福岡県福岡市中央区今川１-25-18,地下鉄空港線「唐人町」徒歩8分,95.31,3LDK+S（納戸）,1982年6月,https://suumo.jp//ms/chuko/fukuoka/sc_fukuokashichuo/nc_20760888/,唐人町,地下鉄空港線,8,1982-06-01,44,20760888
ロイヤルマンション別府,5280,福岡県福岡市城南区別府３,地下鉄七隈線「別府」徒歩4分,81.0,3LDK,1986年4月,https://suumo.jp//ms/chuko/fukuoka/sc_fukuokashijonan/nc_21168976/,別府,地下鉄七隈線,4,1986-04-01,40,21168976
ロイヤルマンションユトリテ田島,5280,福岡県福岡市城南区田島１,地下鉄七隈線「別府」徒歩15分,91.98,3LDK+S（納戸）,2005年3月,https://suumo.jp//ms/chuko/fukuoka/sc_fukuokashijonan/nc_21086708/,別府,地下鉄七隈線,15,2005-03-01,21,21086708
パレスト藤崎南,5280,福岡県福岡市早良区原１,地下鉄空港線「藤崎」徒歩13分,90.07,3LDK,2003年2月,https://suumo.jp//ms/chuko/fukuoka/sc_fukuokashisawara/nc_20884251/,藤崎,地下鉄空港線,13,2003-02-01,23,20884251
別府駅徒歩1分♪ ロイヤルマンション別府　【担当：出…,5280,福岡県福岡市城南区別府３-1-11,地下鉄七隈線「別府」徒歩1分,81.0,3LDK,1986年4月,https://suumo.jp//ms/chuko/fukuoka/sc_fukuokashijonan/nc_21172909/,別府,地下鉄七隈線,1,1986-04-01,40,21172909
サントーア薬院,5280,福岡県福岡市中央区薬院２,地下鉄七隈線「薬院大通」徒歩5分,73.35,2LDK,1995年8月,https://suumo.jp//ms/chuko/fukuoka/sc_fukuokashichuo/nc_20171965/,薬院大通,地下鉄七隈線,5,1995-08-01,31,20171965
平尾フェニックスマンション,5280,福岡県福岡市中央区平尾１,西鉄天神大牟田線「薬院」徒歩6分,79.07,3LDK,1991年10月,https://suumo.jp//ms/chuko/fukuoka/sc_fukuokashichuo/nc_20451513/,薬院,西鉄天神大牟田線,6,1991-10-01,35,20451513
サントーア薬院◆☆開放感のあるお部屋☆◆,5280,福岡県福岡市中央区薬院２,地下鉄七隈線「薬院大通」徒歩5分,73.35,2LDK,1995年8月,https://suumo.jp//ms/chuko/fukuoka/sc_fukuokashichuo/nc_20186290/,薬院大通,地下鉄七隈線,5,1995-08-01,31,20186290
グランドメゾン鳥飼,5290,福岡県福岡市城南区鳥飼６-20-33,地下鉄七隈線「別府」徒歩7分,72.93,3LDK,2000年1月,https://suumo.jp//ms/chuko/fukuoka/sc_fukuokashijonan/nc_20715685/,別府,地下鉄七隈線,7,2000-01-01,26,20715685
グランドメゾン鳥飼,5290,福岡県福岡市城南区鳥飼６,地下鉄七隈線「別府」徒歩8分,72.93,3LDK,2000年1月,https://suumo.jp//ms/chuko/fukuoka/sc_fukuokashijonan/nc_20753988/,別府,地下鉄七隈線,8,2000-01-01,26,20753988
グランドメゾン鳥飼,5290,福岡県福岡市城南区鳥飼６,地下鉄七隈線「別府」徒歩8分,72.93,3LDK,2000年1月,https://suumo.jp//ms/chuko/fukuoka/sc_fukuokashijonan/nc_20727247/,別府,地下鉄七隈線,8,2000-01-01,26,20727247
グランドメゾン鳥飼,5290,福岡県福岡市城南区鳥飼６,地下鉄七隈線「別府」徒歩8分,72.93,3LDK,2000年1月,https://suumo.jp//ms/chuko/fukuoka/sc_fukuokashijonan/nc_20711824/,別府,地下鉄七隈線,8,2000-01-01,26,20711824
グランドメゾン鳥飼,5290,福岡県福岡市城南区鳥飼６-20-33,地下鉄七隈線「別府」徒歩10分,72.93,3LDK,2000年1月,https://suumo.jp//ms/chuko/fukuoka/sc_fukuokashijonan/nc_20884520/,別府,地下鉄七隈線,10,2000-01-01,26,20884520
ファーネスト西新南,5299,福岡県福岡市早良区昭代２,地下鉄空港線「藤崎」徒歩15分,77.96,4LDK,2000年8月,https://suumo.jp//ms/chuko/fukuoka/sc_fukuokashisawara/nc_21188006/,藤崎,地下鉄空港線,15,2000-08-01,26,21188006
サングレート博多駅南センターステージ,5380,福岡県福岡市博多区博多駅南２,ＪＲ鹿児島本線「博多」徒歩13分,60.91,2LDK,2000年9月,https://suumo.jp//ms/chuko/fukuoka/sc_fukuokashihakata/nc_21126548/,博多,ＪＲ鹿児島本線,13,2000-09-01,26,21126548
南薬院パークマンション,5480,福岡県福岡市中央区薬院２-12-3,地下鉄七隈線「薬院大通」徒歩4分,72.08,3LDK,1985年5月,https://suumo.jp//ms/chuko/fukuoka/sc_fukuokashichuo/nc_20739587/,薬院大通,地下鉄七隈線,4,1985-05-01,41,20739587
デュオヴェール博多駅,5480,福岡県福岡市博多区博多駅東１,地下鉄空港線「博多」徒歩7分,48.76,2LDK,2023年6月,https://suumo.jp//ms/chuko/fukuoka/sc_fukuokashihakata/nc_20780394/,博多,地下鉄空港線,7,2023-06-01,3,20780394
コアマンション神屋町,5480,福岡県福岡市博多区神屋町,地下鉄空港線「中洲川端」徒歩10分,71.85,3LDK,1996年7月,https://suumo.jp//ms/chuko/fukuoka/sc_fukuokashihakata/nc_21187880/,中洲川端,地下鉄空港線,10,1996-07-01,30,21187880
クリオラベルヴィ博多,5480,福岡県福岡市博多区比恵町,地下鉄空港線「東比恵」徒歩4分,54.01,2LDK,2019年10月,https://suumo.jp//ms/chuko/fukuoka/sc_fukuokashihakata/nc_20577788/,東比恵,地下鉄空港線,4,2019-10-01,7,20577788
南薬院パークマンション,5480,福岡県福岡市中央区薬院２,地下鉄七隈線「薬院大通」徒歩4分,72.08,3LDK,1985年5月,https://suumo.jp//ms/chuko/fukuoka/sc_fukuokashichuo/nc_21127815/,薬院大通,地下鉄七隈線,4,1985-05-01,41,21127815
アクロス天神ファーストステージ,5480,福岡県福岡市中央区清川２,地下鉄七隈線「渡辺通」徒歩10分,80.8,3LDK,2001年11月,https://suumo.jp//ms/chuko/fukuoka/sc_fukuokashichuo/nc_20456602/,渡辺通,地下鉄七隈線,10,2001-11-01,25,20456602
デュ・レジア薬院スタンス,5480,福岡県福岡市中央区薬院３,西鉄天神大牟田線「薬院」徒歩7分,43.0,2LDK,2023年2月,https://suumo.jp//ms/chuko/fukuoka/sc_fukuokashichuo/nc_20952542/,薬院,西鉄天神大牟田線,7,2023-02-01,3,20952542
ソピア大濠西,5480,福岡県福岡市中央区鳥飼３,地下鉄空港線「西新」徒歩10分,69.57,3LDK,1999年3月,https://suumo.jp//ms/chuko/fukuoka/sc_fukuokashichuo/nc_20977249/,西新,地下鉄空港線,10,1999-03-01,27,20977249
クリスタージュ２番館,5480,福岡県福岡市早良区百道浜４,地下鉄空港線「藤崎」徒歩11分,102.28,4LDK,1992年5月,https://suumo.jp//ms/chuko/fukuoka/sc_fukuokashisawara/nc_78722109/,藤崎,地下鉄空港線,11,1992-05-01,34,78722109
南薬院パーク・マンション,5480,福岡県福岡市中央区薬院２-12-3,地下鉄七隈線「薬院大通」徒歩6分,72.08,3LDK,1985年5月,https://suumo.jp//ms/chuko/fukuoka/sc_fukuokashichuo/nc_21078649/,薬院大通,地下鉄七隈線,6,1985-05-01,41,21078649
アーサー大濠倶楽部スカイコート,5490,福岡県福岡市中央区荒戸３,地下鉄空港線「唐人町」徒歩4分,72.6,2LDK,1996年2月,https://suumo.jp//ms/chuko/fukuoka/sc_fukuokashichuo/nc_20714760/,唐人町,地下鉄空港線,4,1996-02-01,30,20714760
ライオンズシティ高砂,5590,福岡県福岡市中央区高砂１,地下鉄七隈線「薬院」徒歩7分,88.06,4LDK,2002年7月,https://suumo.jp//ms/chuko/fukuoka/sc_fukuokashichuo/nc_20884381/,薬院,地下鉄七隈線,7,2002-07-01,24,20884381
浄水通りパーク・ホームズ,5599,福岡県福岡市中央区薬院４,地下鉄七隈線「薬院大通」徒歩4分,61.48,3LDK,1994年3月,https://suumo.jp//ms/chuko/fukuoka/sc_fukuokashichuo/nc_21118149/,薬院大通,地下鉄七隈線,4,1994-03-01,32,21118149
シャトレ平尾　リ ノ ベ,5680,福岡県福岡市中央区平尾１-12-6,西鉄天神大牟田線「薬院」徒歩8分,88.92,3LDK,1985年7月,https://suumo.jp//ms/chuko/fukuoka/sc_fukuokashichuo/nc_20985236/,薬院,西鉄天神大牟田線,8,1985-07-01,41,20985236
ダイアパレス西公園Ⅱ,5680,福岡県福岡市中央区荒戸２,地下鉄空港線「大濠公園」徒歩7分,116.59,4LDK,1985年6月,https://suumo.jp//ms/chuko/fukuoka/sc_fukuokashichuo/nc_20401835/,大濠公園,地下鉄空港線,7,1985-06-01,41,20401835
サングレート薬院駅ロイヤルウィン,5680,福岡県福岡市中央区平尾１,西鉄天神大牟田線「薬院」徒歩4分,55.72,1LDK,2003年12月,https://suumo.jp//ms/chuko/fukuoka/sc_fukuokashichuo/nc_73662868/,薬院,西鉄天神大牟田線,4,2003-12-01,23,73662868
ネクサス百道　Ｓ棟,5780,福岡県福岡市早良区百道浜４,地下鉄空港線「藤崎」徒歩10分,89.1,3LDK,1989年11月,https://suumo.jp//ms/chuko/fukuoka/sc_fukuokashisawara/nc_21182813/,藤崎,地下鉄空港線,10,1989-11-01,37,21182813
ライオンズプラザ大濠公園,5780,福岡県福岡市中央区荒戸３,地下鉄空港線「唐人町」徒歩6分,66.63,3LDK,1995年11月,https://suumo.jp//ms/chuko/fukuoka/sc_fukuokashichuo/nc_79107636/,唐人町,地下鉄空港線,6,1995-11-01,31,79107636
ライオンズプラザ大濠公園,5780,福岡県福岡市中央区荒戸３-2-41,地下鉄空港線「唐人町」徒歩6分,66.63,3LDK,1995年11月,https://suumo.jp//ms/chuko/fukuoka/sc_fukuokashichuo/nc_21104833/,唐人町,地下鉄空港線,6,1995-11-01,31,21104833
大濠公園グランドヒルズ,5780,福岡県福岡市中央区荒戸２,地下鉄空港線「大濠公園」徒歩4分,70.11,3LDK,1990年9月,https://suumo.jp//ms/chuko/fukuoka/sc_fukuokashichuo/nc_20689449/,大濠公園,地下鉄空港線,4,1990-09-01,36,20689449
ＭＪＲ博多ザ・レジデンス,5780,福岡県福岡市博多区美野島１,ＪＲ鹿児島本線「博多」徒歩13分,52.78,1LDK,2025年1月,https://suumo.jp//ms/chuko/fukuoka/sc_fukuokashihakata/nc_21206795/,博多,ＪＲ鹿児島本線,13,2025-01-01,1,21206795
藤和シティホームズ別府,5780,福岡県福岡市城南区別府２,地下鉄七隈線「別府」徒歩1分,70.15,3LDK,1996年9月,https://suumo.jp//ms/chuko/fukuoka/sc_fukuokashijonan/nc_20780548/,別府,地下鉄七隈線,1,1996-09-01,30,20780548
ＭＪＲ博多ザ・レジデンス,5780,福岡県福岡市博多区美野島１,ＪＲ鹿児島本線「博多」徒歩13分,52.78,1LDK,2025年1月,https://suumo.jp//ms/chuko/fukuoka/sc_fukuokashihakata/nc_21194212/,博多,ＪＲ鹿児島本線,13,2025-01-01,1,21194212
グラン・コート薬院,5780,福岡県福岡市中央区薬院１,西鉄天神大牟田線「薬院」徒歩4分,66.92,3LDK,1998年11月,https://suumo.jp//ms/chuko/fukuoka/sc_fukuokashichuo/nc_21204924/,薬院,西鉄天神大牟田線,4,1998-11-01,28,21204924
オープンレジデンシア渡辺通南,5780,福岡県福岡市中央区清川２,地下鉄七隈線「渡辺通」徒歩9分,52.27,2LDK,2024年9月,https://suumo.jp//ms/chuko/fukuoka/sc_fukuokashichuo/nc_20511705/,渡辺通,地下鉄七隈線,9,2024-09-01,2,20511705
サントーア地行,5799,福岡県福岡市中央区地行１,地下鉄空港線「唐人町」徒歩4分,72.0,3LDK,1995年10月,https://suumo.jp//ms/chuko/fukuoka/sc_fukuokashichuo/nc_20890373/,唐人町,地下鉄空港線,4,1995-10-01,31,20890373
ティアラ薬院,5800,福岡県福岡市中央区薬院２,地下鉄七隈線「薬院大通」徒歩4分,100.84,3LDK,1991年6月,https://suumo.jp//ms/chuko/fukuoka/sc_fukuokashichuo/nc_20504005/,薬院大通,地下鉄七隈線,4,1991-06-01,35,20504005
オープンレジデンシア薬院二丁目,5800,福岡県福岡市中央区薬院２,地下鉄七隈線「薬院大通」徒歩3分,42.54,2LDK,2023年2月,https://suumo.jp//ms/chuko/fukuoka/sc_fukuokashichuo/nc_20469143/,薬院大通,地下鉄七隈線,3,2023-02-01,3,20469143
薬院中央パーク・ホームズ　イーストコート,5820,福岡県福岡市中央区薬院２,地下鉄七隈線「薬院大通」徒歩3分,68.07,3LDK,1997年3月,https://suumo.jp//ms/chuko/fukuoka/sc_fukuokashichuo/nc_21056078/,薬院大通,地下鉄七隈線,3,1997-03-01,29,21056078
クリオ渡辺通サザンマークス,5880,福岡県福岡市中央区清川３,地下鉄七隈線「渡辺通」徒歩14分,67.0,3LDK,2024年2月,https://suumo.jp//ms/chuko/fukuoka/sc_fukuokashichuo/nc_20028481/,渡辺通,地下鉄七隈線,14,2024-02-01,2,20028481
インプレスト天神オークタワー,5880,福岡県福岡市中央区長浜２,地下鉄空港線「赤坂」徒歩9分,56.79,2LDK,2020年5月,https://suumo.jp//ms/chuko/fukuoka/sc_fukuokashichuo/nc_20764595/,赤坂,地下鉄空港線,9,2020-05-01,6,20764595
シーサイドももちアクアコート　８番館,5890,福岡県福岡市早良区百道浜３,地下鉄空港線「藤崎」徒歩14分,105.56,3LDK,1993年11月,https://suumo.jp//ms/chuko/fukuoka/sc_fukuokashisawara/nc_20954544/,藤崎,地下鉄空港線,14,1993-11-01,33,20954544
オープンレジデンシア大濠西,5950,福岡県福岡市中央区今川２,地下鉄空港線「唐人町」徒歩10分,53.62,2LDK,2024年8月,https://suumo.jp//ms/chuko/fukuoka/sc_fukuokashichuo/nc_20690267/,唐人町,地下鉄空港線,10,2024-08-01,2,20690267
パストラルハイム六本松,5980,福岡県福岡市中央区谷１,地下鉄七隈線「六本松」徒歩6分,93.85,4LDK,1991年7月,https://suumo.jp//ms/chuko/fukuoka/sc_fukuokashichuo/nc_20676273/,六本松,地下鉄七隈線,6,1991-07-01,35,20676273
クリオ渡辺通サザンマークス,5980,福岡県福岡市中央区清川３,地下鉄七隈線「渡辺通」徒歩15分,67.0,3LDK,2024年2月,https://suumo.jp//ms/chuko/fukuoka/sc_fukuokashichuo/nc_21188031/,渡辺通,地下鉄七隈線,15,2024-02-01,2,21188031
コスモ西新七丁目　【担当：中見】　までお気軽にお問合…,5980,福岡県福岡市早良区西新７-1-17,地下鉄空港線「藤崎」徒歩4分,70.01,2LDK+S（納戸）,2000年9月,https://suumo.jp//ms/chuko/fukuoka/sc_fukuokashisawara/nc_20292711/,藤崎,地下鉄空港線,4,2000-09-01,26,20292711
パークホームズ室見駅前,5980,福岡県福岡市早良区室見５,地下鉄空港線「藤崎」徒歩13分,71.47,3LDK,2004年5月,https://suumo.jp//ms/chuko/fukuoka/sc_fukuokashisawara/nc_21215024/,藤崎,地下鉄空港線,13,2004-05-01,22,21215024
グランドパレス藤崎,5980,福岡県福岡市早良区藤崎１,地下鉄空港線「藤崎」徒歩4分,70.08,3LDK,2018年10月,https://suumo.jp//ms/chuko/fukuoka/sc_fukuokashisawara/nc_20491482/,藤崎,地下鉄空港線,4,2018-10-01,8,20491482
西新百道パークホームズ,5980,福岡県福岡市早良区西新７,地下鉄空港線「西新」徒歩12分,76.83,3LDK,2001年3月,https://suumo.jp//ms/chuko/fukuoka/sc_fukuokashisawara/nc_20745034/,西新,地下鉄空港線,12,2001-03-01,25,20745034
パストラルハイム六本松,5980,福岡県福岡市中央区谷１,地下鉄七隈線「六本松」徒歩6分,93.85,4LDK,1991年7月,https://suumo.jp//ms/chuko/fukuoka/sc_fukuokashichuo/nc_21260831/,六本松,地下鉄七隈線,6,1991-07-01,35,21260831
天神スカイマンション,5980,福岡県福岡市中央区長浜１,地下鉄空港線「天神」徒歩10分,100.94,3LDK,1981年2月,https://suumo.jp//ms/chuko/fukuoka/sc_fukuokashichuo/nc_20503717/,天神,地下鉄空港線,10,1981-02-01,45,20503717
パストラルハイム六本松,5980,福岡県福岡市中央区谷１,地下鉄七隈線「六本松」徒歩7分,93.85,4LDK,1991年7月,https://suumo.jp//ms/chuko/fukuoka/sc_fukuokashichuo/nc_20683145/,六本松,地下鉄七隈線,7,1991-07-01,35,20683145
アクロス薬院レジーナガーデン,5980,福岡県福岡市中央区高砂２,西鉄天神大牟田線「薬院」徒歩9分,60.65,2LDK,2019年8月,https://suumo.jp//ms/chuko/fukuoka/sc_fukuokashichuo/nc_20826822/,薬院,西鉄天神大牟田線,9,2019-08-01,7,20826822
クラブエイリック藤崎南ザ・テラス,5980,福岡県福岡市早良区原１,地下鉄空港線「藤崎」徒歩12分,84.62,2LDK,2013年4月,https://suumo.jp//ms/chuko/fukuoka/sc_fukuokashisawara/nc_20952827/,藤崎,地下鉄空港線,12,2013-04-01,13,20952827
パストラルハイム六本松,5980,福岡県福岡市中央区谷１-１６－５３,地下鉄七隈線「六本松」徒歩7分,93.85,4LDK,1991年7月,https://suumo.jp//ms/chuko/fukuoka/sc_fukuokashichuo/nc_21057054/,六本松,地下鉄七隈線,7,1991-07-01,35,21057054
ジェネラスマンション百道,5990,福岡県福岡市早良区西新７,地下鉄空港線「藤崎」徒歩9分,92.0,4LDK,2004年1月,https://suumo.jp//ms/chuko/fukuoka/sc_fukuokashisawara/nc_20704171/,藤崎,地下鉄空港線,9,2004-01-01,22,20704171
インプレスト天神オークタワー,5990,福岡県福岡市中央区長浜２,地下鉄空港線「赤坂」徒歩9分,56.79,2LDK,2020年5月,https://suumo.jp//ms/chuko/fukuoka/sc_fukuokashichuo/nc_78957814/,赤坂,地下鉄空港線,9,2020-05-01,6,78957814
ダイアパレスグランステージ大名,5990,福岡県福岡市中央区大名１,地下鉄空港線「赤坂」徒歩7分,70.69,2LDK,1998年3月,https://suumo.jp//ms/chuko/fukuoka/sc_fukuokashichuo/nc_20912391/,赤坂,地下鉄空港線,7,1998-03-01,28,20912391
ダイアパレスグランデージ大名,5990,福岡県福岡市中央区大名１,地下鉄空港線「赤坂」徒歩7分,70.69,2LDK,1998年3月,https://suumo.jp//ms/chuko/fukuoka/sc_fukuokashichuo/nc_20864651/,赤坂,地下鉄空港線,7,1998-03-01,28,20864651
インプレスト天神オークタワー,5990,福岡県福岡市中央区長浜２,地下鉄空港線「赤坂」徒歩10分,56.79,2LDK,2020年5月,https://suumo.jp//ms/chuko/fukuoka/sc_fukuokashichuo/nc_79072559/,赤坂,地下鉄空港線,10,2020-05-01,6,79072559
ヒューマインド博多駅東ネクスタイル,5999,福岡県福岡市博多区東比恵３-24,地下鉄空港線「東比恵」徒歩5分,80.11,3LDK,2005年4月,https://suumo.jp//ms/chuko/fukuoka/sc_fukuokashihakata/nc_21155962/,東比恵,地下鉄空港線,5,2005-04-01,21,21155962
ヒューマインド博多駅東ネクスタイル,5999,福岡県福岡市博多区東比恵３-24-24,地下鉄空港線「東比恵」徒歩5分,80.11,3LDK,2005年4月,https://suumo.jp//ms/chuko/fukuoka/sc_fukuokashihakata/nc_21240893/,東比恵,地下鉄空港線,5,2005-04-01,21,21240893
ヒューマインド博多駅東ネクスタイル,5999,福岡県福岡市博多区東比恵３,地下鉄空港線「東比恵」徒歩5分,80.11,3LDK,2005年4月,https://suumo.jp//ms/chuko/fukuoka/sc_fukuokashihakata/nc_21221614/,東比恵,地下鉄空港線,5,2005-04-01,21,21221614
ヒューマインド博多駅東ネクスタイル,5999,福岡県福岡市博多区東比恵３,地下鉄空港線「東比恵」徒歩5分,80.11,3LDK,2005年4月,https://suumo.jp//ms/chuko/fukuoka/sc_fukuokashihakata/nc_21116231/,東比恵,地下鉄空港線,5,2005-04-01,21,21116231
ヒューマインド博多駅東ネクスタイル,5999,福岡県福岡市博多区東比恵３-24-24,地下鉄空港線「東比恵」徒歩4分,80.11,3LDK,2005年4月,https://suumo.jp//ms/chuko/fukuoka/sc_fukuokashihakata/nc_21135834/,東比恵,地下鉄空港線,4,2005-04-01,21,21135834
ダイアパレス大濠公園Ⅱ,5999,福岡県福岡市中央区荒戸２,地下鉄空港線「大濠公園」徒歩7分,70.92,3LDK,1996年3月,https://suumo.jp//ms/chuko/fukuoka/sc_fukuokashichuo/nc_21117643/,大濠公園,地下鉄空港線,7,1996-03-01,30,21117643
ヒューマンインド博多駅東ネクスタイル,5999,福岡県福岡市博多区東比恵３,地下鉄空港線「東比恵」徒歩6分,80.11,3LDK,2005年4月,https://suumo.jp//ms/chuko/fukuoka/sc_fukuokashihakata/nc_21134993/,東比恵,地下鉄空港線,6,2005-04-01,21,21134993
コモダス天神,6080,福岡県福岡市中央区今泉２,地下鉄七隈線「薬院大通」徒歩6分,72.24,2LDK,1997年5月,https://suumo.jp//ms/chuko/fukuoka/sc_fukuokashichuo/nc_20932930/,薬院大通,地下鉄七隈線,6,1997-05-01,29,20932930
ダイアパレスグランデージ大名,6080,福岡県福岡市中央区大名１,地下鉄空港線「赤坂」徒歩6分,70.69,2LDK+S（納戸）,1998年3月,https://suumo.jp//ms/chuko/fukuoka/sc_fukuokashichuo/nc_20408984/,赤坂,地下鉄空港線,6,1998-03-01,28,20408984
グリーンマンション薬院,6080,福岡県福岡市中央区薬院２,地下鉄七隈線「薬院大通」徒歩5分,88.26,3LDK,1986年8月,https://suumo.jp//ms/chuko/fukuoka/sc_fukuokashichuo/nc_20905827/,薬院大通,地下鉄七隈線,5,1986-08-01,40,20905827
デュオヴェール大濠公園,6080,福岡県福岡市中央区荒戸３,地下鉄空港線「大濠公園」徒歩8分,49.42,2LDK,2019年2月,https://suumo.jp//ms/chuko/fukuoka/sc_fukuokashichuo/nc_20598684/,大濠公園,地下鉄空港線,8,2019-02-01,7,20598684
ブライトンヒルズ藤崎,6180,福岡県福岡市早良区藤崎１,地下鉄空港線「藤崎」徒歩6分,79.23,3LDK,2003年7月,https://suumo.jp//ms/chuko/fukuoka/sc_fukuokashisawara/nc_20577832/,藤崎,地下鉄空港線,6,2003-07-01,23,20577832
ブライトンヒルズ藤崎,6180,福岡県福岡市早良区藤崎１,地下鉄空港線「藤崎」徒歩6分,79.23,3LDK,2003年7月,https://suumo.jp//ms/chuko/fukuoka/sc_fukuokashisawara/nc_78702656/,藤崎,地下鉄空港線,6,2003-07-01,23,78702656
ブライトンヒルズ藤崎,6180,福岡県福岡市早良区藤崎１,地下鉄空港線「藤崎」徒歩6分,79.23,3LDK,2003年7月,https://suumo.jp//ms/chuko/fukuoka/sc_fukuokashisawara/nc_78920412/,藤崎,地下鉄空港線,6,2003-07-01,23,78920412
シーサイドももちイーストステージ　１号棟,6180,福岡県福岡市早良区百道浜１,地下鉄空港線「西新」徒歩14分,90.76,3LDK,1990年3月,https://suumo.jp//ms/chuko/fukuoka/sc_fukuokashisawara/nc_21144719/,西新,地下鉄空港線,14,1990-03-01,36,21144719
ソピア天神,6180,福岡県福岡市中央区警固１,地下鉄空港線「赤坂」徒歩10分,74.0,2LDK+S（納戸）,1999年2月,https://suumo.jp//ms/chuko/fukuoka/sc_fukuokashichuo/nc_21028015/,赤坂,地下鉄空港線,10,1999-02-01,27,21028015
東急ドエルアルス桜坂,6199,福岡県福岡市中央区桜坂１,地下鉄七隈線「桜坂」徒歩7分,84.11,3LDK,1996年3月,https://suumo.jp//ms/chuko/fukuoka/sc_fukuokashichuo/nc_20661146/,桜坂,地下鉄七隈線,7,1996-03-01,30,20661146
インプレスト天神オークタワー,6280,福岡県福岡市中央区長浜２,地下鉄空港線「赤坂」徒歩8分,61.28,2LDK,2020年7月,https://suumo.jp//ms/chuko/fukuoka/sc_fukuokashichuo/nc_21188010/,赤坂,地下鉄空港線,8,2020-07-01,6,21188010
大濠エクセル,6280,福岡県福岡市中央区大濠公園,地下鉄空港線「大濠公園」徒歩5分,65.0,2LDK,1973年7月,https://suumo.jp//ms/chuko/fukuoka/sc_fukuokashichuo/nc_21258407/,大濠公園,地下鉄空港線,5,1973-07-01,53,21258407
プレサンスロジェ呉服町,6300,福岡県福岡市博多区下呉服町,地下鉄空港線「中洲川端」徒歩10分,62.43,2LDK,2019年10月,https://suumo.jp//ms/chuko/fukuoka/sc_fukuokashihakata/nc_78866599/,中洲川端,地下鉄空港線,10,2019-10-01,7,78866599
エステートマンション大濠・相羽ビル,6380,福岡県福岡市中央区大濠１,地下鉄七隈線「六本松」徒歩9分,102.26,3LDK,1986年7月,https://suumo.jp//ms/chuko/fukuoka/sc_fukuokashichuo/nc_21116549/,六本松,地下鉄七隈線,9,1986-07-01,40,21116549
デュ・レジア大濠,6390,福岡県福岡市中央区黒門,地下鉄空港線「唐人町」徒歩2分,55.3,2LDK,2020年11月,https://suumo.jp//ms/chuko/fukuoka/sc_fukuokashichuo/nc_20954558/,唐人町,地下鉄空港線,2,2020-11-01,6,20954558
コスモシティ地行,6400,福岡県福岡市中央区地行４,地下鉄空港線「唐人町」徒歩5分,84.04,3LDK,2002年3月,https://suumo.jp//ms/chuko/fukuoka/sc_fukuokashichuo/nc_21093790/,唐人町,地下鉄空港線,5,2002-03-01,24,21093790
プレミスト赤坂けやき通り,6480,福岡県福岡市中央区赤坂２,地下鉄空港線「赤坂」徒歩10分,47.69,2LDK,2023年8月,https://suumo.jp//ms/chuko/fukuoka/sc_fukuokashichuo/nc_21023626/,赤坂,地下鉄空港線,10,2023-08-01,3,21023626
パークヒルズ櫻坂ステージI,6480,福岡県福岡市中央区桜坂３,地下鉄七隈線「桜坂」徒歩5分,131.34,3LDK,1993年8月,https://suumo.jp//ms/chuko/fukuoka/sc_fukuokashichuo/nc_20602025/,桜坂,地下鉄七隈線,5,1993-08-01,33,20602025
クリスタージュ壱番館,6480,福岡県福岡市早良区百道浜４,地下鉄空港線「藤崎」徒歩11分,112.93,4LDK,1992年5月,https://suumo.jp//ms/chuko/fukuoka/sc_fukuokashisawara/nc_21271722/,藤崎,地下鉄空港線,11,1992-05-01,34,21271722
グランアルト天神タワー,6480,福岡県福岡市中央区今泉２,地下鉄空港線「天神」徒歩9分,55.68,1LDK,2004年9月,https://suumo.jp//ms/chuko/fukuoka/sc_fukuokashichuo/nc_21182830/,天神,地下鉄空港線,9,2004-09-01,22,21182830
グランド・サンリヤン百道一丁目,6480,福岡県福岡市早良区百道１,地下鉄空港線「藤崎」徒歩9分,68.13,3LDK,2023年1月,https://suumo.jp//ms/chuko/fukuoka/sc_fukuokashisawara/nc_21077488/,藤崎,地下鉄空港線,9,2023-01-01,3,21077488
ＭＪＲ大手門タワーレジデンス,6480,福岡県福岡市中央区大手門２,地下鉄空港線「大濠公園」徒歩9分,65.57,2LDK,2010年9月,https://suumo.jp//ms/chuko/fukuoka/sc_fukuokashichuo/nc_21077528/,大濠公園,地下鉄空港線,9,2010-09-01,16,21077528
オープンレジデンシア渡辺通,6490,福岡県福岡市中央区清川１,地下鉄七隈線「渡辺通」徒歩6分,66.02,2LDK,2021年8月,https://suumo.jp//ms/chuko/fukuoka/sc_fukuokashichuo/nc_78112179/,渡辺通,地下鉄七隈線,6,2021-08-01,5,78112179
ロイヤルマンション六本松,6500,福岡県福岡市中央区梅光園１,地下鉄七隈線「六本松」徒歩6分,87.12,2LDK,1989年1月,https://suumo.jp//ms/chuko/fukuoka/sc_fukuokashichuo/nc_20869936/,六本松,地下鉄七隈線,6,1989-01-01,37,20869936
ロイヤルマンション六本松,6500,福岡県福岡市中央区梅光園１,地下鉄七隈線「六本松」徒歩6分,87.12,2LDK,1989年1月,https://suumo.jp//ms/chuko/fukuoka/sc_fukuokashichuo/nc_20127824/,六本松,地下鉄七隈線,6,1989-01-01,37,20127824
ロイヤルマンション六本松,6500,福岡県福岡市中央区梅光園１-1-5,地下鉄七隈線「六本松」徒歩6分,87.12,2LDK,1989年1月,https://suumo.jp//ms/chuko/fukuoka/sc_fukuokashichuo/nc_20752967/,六本松,地下鉄七隈線,6,1989-01-01,37,20752967
ロイヤルマンション六本松,6500,福岡県福岡市中央区梅光園１,地下鉄七隈線「六本松」徒歩6分,87.12,2LDK,1989年1月,https://suumo.jp//ms/chuko/fukuoka/sc_fukuokashichuo/nc_21108936/,六本松,地下鉄七隈線,6,1989-01-01,37,21108936
モントーレ舞鶴ベイレジデンス,6500,福岡県福岡市中央区港１,地下鉄空港線「大濠公園」徒歩10分,76.25,3LDK,2019年6月,https://suumo.jp//ms/chuko/fukuoka/sc_fukuokashichuo/nc_21187998/,大濠公園,地下鉄空港線,10,2019-06-01,7,21187998
グランディア百道浜通り,6580,福岡県福岡市早良区西新２-23-12,地下鉄空港線「西新」徒歩9分,68.66,3LDK,2006年4月,https://suumo.jp//ms/chuko/fukuoka/sc_fukuokashisawara/nc_21085228/,西新,地下鉄空港線,9,2006-04-01,20,21085228
グランディア百道浜通り,6580,福岡県福岡市早良区西新２,地下鉄空港線「西新」徒歩9分,68.66,3LDK,2006年4月,https://suumo.jp//ms/chuko/fukuoka/sc_fukuokashisawara/nc_21146283/,西新,地下鉄空港線,9,2006-04-01,20,21146283
グランディア百道浜通り,6580,福岡県福岡市早良区西新２-23-12,地下鉄空港線「西新」徒歩8分,68.66,3LDK,2006年4月,https://suumo.jp//ms/chuko/fukuoka/sc_fukuokashisawara/nc_21069925/,西新,地下鉄空港線,8,2006-04-01,20,21069925
シティタワー西新,6580,福岡県福岡市早良区城西３,地下鉄空港線「西新」徒歩3分,57.37,2LDK,2012年10月,https://suumo.jp//ms/chuko/fukuoka/sc_fukuokashisawara/nc_21085432/,西新,地下鉄空港線,3,2012-10-01,14,21085432
クレアホームズ赤坂けやきの杜,6680,福岡県福岡市中央区六本松３,地下鉄七隈線「桜坂」徒歩6分,79.12,2LDK,2003年3月,https://suumo.jp//ms/chuko/fukuoka/sc_fukuokashichuo/nc_20551813/,桜坂,地下鉄七隈線,6,2003-03-01,23,20551813
シーサイドももちヴェルデコート　６番館,6680,福岡県福岡市早良区百道浜３,地下鉄空港線「藤崎」徒歩11分,94.47,3LDK,1991年7月,https://suumo.jp//ms/chuko/fukuoka/sc_fukuokashisawara/nc_21020872/,藤崎,地下鉄空港線,11,1991-07-01,35,21020872
クレアホームズ赤坂けやきの杜,6680,福岡県福岡市中央区六本松３,地下鉄七隈線「桜坂」徒歩6分,79.12,2LDK,2003年3月,https://suumo.jp//ms/chuko/fukuoka/sc_fukuokashichuo/nc_20976402/,桜坂,地下鉄七隈線,6,2003-03-01,23,20976402
シティライフ呉服町,6680,福岡県福岡市博多区下呉服町,地下鉄空港線「中洲川端」徒歩13分,82.82,3LDK,2000年2月,https://suumo.jp//ms/chuko/fukuoka/sc_fukuokashihakata/nc_21213879/,中洲川端,地下鉄空港線,13,2000-02-01,26,21213879
ソレイユ赤坂南,6699,福岡県福岡市中央区六本松３,地下鉄七隈線「桜坂」徒歩6分,96.95,4LDK,1989年10月,https://suumo.jp//ms/chuko/fukuoka/sc_fukuokashichuo/nc_20926886/,桜坂,地下鉄七隈線,6,1989-10-01,37,20926886
ネオヒューマインド別府駅前,6700,福岡県福岡市城南区別府２,地下鉄七隈線「別府」徒歩3分,79.56,2LDK,2009年6月,https://suumo.jp//ms/chuko/fukuoka/sc_fukuokashijonan/nc_21188017/,別府,地下鉄七隈線,3,2009-06-01,17,21188017
グランドメゾン福岡The Central Luxe,6780,福岡県福岡市中央区渡辺通２-7-11,西鉄天神大牟田線「薬院」徒歩2分,44.25,1LDK,2025年6月,https://suumo.jp//ms/chuko/fukuoka/sc_fukuokashichuo/nc_20024543/,薬院,西鉄天神大牟田線,2,2025-06-01,1,20024543
アンピール舞鶴,6790,福岡県福岡市中央区舞鶴１,地下鉄空港線「天神」徒歩7分,69.44,2LDK,2004年3月,https://suumo.jp//ms/chuko/fukuoka/sc_fukuokashichuo/nc_20395547/,天神,地下鉄空港線,7,2004-03-01,22,20395547
アンピール舞鶴,6790,福岡県福岡市中央区舞鶴１,地下鉄空港線「赤坂」徒歩8分,69.44,2LDK,2004年3月,https://suumo.jp//ms/chuko/fukuoka/sc_fukuokashichuo/nc_20395185/,赤坂,地下鉄空港線,8,2004-03-01,22,20395185
アンピール舞鶴,6790,福岡県福岡市中央区舞鶴１,地下鉄空港線「赤坂」徒歩7分,69.44,2LDK,2004年3月,https://suumo.jp//ms/chuko/fukuoka/sc_fukuokashichuo/nc_21188005/,赤坂,地下鉄空港線,7,2004-03-01,22,21188005
アンピール舞鶴,6790,福岡県福岡市中央区舞鶴１,地下鉄空港線「赤坂」徒歩9分,69.44,2LDK,2004年3月,https://suumo.jp//ms/chuko/fukuoka/sc_fukuokashichuo/nc_20610325/,赤坂,地下鉄空港線,9,2004-03-01,22,20610325
アドリーム西新二丁目,6790,福岡県福岡市早良区西新２,地下鉄空港線「西新」徒歩6分,72.59,2LDK+S（納戸）,1997年4月,https://suumo.jp//ms/chuko/fukuoka/sc_fukuokashisawara/nc_21006243/,西新,地下鉄空港線,6,1997-04-01,29,21006243
ロワールマンション西公園東,6800,福岡県福岡市中央区港２,地下鉄空港線「大濠公園」徒歩6分,70.17,3LDK,1999年1月,https://suumo.jp//ms/chuko/fukuoka/sc_fukuokashichuo/nc_21085176/,大濠公園,地下鉄空港線,6,1999-01-01,27,21085176
シティハウス六本松ツインタワーズ,6800,福岡県福岡市中央区草香江２,地下鉄七隈線「六本松」徒歩3分,75.8,3LDK,2009年3月,https://suumo.jp//ms/chuko/fukuoka/sc_fukuokashichuo/nc_20842445/,六本松,地下鉄七隈線,3,2009-03-01,17,20842445
レーベン福岡天神　ＯＮＥ　ＴＯＷＥＲ,6880,福岡県福岡市中央区天神５-4-1,地下鉄空港線「天神」徒歩9分,43.7,1LDK,2024年1月,https://suumo.jp//ms/chuko/fukuoka/sc_fukuokashichuo/nc_20689977/,天神,地下鉄空港線,9,2024-01-01,2,20689977
アクロス天神センタープラザ,6880,福岡県福岡市中央区渡辺通３,地下鉄七隈線「渡辺通」徒歩6分,71.11,2LDK,2005年7月,https://suumo.jp//ms/chuko/fukuoka/sc_fukuokashichuo/nc_78982914/,渡辺通,地下鉄七隈線,6,2005-07-01,21,78982914
ザ・パークハウス藤崎紅葉山,6880,福岡県福岡市早良区昭代３,地下鉄空港線「藤崎」徒歩9分,70.44,3LDK,2021年12月,https://suumo.jp//ms/chuko/fukuoka/sc_fukuokashisawara/nc_20906715/,藤崎,地下鉄空港線,9,2021-12-01,5,20906715
ザ・パークハウス藤崎紅葉山,6880,福岡県福岡市早良区昭代３-4-8,地下鉄空港線「藤崎」徒歩10分,70.44,3LDK+S（納戸）,2021年12月,https://suumo.jp//ms/chuko/fukuoka/sc_fukuokashisawara/nc_20762672/,藤崎,地下鉄空港線,10,2021-12-01,5,20762672
ザ・パークハウス藤崎紅葉山,6880,福岡県福岡市早良区昭代３,地下鉄空港線「藤崎」徒歩10分,70.44,3LDK+S（納戸）,2021年12月,https://suumo.jp//ms/chuko/fukuoka/sc_fukuokashisawara/nc_20863064/,藤崎,地下鉄空港線,10,2021-12-01,5,20863064
大濠公園パーク・ホームズ,6880,福岡県福岡市中央区今川１,地下鉄空港線「唐人町」徒歩8分,71.19,3LDK,2000年11月,https://suumo.jp//ms/chuko/fukuoka/sc_fukuokashichuo/nc_21126561/,唐人町,地下鉄空港線,8,2000-11-01,26,21126561
サーパス城南,6890,福岡県福岡市城南区田島１,地下鉄七隈線「別府」徒歩13分,94.85,4LDK,2007年1月,https://suumo.jp//ms/chuko/fukuoka/sc_fukuokashijonan/nc_20962480/,別府,地下鉄七隈線,13,2007-01-01,19,20962480
グランドメゾン福岡　Ｔｈｅ　Ｃｅｎｔｒａｌ　Ｌｕｘｅ,6900,福岡県福岡市中央区渡辺通２,西鉄天神大牟田線「薬院」徒歩3分,44.25,1LDK,2025年6月,https://suumo.jp//ms/chuko/fukuoka/sc_fukuokashichuo/nc_20069784/,薬院,西鉄天神大牟田線,3,2025-06-01,1,20069784
アソシアビュー博多アドレス,6980,福岡県福岡市博多区豊１,地下鉄空港線「博多」徒歩14分,84.28,4LDK,2015年2月,https://suumo.jp//ms/chuko/fukuoka/sc_fukuokashihakata/nc_20594449/,博多,地下鉄空港線,14,2015-02-01,11,20594449
コスモ六本松シティフォルム,6980,福岡県福岡市中央区草香江２,地下鉄七隈線「六本松」徒歩4分,69.02,3LDK,2000年2月,https://suumo.jp//ms/chuko/fukuoka/sc_fukuokashichuo/nc_21120491/,六本松,地下鉄七隈線,4,2000-02-01,26,21120491
サングレート別府アカデミニアム,6980,福岡県福岡市城南区別府４,地下鉄七隈線「別府」徒歩3分,81.56,3LDK,2007年4月,https://suumo.jp//ms/chuko/fukuoka/sc_fukuokashijonan/nc_21104109/,別府,地下鉄七隈線,3,2007-04-01,19,21104109
デュ・レジア薬院テラス,6980,福岡県福岡市中央区高砂２-１８－１０,地下鉄七隈線「渡辺通」徒歩12分,63.0,2LDK,2022年3月,https://suumo.jp//ms/chuko/fukuoka/sc_fukuokashichuo/nc_21240342/,渡辺通,地下鉄七隈線,12,2022-03-01,4,21240342
ブライト・サンリヤン藤崎二丁目,6980,福岡県福岡市早良区藤崎２,地下鉄空港線「藤崎」徒歩9分,91.8,4LDK,2012年2月,https://suumo.jp//ms/chuko/fukuoka/sc_fukuokashisawara/nc_20763545/,藤崎,地下鉄空港線,9,2012-02-01,14,20763545
ルサンクタカトリ,6980,福岡県福岡市早良区高取１,地下鉄空港線「藤崎」徒歩8分,80.89,3LDK,2014年7月,https://suumo.jp//ms/chuko/fukuoka/sc_fukuokashisawara/nc_21143124/,藤崎,地下鉄空港線,8,2014-07-01,12,21143124
ロイヤルマンション大濠セーヌ,6980,福岡県福岡市中央区草香江２,地下鉄七隈線「六本松」徒歩7分,71.25,2LDK+S（納戸）,2003年10月,https://suumo.jp//ms/chuko/fukuoka/sc_fukuokashichuo/nc_20780549/,六本松,地下鉄七隈線,7,2003-10-01,23,20780549
コスモシティ地行,6980,福岡県福岡市中央区地行４,地下鉄空港線「唐人町」徒歩5分,91.01,4LDK,2002年3月,https://suumo.jp//ms/chuko/fukuoka/sc_fukuokashichuo/nc_20737937/,唐人町,地下鉄空港線,5,2002-03-01,24,20737937
ジオ・イニシア博多駅前,6980,福岡県福岡市博多区博多駅前４,ＪＲ鹿児島本線「博多」徒歩11分,75.35,3LDK,2009年8月,https://suumo.jp//ms/chuko/fukuoka/sc_fukuokashihakata/nc_21143214/,博多,ＪＲ鹿児島本線,11,2009-08-01,17,21143214
モントーレセントラルベイコート,6980,福岡県福岡市中央区長浜３,地下鉄空港線「大濠公園」徒歩10分,68.07,2LDK+S（納戸）,2014年1月,https://suumo.jp//ms/chuko/fukuoka/sc_fukuokashichuo/nc_21054604/,大濠公園,地下鉄空港線,10,2014-01-01,12,21054604
グランドメゾン大濠南,6980,福岡県福岡市中央区草香江２,地下鉄七隈線「六本松」徒歩3分,87.11,3LDK,2001年11月,https://suumo.jp//ms/chuko/fukuoka/sc_fukuokashichuo/nc_79216752/,六本松,地下鉄七隈線,3,2001-11-01,25,79216752
ファーネスト茶山駅前,6980,福岡県福岡市城南区別府６,地下鉄七隈線「別府」徒歩13分,123.33,4LDK,2007年3月,https://suumo.jp//ms/chuko/fukuoka/sc_fukuokashijonan/nc_21046485/,別府,地下鉄七隈線,13,2007-03-01,19,21046485
モントーレ西公園アヴァンティ,6990,福岡県福岡市中央区荒戸２,地下鉄空港線「大濠公園」徒歩7分,84.76,4LDK,2013年3月,https://suumo.jp//ms/chuko/fukuoka/sc_fukuokashichuo/nc_21195846/,大濠公園,地下鉄空港線,7,2013-03-01,13,21195846
クレアセンターマーク,6999,福岡県福岡市中央区今泉２,西鉄天神大牟田線「薬院」徒歩11分,80.25,3LDK,2000年10月,https://suumo.jp//ms/chuko/fukuoka/sc_fukuokashichuo/nc_20632991/,薬院,西鉄天神大牟田線,11,2000-10-01,26,20632991
パークホームズ西新トラッドマークス,7190,福岡県福岡市早良区西新２,地下鉄空港線「西新」徒歩3分,67.72,2LDK,2018年5月,https://suumo.jp//ms/chuko/fukuoka/sc_fukuokashisawara/nc_20601934/,西新,地下鉄空港線,3,2018-05-01,8,20601934
パークホームズ六本松フォレストクロス,7200,福岡県福岡市中央区輝国２-24-25,地下鉄七隈線「六本松」徒歩12分,69.32,3LDK,2022年11月,https://suumo.jp//ms/chuko/fukuoka/sc_fukuokashichuo/nc_21039581/,六本松,地下鉄七隈線,12,2022-11-01,4,21039581
アンピール西新,7200,福岡県福岡市早良区城西３,地下鉄空港線「西新」徒歩9分,93.58,4LDK,2004年5月,https://suumo.jp//ms/chuko/fukuoka/sc_fukuokashisawara/nc_20775804/,西新,地下鉄空港線,9,2004-05-01,22,20775804
アンピール西新,7200,福岡県福岡市早良区城西３-12-27,地下鉄空港線「西新」徒歩9分,93.58,4LDK,2004年5月,https://suumo.jp//ms/chuko/fukuoka/sc_fukuokashisawara/nc_20986251/,西新,地下鉄空港線,9,2004-05-01,22,20986251
サーパス平尾駅前　6階,7280,福岡県福岡市中央区平尾２,地下鉄七隈線「薬院大通」徒歩15分,81.97,4LDK,2000年1月,https://suumo.jp//ms/chuko/fukuoka/sc_fukuokashichuo/nc_21211448/,薬院大通,地下鉄七隈線,15,2000-01-01,26,21211448
グランドメゾン薬院ザ・タワーレジデンス,7290,福岡県福岡市中央区薬院３,地下鉄七隈線「薬院大通」徒歩5分,53.67,1LDK,2022年6月,https://suumo.jp//ms/chuko/fukuoka/sc_fukuokashichuo/nc_21260141/,薬院大通,地下鉄七隈線,5,2022-06-01,4,21260141
グランドメゾン薬院ザ・タワーレジデンス,7290,福岡県福岡市中央区薬院３,地下鉄七隈線「薬院大通」徒歩5分,53.67,1LDK,2022年6月,https://suumo.jp//ms/chuko/fukuoka/sc_fukuokashichuo/nc_21029231/,薬院大通,地下鉄七隈線,5,2022-06-01,4,21029231
グランドメゾン薬院ザ・タワーレジデンス,7290,福岡県福岡市中央区薬院３,西鉄天神大牟田線「薬院」徒歩8分,53.67,1LDK,2022年6月,https://suumo.jp//ms/chuko/fukuoka/sc_fukuokashichuo/nc_21254834/,薬院,西鉄天神大牟田線,8,2022-06-01,4,21254834
クリオラベルヴィ西新グランクラス,7300,福岡県福岡市早良区西新１,地下鉄空港線「西新」徒歩1分,52.2,2LDK,2025年8月,https://suumo.jp//ms/chuko/fukuoka/sc_fukuokashisawara/nc_20737120/,西新,地下鉄空港線,1,2025-08-01,1,20737120
アンピール空港通りⅡ,7380,福岡県福岡市博多区豊２,地下鉄空港線「東比恵」徒歩12分,105.28,4LDK,2009年3月,https://suumo.jp//ms/chuko/fukuoka/sc_fukuokashihakata/nc_79015072/,東比恵,地下鉄空港線,12,2009-03-01,17,79015072
グランドメゾン赤坂けやきレジデンス,7380,福岡県福岡市中央区赤坂２,地下鉄空港線「赤坂」徒歩8分,63.59,ワンルーム,2018年6月,https://suumo.jp//ms/chuko/fukuoka/sc_fukuokashichuo/nc_20091079/,赤坂,地下鉄空港線,8,2018-06-01,8,20091079
コスモ六本松シティフォルム,7399,福岡県福岡市中央区草香江２,地下鉄七隈線「六本松」徒歩4分,70.58,3LDK,2000年2月,https://suumo.jp//ms/chuko/fukuoka/sc_fukuokashichuo/nc_20801152/,六本松,地下鉄七隈線,4,2000-02-01,26,20801152
コスモ六本松シティフォルム,7399,福岡県福岡市中央区草香江２-1-13,地下鉄七隈線「六本松」徒歩4分,70.58,3LDK,2000年2月,https://suumo.jp//ms/chuko/fukuoka/sc_fukuokashichuo/nc_21042545/,六本松,地下鉄七隈線,4,2000-02-01,26,21042545
コスモ六本松シティフォルム,7399,福岡県福岡市中央区草香江２,地下鉄七隈線「六本松」徒歩3分,70.58,3LDK,2000年2月,https://suumo.jp//ms/chuko/fukuoka/sc_fukuokashichuo/nc_20704735/,六本松,地下鉄七隈線,3,2000-02-01,26,20704735
コスモ六本松シティフォルム,7399,福岡県福岡市中央区草香江２,地下鉄七隈線「六本松」徒歩4分,70.58,3LDK,2000年2月,https://suumo.jp//ms/chuko/fukuoka/sc_fukuokashichuo/nc_20577275/,六本松,地下鉄七隈線,4,2000-02-01,26,20577275
コスモ六本松シティフォルム,7399,福岡県福岡市中央区草香江２-1-13,地下鉄七隈線「六本松」徒歩3分,70.58,3LDK,2000年2月,https://suumo.jp//ms/chuko/fukuoka/sc_fukuokashichuo/nc_21089885/,六本松,地下鉄七隈線,3,2000-02-01,26,21089885
コスモ六本松シティフォルム,7399,福岡県福岡市中央区草香江２,地下鉄七隈線「六本松」徒歩4分,70.58,3LDK,2000年2月,https://suumo.jp//ms/chuko/fukuoka/sc_fukuokashichuo/nc_21199653/,六本松,地下鉄七隈線,4,2000-02-01,26,21199653
コスモ六本松シティフォルム,7399,福岡県福岡市中央区草香江２,地下鉄七隈線「六本松」徒歩4分,70.58,3LDK,2000年2月,https://suumo.jp//ms/chuko/fukuoka/sc_fukuokashichuo/nc_20628876/,六本松,地下鉄七隈線,4,2000-02-01,26,20628876
コスモ六本松シティフォルム,7399,福岡県福岡市中央区草香江２,地下鉄七隈線「六本松」徒歩4分,70.58,3LDK,2000年2月,https://suumo.jp//ms/chuko/fukuoka/sc_fukuokashichuo/nc_21241587/,六本松,地下鉄七隈線,4,2000-02-01,26,21241587
コスモ六本松シティフォルム,7399,福岡県福岡市中央区草香江２-1-13,地下鉄七隈線「六本松」徒歩4分,70.58,3LDK,2000年2月,https://suumo.jp//ms/chuko/fukuoka/sc_fukuokashichuo/nc_20723653/,六本松,地下鉄七隈線,4,2000-02-01,26,20723653
コスモ六本松シティフォルム,7399,福岡県福岡市中央区草香江２,地下鉄七隈線「六本松」徒歩4分,70.58,3LDK,2000年2月,https://suumo.jp//ms/chuko/fukuoka/sc_fukuokashichuo/nc_20703963/,六本松,地下鉄七隈線,4,2000-02-01,26,20703963
コスモ六本松シティフォルム,7399,福岡県福岡市中央区草香江２-1-13,地下鉄七隈線「六本松」徒歩4分,70.58,3LDK,2000年2月,https://suumo.jp//ms/chuko/fukuoka/sc_fukuokashichuo/nc_20955735/,六本松,地下鉄七隈線,4,2000-02-01,26,20955735
コスモ六本松シティフォルム,7399,福岡県福岡市中央区草香江２,地下鉄七隈線「六本松」徒歩4分,70.58,3LDK,2000年2月,https://suumo.jp//ms/chuko/fukuoka/sc_fukuokashichuo/nc_20595839/,六本松,地下鉄七隈線,4,2000-02-01,26,20595839
アクロス天神センタープラザ,7450,福岡県福岡市中央区渡辺通３,地下鉄七隈線「渡辺通」徒歩5分,82.26,4LDK,2005年7月,https://suumo.jp//ms/chuko/fukuoka/sc_fukuokashichuo/nc_21019427/,渡辺通,地下鉄七隈線,5,2005-07-01,21,21019427
アクタス渡辺通パークシティ,7480,福岡県福岡市中央区清川２,地下鉄七隈線「渡辺通」徒歩9分,78.47,3LDK,2010年3月,https://suumo.jp//ms/chuko/fukuoka/sc_fukuokashichuo/nc_20946419/,渡辺通,地下鉄七隈線,9,2010-03-01,16,20946419
モントーレセントラルベイコート,7480,福岡県福岡市中央区長浜３,地下鉄空港線「大濠公園」徒歩11分,68.07,3LDK,2014年1月,https://suumo.jp//ms/chuko/fukuoka/sc_fukuokashichuo/nc_21188029/,大濠公園,地下鉄空港線,11,2014-01-01,12,21188029
ザ・パークハウス桜坂サンリヤン,7480,福岡県福岡市中央区桜坂３,地下鉄七隈線「桜坂」徒歩3分,62.55,2LDK,2018年9月,https://suumo.jp//ms/chuko/fukuoka/sc_fukuokashichuo/nc_21120571/,桜坂,地下鉄七隈線,3,2018-09-01,8,21120571
マークネクスト鳥飼,7480,福岡県福岡市城南区鳥飼７,地下鉄七隈線「別府」徒歩6分,71.11,3LDK,2023年8月,https://suumo.jp//ms/chuko/fukuoka/sc_fukuokashijonan/nc_21247605/,別府,地下鉄七隈線,6,2023-08-01,3,21247605
ＭＪＲ百道二丁目,7480,福岡県福岡市早良区百道２,地下鉄空港線「藤崎」徒歩5分,91.74,3LDK,2007年1月,https://suumo.jp//ms/chuko/fukuoka/sc_fukuokashisawara/nc_21077565/,藤崎,地下鉄空港線,5,2007-01-01,19,21077565
コアマンション百道プレジオ,7480,福岡県福岡市早良区百道１,地下鉄空港線「藤崎」徒歩8分,92.96,3LDK,2006年2月,https://suumo.jp//ms/chuko/fukuoka/sc_fukuokashisawara/nc_21084676/,藤崎,地下鉄空港線,8,2006-02-01,20,21084676
アーバンパレスアクス大濠,7480,福岡県福岡市中央区荒戸３,地下鉄空港線「唐人町」徒歩6分,95.62,3LDK,1995年10月,https://suumo.jp//ms/chuko/fukuoka/sc_fukuokashichuo/nc_21045223/,唐人町,地下鉄空港線,6,1995-10-01,31,21045223
ブライト・サンリヤン藤崎二丁目,7490,福岡県福岡市早良区藤崎２,地下鉄空港線「藤崎」徒歩9分,105.88,4LDK,2012年2月,https://suumo.jp//ms/chuko/fukuoka/sc_fukuokashisawara/nc_20820033/,藤崎,地下鉄空港線,9,2012-02-01,14,20820033
ロワールマンション西公園東,7490,福岡県福岡市中央区港２,地下鉄空港線「大濠公園」徒歩6分,79.89,3LDK,1999年1月,https://suumo.jp//ms/chuko/fukuoka/sc_fukuokashichuo/nc_21105484/,大濠公園,地下鉄空港線,6,1999-01-01,27,21105484
ブライト・サンリヤン藤崎二丁目,7490,福岡県福岡市早良区藤崎２,地下鉄空港線「藤崎」徒歩9分,105.88,4LDK,2012年2月,https://suumo.jp//ms/chuko/fukuoka/sc_fukuokashisawara/nc_20805944/,藤崎,地下鉄空港線,9,2012-02-01,14,20805944
ロワールマンション西公園東,7490,福岡県福岡市中央区港２,地下鉄空港線「大濠公園」徒歩6分,79.89,3LDK,1999年1月,https://suumo.jp//ms/chuko/fukuoka/sc_fukuokashichuo/nc_21035179/,大濠公園,地下鉄空港線,6,1999-01-01,27,21035179
グランフォーレ西公園ザ・パークサイド,7499,福岡県福岡市中央区西公園,地下鉄空港線「大濠公園」徒歩10分,75.03,3LDK,2012年7月,https://suumo.jp//ms/chuko/fukuoka/sc_fukuokashichuo/nc_20974195/,大濠公園,地下鉄空港線,10,2012-07-01,14,20974195
シーサイドももちクリスタージュ壱番館,7499,福岡県福岡市早良区百道浜４,地下鉄空港線「藤崎」徒歩11分,107.81,4LDK,1992年5月,https://suumo.jp//ms/chuko/fukuoka/sc_fukuokashisawara/nc_21187986/,藤崎,地下鉄空港線,11,1992-05-01,34,21187986
コアマンション桜坂プレジオ弐番館,7500,福岡県福岡市中央区六本松３,地下鉄七隈線「桜坂」徒歩4分,107.92,4LDK,2001年2月,https://suumo.jp//ms/chuko/fukuoka/sc_fukuokashichuo/nc_79187041/,桜坂,地下鉄七隈線,4,2001-02-01,25,79187041
ミスモ薬院ネクスト,7500,福岡県福岡市中央区高砂１,地下鉄七隈線「薬院」徒歩6分,52.7,2LDK,2026年4月,https://suumo.jp//ms/chuko/fukuoka/sc_fukuokashichuo/nc_20952167/,薬院,地下鉄七隈線,6,2026-04-01,0,20952167
コスモ警固ロイヤルフォルム,7580,福岡県福岡市中央区警固１,地下鉄空港線「赤坂」徒歩8分,66.18,3LDK,2001年8月,https://suumo.jp//ms/chuko/fukuoka/sc_fukuokashichuo/nc_20648503/,赤坂,地下鉄空港線,8,2001-08-01,25,20648503
イノバス大濠公園,7580,福岡県福岡市中央区荒戸３,地下鉄空港線「唐人町」徒歩9分,55.07,2LDK,2026年5月,https://suumo.jp//ms/chuko/fukuoka/sc_fukuokashichuo/nc_21188709/,唐人町,地下鉄空港線,9,2026-05-01,0,21188709
薬院中央パーク・ホームズ　ウエストコート,7620,福岡県福岡市中央区薬院２,地下鉄七隈線「薬院大通」徒歩2分,84.58,4LDK,1998年8月,https://suumo.jp//ms/chuko/fukuoka/sc_fukuokashichuo/nc_21056077/,薬院大通,地下鉄七隈線,2,1998-08-01,28,21056077
室見二丁目パーク・マンション,7650,福岡県福岡市早良区室見２,地下鉄空港線「藤崎」徒歩7分,137.36,4LDK,1995年3月,https://suumo.jp//ms/chuko/fukuoka/sc_fukuokashisawara/nc_20577787/,藤崎,地下鉄空港線,7,1995-03-01,31,20577787
グランドメゾン大濠南,7680,福岡県福岡市中央区草香江２,地下鉄七隈線「六本松」徒歩3分,98.79,4LDK,2001年11月,https://suumo.jp//ms/chuko/fukuoka/sc_fukuokashichuo/nc_20469730/,六本松,地下鉄七隈線,3,2001-11-01,25,20469730
パークホームズ大濠公園フロント,7680,福岡県福岡市中央区荒戸１,地下鉄空港線「大濠公園」徒歩2分,53.61,2LDK,2025年3月,https://suumo.jp//ms/chuko/fukuoka/sc_fukuokashichuo/nc_21078519/,大濠公園,地下鉄空港線,2,2025-03-01,1,21078519
グランドメゾン赤坂門,7680,福岡県福岡市中央区赤坂１,地下鉄空港線「赤坂」徒歩5分,53.19,1LDK,2005年6月,https://suumo.jp//ms/chuko/fukuoka/sc_fukuokashichuo/nc_21137025/,赤坂,地下鉄空港線,5,2005-06-01,21,21137025
ザ・パークハウス福岡タワーズＥＡＳＴ,7680,福岡県福岡市中央区地行浜２,地下鉄空港線「唐人町」徒歩12分,64.28,2LDK,2020年12月,https://suumo.jp//ms/chuko/fukuoka/sc_fukuokashichuo/nc_78635330/,唐人町,地下鉄空港線,12,2020-12-01,6,78635330
パークホームズ警固本通り,7700,福岡県福岡市中央区警固２-16-30,地下鉄空港線「赤坂」徒歩9分,82.96,3LDK,2009年10月,https://suumo.jp//ms/chuko/fukuoka/sc_fukuokashichuo/nc_20908428/,赤坂,地下鉄空港線,9,2009-10-01,17,20908428
アダージュ薬院壱番館,7700,福岡県福岡市中央区薬院２-5-42,地下鉄七隈線「薬院大通」徒歩2分,77.07,2LDK,2002年3月,https://suumo.jp//ms/chuko/fukuoka/sc_fukuokashichuo/nc_21081052/,薬院大通,地下鉄七隈線,2,2002-03-01,24,21081052
パークホームズ警固本通り,7700,福岡県福岡市中央区警固２,地下鉄空港線「赤坂」徒歩9分,82.96,3LDK,2009年10月,https://suumo.jp//ms/chuko/fukuoka/sc_fukuokashichuo/nc_20963037/,赤坂,地下鉄空港線,9,2009-10-01,17,20963037
パークホームズ警固本通り,7770,福岡県福岡市中央区警固２-16-30,地下鉄空港線「赤坂」徒歩9分,82.96,3LDK,2009年10月,https://suumo.jp//ms/chuko/fukuoka/sc_fukuokashichuo/nc_79216175/,赤坂,地下鉄空港線,9,2009-10-01,17,79216175
パークホームズ警固本通り,7770,福岡県福岡市中央区警固２,地下鉄空港線「赤坂」徒歩9分,82.96,3LDK,2009年10月,https://suumo.jp//ms/chuko/fukuoka/sc_fukuokashichuo/nc_79221650/,赤坂,地下鉄空港線,9,2009-10-01,17,79221650
パークホームズ警固本通り,7770,福岡県福岡市中央区警固２-１６－３０,地下鉄空港線「赤坂」徒歩9分,82.96,3LDK,2009年10月,https://suumo.jp//ms/chuko/fukuoka/sc_fukuokashichuo/nc_20704999/,赤坂,地下鉄空港線,9,2009-10-01,17,20704999
パークホームズ警固本通り,7770,福岡県福岡市中央区警固２-16-30,地下鉄空港線「赤坂」徒歩9分,82.96,3LDK,2009年10月,https://suumo.jp//ms/chuko/fukuoka/sc_fukuokashichuo/nc_20148823/,赤坂,地下鉄空港線,9,2009-10-01,17,20148823
パークホームズ警固本通り,7770,福岡県福岡市中央区警固２-16-30,地下鉄空港線「赤坂」徒歩8分,82.96,3LDK,2009年10月,https://suumo.jp//ms/chuko/fukuoka/sc_fukuokashichuo/nc_21135833/,赤坂,地下鉄空港線,8,2009-10-01,17,21135833
パークホームズ警固本通り,7770,福岡県福岡市中央区警固２,地下鉄空港線「赤坂」徒歩8分,82.96,3LDK,2009年10月,https://suumo.jp//ms/chuko/fukuoka/sc_fukuokashichuo/nc_78912557/,赤坂,地下鉄空港線,8,2009-10-01,17,78912557
JGMロイヤルガーデン御所ケ谷,7800,福岡県福岡市中央区御所ヶ谷5-21,地下鉄七隈線「薬院大通」徒歩11分,96.41,4LDK,2005年7月,https://suumo.jp//ms/chuko/fukuoka/sc_fukuokashichuo/nc_21212537/,薬院大通,地下鉄七隈線,11,2005-07-01,21,21212537
マークネクスト鳥飼,7880,福岡県福岡市城南区鳥飼７,地下鉄七隈線「別府」徒歩6分,66.18,3LDK,2023年8月,https://suumo.jp//ms/chuko/fukuoka/sc_fukuokashijonan/nc_21258396/,別府,地下鉄七隈線,6,2023-08-01,3,21258396
コアマンション桜坂プレジオ弐番館,7890,福岡県福岡市中央区六本松３,地下鉄七隈線「桜坂」徒歩4分,103.4,3LDK+S（納戸）,2001年1月,https://suumo.jp//ms/chuko/fukuoka/sc_fukuokashichuo/nc_20207719/,桜坂,地下鉄七隈線,4,2001-01-01,25,20207719
コアマンション桜坂プレジオ弐番館,7890,福岡県福岡市中央区六本松３,地下鉄七隈線「桜坂」徒歩4分,103.4,3LDK+S（納戸）,2001年1月,https://suumo.jp//ms/chuko/fukuoka/sc_fukuokashichuo/nc_20059581/,桜坂,地下鉄七隈線,4,2001-01-01,25,20059581
コアマンション桜坂プレジオ弐番館,7890,福岡県福岡市中央区六本松３,地下鉄七隈線「桜坂」徒歩5分,103.4,4LDK,2001年1月,https://suumo.jp//ms/chuko/fukuoka/sc_fukuokashichuo/nc_20874952/,桜坂,地下鉄七隈線,5,2001-01-01,25,20874952
コアマンション桜坂プレジオ弐番館,7890,福岡県福岡市中央区六本松３,地下鉄七隈線「桜坂」徒歩4分,103.4,3LDK+S（納戸）,2001年1月,https://suumo.jp//ms/chuko/fukuoka/sc_fukuokashichuo/nc_20091541/,桜坂,地下鉄七隈線,4,2001-01-01,25,20091541
MJR博多ザ・レジデンス,7900,福岡県福岡市博多区美野島１,ＪＲ鹿児島本線「博多」徒歩13分,70.1,2LDK,2025年1月,https://suumo.jp//ms/chuko/fukuoka/sc_fukuokashihakata/nc_20370112/,博多,ＪＲ鹿児島本線,13,2025-01-01,1,20370112
六本松パークホームズ,7980,福岡県福岡市中央区梅光園１,地下鉄七隈線「六本松」徒歩5分,141.91,4LDK+S（納戸）,1991年8月,https://suumo.jp//ms/chuko/fukuoka/sc_fukuokashichuo/nc_20956553/,六本松,地下鉄七隈線,5,1991-08-01,35,20956553
プレサンスロジェ薬院二丁目,7980,福岡県福岡市中央区薬院２,地下鉄七隈線「薬院大通」徒歩3分,65.57,2LDK+S（納戸）,2020年10月,https://suumo.jp//ms/chuko/fukuoka/sc_fukuokashichuo/nc_21113400/,薬院大通,地下鉄七隈線,3,2020-10-01,6,21113400
モントーレ舞鶴ベイレジデンス,7990,福岡県福岡市中央区港１,地下鉄空港線「大濠公園」徒歩10分,76.25,3LDK,2019年6月,https://suumo.jp//ms/chuko/fukuoka/sc_fukuokashichuo/nc_21269002/,大濠公園,地下鉄空港線,10,2019-06-01,7,21269002
グランド・サンリヤン大濠二丁目,8000,福岡県福岡市中央区大濠２-11-5,地下鉄空港線「唐人町」徒歩7分,82.71,2LDK,2002年3月,https://suumo.jp//ms/chuko/fukuoka/sc_fukuokashichuo/nc_21240464/,唐人町,地下鉄空港線,7,2002-03-01,24,21240464
コアマンション百道プレジオ,8100,福岡県福岡市早良区百道１,地下鉄空港線「藤崎」徒歩8分,93.57,3LDK,2006年2月,https://suumo.jp//ms/chuko/fukuoka/sc_fukuokashisawara/nc_20684091/,藤崎,地下鉄空港線,8,2006-02-01,20,20684091
ＭＪＲ博多ザ・レジデンス,8100,福岡県福岡市博多区美野島１,ＪＲ鹿児島本線「博多」徒歩13分,70.49,3LDK,2025年1月,https://suumo.jp//ms/chuko/fukuoka/sc_fukuokashihakata/nc_20014031/,博多,ＪＲ鹿児島本線,13,2025-01-01,1,20014031
コアマンション百道プレジオ,8100,福岡県福岡市早良区百道１,地下鉄空港線「藤崎」徒歩9分,92.92,3LDK+S（納戸）,2006年2月,https://suumo.jp//ms/chuko/fukuoka/sc_fukuokashisawara/nc_21195610/,藤崎,地下鉄空港線,9,2006-02-01,20,21195610
フリーディア西新レジデンス,8180,福岡県福岡市早良区西新７,地下鉄空港線「藤崎」徒歩5分,72.93,1LDK,2024年2月,https://suumo.jp//ms/chuko/fukuoka/sc_fukuokashisawara/nc_20245114/,藤崎,地下鉄空港線,5,2024-02-01,2,20245114
グランド・サンリヤン西新,8200,福岡県福岡市早良区城西１,地下鉄空港線「西新」徒歩5分,68.73,3LDK,2024年11月,https://suumo.jp//ms/chuko/fukuoka/sc_fukuokashisawara/nc_78823570/,西新,地下鉄空港線,5,2024-11-01,2,78823570
マークネクスト鳥飼,8380,福岡県福岡市城南区鳥飼７,地下鉄七隈線「別府」徒歩6分,71.33,3LDK,2023年8月,https://suumo.jp//ms/chuko/fukuoka/sc_fukuokashijonan/nc_21237187/,別府,地下鉄七隈線,6,2023-08-01,3,21237187
ＭＪＲ桜坂ザ・レジデンス,8480,福岡県福岡市中央区桜坂１,地下鉄七隈線「桜坂」徒歩1分,89.39,3LDK,2019年1月,https://suumo.jp//ms/chuko/fukuoka/sc_fukuokashichuo/nc_78077315/,桜坂,地下鉄七隈線,1,2019-01-01,7,78077315
パークホームズ西新トラッドマークス,8480,福岡県福岡市早良区西新２,地下鉄空港線「西新」徒歩3分,75.11,3LDK,2018年5月,https://suumo.jp//ms/chuko/fukuoka/sc_fukuokashisawara/nc_20459552/,西新,地下鉄空港線,3,2018-05-01,8,20459552
グランドメゾン大濠公園ザ・タワーレジデンス,8480,福岡県福岡市中央区荒戸２,地下鉄空港線「大濠公園」徒歩6分,52.83,2LDK,2021年6月,https://suumo.jp//ms/chuko/fukuoka/sc_fukuokashichuo/nc_21054603/,大濠公園,地下鉄空港線,6,2021-06-01,5,21054603
コアマンション大手門タワー,8680,福岡県福岡市中央区大手門１,地下鉄空港線「赤坂」徒歩7分,95.82,3LDK,2003年8月,https://suumo.jp//ms/chuko/fukuoka/sc_fukuokashichuo/nc_20606079/,赤坂,地下鉄空港線,7,2003-08-01,23,20606079
アソシアタワー大濠ベネフィス,8690,福岡県福岡市中央区荒戸３,地下鉄空港線「唐人町」徒歩6分,92.04,4LDK,2005年3月,https://suumo.jp//ms/chuko/fukuoka/sc_fukuokashichuo/nc_21105485/,唐人町,地下鉄空港線,6,2005-03-01,21,21105485
アソシアタワー大濠ベネフィス,8690,福岡県福岡市中央区荒戸３-２－４０,地下鉄空港線「唐人町」徒歩6分,92.04,4LDK,2005年3月,https://suumo.jp//ms/chuko/fukuoka/sc_fukuokashichuo/nc_21040046/,唐人町,地下鉄空港線,6,2005-03-01,21,21040046
アソシアタワー大濠ベネフィス,8690,福岡県福岡市中央区荒戸３,地下鉄空港線「唐人町」徒歩7分,92.04,4LDK,2005年3月,https://suumo.jp//ms/chuko/fukuoka/sc_fukuokashichuo/nc_20558081/,唐人町,地下鉄空港線,7,2005-03-01,21,20558081
アソシアタワー大濠ベネフィス,8690,福岡県福岡市中央区荒戸３,地下鉄空港線「大濠公園」徒歩8分,92.04,4LDK,2005年3月,https://suumo.jp//ms/chuko/fukuoka/sc_fukuokashichuo/nc_21094464/,大濠公園,地下鉄空港線,8,2005-03-01,21,21094464
グランドメゾン別府レジデンス,8700,福岡県福岡市城南区別府３,地下鉄七隈線「別府」徒歩2分,70.44,2LDK,2024年1月,https://suumo.jp//ms/chuko/fukuoka/sc_fukuokashijonan/nc_20549076/,別府,地下鉄七隈線,2,2024-01-01,2,20549076
ザ・パークハウス桜坂サンリヤン,8750,福岡県福岡市中央区桜坂３,地下鉄七隈線「桜坂」徒歩3分,73.6,3LDK,2018年9月,https://suumo.jp//ms/chuko/fukuoka/sc_fukuokashichuo/nc_21029911/,桜坂,地下鉄七隈線,3,2018-09-01,8,21029911
グランドサンリヤン大濠公園パークビュー,8780,福岡県福岡市中央区草香江１,地下鉄七隈線「六本松」徒歩9分,96.91,3LDK,2005年3月,https://suumo.jp//ms/chuko/fukuoka/sc_fukuokashichuo/nc_21062175/,六本松,地下鉄七隈線,9,2005-03-01,21,21062175
ル・サンク大濠公園,8900,福岡県福岡市中央区大手門２,地下鉄空港線「大濠公園」徒歩8分,85.86,2LDK+S（納戸）,2020年6月,https://suumo.jp//ms/chuko/fukuoka/sc_fukuokashichuo/nc_20529132/,大濠公園,地下鉄空港線,8,2020-06-01,6,20529132
ザ・パークハウス桜坂サンリヤン,8900,福岡県福岡市中央区桜坂３,地下鉄七隈線「桜坂」徒歩3分,75.95,3LDK,2018年9月,https://suumo.jp//ms/chuko/fukuoka/sc_fukuokashichuo/nc_78097789/,桜坂,地下鉄七隈線,3,2018-09-01,8,78097789
ザ・パークハウス赤坂タワーレジデンス,8900,福岡県福岡市中央区長浜２,地下鉄空港線「赤坂」徒歩7分,75.6,3LDK,2019年7月,https://suumo.jp//ms/chuko/fukuoka/sc_fukuokashichuo/nc_21204925/,赤坂,地下鉄空港線,7,2019-07-01,7,21204925
ザ・パークハウス赤坂タワーレジデンス,8900,福岡県福岡市中央区長浜２,地下鉄空港線「赤坂」徒歩7分,75.6,3LDK,2019年7月,https://suumo.jp//ms/chuko/fukuoka/sc_fukuokashichuo/nc_21182829/,赤坂,地下鉄空港線,7,2019-07-01,7,21182829
百道タワー,8980,福岡県福岡市早良区百道浜１,地下鉄空港線「西新」徒歩10分,90.28,1LDK,2004年2月,https://suumo.jp//ms/chuko/fukuoka/sc_fukuokashisawara/nc_20131070/,西新,地下鉄空港線,10,2004-02-01,22,20131070
百道タワー,8980,福岡県福岡市早良区百道浜１,地下鉄空港線「西新」徒歩10分,90.28,1LDK+S（納戸）,2004年2月,https://suumo.jp//ms/chuko/fukuoka/sc_fukuokashisawara/nc_20577302/,西新,地下鉄空港線,10,2004-02-01,22,20577302
百道タワー,8980,福岡県福岡市早良区百道浜１,地下鉄空港線「西新」徒歩10分,90.28,1LDK,2004年2月,https://suumo.jp//ms/chuko/fukuoka/sc_fukuokashisawara/nc_20455101/,西新,地下鉄空港線,10,2004-02-01,22,20455101
ライオンズヒルズ桜坂,8980,福岡県福岡市中央区桜坂３,地下鉄七隈線「桜坂」徒歩3分,133.27,3LDK,1986年12月,https://suumo.jp//ms/chuko/fukuoka/sc_fukuokashichuo/nc_20933104/,桜坂,地下鉄七隈線,3,1986-12-01,40,20933104
百道タワー,8980,福岡県福岡市早良区百道浜１,地下鉄空港線「西新」徒歩10分,90.28,1LDK,2004年2月,https://suumo.jp//ms/chuko/fukuoka/sc_fukuokashisawara/nc_20612548/,西新,地下鉄空港線,10,2004-02-01,22,20612548
デュレジア薬院スタンス,8980,福岡県福岡市中央区薬院３,西鉄天神大牟田線「薬院」徒歩6分,60.22,2LDK,2023年2月,https://suumo.jp//ms/chuko/fukuoka/sc_fukuokashichuo/nc_21112525/,薬院,西鉄天神大牟田線,6,2023-02-01,3,21112525
ブランシエラ赤坂はなみずき通り,8980,福岡県福岡市中央区桜坂１,地下鉄七隈線「桜坂」徒歩6分,77.39,3LDK,2020年8月,https://suumo.jp//ms/chuko/fukuoka/sc_fukuokashichuo/nc_78841624/,桜坂,地下鉄七隈線,6,2020-08-01,6,78841624
百道タワー,8980,福岡県福岡市早良区百道浜１,地下鉄空港線「西新」徒歩10分,81.73,2LDK,2004年2月,https://suumo.jp//ms/chuko/fukuoka/sc_fukuokashisawara/nc_79121075/,西新,地下鉄空港線,10,2004-02-01,22,79121075
レジデンス百道,8990,福岡県福岡市早良区百道２,地下鉄空港線「藤崎」徒歩3分,83.33,2LDK+S（納戸）,2015年3月,https://suumo.jp//ms/chuko/fukuoka/sc_fukuokashisawara/nc_20511947/,藤崎,地下鉄空港線,3,2015-03-01,11,20511947
ダイアパレス赤坂,8999,福岡県福岡市中央区赤坂２,地下鉄空港線「赤坂」徒歩9分,88.58,4LDK,2001年9月,https://suumo.jp//ms/chuko/fukuoka/sc_fukuokashichuo/nc_21117416/,赤坂,地下鉄空港線,9,2001-09-01,25,21117416
ザ・パークハウス福岡タワーズ　EAST,9180,福岡県福岡市中央区地行浜２,地下鉄空港線「唐人町」徒歩12分,81.41,3LDK,2020年12月,https://suumo.jp//ms/chuko/fukuoka/sc_fukuokashichuo/nc_20738575/,唐人町,地下鉄空港線,12,2020-12-01,6,20738575
グランドメゾン浄水ガーデンシティセントラルフォレスト…,9190,福岡県福岡市中央区薬院４,地下鉄七隈線「薬院大通」徒歩9分,65.42,2LDK,2022年1月,https://suumo.jp//ms/chuko/fukuoka/sc_fukuokashichuo/nc_21187907/,薬院大通,地下鉄七隈線,9,2022-01-01,4,21187907
グランドメゾン福岡　The Central Luxe,9200,福岡県福岡市中央区渡辺通２-７－２８,西鉄天神大牟田線「薬院」徒歩2分,63.29,1LDK,2025年6月,https://suumo.jp//ms/chuko/fukuoka/sc_fukuokashichuo/nc_20128719/,薬院,西鉄天神大牟田線,2,2025-06-01,1,20128719
グランドメゾン大濠ブルクレール,9280,福岡県福岡市中央区草香江２,地下鉄七隈線「六本松」徒歩9分,85.42,3LDK,2006年3月,https://suumo.jp//ms/chuko/fukuoka/sc_fukuokashichuo/nc_79094486/,六本松,地下鉄七隈線,9,2006-03-01,20,79094486
ライオンズタワー赤坂けやき通り,9280,福岡県福岡市中央区赤坂２,地下鉄空港線「赤坂」徒歩10分,80.11,3LDK,2007年1月,https://suumo.jp//ms/chuko/fukuoka/sc_fukuokashichuo/nc_20954557/,赤坂,地下鉄空港線,10,2007-01-01,19,20954557
JGMロイヤルガーデン浄水通,9370,福岡県福岡市中央区浄水通２－１,地下鉄七隈線「薬院大通」徒歩8分,94.45,3LDK,2004年2月,https://suumo.jp//ms/chuko/fukuoka/sc_fukuokashichuo/nc_21070976/,薬院大通,地下鉄七隈線,8,2004-02-01,22,21070976
グランドメゾン福岡　Ｔｈｅ　Ｃｅｎｔｒａｌ　Ｌｕｘｅ,9480,福岡県福岡市中央区渡辺通２,西鉄天神大牟田線「薬院」徒歩2分,63.29,1LDK,2025年6月,https://suumo.jp//ms/chuko/fukuoka/sc_fukuokashichuo/nc_78661055/,薬院,西鉄天神大牟田線,2,2025-06-01,1,78661055
ライオンズ大濠レジデンス,9480,福岡県福岡市中央区草香江２,地下鉄七隈線「六本松」徒歩10分,100.05,3LDK,2007年11月,https://suumo.jp//ms/chuko/fukuoka/sc_fukuokashichuo/nc_20483283/,六本松,地下鉄七隈線,10,2007-11-01,19,20483283
ザ・パークハウス福岡タワーズ　ＥＡＳＴ,9480,福岡県福岡市中央区地行浜２,地下鉄空港線「唐人町」徒歩12分,77.32,2LDK,2020年12月,https://suumo.jp//ms/chuko/fukuoka/sc_fukuokashichuo/nc_21272927/,唐人町,地下鉄空港線,12,2020-12-01,6,21272927
コアマンション大手門タワー,9498,福岡県福岡市中央区大手門１,地下鉄空港線「赤坂」徒歩5分,90.87,3LDK+S（納戸）,2003年8月,https://suumo.jp//ms/chuko/fukuoka/sc_fukuokashichuo/nc_79091579/,赤坂,地下鉄空港線,5,2003-08-01,23,79091579
コアマンション大手門タワー,9498,福岡県福岡市中央区大手門１,地下鉄空港線「赤坂」徒歩6分,90.87,3LDK,2003年8月,https://suumo.jp//ms/chuko/fukuoka/sc_fukuokashichuo/nc_20819112/,赤坂,地下鉄空港線,6,2003-08-01,23,20819112
グランドメゾン赤坂JOHSEKI,9500,福岡県福岡市中央区赤坂２,地下鉄空港線「赤坂」徒歩12分,52.76,2LDK,2022年9月,https://suumo.jp//ms/chuko/fukuoka/sc_fukuokashichuo/nc_20845713/,赤坂,地下鉄空港線,12,2022-09-01,4,20845713
サンメゾン今川,9580,福岡県福岡市中央区今川１,地下鉄空港線「唐人町」徒歩6分,86.13,3LDK,2019年2月,https://suumo.jp//ms/chuko/fukuoka/sc_fukuokashichuo/nc_20601170/,唐人町,地下鉄空港線,6,2019-02-01,7,20601170
Ｂｒｉｌｌｉａ平尾浄水,9588,福岡県福岡市中央区平尾浄水町,地下鉄七隈線「薬院大通」徒歩12分,108.17,3LDK,2009年4月,https://suumo.jp//ms/chuko/fukuoka/sc_fukuokashichuo/nc_20160990/,薬院大通,地下鉄七隈線,12,2009-04-01,17,20160990
グランドメゾン桜坂ヒルズ,9600,福岡県福岡市中央区警固３,地下鉄七隈線「桜坂」徒歩5分,90.75,3LDK,2011年2月,https://suumo.jp//ms/chuko/fukuoka/sc_fukuokashichuo/nc_20420725/,桜坂,地下鉄七隈線,5,2011-02-01,15,20420725
グランドメゾン桜坂ヒルズ,9600,福岡県福岡市中央区警固３,地下鉄七隈線「桜坂」徒歩5分,90.75,3LDK,2011年2月,https://suumo.jp//ms/chuko/fukuoka/sc_fukuokashichuo/nc_20513628/,桜坂,地下鉄七隈線,5,2011-02-01,15,20513628
グランドメゾン赤坂１丁目,9800,福岡県福岡市中央区赤坂１,地下鉄空港線「赤坂」徒歩6分,71.55,2LDK,2013年5月,https://suumo.jp//ms/chuko/fukuoka/sc_fukuokashichuo/nc_20746427/,赤坂,地下鉄空港線,6,2013-05-01,13,20746427
ライオンズマンション大濠パークサイド,9800,福岡県福岡市中央区鳥飼２,地下鉄空港線「唐人町」徒歩11分,103.85,4LDK,2003年2月,https://suumo.jp//ms/chuko/fukuoka/sc_fukuokashichuo/nc_20785395/,唐人町,地下鉄空港線,11,2003-02-01,23,20785395
パークコート赤坂ヒルトップレジデンス,9880,福岡県福岡市中央区赤坂３-６－６,地下鉄七隈線「桜坂」徒歩10分,88.76,3LDK,2010年2月,https://suumo.jp//ms/chuko/fukuoka/sc_fukuokashichuo/nc_78640538/,桜坂,地下鉄七隈線,10,2010-02-01,16,78640538
アクタス大手門パークシティ,9980,福岡県福岡市中央区大手門１,地下鉄空港線「赤坂」徒歩7分,93.92,3LDK,2005年2月,https://suumo.jp//ms/chuko/fukuoka/sc_fukuokashichuo/nc_76865748/,赤坂,地下鉄空港線,7,2005-02-01,21,76865748
プレミスト平尾浄水オークハウス,9980,福岡県福岡市中央区平尾浄水町,地下鉄七隈線「薬院大通」徒歩14分,115.05,4LDK,2010年5月,https://suumo.jp//ms/chuko/fukuoka/sc_fukuokashichuo/nc_21085436/,薬院大通,地下鉄七隈線,14,2010-05-01,16,21085436
アクタス大手門パークシティ,9980,福岡県福岡市中央区大手門１-２－１８,地下鉄空港線「赤坂」徒歩7分,93.92,3LDK,2005年2月,https://suumo.jp//ms/chuko/fukuoka/sc_fukuokashichuo/nc_76842988/,赤坂,地下鉄空港線,7,2005-02-01,21,76842988
サーパス薬院,9980,福岡県福岡市中央区薬院３,西鉄天神大牟田線「薬院」徒歩5分,99.96,4LDK,2003年10月,https://suumo.jp//ms/chuko/fukuoka/sc_fukuokashichuo/nc_20819534/,薬院,西鉄天神大牟田線,5,2003-10-01,23,20819534
アダージュ薬院弐番館,9980,福岡県福岡市中央区薬院２,地下鉄七隈線「薬院大通」徒歩2分,93.88,4LDK,2003年3月,https://suumo.jp//ms/chuko/fukuoka/sc_fukuokashichuo/nc_21187999/,薬院大通,地下鉄七隈線,2,2003-03-01,23,21187999
デュレジア薬院スタンス【築浅、地下鉄、電車ダブルアク…,9990,福岡県福岡市中央区薬院３,地下鉄七隈線「薬院大通」徒歩5分,70.33,2LDK+S（納戸）,2023年2月,https://suumo.jp//ms/chuko/fukuoka/sc_fukuokashichuo/nc_20282820/,薬院大通,地下鉄七隈線,5,2023-02-01,3,20282820
グランフォーレ西新レジデンス,9995,福岡県福岡市早良区西新２,地下鉄空港線「西新」徒歩4分,90.01,3LDK,2017年3月,https://suumo.jp//ms/chuko/fukuoka/sc_fukuokashisawara/nc_21084677/,西新,地下鉄空港線,4,2017-03-01,9,21084677
フリーディア藤崎レジデンス,10300,福岡県福岡市早良区藤崎１,地下鉄空港線「藤崎」徒歩4分,97.45,3LDK,2019年9月,https://suumo.jp//ms/chuko/fukuoka/sc_fukuokashisawara/nc_79081279/,藤崎,地下鉄空港線,4,2019-09-01,7,79081279
ライオンズマンション大濠パークサイド,10500,福岡県福岡市中央区鳥飼２,地下鉄七隈線「六本松」徒歩11分,103.85,3LDK,2003年2月,https://suumo.jp//ms/chuko/fukuoka/sc_fukuokashichuo/nc_20436133/,六本松,地下鉄七隈線,11,2003-02-01,23,20436133
グランドメゾン薬院　ザ・タワーレジデンス,10500,福岡県福岡市中央区薬院３,地下鉄七隈線「薬院大通」徒歩5分,70.06,2LDK+S（納戸）,2022年6月,https://suumo.jp//ms/chuko/fukuoka/sc_fukuokashichuo/nc_20609707/,薬院大通,地下鉄七隈線,5,2022-06-01,4,20609707
グランドメゾン西新テラス,10780,福岡県福岡市早良区城西１,地下鉄空港線「西新」徒歩7分,96.41,3LDK,2014年2月,https://suumo.jp//ms/chuko/fukuoka/sc_fukuokashisawara/nc_20043788/,西新,地下鉄空港線,7,2014-02-01,12,20043788
Brillia平尾浄水,10800,福岡県福岡市中央区平尾浄水町,地下鉄七隈線「薬院大通」徒歩11分,127.99,3LDK+2S（納戸）,2009年5月,https://suumo.jp//ms/chuko/fukuoka/sc_fukuokashichuo/nc_20983713/,薬院大通,地下鉄七隈線,11,2009-05-01,17,20983713
アルテマインド浄水平丘,10800,福岡県福岡市中央区平丘町,地下鉄七隈線「薬院大通」徒歩9分,94.63,3LDK,2010年4月,https://suumo.jp//ms/chuko/fukuoka/sc_fukuokashichuo/nc_21085434/,薬院大通,地下鉄七隈線,9,2010-04-01,16,21085434
グランドメゾン百道プレイス,10820,福岡県福岡市早良区百道２,地下鉄空港線「藤崎」徒歩3分,90.65,3LDK,2016年2月,https://suumo.jp//ms/chuko/fukuoka/sc_fukuokashisawara/nc_77583529/,藤崎,地下鉄空港線,3,2016-02-01,10,77583529
三井薬院ハイツ,10880,福岡県福岡市中央区薬院２,地下鉄七隈線「薬院大通」徒歩6分,172.94,8LDK,1982年10月,https://suumo.jp//ms/chuko/fukuoka/sc_fukuokashichuo/nc_20133049/,薬院大通,地下鉄七隈線,6,1982-10-01,44,20133049
グランドメゾン福岡　Ｔｈｅ　Ｃｅｎｔｒａｌ　Ｌｕｘｅ,10980,福岡県福岡市中央区渡辺通２,西鉄天神大牟田線「薬院」徒歩2分,69.72,1LDK,2025年6月,https://suumo.jp//ms/chuko/fukuoka/sc_fukuokashichuo/nc_21175478/,薬院,西鉄天神大牟田線,2,2025-06-01,1,21175478
ザ・ライオンズ大濠公園,10980,福岡県福岡市中央区荒戸１,地下鉄空港線「大濠公園」徒歩2分,61.77,2LDK,2024年1月,https://suumo.jp//ms/chuko/fukuoka/sc_fukuokashichuo/nc_21154417/,大濠公園,地下鉄空港線,2,2024-01-01,2,21154417
グランドメゾン大濠公園南,10990,福岡県福岡市中央区草香江２,地下鉄七隈線「六本松」徒歩4分,98.79,3LDK+S（納戸）,2001年11月,https://suumo.jp//ms/chuko/fukuoka/sc_fukuokashichuo/nc_20171751/,六本松,地下鉄七隈線,4,2001-11-01,25,20171751
グランドメゾン大濠南,10990,福岡県福岡市中央区草香江２,地下鉄七隈線「六本松」徒歩4分,98.79,3LDK+S（納戸）,2001年11月,https://suumo.jp//ms/chuko/fukuoka/sc_fukuokashichuo/nc_20614954/,六本松,地下鉄七隈線,4,2001-11-01,25,20614954
グランドメゾン大濠南,10990,福岡県福岡市中央区草香江２,地下鉄七隈線「六本松」徒歩3分,98.79,3LDK+S（納戸）,2001年12月,https://suumo.jp//ms/chuko/fukuoka/sc_fukuokashichuo/nc_21188019/,六本松,地下鉄七隈線,3,2001-12-01,25,21188019
グランドメゾン大濠南,10990,福岡県福岡市中央区草香江２,地下鉄七隈線「六本松」徒歩3分,98.79,3LDK,2001年11月,https://suumo.jp//ms/chuko/fukuoka/sc_fukuokashichuo/nc_20850542/,六本松,地下鉄七隈線,3,2001-11-01,25,20850542
グランドメゾン大濠南,10990,福岡県福岡市中央区草香江２,地下鉄七隈線「六本松」徒歩3分,98.79,3LDK+S（納戸）,2001年11月,https://suumo.jp//ms/chuko/fukuoka/sc_fukuokashichuo/nc_20117698/,六本松,地下鉄七隈線,3,2001-11-01,25,20117698
グランドメゾン大濠南,10990,福岡県福岡市中央区草香江２,地下鉄七隈線「六本松」徒歩3分,98.79,3LDK+S（納戸）,2001年11月,https://suumo.jp//ms/chuko/fukuoka/sc_fukuokashichuo/nc_20286451/,六本松,地下鉄七隈線,3,2001-11-01,25,20286451
グランドメゾン大濠南,10990,福岡県福岡市中央区草香江２-1-38,地下鉄七隈線「六本松」徒歩2分,98.79,3LDK+S（納戸）,2001年11月,https://suumo.jp//ms/chuko/fukuoka/sc_fukuokashichuo/nc_20236709/,六本松,地下鉄七隈線,2,2001-11-01,25,20236709
グランドメゾン福岡The Central Luxe,11000,福岡県福岡市中央区渡辺通２-7-28,西鉄天神大牟田線「薬院」徒歩3分,51.35,1LDK,2025年6月,https://suumo.jp//ms/chuko/fukuoka/sc_fukuokashichuo/nc_20102772/,薬院,西鉄天神大牟田線,3,2025-06-01,1,20102772
グランドメゾン大濠公園ＴＨＥ　ＴＯＷＥＲ,11500,福岡県福岡市中央区唐人町１,地下鉄空港線「唐人町」徒歩2分,70.67,3LDK,2023年6月,https://suumo.jp//ms/chuko/fukuoka/sc_fukuokashichuo/nc_20179644/,唐人町,地下鉄空港線,2,2023-06-01,3,20179644
グランドメゾン赤坂１丁目,11580,福岡県福岡市中央区赤坂１,地下鉄空港線「赤坂」徒歩6分,88.11,3LDK,2013年5月,https://suumo.jp//ms/chuko/fukuoka/sc_fukuokashichuo/nc_20401837/,赤坂,地下鉄空港線,6,2013-05-01,13,20401837
Brillia平尾浄水,11800,福岡県福岡市中央区平尾浄水町,地下鉄七隈線「薬院大通」徒歩12分,114.43,3LDK,2009年4月,https://suumo.jp//ms/chuko/fukuoka/sc_fukuokashichuo/nc_20367604/,薬院大通,地下鉄七隈線,12,2009-04-01,17,20367604
ブリリア平尾浄水,11800,福岡県福岡市中央区平尾浄水町,地下鉄七隈線「薬院大通」徒歩11分,114.43,3LDK,2009年5月,https://suumo.jp//ms/chuko/fukuoka/sc_fukuokashichuo/nc_78952756/,薬院大通,地下鉄七隈線,11,2009-05-01,17,78952756
パークハウス大濠,11880,福岡県福岡市中央区大濠１,地下鉄空港線「唐人町」徒歩12分,107.28,3LDK,1998年5月,https://suumo.jp//ms/chuko/fukuoka/sc_fukuokashichuo/nc_20126844/,唐人町,地下鉄空港線,12,1998-05-01,28,20126844
グランドメゾン大濠公園THE CLASS,12000,福岡県福岡市中央区荒戸２-3-9,地下鉄空港線「大濠公園」徒歩6分,60.35,2LDK,2024年1月,https://suumo.jp//ms/chuko/fukuoka/sc_fukuokashichuo/nc_20120081/,大濠公園,地下鉄空港線,6,2024-01-01,2,20120081
グランドメゾン大濠公園THE CLASS,12000,福岡県福岡市中央区荒戸２,地下鉄空港線「大濠公園」徒歩4分,60.35,2LDK,2024年1月,https://suumo.jp//ms/chuko/fukuoka/sc_fukuokashichuo/nc_20005198/,大濠公園,地下鉄空港線,4,2024-01-01,2,20005198
ＪＧＭロイヤルガーデン薬院,12000,福岡県福岡市中央区薬院２,地下鉄七隈線「薬院大通」徒歩1分,104.94,4LDK,2004年3月,https://suumo.jp//ms/chuko/fukuoka/sc_fukuokashichuo/nc_20696990/,薬院大通,地下鉄七隈線,1,2004-03-01,22,20696990
グランドメゾン赤坂弐番館,12300,福岡県福岡市中央区赤坂２,地下鉄空港線「赤坂」徒歩12分,110.0,3LDK,2004年9月,https://suumo.jp//ms/chuko/fukuoka/sc_fukuokashichuo/nc_79104390/,赤坂,地下鉄空港線,12,2004-09-01,22,79104390
グランドメゾン赤坂弐番館,12300,福岡県福岡市中央区赤坂２,地下鉄空港線「赤坂」徒歩11分,110.0,3LDK,2004年9月,https://suumo.jp//ms/chuko/fukuoka/sc_fukuokashichuo/nc_20475936/,赤坂,地下鉄空港線,11,2004-09-01,22,20475936
グランドメゾン赤坂弐番館,12300,福岡県福岡市中央区赤坂２,地下鉄空港線「赤坂」徒歩11分,110.0,3LDK,2004年9月,https://suumo.jp//ms/chuko/fukuoka/sc_fukuokashichuo/nc_20496537/,赤坂,地下鉄空港線,11,2004-09-01,22,20496537
CLUB THE.大濠二丁目,12480,福岡県福岡市中央区大濠２,地下鉄空港線「唐人町」徒歩7分,91.07,2LDK,2019年6月,https://suumo.jp//ms/chuko/fukuoka/sc_fukuokashichuo/nc_20032764/,唐人町,地下鉄空港線,7,2019-06-01,7,20032764
グランドメゾン浄水ガーデンシティフォレストゲートⅢ,12500,福岡県福岡市中央区薬院４,地下鉄七隈線「薬院大通」徒歩5分,83.15,3LDK,2018年12月,https://suumo.jp//ms/chuko/fukuoka/sc_fukuokashichuo/nc_79074334/,薬院大通,地下鉄七隈線,5,2018-12-01,8,79074334
Brillia平尾浄水,12500,福岡県福岡市中央区平尾浄水町4-7,地下鉄七隈線「薬院大通」徒歩11分,127.99,3LDK,2009年4月,https://suumo.jp//ms/chuko/fukuoka/sc_fukuokashichuo/nc_78105959/,薬院大通,地下鉄七隈線,11,2009-04-01,17,78105959
グランドメゾン福岡　The Central Luxe…,12660,福岡県福岡市中央区渡辺通２-7-23,西鉄天神大牟田線「薬院」徒歩2分,69.72,1LDK,2025年6月,https://suumo.jp//ms/chuko/fukuoka/sc_fukuokashichuo/nc_79102216/,薬院,西鉄天神大牟田線,2,2025-06-01,1,79102216
グランドメゾン浄水ガーデンシティセントラルフォレスト…,12800,福岡県福岡市中央区薬院４,地下鉄七隈線「薬院大通」徒歩9分,74.84,3LDK,2022年1月,https://suumo.jp//ms/chuko/fukuoka/sc_fukuokashichuo/nc_20753991/,薬院大通,地下鉄七隈線,9,2022-01-01,4,20753991
グランドメゾン浄水ガーデンシティ　セントラルフォレス…,12800,福岡県福岡市中央区薬院４,地下鉄七隈線「薬院大通」徒歩6分,74.84,3LDK,2022年1月,https://suumo.jp//ms/chuko/fukuoka/sc_fukuokashichuo/nc_20752901/,薬院大通,地下鉄七隈線,6,2022-01-01,4,20752901
ザ・パークハウス福岡タワーズ EAST,12800,福岡県福岡市中央区地行浜２,地下鉄空港線「唐人町」徒歩12分,83.96,3LDK,2020年12月,https://suumo.jp//ms/chuko/fukuoka/sc_fukuokashichuo/nc_79049647/,唐人町,地下鉄空港線,12,2020-12-01,6,79049647
パーク・コート大濠,12800,福岡県福岡市中央区大濠１,地下鉄空港線「唐人町」徒歩11分,88.7,2LDK,2002年3月,https://suumo.jp//ms/chuko/fukuoka/sc_fukuokashichuo/nc_21237188/,唐人町,地下鉄空港線,11,2002-03-01,24,21237188
ザ・パークハウス福岡タワーズＥＡＳＴ,12800,福岡県福岡市中央区地行浜２,地下鉄空港線「唐人町」徒歩12分,83.96,2LDK,2020年12月,https://suumo.jp//ms/chuko/fukuoka/sc_fukuokashichuo/nc_20952706/,唐人町,地下鉄空港線,12,2020-12-01,6,20952706
グランドパレス浄水通り,12850,福岡県福岡市中央区薬院４,地下鉄七隈線「薬院大通」徒歩6分,101.74,2LDK+S（納戸）,2017年2月,https://suumo.jp//ms/chuko/fukuoka/sc_fukuokashichuo/nc_21188014/,薬院大通,地下鉄七隈線,6,2017-02-01,9,21188014
グランドパレス浄水通り,12850,福岡県福岡市中央区薬院４-15-10,地下鉄七隈線「薬院大通」徒歩8分,101.74,2LDK+S（納戸）,2017年3月,https://suumo.jp//ms/chuko/fukuoka/sc_fukuokashichuo/nc_20312519/,薬院大通,地下鉄七隈線,8,2017-03-01,9,20312519
グランドパレス浄水通り,12850,福岡県福岡市中央区薬院４,地下鉄七隈線「薬院大通」徒歩6分,101.74,2LDK,2017年2月,https://suumo.jp//ms/chuko/fukuoka/sc_fukuokashichuo/nc_21215035/,薬院大通,地下鉄七隈線,6,2017-02-01,9,21215035
ネクサス薬院,12880,福岡県福岡市中央区薬院１-12-10,地下鉄七隈線「薬院大通」徒歩4分,94.52,3LDK,2015年6月,https://suumo.jp//ms/chuko/fukuoka/sc_fukuokashichuo/nc_20536103/,薬院大通,地下鉄七隈線,4,2015-06-01,11,20536103
ネクサス薬院,12880,福岡県福岡市中央区薬院１,地下鉄七隈線「薬院大通」徒歩4分,94.52,3LDK,2015年6月,https://suumo.jp//ms/chuko/fukuoka/sc_fukuokashichuo/nc_20767793/,薬院大通,地下鉄七隈線,4,2015-06-01,11,20767793
ネクサス薬院,12880,福岡県福岡市中央区薬院１,地下鉄七隈線「薬院大通」徒歩3分,94.52,3LDK,2015年6月,https://suumo.jp//ms/chuko/fukuoka/sc_fukuokashichuo/nc_78294683/,薬院大通,地下鉄七隈線,3,2015-06-01,11,78294683
ネクサス薬院,12880,福岡県福岡市中央区薬院１,地下鉄七隈線「薬院大通」徒歩4分,94.52,3LDK,2015年6月,https://suumo.jp//ms/chuko/fukuoka/sc_fukuokashichuo/nc_78680505/,薬院大通,地下鉄七隈線,4,2015-06-01,11,78680505
コアマンションけやき通りプレジオ,13400,福岡県福岡市中央区赤坂３,地下鉄七隈線「六本松」徒歩11分,150.4,3LDK+S（納戸）,2002年10月,https://suumo.jp//ms/chuko/fukuoka/sc_fukuokashichuo/nc_20445148/,六本松,地下鉄七隈線,11,2002-10-01,24,20445148
アンピール・マキシム大濠,13500,福岡県福岡市中央区荒戸２,地下鉄空港線「大濠公園」徒歩8分,123.43,3LDK,2000年10月,https://suumo.jp//ms/chuko/fukuoka/sc_fukuokashichuo/nc_20594963/,大濠公園,地下鉄空港線,8,2000-10-01,26,20594963
アンピールマキシム大濠,13500,福岡県福岡市中央区荒戸２,地下鉄空港線「大濠公園」徒歩6分,123.43,3LDK,2000年10月,https://suumo.jp//ms/chuko/fukuoka/sc_fukuokashichuo/nc_20785394/,大濠公園,地下鉄空港線,6,2000-10-01,26,20785394
コアマンションけやき通りプレジオ,13500,福岡県福岡市中央区赤坂３-４－２２,地下鉄七隈線「桜坂」徒歩12分,133.37,4LDK,2002年10月,https://suumo.jp//ms/chuko/fukuoka/sc_fukuokashichuo/nc_20724392/,桜坂,地下鉄七隈線,12,2002-10-01,24,20724392
ウェリス大濠公園Z-Stage,13800,福岡県福岡市中央区黒門,地下鉄空港線「唐人町」徒歩2分,86.42,3LDK,2013年9月,https://suumo.jp//ms/chuko/fukuoka/sc_fukuokashichuo/nc_20422608/,唐人町,地下鉄空港線,2,2013-09-01,13,20422608
ウェリス大濠公園Ｚ－Ｓｔａｇｅ,13800,福岡県福岡市中央区黒門,地下鉄空港線「唐人町」徒歩2分,86.42,3LDK,2013年9月,https://suumo.jp//ms/chuko/fukuoka/sc_fukuokashichuo/nc_20649999/,唐人町,地下鉄空港線,2,2013-09-01,13,20649999
グランドメゾン福岡 The Central Luxe,13980,福岡県福岡市中央区渡辺通２,西鉄天神大牟田線「薬院」徒歩2分,77.39,2LDK,2025年6月,https://suumo.jp//ms/chuko/fukuoka/sc_fukuokashichuo/nc_20976555/,薬院,西鉄天神大牟田線,2,2025-06-01,1,20976555
ルッシュ・西公園,14000,福岡県福岡市中央区荒戸３-5-46,地下鉄空港線「唐人町」徒歩13分,131.05,4LDK,1990年9月,https://suumo.jp//ms/chuko/fukuoka/sc_fukuokashichuo/nc_78996625/,唐人町,地下鉄空港線,13,1990-09-01,36,78996625
ザ・パークハウス桜坂サンリヤン,14800,福岡県福岡市中央区桜坂３,地下鉄七隈線「桜坂」徒歩3分,84.98,3LDK+S（納戸）,2018年9月,https://suumo.jp//ms/chuko/fukuoka/sc_fukuokashichuo/nc_20476499/,桜坂,地下鉄七隈線,3,2018-09-01,8,20476499
ザ・パークハウス桜坂サンリヤン,14800,福岡県福岡市中央区桜坂３,地下鉄七隈線「桜坂」徒歩3分,84.98,3LDK+S（納戸）,2018年9月,https://suumo.jp//ms/chuko/fukuoka/sc_fukuokashichuo/nc_20521773/,桜坂,地下鉄七隈線,3,2018-09-01,8,20521773
ル・サンク高取,14800,福岡県福岡市早良区高取１-14-18,地下鉄空港線「藤崎」徒歩9分,110.92,4LDK,2014年7月,https://suumo.jp//ms/chuko/fukuoka/sc_fukuokashisawara/nc_20809700/,藤崎,地下鉄空港線,9,2014-07-01,12,20809700
グランドメゾン浄水ガーデンシティサウスフォレスト,14980,福岡県福岡市中央区薬院４,地下鉄七隈線「薬院大通」徒歩6分,100.0,3LDK,2015年7月,https://suumo.jp//ms/chuko/fukuoka/sc_fukuokashichuo/nc_21004848/,薬院大通,地下鉄七隈線,6,2015-07-01,11,21004848
グランドメゾン浄水ガーデンシティ　サウスフォレスト,14980,福岡県福岡市中央区薬院４,地下鉄七隈線「薬院大通」徒歩7分,81.14,3LDK,2015年3月,https://suumo.jp//ms/chuko/fukuoka/sc_fukuokashichuo/nc_21070577/,薬院大通,地下鉄七隈線,7,2015-03-01,11,21070577
アクロス大濠公園グランビュー,15000,福岡県福岡市中央区黒門,地下鉄空港線「唐人町」徒歩3分,68.02,3LDK,2025年2月,https://suumo.jp//ms/chuko/fukuoka/sc_fukuokashichuo/nc_21095893/,唐人町,地下鉄空港線,3,2025-02-01,1,21095893
大濠パークハウス,15000,福岡県福岡市中央区大濠１,地下鉄空港線「唐人町」徒歩9分,179.25,2LDK+S（納戸）,1989年10月,https://suumo.jp//ms/chuko/fukuoka/sc_fukuokashichuo/nc_78946460/,唐人町,地下鉄空港線,9,1989-10-01,37,78946460
グランドメゾン福岡　Ｔｈｅ　Ｃｅｎｔｒａｌ　Ｌｕｘｅ,15000,福岡県福岡市中央区渡辺通２,西鉄天神大牟田線「薬院」徒歩3分,67.67,1LDK,2025年6月,https://suumo.jp//ms/chuko/fukuoka/sc_fukuokashichuo/nc_21099018/,薬院,西鉄天神大牟田線,3,2025-06-01,1,21099018
MJR六本松,15000,福岡県福岡市中央区六本松４,地下鉄七隈線「六本松」徒歩2分,92.61,4LDK,2017年1月,https://suumo.jp//ms/chuko/fukuoka/sc_fukuokashichuo/nc_21145440/,六本松,地下鉄七隈線,2,2017-01-01,9,21145440
レーベン福岡天神ＯＮＥＴＯＷＥＲ,15358,福岡県福岡市中央区天神５,地下鉄空港線「天神」徒歩6分,83.43,3LDK,2024年1月,https://suumo.jp//ms/chuko/fukuoka/sc_fukuokashichuo/nc_78395279/,天神,地下鉄空港線,6,2024-01-01,2,78395279
レーベン福岡天神ＯＮＥ ＴＯＷＥＲ,15358,福岡県福岡市中央区天神５,地下鉄空港線「天神」徒歩9分,83.43,3LDK,2024年1月,https://suumo.jp//ms/chuko/fukuoka/sc_fukuokashichuo/nc_20704379/,天神,地下鉄空港線,9,2024-01-01,2,20704379
レーベン福岡天神　ＯＮＥ　ＴＯＷＥＲ,15358,福岡県福岡市中央区天神５,地下鉄空港線「天神」徒歩9分,83.43,3LDK,2024年1月,https://suumo.jp//ms/chuko/fukuoka/sc_fukuokashichuo/nc_77793403/,天神,地下鉄空港線,9,2024-01-01,2,77793403
レーベン福岡天神ＯＮＥ　ＴＯＷＥＲ,15358,福岡県福岡市中央区天神５,地下鉄空港線「天神」徒歩8分,83.43,2LDK+S（納戸）,2024年1月,https://suumo.jp//ms/chuko/fukuoka/sc_fukuokashichuo/nc_20587896/,天神,地下鉄空港線,8,2024-01-01,2,20587896
レーベン福岡天神ONETOWER,15358,福岡県福岡市中央区天神５,地下鉄空港線「天神」徒歩6分,83.43,3LDK,2024年1月,https://suumo.jp//ms/chuko/fukuoka/sc_fukuokashichuo/nc_77748360/,天神,地下鉄空港線,6,2024-01-01,2,77748360
ＭＪＲ赤坂タワー,15800,福岡県福岡市中央区赤坂１,地下鉄空港線「赤坂」徒歩1分,69.03,2LDK,2017年10月,https://suumo.jp//ms/chuko/fukuoka/sc_fukuokashichuo/nc_77940319/,赤坂,地下鉄空港線,1,2017-10-01,9,77940319
MJR赤坂タワー,15800,福岡県福岡市中央区赤坂１,地下鉄空港線「赤坂」徒歩1分,69.03,2LDK,2017年10月,https://suumo.jp//ms/chuko/fukuoka/sc_fukuokashichuo/nc_77915413/,赤坂,地下鉄空港線,1,2017-10-01,9,77915413
MJR赤坂タワー,15800,福岡県福岡市中央区赤坂１,地下鉄空港線「赤坂」徒歩1分,69.03,2LDK,2017年10月,https://suumo.jp//ms/chuko/fukuoka/sc_fukuokashichuo/nc_77959137/,赤坂,地下鉄空港線,1,2017-10-01,9,77959137
MJR赤坂タワー,15800,福岡県福岡市中央区赤坂１,地下鉄空港線「赤坂」徒歩1分,69.03,2LDK,2017年10月,https://suumo.jp//ms/chuko/fukuoka/sc_fukuokashichuo/nc_79059997/,赤坂,地下鉄空港線,1,2017-10-01,9,79059997
MJR赤坂タワー,15800,福岡県福岡市中央区赤坂１,地下鉄空港線「赤坂」徒歩1分,69.03,2LDK,2017年11月,https://suumo.jp//ms/chuko/fukuoka/sc_fukuokashichuo/nc_77934409/,赤坂,地下鉄空港線,1,2017-11-01,9,77934409
百道浜パークハウス,15800,福岡県福岡市早良区百道浜１,地下鉄空港線「西新」徒歩13分,131.0,4LDK,1998年8月,https://suumo.jp//ms/chuko/fukuoka/sc_fukuokashisawara/nc_20588497/,西新,地下鉄空港線,13,1998-08-01,28,20588497
MJR赤坂タワー,15800,福岡県福岡市中央区赤坂１,地下鉄空港線「赤坂」徒歩1分,69.03,2LDK,2017年10月,https://suumo.jp//ms/chuko/fukuoka/sc_fukuokashichuo/nc_77892861/,赤坂,地下鉄空港線,1,2017-10-01,9,77892861
グランアーキ大濠一丁目ザ・レジデンス,16000,福岡県福岡市中央区大濠１-6-33,地下鉄空港線「唐人町」徒歩14分,77.83,2LDK,2021年1月,https://suumo.jp//ms/chuko/fukuoka/sc_fukuokashichuo/nc_20989556/,唐人町,地下鉄空港線,14,2021-01-01,5,20989556
プレミスト天神赤坂タワー,16300,福岡県福岡市中央区大名２-10-8,地下鉄空港線「赤坂」徒歩3分,62.77,1LDK,2019年1月,https://suumo.jp//ms/chuko/fukuoka/sc_fukuokashichuo/nc_20214629/,赤坂,地下鉄空港線,3,2019-01-01,7,20214629
ブリリアタワー西新,16500,福岡県福岡市早良区西新４,地下鉄空港線「西新」徒歩1分,79.93,2LDK,2021年1月,https://suumo.jp//ms/chuko/fukuoka/sc_fukuokashisawara/nc_20693951/,西新,地下鉄空港線,1,2021-01-01,5,20693951
ザ・パークハウス桜坂サンリヤン,16500,福岡県福岡市中央区桜坂３,地下鉄七隈線「桜坂」徒歩3分,105.07,4LDK,2018年9月,https://suumo.jp//ms/chuko/fukuoka/sc_fukuokashichuo/nc_74279125/,桜坂,地下鉄七隈線,3,2018-09-01,8,74279125
パークホームズ大濠二丁目,17200,福岡県福岡市中央区大濠２,地下鉄空港線「唐人町」徒歩4分,101.47,3LDK,2017年6月,https://suumo.jp//ms/chuko/fukuoka/sc_fukuokashichuo/nc_20417461/,唐人町,地下鉄空港線,4,2017-06-01,9,20417461
ザ・パークハウス天神今泉,17200,福岡県福岡市中央区今泉２,西鉄天神大牟田線「薬院」徒歩6分,104.72,3LDK,2020年7月,https://suumo.jp//ms/chuko/fukuoka/sc_fukuokashichuo/nc_20780000/,薬院,西鉄天神大牟田線,6,2020-07-01,6,20780000
グランドメゾン福岡　Ｔｈｅ　Ｃｅｎｔｒａｌ　Ｌｕｘｅ,18500,福岡県福岡市中央区渡辺通２,西鉄天神大牟田線「薬院」徒歩2分,77.39,2LDK,2025年6月,https://suumo.jp//ms/chuko/fukuoka/sc_fukuokashichuo/nc_20416508/,薬院,西鉄天神大牟田線,2,2025-06-01,1,20416508
ブリリアタワー西新,18680,福岡県福岡市早良区西新４,地下鉄空港線「西新」徒歩1分,80.74,3LDK,2021年1月,https://suumo.jp//ms/chuko/fukuoka/sc_fukuokashisawara/nc_20780485/,西新,地下鉄空港線,1,2021-01-01,5,20780485
グランドメゾン大濠レジデンス,18900,福岡県福岡市中央区大濠２,地下鉄空港線「唐人町」徒歩7分,97.71,2LDK,2015年4月,https://suumo.jp//ms/chuko/fukuoka/sc_fukuokashichuo/nc_20724057/,唐人町,地下鉄空港線,7,2015-04-01,11,20724057
グランアーキ大濠一丁目 ザ・レジデンス,19100,福岡県福岡市中央区大濠１,地下鉄空港線「大濠公園」徒歩15分,83.09,2LDK,2020年12月,https://suumo.jp//ms/chuko/fukuoka/sc_fukuokashichuo/nc_79152708/,大濠公園,地下鉄空港線,15,2020-12-01,6,79152708
グランドメゾン浄水ガーデンシティ　フォレストゲートⅢ,19800,福岡県福岡市中央区薬院４,地下鉄七隈線「薬院大通」徒歩5分,100.07,3LDK,2018年12月,https://suumo.jp//ms/chuko/fukuoka/sc_fukuokashichuo/nc_20401001/,薬院大通,地下鉄七隈線,5,2018-12-01,8,20401001
ザ・パークハウス桜坂サンリヤン,19800,福岡県福岡市中央区桜坂３,地下鉄七隈線「桜坂」徒歩3分,105.07,2LDK+S（納戸）,2018年9月,https://suumo.jp//ms/chuko/fukuoka/sc_fukuokashichuo/nc_78879298/,桜坂,地下鉄七隈線,3,2018-09-01,8,78879298
グランドメゾン薬院,20000,福岡県福岡市中央区薬院２,地下鉄七隈線「薬院大通」徒歩3分,139.56,4LDK+S（納戸）,2013年6月,https://suumo.jp//ms/chuko/fukuoka/sc_fukuokashichuo/nc_20978060/,薬院大通,地下鉄七隈線,3,2013-06-01,13,20978060
グランドメゾン浄水ガーデンシティフォレストゲートII…,20900,福岡県福岡市中央区薬院４,地下鉄七隈線「薬院大通」徒歩5分,102.78,4LDK,2018年12月,https://suumo.jp//ms/chuko/fukuoka/sc_fukuokashichuo/nc_21188028/,薬院大通,地下鉄七隈線,5,2018-12-01,8,21188028
パークホームズ大濠二丁目,21000,福岡県福岡市中央区大濠２,地下鉄空港線「唐人町」徒歩4分,101.47,2LDK,2017年6月,https://suumo.jp//ms/chuko/fukuoka/sc_fukuokashichuo/nc_20237744/,唐人町,地下鉄空港線,4,2017-06-01,9,20237744
Ｂｒｉｌｌｉａ　Ｔｏｗｅｒ西新・ＰＲＡＬＩＶＡ,21900,福岡県福岡市早良区西新４,地下鉄空港線「西新」徒歩1分,99.1,3LDK,2021年1月,https://suumo.jp//ms/chuko/fukuoka/sc_fukuokashisawara/nc_20577831/,西新,地下鉄空港線,1,2021-01-01,5,20577831
コアマンション大手門タワー,22000,福岡県福岡市中央区大手門１,地下鉄空港線「赤坂」徒歩6分,136.91,4LDK,2003年8月,https://suumo.jp//ms/chuko/fukuoka/sc_fukuokashichuo/nc_20724056/,赤坂,地下鉄空港線,6,2003-08-01,23,20724056
ザ・パークハウス平尾浄水通り,22800,福岡県福岡市中央区平尾３,地下鉄七隈線「薬院大通」徒歩8分,124.62,3LDK,2018年1月,https://suumo.jp//ms/chuko/fukuoka/sc_fukuokashichuo/nc_20702908/,薬院大通,地下鉄七隈線,8,2018-01-01,8,20702908
ブリリアタワー西新,23800,福岡県福岡市早良区西新４,地下鉄空港線「西新」徒歩1分,100.08,3LDK,2021年1月,https://suumo.jp//ms/chuko/fukuoka/sc_fukuokashisawara/nc_76364232/,西新,地下鉄空港線,1,2021-01-01,5,76364232
プレミスト大濠公園,24800,福岡県福岡市中央区荒戸３,地下鉄空港線「唐人町」徒歩3分,120.71,3LDK,2025年6月,https://suumo.jp//ms/chuko/fukuoka/sc_fukuokashichuo/nc_20426114/,唐人町,地下鉄空港線,3,2025-06-01,1,20426114
グランドメゾン福岡The Central Luxe,25000,福岡県福岡市中央区渡辺通２,西鉄天神大牟田線「薬院」徒歩3分,110.97,3LDK,2025年6月,https://suumo.jp//ms/chuko/fukuoka/sc_fukuokashichuo/nc_20887084/,薬院,西鉄天神大牟田線,3,2025-06-01,1,20887084
プレミスト赤坂けやき通り,25000,福岡県福岡市中央区赤坂２,地下鉄空港線「赤坂」徒歩10分,103.83,3LDK,2023年8月,https://suumo.jp//ms/chuko/fukuoka/sc_fukuokashichuo/nc_21084721/,赤坂,地下鉄空港線,10,2023-08-01,3,21084721
グランドメゾン福岡　Ｔｈｅ　Ｃｅｎｔｒａｌ　Ｌｕｘｅ,25000,福岡県福岡市中央区渡辺通２,西鉄天神大牟田線「薬院」徒歩2分,110.97,3LDK,2025年6月,https://suumo.jp//ms/chuko/fukuoka/sc_fukuokashichuo/nc_21013055/,薬院,西鉄天神大牟田線,2,2025-06-01,1,21013055
グランドメゾン福岡　Ｔｈｅ　Ｃｅｎｔｒａｌ　Ｌｕｘｅ,25000,福岡県福岡市中央区渡辺通２,西鉄天神大牟田線「薬院」徒歩2分,110.97,3LDK,2025年6月,https://suumo.jp//ms/chuko/fukuoka/sc_fukuokashichuo/nc_20954560/,薬院,西鉄天神大牟田線,2,2025-06-01,1,20954560
パークホームズ西新トラッドマークス,25000,福岡県福岡市早良区西新２,地下鉄空港線「西新」徒歩3分,163.09,3LDK+S（納戸）,2018年5月,https://suumo.jp//ms/chuko/fukuoka/sc_fukuokashisawara/nc_20577823/,西新,地下鉄空港線,3,2018-05-01,8,20577823
グランドメゾン百道浜オーシャン＆フォレスト,25800,福岡県福岡市早良区百道浜３,地下鉄空港線「西新」徒歩15分,155.52,3LDK,2010年7月,https://suumo.jp//ms/chuko/fukuoka/sc_fukuokashisawara/nc_20416709/,西新,地下鉄空港線,15,2010-07-01,16,20416709
ザ・ライオンズ大濠公園,26000,福岡県福岡市中央区荒戸１,地下鉄空港線「大濠公園」徒歩2分,116.11,2LDK+S（納戸）,2024年2月,https://suumo.jp//ms/chuko/fukuoka/sc_fukuokashichuo/nc_21146766/,大濠公園,地下鉄空港線,2,2024-02-01,2,21146766
ブリリアタワー西新,30000,福岡県福岡市早良区西新４-1-1,地下鉄空港線「西新」徒歩1分,101.65,2LDK,2021年1月,https://suumo.jp//ms/chuko/fukuoka/sc_fukuokashisawara/nc_20407256/,西新,地下鉄空港線,1,2021-01-01,5,20407256
ザ・パークハウス福岡タワーズ　WEST,32000,福岡県福岡市中央区地行浜２-2-4,地下鉄空港線「唐人町」徒歩15分,102.56,1LDK+S（納戸）,2019年12月,https://suumo.jp//ms/chuko/fukuoka/sc_fukuokashichuo/nc_21052306/,唐人町,地下鉄空港線,15,2019-12-01,7,21052306
ザ・パークハウス福岡タワーズ　WEST,32000,福岡県福岡市中央区地行浜２,地下鉄空港線「唐人町」徒歩12分,102.56,1LDK,2019年12月,https://suumo.jp//ms/chuko/fukuoka/sc_fukuokashichuo/nc_20445675/,唐人町,地下鉄空港線,12,2019-12-01,7,20445675
ブリリアタワー西新,33000,福岡県福岡市早良区西新４,地下鉄空港線「西新」徒歩1分,101.82,2LDK+S（納戸）,2021年1月,https://suumo.jp//ms/chuko/fukuoka/sc_fukuokashisawara/nc_79050803/,西新,地下鉄空港線,1,2021-01-01,5,79050803
ブリリアタワー西新,33000,福岡県福岡市早良区西新４,地下鉄空港線「西新」徒歩1分,101.82,2LDK,2021年1月,https://suumo.jp//ms/chuko/fukuoka/sc_fukuokashisawara/nc_77901688/,西新,地下鉄空港線,1,2021-01-01,5,77901688
BrilliaTower西新（ブリリアタワー西新）,33000,福岡県福岡市早良区西新４,地下鉄空港線「西新」徒歩1分,101.82,2LDK+S（納戸）,2021年1月,https://suumo.jp//ms/chuko/fukuoka/sc_fukuokashisawara/nc_77918095/,西新,地下鉄空港線,1,2021-01-01,5,77918095
Ｂｒｉｌｌｉａ　Ｔｏｗｅｒ西新・ＰＲＡＬＩＶＡ,33000,福岡県福岡市早良区西新４,地下鉄空港線「西新」徒歩1分,101.82,2LDK+S（納戸）,2021年1月,https://suumo.jp//ms/chuko/fukuoka/sc_fukuokashisawara/nc_77940315/,西新,地下鉄空港線,1,2021-01-01,5,77940315
Brillia Tower西新　ブリリアタワー西新,33000,福岡県福岡市早良区西新４,地下鉄空港線「西新」徒歩1分,101.82,2LDK,2021年1月,https://suumo.jp//ms/chuko/fukuoka/sc_fukuokashisawara/nc_77890908/,西新,地下鉄空港線,1,2021-01-01,5,77890908
Brillia　Tower西新,33000,福岡県福岡市早良区西新４,地下鉄空港線「西新」徒歩2分,101.82,2LDK,2021年1月,https://suumo.jp//ms/chuko/fukuoka/sc_fukuokashisawara/nc_77901231/,西新,地下鉄空港線,2,2021-01-01,5,77901231
プレミスト赤坂けやき通り,43000,福岡県福岡市中央区赤坂２,地下鉄空港線「赤坂」徒歩10分,177.04,3LDK,2023年8月,https://suumo.jp//ms/chuko/fukuoka/sc_fukuokashichuo/nc_21205135/,赤坂,地下鉄空港線,10,2023-08-01,3,21205135
ＣＬＵＢ　ＴＨＥ．薬院ステーションタワー,46000,福岡県福岡市中央区白金１-17-34,西鉄天神大牟田線「薬院」徒歩2分,138.16,2LDK+S（納戸）,2020年4月,https://suumo.jp//ms/chuko/fukuoka/sc_fukuokashichuo/nc_20355816/,薬院,西鉄天神大牟田線,2,2020-04-01,6,20355816
ＣＬＵＢ　ＴＨＥ．薬院ステーションタワー,46000,福岡県福岡市中央区白金１,地下鉄七隈線「薬院」徒歩2分,138.16,2LDK+S（納戸）,2020年4月,https://suumo.jp//ms/chuko/fukuoka/sc_fukuokashichuo/nc_20237747/,薬院,地下鉄七隈線,2,2020-04-01,6,20237747
CLUB THE. 薬院ステーションタワー,46000,福岡県福岡市中央区白金１,西鉄天神大牟田線「薬院」徒歩2分,138.16,2LDK+S（納戸）,2020年4月,https://suumo.jp//ms/chuko/fukuoka/sc_fukuokashichuo/nc_77676580/,薬院,西鉄天神大牟田線,2,2020-04-01,6,77676580
CLUB THE. 薬院ステーションタワー,46000,福岡県福岡市中央区白金１-17-34,地下鉄七隈線「薬院」徒歩2分,138.16,2LDK+S（納戸）,2020年4月,https://suumo.jp//ms/chuko/fukuoka/sc_fukuokashichuo/nc_77605697/,薬院,地下鉄七隈線,2,2020-04-01,6,77605697
