name,price,address,access,area,layout,yyyymm_construction,url,station_name,line,minutes,yyyymm,age,id
シティマンション輝国,950,福岡県福岡市中央区輝国２,地下鉄七隈線「六本松」徒歩15分,55.43,3DK,1984年1月,https://suumo.jp//ms/chuko/fukuoka/sc_fukuokashichuo/nc_20230915/,六本松,地下鉄七隈線,15,1984-01-01,42,20230915
シティマンション輝国,1430,福岡県福岡市中央区輝国２,地下鉄七隈線「六本松」徒歩15分,55.06,3DK,1984年1月,https://suumo.jp//ms/chuko/fukuoka/sc_fukuokashichuo/nc_20293641/,六本松,地下鉄七隈線,15,1984-01-01,42,20293641
ロマネスク渡辺通第2,1749,福岡県福岡市中央区高砂２-6-15,地下鉄七隈線「渡辺通」徒歩12分,33.29,1LDK,1989年4月,https://suumo.jp//ms/chuko/fukuoka/sc_fukuokashichuo/nc_20320814/,渡辺通,地下鉄七隈線,12,1989-04-01,37,20320814
ロマネスク渡辺通第2,1749,福岡県福岡市中央区高砂２,地下鉄七隈線「渡辺通」徒歩12分,33.29,1LDK,1989年4月,https://suumo.jp//ms/chuko/fukuoka/sc_fukuokashichuo/nc_20393142/,渡辺通,地下鉄七隈線,12,1989-04-01,37,20393142
シヤンボール桜坂,1780,福岡県福岡市中央区古小烏町,地下鉄七隈線「桜坂」徒歩7分,51.93,2LDK,1974年5月,https://suumo.jp//ms/chuko/fukuoka/sc_fukuokashichuo/nc_20605769/,桜坂,地下鉄七隈線,7,1974-05-01,52,20605769
東峰マンション大宮,1880,福岡県福岡市中央区大宮１,西鉄天神大牟田線「薬院」徒歩6分,63.86,2LDK,1978年7月,https://suumo.jp//ms/chuko/fukuoka/sc_fukuokashichuo/nc_20631926/,薬院,西鉄天神大牟田線,6,1978-07-01,48,20631926
Asobi+　エクセレンス天神,2430,福岡県福岡市中央区那の津１,地下鉄空港線「天神」徒歩10分,67.8,2LDK,1980年10月,https://suumo.jp//ms/chuko/fukuoka/sc_fukuokashichuo/nc_79016911/,天神,地下鉄空港線,10,1980-10-01,46,79016911
西公園ハウス,2450,福岡県福岡市中央区西公園11-10,地下鉄空港線「大濠公園」徒歩14分,71.7,2LDK,1986年5月,https://suumo.jp//ms/chuko/fukuoka/sc_fukuokashichuo/nc_77529888/,大濠公園,地下鉄空港線,14,1986-05-01,40,77529888
パークハイツ桜坂,2480,福岡県福岡市中央区桜坂３-12-78,地下鉄七隈線「桜坂」徒歩4分,67.2,2LDK+2S（納戸）,1977年6月,https://suumo.jp//ms/chuko/fukuoka/sc_fukuokashichuo/nc_20211012/,桜坂,地下鉄七隈線,4,1977-06-01,49,20211012
サンポートハイツ,2590,福岡県福岡市中央区港２-5-32,地下鉄空港線「大濠公園」徒歩8分,61.56,2LDK,1974年9月,https://suumo.jp//ms/chuko/fukuoka/sc_fukuokashichuo/nc_79148573/,大濠公園,地下鉄空港線,8,1974-09-01,52,79148573
第三住吉ハイツ,2599,福岡県福岡市博多区住吉５,ＪＲ鹿児島本線「博多」徒歩13分,67.2,2LDK,1980年5月,https://suumo.jp//ms/chuko/fukuoka/sc_fukuokashihakata/nc_20504232/,博多,ＪＲ鹿児島本線,13,1980-05-01,46,20504232
朝日プラザ桜坂,2780,福岡県福岡市中央区谷１,地下鉄七隈線「桜坂」徒歩5分,65.49,2LDK,1986年7月,https://suumo.jp//ms/chuko/fukuoka/sc_fukuokashichuo/nc_20338825/,桜坂,地下鉄七隈線,5,1986-07-01,40,20338825
警固ハウス,2999,福岡県福岡市中央区警固１,地下鉄七隈線「薬院大通」徒歩8分,66.0,2LDK,1980年3月,https://suumo.jp//ms/chuko/fukuoka/sc_fukuokashichuo/nc_79225116/,薬院大通,地下鉄七隈線,8,1980-03-01,46,79225116
〇素敵な住環境〇ライオンズマンションマキシム浄水通り…,3000,福岡県福岡市中央区薬院４,地下鉄七隈線「薬院大通」徒歩4分,83.83,2LDK,1981年3月,https://suumo.jp//ms/chuko/fukuoka/sc_fukuokashichuo/nc_76444240/,薬院大通,地下鉄七隈線,4,1981-03-01,45,76444240
ダイアパレス平尾2,3080,福岡県福岡市中央区大宮２,西鉄天神大牟田線「薬院」徒歩12分,64.1,2LDK,1983年3月,https://suumo.jp//ms/chuko/fukuoka/sc_fukuokashichuo/nc_20392184/,薬院,西鉄天神大牟田線,12,1983-03-01,43,20392184
シティマンション薬院,3090,福岡県福岡市中央区薬院１,地下鉄七隈線「薬院大通」徒歩3分,56.22,2LDK,1984年5月,https://suumo.jp//ms/chuko/fukuoka/sc_fukuokashichuo/nc_20392346/,薬院大通,地下鉄七隈線,3,1984-05-01,42,20392346
シティマンション薬院,3090,福岡県福岡市中央区薬院１,地下鉄七隈線「薬院大通」徒歩5分,56.22,2LDK,1984年5月,https://suumo.jp//ms/chuko/fukuoka/sc_fukuokashichuo/nc_20141412/,薬院大通,地下鉄七隈線,5,1984-05-01,42,20141412
ロマネスク大濠アネックス,3099,福岡県福岡市中央区鳥飼２,地下鉄空港線「唐人町」徒歩14分,59.65,2LDK,1987年5月,https://suumo.jp//ms/chuko/fukuoka/sc_fukuokashichuo/nc_20178485/,唐人町,地下鉄空港線,14,1987-05-01,39,20178485
博多駅前ビル,3180,福岡県福岡市博多区博多駅前１,ＪＲ鹿児島本線「博多」徒歩5分,79.26,2LDK,1974年3月,https://suumo.jp//ms/chuko/fukuoka/sc_fukuokashihakata/nc_20579963/,博多,ＪＲ鹿児島本線,5,1974-03-01,52,20579963
秀和警固レジデンス506号室,3280,福岡県福岡市中央区警固２,地下鉄空港線「赤坂」徒歩8分,69.43,2LDK,1974年7月,https://suumo.jp//ms/chuko/fukuoka/sc_fukuokashichuo/nc_20120211/,赤坂,地下鉄空港線,8,1974-07-01,52,20120211
ライオンズマンション高砂,3280,福岡県福岡市中央区高砂１,地下鉄七隈線「渡辺通」徒歩7分,55.69,1LDK+S（納戸）,1978年11月,https://suumo.jp//ms/chuko/fukuoka/sc_fukuokashichuo/nc_20423568/,渡辺通,地下鉄七隈線,7,1978-11-01,48,20423568
ロワールマンション博多駅南,3390,福岡県福岡市博多区博多駅南３,ＪＲ鹿児島本線「博多」徒歩15分,69.51,3LDK,1985年9月,https://suumo.jp//ms/chuko/fukuoka/sc_fukuokashihakata/nc_20097897/,博多,ＪＲ鹿児島本線,15,1985-09-01,41,20097897
クリオラベルヴィ赤坂,3400,福岡県福岡市中央区大手門２,地下鉄空港線「赤坂」徒歩7分,33.46,1LDK,2021年1月,https://suumo.jp//ms/chuko/fukuoka/sc_fukuokashichuo/nc_78628573/,赤坂,地下鉄空港線,7,2021-01-01,5,78628573
朝日プラザ天神,3480,福岡県福岡市中央区舞鶴１,地下鉄空港線「天神」徒歩4分,63.0,1LDK,1986年5月,https://suumo.jp//ms/chuko/fukuoka/sc_fukuokashichuo/nc_20631927/,天神,地下鉄空港線,4,1986-05-01,40,20631927
ツインタワー空港通り,3599,福岡県福岡市博多区豊１,地下鉄空港線「東比恵」徒歩14分,71.7,3LDK,1994年7月,https://suumo.jp//ms/chuko/fukuoka/sc_fukuokashihakata/nc_20416810/,東比恵,地下鉄空港線,14,1994-07-01,32,20416810
トラスト福岡空港駅レジデンス,3790,福岡県糟屋郡志免町別府北４,地下鉄空港線「福岡空港」徒歩14分,65.55,3LDK,2024年5月,https://suumo.jp//ms/chuko/fukuoka/sc_kasuyagunshime/nc_77251778/,福岡空港,地下鉄空港線,14,2024-05-01,2,77251778
オープンレジデンシア博多住吉,3890,福岡県福岡市博多区住吉２,ＪＲ鹿児島本線「博多」徒歩9分,38.65,1LDK,2023年8月,https://suumo.jp//ms/chuko/fukuoka/sc_fukuokashihakata/nc_78671217/,博多,ＪＲ鹿児島本線,9,2023-08-01,3,78671217
サンシティ鳥飼,3899,福岡県福岡市城南区鳥飼４-9-3,地下鉄七隈線「別府」徒歩11分,68.48,3LDK,1994年3月,https://suumo.jp//ms/chuko/fukuoka/sc_fukuokashijonan/nc_79090720/,別府,地下鉄七隈線,11,1994-03-01,32,79090720
サンシティ鳥飼,3899,福岡県福岡市城南区鳥飼４,地下鉄七隈線「別府」徒歩11分,68.48,3LDK,1994年3月,https://suumo.jp//ms/chuko/fukuoka/sc_fukuokashijonan/nc_20310482/,別府,地下鉄七隈線,11,1994-03-01,32,20310482
サンシティ鳥飼,3899,福岡県福岡市城南区鳥飼４,地下鉄七隈線「別府」徒歩11分,68.48,3LDK,1994年3月,https://suumo.jp//ms/chuko/fukuoka/sc_fukuokashijonan/nc_20178579/,別府,地下鉄七隈線,11,1994-03-01,32,20178579
エンゼルハイム大濠公園南,3899,福岡県福岡市城南区鳥飼６,地下鉄七隈線「別府」徒歩4分,69.03,3LDK,1990年5月,https://suumo.jp//ms/chuko/fukuoka/sc_fukuokashijonan/nc_77201526/,別府,地下鉄七隈線,4,1990-05-01,36,77201526
ジョイナス天神タワー603号室,3999,福岡県福岡市博多区対馬小路,地下鉄空港線「中洲川端」徒歩11分,56.14,2LDK,1997年1月,https://suumo.jp//ms/chuko/fukuoka/sc_fukuokashihakata/nc_20156809/,中洲川端,地下鉄空港線,11,1997-01-01,29,20156809
アトリーチェ西新,4120,福岡県福岡市早良区西新１,地下鉄空港線「西新」徒歩3分,51.64,2LDK,1999年11月,https://suumo.jp//ms/chuko/fukuoka/sc_fukuokashisawara/nc_20343709/,西新,地下鉄空港線,3,1999-11-01,27,20343709
モントーレ東比恵クレア205号室,4299,福岡県福岡市博多区東比恵３,地下鉄空港線「東比恵」徒歩3分,42.77,1LDK,2019年2月,https://suumo.jp//ms/chuko/fukuoka/sc_fukuokashihakata/nc_20172465/,東比恵,地下鉄空港線,3,2019-02-01,7,20172465
藤崎ロジュマン,4380,福岡県福岡市早良区昭代３,地下鉄空港線「藤崎」徒歩11分,82.76,4LDK,1988年3月,https://suumo.jp//ms/chuko/fukuoka/sc_fukuokashisawara/nc_78705032/,藤崎,地下鉄空港線,11,1988-03-01,38,78705032
藤崎ロジュマン,4380,福岡県福岡市早良区昭代３,地下鉄空港線「藤崎」徒歩10分,82.76,3LDK,1988年3月,https://suumo.jp//ms/chuko/fukuoka/sc_fukuokashisawara/nc_20378888/,藤崎,地下鉄空港線,10,1988-03-01,38,20378888
リファレンス天神南,4399,福岡県福岡市中央区清川２,地下鉄七隈線「渡辺通」徒歩13分,65.32,3LDK,2002年3月,https://suumo.jp//ms/chuko/fukuoka/sc_fukuokashichuo/nc_20172796/,渡辺通,地下鉄七隈線,13,2002-03-01,24,20172796
クリオラベルヴィ呉服町,4499,福岡県福岡市博多区下呉服町,地下鉄空港線「中洲川端」徒歩12分,47.0,2LDK,2018年1月,https://suumo.jp//ms/chuko/fukuoka/sc_fukuokashihakata/nc_20150416/,中洲川端,地下鉄空港線,12,2018-01-01,8,20150416
コスモ博多古門戸,4499,福岡県福岡市博多区古門戸町,地下鉄空港線「中洲川端」徒歩9分,54.49,1LDK+S（納戸）,2003年1月,https://suumo.jp//ms/chuko/fukuoka/sc_fukuokashihakata/nc_20178365/,中洲川端,地下鉄空港線,9,2003-01-01,23,20178365
デュオヴェール西新,4580,福岡県福岡市早良区祖原,地下鉄空港線「西新」徒歩6分,43.5,2LDK,2021年7月,https://suumo.jp//ms/chuko/fukuoka/sc_fukuokashisawara/nc_78829131/,西新,地下鉄空港線,6,2021-07-01,5,78829131
シャンボール大名,4590,福岡県福岡市中央区大名２,地下鉄空港線「赤坂」徒歩4分,92.9,2LDK,1982年1月,https://suumo.jp//ms/chuko/fukuoka/sc_fukuokashichuo/nc_20462311/,赤坂,地下鉄空港線,4,1982-01-01,44,20462311
エンクレストベイサイド通り1408号室,4699,福岡県福岡市博多区築港本町,地下鉄空港線「中洲川端」徒歩14分,54.65,1LDK+S（納戸）,2016年5月,https://suumo.jp//ms/chuko/fukuoka/sc_fukuokashihakata/nc_20156687/,中洲川端,地下鉄空港線,14,2016-05-01,10,20156687
西公園ツインタワー,4780,福岡県福岡市中央区荒戸２,地下鉄空港線「大濠公園」徒歩7分,83.05,3LDK,1990年1月,https://suumo.jp//ms/chuko/fukuoka/sc_fukuokashichuo/nc_20052926/,大濠公園,地下鉄空港線,7,1990-01-01,36,20052926
日商岩井レジオン大濠,4799,福岡県福岡市中央区黒門,地下鉄空港線「唐人町」徒歩1分,51.05,2LDK,1997年3月,https://suumo.jp//ms/chuko/fukuoka/sc_fukuokashichuo/nc_20331839/,唐人町,地下鉄空港線,1,1997-03-01,29,20331839
≪リノベーション≫アートウィル赤坂,4980,福岡県福岡市中央区赤坂３,地下鉄七隈線「桜坂」徒歩11分,65.61,2LDK,1994年10月,https://suumo.jp//ms/chuko/fukuoka/sc_fukuokashichuo/nc_20073071/,桜坂,地下鉄七隈線,11,1994-10-01,32,20073071
クリオ渡辺通アーバンマークス,5380,福岡県福岡市中央区清川２,地下鉄七隈線「渡辺通」徒歩10分,53.94,2LDK,2023年2月,https://suumo.jp//ms/chuko/fukuoka/sc_fukuokashichuo/nc_20253656/,渡辺通,地下鉄七隈線,10,2023-02-01,3,20253656
サントーア薬院,5480,福岡県福岡市中央区薬院２,地下鉄七隈線「薬院大通」徒歩5分,73.35,2LDK,1995年8月,https://suumo.jp//ms/chuko/fukuoka/sc_fukuokashichuo/nc_20177504/,薬院大通,地下鉄七隈線,5,1995-08-01,31,20177504
アンピール六本松,5980,福岡県福岡市中央区六本松４,地下鉄七隈線「六本松」徒歩6分,71.23,3LDK,1994年9月,https://suumo.jp//ms/chuko/fukuoka/sc_fukuokashichuo/nc_20605017/,六本松,地下鉄七隈線,6,1994-09-01,32,20605017
インプレスト天神オークタワー,6190,福岡県福岡市中央区長浜２,地下鉄空港線「赤坂」徒歩9分,56.79,2LDK,2020年5月,https://suumo.jp//ms/chuko/fukuoka/sc_fukuokashichuo/nc_78973290/,赤坂,地下鉄空港線,9,2020-05-01,6,78973290
ブライトンヒルズ藤崎,6380,福岡県福岡市早良区藤崎１-5-10,地下鉄空港線「藤崎」徒歩7分,79.23,3LDK,2003年7月,https://suumo.jp//ms/chuko/fukuoka/sc_fukuokashisawara/nc_79071797/,藤崎,地下鉄空港線,7,2003-07-01,23,79071797
ブライトンヒルズ藤崎,6380,福岡県福岡市早良区藤崎１,地下鉄空港線「藤崎」徒歩7分,79.23,3LDK,2003年7月,https://suumo.jp//ms/chuko/fukuoka/sc_fukuokashisawara/nc_79068584/,藤崎,地下鉄空港線,7,2003-07-01,23,79068584
ヒルズ平尾,6480,福岡県福岡市中央区平尾４,地下鉄七隈線「薬院大通」徒歩15分,93.25,4LDK,1998年2月,https://suumo.jp//ms/chuko/fukuoka/sc_fukuokashichuo/nc_78330015/,薬院大通,地下鉄七隈線,15,1998-02-01,28,78330015
デュ・レジア薬院テラス,6490,福岡県福岡市中央区高砂２,地下鉄七隈線「薬院」徒歩11分,63.0,2LDK,2022年3月,https://suumo.jp//ms/chuko/fukuoka/sc_fukuokashichuo/nc_79108337/,薬院,地下鉄七隈線,11,2022-03-01,4,79108337
ライオンズ大濠公園グランゲイト,6780,福岡県福岡市中央区大手門２,地下鉄空港線「大濠公園」徒歩7分,67.03,3LDK,2015年2月,https://suumo.jp//ms/chuko/fukuoka/sc_fukuokashichuo/nc_20572204/,大濠公園,地下鉄空港線,7,2015-02-01,11,20572204
シーサイドももちアクアコート5番館,6980,福岡県福岡市早良区百道浜３,地下鉄空港線「藤崎」徒歩14分,97.34,3LDK,1993年2月,https://suumo.jp//ms/chuko/fukuoka/sc_fukuokashisawara/nc_20165386/,藤崎,地下鉄空港線,14,1993-02-01,33,20165386
ル・サンク高取,7090,福岡県福岡市早良区高取１,地下鉄空港線「藤崎」徒歩7分,81.22,3LDK,2014年7月,https://suumo.jp//ms/chuko/fukuoka/sc_fukuokashisawara/nc_20518457/,藤崎,地下鉄空港線,7,2014-07-01,12,20518457
大濠公園グランドヒルズ,7180,福岡県福岡市中央区荒戸２-3-49,地下鉄空港線「大濠公園」徒歩4分,79.08,2LDK+S（納戸）,1990年9月,https://suumo.jp//ms/chuko/fukuoka/sc_fukuokashichuo/nc_20268504/,大濠公園,地下鉄空港線,4,1990-09-01,36,20268504
コスモ六本松シティフォルム,7399,福岡県福岡市中央区草香江２,地下鉄七隈線「六本松」徒歩5分,70.58,3LDK,2000年2月,https://suumo.jp//ms/chuko/fukuoka/sc_fukuokashichuo/nc_20597892/,六本松,地下鉄七隈線,5,2000-02-01,26,20597892
グランフォーレ西公園ルネッサンス,7599,福岡県福岡市中央区荒戸１,地下鉄空港線「大濠公園」徒歩5分,75.65,3LDK,2007年11月,https://suumo.jp//ms/chuko/fukuoka/sc_fukuokashichuo/nc_20579461/,大濠公園,地下鉄空港線,5,2007-11-01,19,20579461
パークホームズ警固本通り,7890,福岡県福岡市中央区警固２,地下鉄空港線「赤坂」徒歩9分,82.96,3LDK,2009年10月,https://suumo.jp//ms/chuko/fukuoka/sc_fukuokashichuo/nc_20635372/,赤坂,地下鉄空港線,9,2009-10-01,17,20635372
パークホームズ警固本通り,7890,福岡県福岡市中央区警固２,地下鉄空港線「赤坂」徒歩9分,82.96,3LDK,2009年10月,https://suumo.jp//ms/chuko/fukuoka/sc_fukuokashichuo/nc_20312015/,赤坂,地下鉄空港線,9,2009-10-01,17,20312015
ザ・パークハウス桜坂サンリヤン,8200,福岡県福岡市中央区桜坂３,地下鉄七隈線「桜坂」徒歩3分,70.74,3LDK,2018年9月,https://suumo.jp//ms/chuko/fukuoka/sc_fukuokashichuo/nc_20452057/,桜坂,地下鉄七隈線,3,2018-09-01,8,20452057
グランドステイツ大濠公園南,8280,福岡県福岡市中央区六本松３,地下鉄七隈線「六本松」徒歩3分,80.69,3LDK,2004年6月,https://suumo.jp//ms/chuko/fukuoka/sc_fukuokashichuo/nc_78987225/,六本松,地下鉄七隈線,3,2004-06-01,22,78987225
ザ・パークハウス福岡タワーズ,8780,福岡県福岡市中央区地行浜２,地下鉄空港線「唐人町」徒歩12分,82.52,2LDK,2020年12月,https://suumo.jp//ms/chuko/fukuoka/sc_fukuokashichuo/nc_20595838/,唐人町,地下鉄空港線,12,2020-12-01,6,20595838
ザ・パークハウス桜坂サンリヤン,8900,福岡県福岡市中央区桜坂３,地下鉄七隈線「桜坂」徒歩3分,75.95,3LDK,2018年9月,https://suumo.jp//ms/chuko/fukuoka/sc_fukuokashichuo/nc_78097789/,桜坂,地下鉄七隈線,3,2018-09-01,8,78097789
アンピール・マキシム大濠,9180,福岡県福岡市中央区荒戸２,地下鉄空港線「大濠公園」徒歩6分,85.37,3LDK,2000年10月,https://suumo.jp//ms/chuko/fukuoka/sc_fukuokashichuo/nc_20544256/,大濠公園,地下鉄空港線,6,2000-10-01,26,20544256
グランドメゾン大濠ブルクレール,9480,福岡県福岡市中央区草香江２,地下鉄七隈線「六本松」徒歩9分,85.42,3LDK,2006年3月,https://suumo.jp//ms/chuko/fukuoka/sc_fukuokashichuo/nc_79094486/,六本松,地下鉄七隈線,9,2006-03-01,20,79094486
百道タワー,9780,福岡県福岡市早良区百道浜１,地下鉄空港線「西新」徒歩10分,81.73,2LDK,2004年2月,https://suumo.jp//ms/chuko/fukuoka/sc_fukuokashisawara/nc_79098275/,西新,地下鉄空港線,10,2004-02-01,22,79098275
アーティックス大濠,9980,福岡県福岡市中央区鳥飼１,地下鉄七隈線「六本松」徒歩13分,108.59,4LDK,2004年2月,https://suumo.jp//ms/chuko/fukuoka/sc_fukuokashichuo/nc_20462310/,六本松,地下鉄七隈線,13,2004-02-01,22,20462310
アルテマインド浄水平丘,10300,福岡県福岡市中央区平丘町,地下鉄七隈線「薬院大通」徒歩9分,94.63,3LDK,2010年5月,https://suumo.jp//ms/chuko/fukuoka/sc_fukuokashichuo/nc_20301814/,薬院大通,地下鉄七隈線,9,2010-05-01,16,20301814
グランドメゾン西新レジデンス,10980,福岡県福岡市早良区西新２-1-42,地下鉄空港線「西新」徒歩6分,105.84,3LDK,2015年1月,https://suumo.jp//ms/chuko/fukuoka/sc_fukuokashisawara/nc_79120367/,西新,地下鉄空港線,6,2015-01-01,11,79120367
グランドメゾン福岡 The Central Luxe,11000,福岡県福岡市中央区渡辺通２,西鉄天神大牟田線「薬院」徒歩2分,51.35,1LDK,2025年6月,https://suumo.jp//ms/chuko/fukuoka/sc_fukuokashichuo/nc_20142596/,薬院,西鉄天神大牟田線,2,2025-06-01,1,20142596
グランドメゾン大濠公園THE TOWER,11500,福岡県福岡市中央区唐人町１,地下鉄空港線「唐人町」徒歩2分,70.67,3LDK,2023年6月,https://suumo.jp//ms/chuko/fukuoka/sc_fukuokashichuo/nc_20182967/,唐人町,地下鉄空港線,2,2023-06-01,3,20182967
グランドメゾン大濠公園 THE CLASS,12000,福岡県福岡市中央区荒戸２,地下鉄空港線「大濠公園」徒歩4分,60.35,2LDK,2024年1月,https://suumo.jp//ms/chuko/fukuoka/sc_fukuokashichuo/nc_20142502/,大濠公園,地下鉄空港線,4,2024-01-01,2,20142502
アーバンパレス大濠,12000,福岡県福岡市中央区荒戸２,地下鉄空港線「大濠公園」徒歩6分,151.77,4LDK,1992年6月,https://suumo.jp//ms/chuko/fukuoka/sc_fukuokashichuo/nc_20634817/,大濠公園,地下鉄空港線,6,1992-06-01,34,20634817
CLUB THE 大濠二丁目,12980,福岡県福岡市中央区大濠２,地下鉄空港線「唐人町」徒歩7分,91.07,2LDK,2019年6月,https://suumo.jp//ms/chuko/fukuoka/sc_fukuokashichuo/nc_20032764/,唐人町,地下鉄空港線,7,2019-06-01,7,20032764
ＣＬＵＢ　ＴＨＥ．大濠二丁目,13800,福岡県福岡市中央区大濠２,地下鉄空港線「唐人町」徒歩7分,88.45,3LDK,2019年6月,https://suumo.jp//ms/chuko/fukuoka/sc_fukuokashichuo/nc_79061506/,唐人町,地下鉄空港線,7,2019-06-01,7,79061506
ザ・パークハウス桜坂サンリヤン,14800,福岡県福岡市中央区桜坂３,地下鉄七隈線「桜坂」徒歩3分,84.98,3LDK+S（納戸）,2018年9月,https://suumo.jp//ms/chuko/fukuoka/sc_fukuokashichuo/nc_20546042/,桜坂,地下鉄七隈線,3,2018-09-01,8,20546042
CLUB THE.薬院ステーションタワー,19500,福岡県福岡市中央区白金１,西鉄天神大牟田線「薬院」徒歩2分,102.79,2LDK,2020年4月,https://suumo.jp//ms/chuko/fukuoka/sc_fukuokashichuo/nc_79044003/,薬院,西鉄天神大牟田線,2,2020-04-01,6,79044003
大濠オドゥール,19800,福岡県福岡市中央区大濠１,地下鉄空港線「唐人町」徒歩9分,146.0,3LDK,1998年9月,https://suumo.jp//ms/chuko/fukuoka/sc_fukuokashichuo/nc_20061154/,唐人町,地下鉄空港線,9,1998-09-01,28,20061154
プレミスト大濠公園,24800,福岡県福岡市中央区荒戸３,地下鉄空港線「唐人町」徒歩3分,120.71,3LDK,2025年6月,https://suumo.jp//ms/chuko/fukuoka/sc_fukuokashichuo/nc_79003032/,唐人町,地下鉄空港線,3,2025-06-01,1,79003032
Ｂｒｉｌｌｉａ　Ｔｏｗｅｒ西新・ＰＲＡＬＩＶＡ,31000,福岡県福岡市早良区西新４,地下鉄空港線「西新」徒歩1分,101.13,2LDK,2021年1月,https://suumo.jp//ms/chuko/fukuoka/sc_fukuokashisawara/nc_78550441/,西新,地下鉄空港線,1,2021-01-01,5,78550441
ラ・レジダンス・ド・パンテール,290,福岡県福岡市中央区荒戸２,地下鉄空港線「大濠公園」徒歩9分,16.2,1K,1988年11月,https://suumo.jp//ms/chuko/fukuoka/sc_fukuokashichuo/nc_20402146/,大濠公園,地下鉄空港線,9,1988-11-01,38,20402146
ハイラーク博多駅前,980,福岡県福岡市博多区博多駅前２,地下鉄空港線「祇園」徒歩4分,21.35,ワンルーム,1981年7月,https://suumo.jp//ms/chuko/fukuoka/sc_fukuokashihakata/nc_20555429/,祇園,地下鉄空港線,4,1981-07-01,45,20555429
パソナ―ル博多,1290,福岡県福岡市博多区神屋町,地下鉄空港線「中洲川端」徒歩15分,37.26,ワンルーム,1973年10月,https://suumo.jp//ms/chuko/fukuoka/sc_fukuokashihakata/nc_20225587/,中洲川端,地下鉄空港線,15,1973-10-01,53,20225587
ピュアドーム博多21,1350,福岡県福岡市博多区博多駅東３,地下鉄空港線「東比恵」徒歩9分,24.95,1K,2005年6月,https://suumo.jp//ms/chuko/fukuoka/sc_fukuokashihakata/nc_20483861/,東比恵,地下鉄空港線,9,2005-06-01,21,20483861
グランピア空港前,1480,福岡県福岡市博多区青木１-5－39,地下鉄空港線「福岡空港」徒歩13分,56.07,2LDK,1986年6月,https://suumo.jp//ms/chuko/fukuoka/sc_fukuokashihakata/nc_78735750/,福岡空港,地下鉄空港線,13,1986-06-01,40,78735750
天神南ハイツ,1480,福岡県福岡市中央区清川２-12-4,地下鉄七隈線「渡辺通」徒歩10分,44.77,ワンルーム,1981年6月,https://suumo.jp//ms/chuko/fukuoka/sc_fukuokashichuo/nc_20411074/,渡辺通,地下鉄七隈線,10,1981-06-01,45,20411074
ライオンズマンション舞鶴第3,1580,福岡県福岡市中央区舞鶴２,地下鉄空港線「赤坂」徒歩7分,30.07,1DK,1985年5月,https://suumo.jp//ms/chuko/fukuoka/sc_fukuokashichuo/nc_20452034/,赤坂,地下鉄空港線,7,1985-05-01,41,20452034
KBCユーハイム室見,1598,福岡県福岡市早良区室見５,地下鉄空港線「藤崎」徒歩12分,52.1,2LDK,1985年3月,https://suumo.jp//ms/chuko/fukuoka/sc_fukuokashisawara/nc_79100955/,藤崎,地下鉄空港線,12,1985-03-01,41,79100955
日商岩井新福陵マンション２号棟,1698,福岡県福岡市早良区荒江３,地下鉄空港線「藤崎」徒歩14分,83.19,4LDK,1978年3月,https://suumo.jp//ms/chuko/fukuoka/sc_fukuokashisawara/nc_20045615/,藤崎,地下鉄空港線,14,1978-03-01,48,20045615
ロマネスク渡辺通第2　中古マンション,1749,福岡県福岡市中央区高砂２,地下鉄七隈線「渡辺通」徒歩12分,33.29,1LDK,1989年4月,https://suumo.jp//ms/chuko/fukuoka/sc_fukuokashichuo/nc_20495629/,渡辺通,地下鉄七隈線,12,1989-04-01,37,20495629
ロマネスク渡辺通第2　中古マンション,1749,福岡県福岡市中央区高砂２,地下鉄七隈線「渡辺通」徒歩12分,33.29,1LDK,1989年4月,https://suumo.jp//ms/chuko/fukuoka/sc_fukuokashichuo/nc_20337661/,渡辺通,地下鉄七隈線,12,1989-04-01,37,20337661
ロマネスク渡辺通第2,1749,福岡県福岡市中央区高砂２,地下鉄七隈線「渡辺通」徒歩13分,33.29,1LDK,1989年4月,https://suumo.jp//ms/chuko/fukuoka/sc_fukuokashichuo/nc_20332850/,渡辺通,地下鉄七隈線,13,1989-04-01,37,20332850
ロマネスク渡辺通第２,1749,福岡県福岡市中央区高砂２-6-15,地下鉄七隈線「渡辺通」徒歩12分,33.29,1LDK,1989年1月,https://suumo.jp//ms/chuko/fukuoka/sc_fukuokashichuo/nc_20327626/,渡辺通,地下鉄七隈線,12,1989-01-01,37,20327626
フラワーコーポ六本松 503,1799,福岡県福岡市中央区草香江２-2-6,地下鉄七隈線「六本松」徒歩4分,39.36,1LDK,1979年3月,https://suumo.jp//ms/chuko/fukuoka/sc_fukuokashichuo/nc_20531723/,六本松,地下鉄七隈線,4,1979-03-01,47,20531723
ロマネスク渡辺通第2,1799,福岡県福岡市中央区高砂２,地下鉄七隈線「渡辺通」徒歩12分,33.29,1LDK,1989年4月,https://suumo.jp//ms/chuko/fukuoka/sc_fukuokashichuo/nc_20472262/,渡辺通,地下鉄七隈線,12,1989-04-01,37,20472262
西新ビル,1850,福岡県福岡市早良区高取１,地下鉄空港線「藤崎」徒歩5分,60.8,2LDK,1972年7月,https://suumo.jp//ms/chuko/fukuoka/sc_fukuokashisawara/nc_20458331/,藤崎,地下鉄空港線,5,1972-07-01,54,20458331
藤和城西コーポ,1998,福岡県福岡市城南区別府４-13-29,地下鉄七隈線「別府」徒歩10分,52.82,2LDK,1974年7月,https://suumo.jp//ms/chuko/fukuoka/sc_fukuokashijonan/nc_20576082/,別府,地下鉄七隈線,10,1974-07-01,52,20576082
藤和城西コープ,1998,福岡県福岡市城南区別府４,地下鉄七隈線「別府」徒歩7分,52.82,2LDK,1974年7月,https://suumo.jp//ms/chuko/fukuoka/sc_fukuokashijonan/nc_20457505/,別府,地下鉄七隈線,7,1974-07-01,52,20457505
博多ニッコーハイツ,2070,福岡県福岡市博多区博多駅東３,地下鉄空港線「博多」徒歩7分,50.38,1LDK,1979年11月,https://suumo.jp//ms/chuko/fukuoka/sc_fukuokashihakata/nc_79205801/,博多,地下鉄空港線,7,1979-11-01,47,79205801
ライオンズマンション城南,2180,福岡県福岡市城南区荒江１,地下鉄七隈線「別府」徒歩13分,55.0,2LDK,1987年9月,https://suumo.jp//ms/chuko/fukuoka/sc_fukuokashijonan/nc_20572205/,別府,地下鉄七隈線,13,1987-09-01,39,20572205
トーカンマンシヨン今泉一〇　708,2199,福岡県福岡市中央区今泉１-7-13,地下鉄七隈線「天神南」徒歩7分,38.7,1LDK,1980年6月,https://suumo.jp//ms/chuko/fukuoka/sc_fukuokashichuo/nc_20316550/,天神南,地下鉄七隈線,7,1980-06-01,46,20316550
カーサ大濠,2199,福岡県福岡市中央区六本松３,地下鉄七隈線「六本松」徒歩7分,51.66,1LDK,1974年6月,https://suumo.jp//ms/chuko/fukuoka/sc_fukuokashichuo/nc_78867837/,六本松,地下鉄七隈線,7,1974-06-01,52,78867837
カーサ大濠,2199,福岡県福岡市中央区六本松３-11-45,地下鉄七隈線「六本松」徒歩8分,51.66,1LDK,1974年6月,https://suumo.jp//ms/chuko/fukuoka/sc_fukuokashichuo/nc_78692224/,六本松,地下鉄七隈線,8,1974-06-01,52,78692224
ＧＳハイム博多,2200,福岡県福岡市博多区博多駅東２,地下鉄空港線「東比恵」徒歩5分,66.15,3LDK,1980年10月,https://suumo.jp//ms/chuko/fukuoka/sc_fukuokashihakata/nc_78859383/,東比恵,地下鉄空港線,5,1980-10-01,46,78859383
ＧＳハイム博多,2200,福岡県福岡市博多区博多駅東２,地下鉄空港線「東比恵」徒歩5分,66.15,3LDK,1980年10月,https://suumo.jp//ms/chuko/fukuoka/sc_fukuokashihakata/nc_77918934/,東比恵,地下鉄空港線,5,1980-10-01,46,77918934
皐月マンション奈良屋,2280,福岡県福岡市博多区奈良屋町12‐18,地下鉄空港線「中洲川端」徒歩11分,53.28,2LDK,1980年7月,https://suumo.jp//ms/chuko/fukuoka/sc_fukuokashihakata/nc_78566794/,中洲川端,地下鉄空港線,11,1980-07-01,46,78566794
ライオンズマンション昭代　中古マンション,2298,福岡県福岡市早良区昭代１,地下鉄空港線「西新」徒歩15分,58.8,2LDK,1981年3月,https://suumo.jp//ms/chuko/fukuoka/sc_fukuokashisawara/nc_20527006/,西新,地下鉄空港線,15,1981-03-01,45,20527006
ビレッタ百道,2299,福岡県福岡市早良区百道１-33-22,地下鉄空港線「藤崎」徒歩11分,60.5,2LDK,1975年4月,https://suumo.jp//ms/chuko/fukuoka/sc_fukuokashisawara/nc_78583591/,藤崎,地下鉄空港線,11,1975-04-01,51,78583591
ビレッタ百道,2299,福岡県福岡市早良区百道１-33-22,地下鉄空港線「藤崎」徒歩11分,60.5,2LDK,1975年4月,https://suumo.jp//ms/chuko/fukuoka/sc_fukuokashisawara/nc_78604511/,藤崎,地下鉄空港線,11,1975-04-01,51,78604511
ビレッタ百道,2299,福岡県福岡市早良区百道１,地下鉄空港線「藤崎」徒歩12分,60.5,2LDK,1975年4月,https://suumo.jp//ms/chuko/fukuoka/sc_fukuokashisawara/nc_79147157/,藤崎,地下鉄空港線,12,1975-04-01,51,79147157
プレイスポットしんばしビル本館,2330,福岡県福岡市博多区中洲２-1-11,地下鉄七隈線「櫛田神社前」徒歩5分,40.63,1DK,1975年2月,https://suumo.jp//ms/chuko/fukuoka/sc_fukuokashihakata/nc_20351680/,櫛田神社前,地下鉄七隈線,5,1975-02-01,51,20351680
プレイスポットしんばしビル本館,2330,福岡県福岡市博多区中洲２,地下鉄七隈線「櫛田神社前」徒歩2分,40.63,1DK,1975年2月,https://suumo.jp//ms/chuko/fukuoka/sc_fukuokashihakata/nc_20310107/,櫛田神社前,地下鉄七隈線,2,1975-02-01,51,20310107
ビレッタ百道,2380,福岡県福岡市早良区百道１,地下鉄空港線「藤崎」徒歩12分,60.5,2LDK,1975年4月,https://suumo.jp//ms/chuko/fukuoka/sc_fukuokashisawara/nc_20029312/,藤崎,地下鉄空港線,12,1975-04-01,51,20029312
エバーライフすの子小前,2380,福岡県福岡市中央区港２,地下鉄空港線「大濠公園」徒歩8分,52.48,1LDK+S（納戸）,1983年11月,https://suumo.jp//ms/chuko/fukuoka/sc_fukuokashichuo/nc_20575796/,大濠公園,地下鉄空港線,8,1983-11-01,43,20575796
東峰マンション博多駅東,2390,福岡県福岡市博多区比恵町7-27,地下鉄空港線「東比恵」徒歩7分,42.82,1LDK,1985年4月,https://suumo.jp//ms/chuko/fukuoka/sc_fukuokashihakata/nc_20269655/,東比恵,地下鉄空港線,7,1985-04-01,41,20269655
藤和城西コーポ,2390,福岡県福岡市城南区別府４,地下鉄七隈線「別府」徒歩7分,71.5,3LDK,1974年7月,https://suumo.jp//ms/chuko/fukuoka/sc_fukuokashijonan/nc_20560356/,別府,地下鉄七隈線,7,1974-07-01,52,20560356
藤和城西コーポ,2390,福岡県福岡市城南区別府４,地下鉄七隈線「別府」徒歩10分,71.5,3LDK,1974年7月,https://suumo.jp//ms/chuko/fukuoka/sc_fukuokashijonan/nc_20454753/,別府,地下鉄七隈線,10,1974-07-01,52,20454753
藤和城西コーポ　中古マンション,2390,福岡県福岡市城南区別府４,地下鉄七隈線「別府」徒歩10分,71.5,3LDK,1974年7月,https://suumo.jp//ms/chuko/fukuoka/sc_fukuokashijonan/nc_20455413/,別府,地下鉄七隈線,10,1974-07-01,52,20455413
藤和城西コーポ,2390,福岡県福岡市城南区別府４,地下鉄七隈線「別府」徒歩7分,71.5,3LDK,1974年7月,https://suumo.jp//ms/chuko/fukuoka/sc_fukuokashijonan/nc_20588209/,別府,地下鉄七隈線,7,1974-07-01,52,20588209
藤和城西コーポ,2390,福岡県福岡市城南区別府４-13-29,地下鉄七隈線「別府」徒歩10分,71.5,3LDK,1974年7月,https://suumo.jp//ms/chuko/fukuoka/sc_fukuokashijonan/nc_20449347/,別府,地下鉄七隈線,10,1974-07-01,52,20449347
藤和城西コーポ,2390,福岡県福岡市城南区別府４,地下鉄七隈線「別府」徒歩9分,71.5,3LDK,1974年7月,https://suumo.jp//ms/chuko/fukuoka/sc_fukuokashijonan/nc_20461891/,別府,地下鉄七隈線,9,1974-07-01,52,20461891
西新パークマンション,2480,福岡県福岡市早良区西新３,地下鉄空港線「西新」徒歩7分,70.97,3LDK,1988年5月,https://suumo.jp//ms/chuko/fukuoka/sc_fukuokashisawara/nc_20415226/,西新,地下鉄空港線,7,1988-05-01,38,20415226
パークハイツ平尾山荘　21棟,2490,福岡県福岡市中央区平尾５,地下鉄七隈線「薬院大通」徒歩15分,79.44,3LDK,1981年7月,https://suumo.jp//ms/chuko/fukuoka/sc_fukuokashichuo/nc_20367967/,薬院大通,地下鉄七隈線,15,1981-07-01,45,20367967
赤坂エクセル,2490,福岡県福岡市中央区赤坂３-8-26,地下鉄七隈線「桜坂」徒歩12分,52.57,1LDK,1974年11月,https://suumo.jp//ms/chuko/fukuoka/sc_fukuokashichuo/nc_20477084/,桜坂,地下鉄七隈線,12,1974-11-01,52,20477084
エンクレスト天神南Ⅲ,2499,福岡県福岡市中央区清川３,地下鉄七隈線「渡辺通」徒歩13分,37.86,1LDK,2005年8月,https://suumo.jp//ms/chuko/fukuoka/sc_fukuokashichuo/nc_20496950/,渡辺通,地下鉄七隈線,13,2005-08-01,21,20496950
エンクレスト天神南Ⅲ,2499,福岡県福岡市中央区清川３,地下鉄七隈線「渡辺通」徒歩13分,37.86,1LDK,2005年8月,https://suumo.jp//ms/chuko/fukuoka/sc_fukuokashichuo/nc_20473629/,渡辺通,地下鉄七隈線,13,2005-08-01,21,20473629
エンクレスト天神南Ⅲ,2499,福岡県福岡市中央区清川３,地下鉄七隈線「渡辺通」徒歩13分,37.86,1LDK,2005年8月,https://suumo.jp//ms/chuko/fukuoka/sc_fukuokashichuo/nc_20245685/,渡辺通,地下鉄七隈線,13,2005-08-01,21,20245685
古河平丘台マンション,2500,福岡県福岡市中央区平尾３,地下鉄七隈線「薬院大通」徒歩13分,59.35,2DK,1971年11月,https://suumo.jp//ms/chuko/fukuoka/sc_fukuokashichuo/nc_20592795/,薬院大通,地下鉄七隈線,13,1971-11-01,55,20592795
エクセレンス谷,2590,福岡県福岡市中央区谷１,地下鉄七隈線「六本松」徒歩7分,57.23,2LDK,1979年8月,https://suumo.jp//ms/chuko/fukuoka/sc_fukuokashichuo/nc_78778379/,六本松,地下鉄七隈線,7,1979-08-01,47,78778379
エクセレンス谷　中古マンション,2590,福岡県福岡市中央区谷１,地下鉄七隈線「六本松」徒歩7分,57.23,2LDK,1979年8月,https://suumo.jp//ms/chuko/fukuoka/sc_fukuokashichuo/nc_78743140/,六本松,地下鉄七隈線,7,1979-08-01,47,78743140
エクセレンス谷,2590,福岡県福岡市中央区谷１-16-58,地下鉄七隈線「六本松」徒歩7分,57.23,2LDK,1979年8月,https://suumo.jp//ms/chuko/fukuoka/sc_fukuokashichuo/nc_20598329/,六本松,地下鉄七隈線,7,1979-08-01,47,20598329
エクセレンス谷,2590,福岡県福岡市中央区谷１,地下鉄七隈線「桜坂」徒歩6分,57.23,2LDK,1979年8月,https://suumo.jp//ms/chuko/fukuoka/sc_fukuokashichuo/nc_20495566/,桜坂,地下鉄七隈線,6,1979-08-01,47,20495566
サンポートハイツ,2590,福岡県福岡市中央区港２,地下鉄空港線「大濠公園」徒歩8分,61.56,2LDK,1974年9月,https://suumo.jp//ms/chuko/fukuoka/sc_fukuokashichuo/nc_20549407/,大濠公園,地下鉄空港線,8,1974-09-01,52,20549407
エクセレンス谷,2590,福岡県福岡市中央区谷１-16-58,地下鉄七隈線「六本松」徒歩7分,57.23,2LDK,1979年8月,https://suumo.jp//ms/chuko/fukuoka/sc_fukuokashichuo/nc_79071316/,六本松,地下鉄七隈線,7,1979-08-01,47,79071316
第三住吉ハイツ,2599,福岡県福岡市博多区住吉５,ＪＲ鹿児島本線「博多」徒歩13分,67.2,2LDK,1980年5月,https://suumo.jp//ms/chuko/fukuoka/sc_fukuokashihakata/nc_20469317/,博多,ＪＲ鹿児島本線,13,1980-05-01,46,20469317
第三住吉ハイツ,2599,福岡県福岡市博多区住吉５,ＪＲ篠栗線「博多」徒歩14分,67.2,2LDK,1980年5月,https://suumo.jp//ms/chuko/fukuoka/sc_fukuokashihakata/nc_20445302/,博多,ＪＲ篠栗線,14,1980-05-01,46,20445302
第三住吉ハイツ 702,2599,福岡県福岡市博多区住吉５-10-7,ＪＲ鹿児島本線「博多」徒歩13分,67.2,2LDK,1980年5月,https://suumo.jp//ms/chuko/fukuoka/sc_fukuokashihakata/nc_20418122/,博多,ＪＲ鹿児島本線,13,1980-05-01,46,20418122
ゾンネンハイム大手門,2622,福岡県福岡市中央区大手門２,地下鉄空港線「大濠公園」徒歩7分,66.0,1LDK,1973年8月,https://suumo.jp//ms/chuko/fukuoka/sc_fukuokashichuo/nc_20217576/,大濠公園,地下鉄空港線,7,1973-08-01,53,20217576
藤和城西コーポ 301,2699,福岡県福岡市城南区別府４-13-29,地下鉄七隈線「別府」徒歩7分,84.5,3LDK,1974年7月,https://suumo.jp//ms/chuko/fukuoka/sc_fukuokashijonan/nc_20094571/,別府,地下鉄七隈線,7,1974-07-01,52,20094571
ロワールマンション大名,2700,福岡県福岡市中央区大名１,地下鉄空港線「赤坂」徒歩6分,68.04,3LDK,1980年3月,https://suumo.jp//ms/chuko/fukuoka/sc_fukuokashichuo/nc_20556337/,赤坂,地下鉄空港線,6,1980-03-01,46,20556337
ライオンズマンション平尾,2780,福岡県福岡市中央区平尾２,地下鉄七隈線「薬院大通」徒歩14分,65.71,3DK,1979年12月,https://suumo.jp//ms/chuko/fukuoka/sc_fukuokashichuo/nc_20359423/,薬院大通,地下鉄七隈線,14,1979-12-01,47,20359423
朝日プラザ桜坂　中古マンション,2780,福岡県福岡市中央区谷１,地下鉄七隈線「桜坂」徒歩6分,62.34,3LDK,1986年8月,https://suumo.jp//ms/chuko/fukuoka/sc_fukuokashichuo/nc_20332513/,桜坂,地下鉄七隈線,6,1986-08-01,40,20332513
ライオンズマンション西新,2780,福岡県福岡市早良区西新７,地下鉄空港線「藤崎」徒歩5分,45.97,2DK,1982年2月,https://suumo.jp//ms/chuko/fukuoka/sc_fukuokashisawara/nc_20084916/,藤崎,地下鉄空港線,5,1982-02-01,44,20084916
ヴェルドミール薬院,2899,福岡県福岡市中央区薬院３-12-12,地下鉄七隈線「薬院大通」徒歩6分,68.26,2LDK,1980年10月,https://suumo.jp//ms/chuko/fukuoka/sc_fukuokashichuo/nc_20003640/,薬院大通,地下鉄七隈線,6,1980-10-01,46,20003640
サンハイツ平尾,2900,福岡県福岡市中央区平尾２,地下鉄七隈線「薬院大通」徒歩15分,81.46,2LDK,1974年11月,https://suumo.jp//ms/chuko/fukuoka/sc_fukuokashichuo/nc_20463862/,薬院大通,地下鉄七隈線,15,1974-11-01,52,20463862
東洋マンション大名,2980,福岡県福岡市中央区大名２,地下鉄空港線「赤坂」徒歩5分,65.7,3LDK,1979年6月,https://suumo.jp//ms/chuko/fukuoka/sc_fukuokashichuo/nc_20382600/,赤坂,地下鉄空港線,5,1979-06-01,47,20382600
朝日プラザ天神,2980,福岡県福岡市中央区舞鶴１,地下鉄空港線「天神」徒歩6分,55.5,2LDK,1986年5月,https://suumo.jp//ms/chuko/fukuoka/sc_fukuokashichuo/nc_78743384/,天神,地下鉄空港線,6,1986-05-01,40,78743384
東洋マンション大名,2980,福岡県福岡市中央区大名２-1－43,地下鉄空港線「赤坂」徒歩8分,65.7,3LDK,1979年6月,https://suumo.jp//ms/chuko/fukuoka/sc_fukuokashichuo/nc_20383383/,赤坂,地下鉄空港線,8,1979-06-01,47,20383383
第参参プリンスマンション城南,2999,福岡県福岡市城南区別府１-19-40,地下鉄七隈線「別府」徒歩2分,65.65,2LDK,1986年8月,https://suumo.jp//ms/chuko/fukuoka/sc_fukuokashijonan/nc_78569733/,別府,地下鉄七隈線,2,1986-08-01,40,78569733
藤和別府コープ,2999,福岡県福岡市城南区別府５-2-5,地下鉄七隈線「別府」徒歩5分,62.16,3LDK,1983年5月,https://suumo.jp//ms/chuko/fukuoka/sc_fukuokashijonan/nc_78888074/,別府,地下鉄七隈線,5,1983-05-01,43,78888074
第３３プリンスマンション城南,2999,福岡県福岡市城南区別府１,地下鉄七隈線「別府」徒歩4分,65.65,2LDK,1986年8月,https://suumo.jp//ms/chuko/fukuoka/sc_fukuokashijonan/nc_78591486/,別府,地下鉄七隈線,4,1986-08-01,40,78591486
ダイアパレス平尾２,3080,福岡県福岡市中央区大宮２,西鉄天神大牟田線「薬院」徒歩10分,64.1,2LDK,1983年3月,https://suumo.jp//ms/chuko/fukuoka/sc_fukuokashichuo/nc_20359832/,薬院,西鉄天神大牟田線,10,1983-03-01,43,20359832
ライオンズマンション薬院第3,3090,福岡県福岡市中央区薬院３,地下鉄七隈線「薬院」徒歩6分,56.1,2LDK,1980年11月,https://suumo.jp//ms/chuko/fukuoka/sc_fukuokashichuo/nc_20589240/,薬院,地下鉄七隈線,6,1980-11-01,46,20589240
ライオンズマンション薬院第3,3090,福岡県福岡市中央区薬院３,地下鉄七隈線「薬院大通」徒歩5分,56.1,2LDK,1980年11月,https://suumo.jp//ms/chuko/fukuoka/sc_fukuokashichuo/nc_20607910/,薬院大通,地下鉄七隈線,5,1980-11-01,46,20607910
ロマネスク大濠アネックス,3099,福岡県福岡市中央区鳥飼２-6-15,地下鉄空港線「唐人町」徒歩14分,59.65,2LDK,1987年5月,https://suumo.jp//ms/chuko/fukuoka/sc_fukuokashichuo/nc_78334227/,唐人町,地下鉄空港線,14,1987-05-01,39,78334227
ロマネスク大濠アネックス,3099,福岡県福岡市中央区鳥飼２,地下鉄空港線「唐人町」徒歩14分,59.65,2LDK,1987年5月,https://suumo.jp//ms/chuko/fukuoka/sc_fukuokashichuo/nc_20417239/,唐人町,地下鉄空港線,14,1987-05-01,39,20417239
グランフォーレラグゼ博多駅南,3099,福岡県福岡市博多区博多駅南４-2-26,地下鉄空港線「東比恵」徒歩14分,33.41,1LDK,2016年7月,https://suumo.jp//ms/chuko/fukuoka/sc_fukuokashihakata/nc_20089882/,東比恵,地下鉄空港線,14,2016-07-01,10,20089882
ロマネスク大濠アネックス　中古マンション,3099,福岡県福岡市中央区鳥飼２,地下鉄空港線「唐人町」徒歩14分,59.65,2LDK,1987年5月,https://suumo.jp//ms/chuko/fukuoka/sc_fukuokashichuo/nc_20520250/,唐人町,地下鉄空港線,14,1987-05-01,39,20520250
ロマネスク大濠アネックス,3099,福岡県福岡市中央区鳥飼２-6-15,地下鉄空港線「唐人町」徒歩11分,59.65,2LDK,1987年5月,https://suumo.jp//ms/chuko/fukuoka/sc_fukuokashichuo/nc_79033778/,唐人町,地下鉄空港線,11,1987-05-01,39,79033778
ニューライフ薬院,3099,福岡県福岡市中央区薬院１-6-36,地下鉄七隈線「薬院」徒歩3分,47.29,1LDK+S（納戸）,1986年6月,https://suumo.jp//ms/chuko/fukuoka/sc_fukuokashichuo/nc_20111865/,薬院,地下鉄七隈線,3,1986-06-01,40,20111865
ロマネスク大濠アネックス,3099,福岡県福岡市中央区鳥飼２,地下鉄空港線「唐人町」徒歩14分,59.65,2LDK,1987年5月,https://suumo.jp//ms/chuko/fukuoka/sc_fukuokashichuo/nc_78536704/,唐人町,地下鉄空港線,14,1987-05-01,39,78536704
ロマネスク大濠アネックス,3099,福岡県福岡市中央区鳥飼２,地下鉄空港線「唐人町」徒歩14分,59.65,2LDK,1987年5月,https://suumo.jp//ms/chuko/fukuoka/sc_fukuokashichuo/nc_78728305/,唐人町,地下鉄空港線,14,1987-05-01,39,78728305
ロマネスク大濠アネックス,3099,福岡県福岡市中央区鳥飼２,地下鉄空港線「唐人町」徒歩12分,59.65,2LDK,1987年5月,https://suumo.jp//ms/chuko/fukuoka/sc_fukuokashichuo/nc_20588725/,唐人町,地下鉄空港線,12,1987-05-01,39,20588725
ロマネスク大濠アネックス,3099,福岡県福岡市中央区鳥飼２-6-15,地下鉄空港線「唐人町」徒歩14分,59.65,2LDK,1987年5月,https://suumo.jp//ms/chuko/fukuoka/sc_fukuokashichuo/nc_79090280/,唐人町,地下鉄空港線,14,1987-05-01,39,79090280
ロマネスク大濠アネツクス,3099,福岡県福岡市中央区鳥飼２-6-15,地下鉄空港線「唐人町」徒歩12分,59.65,2LDK,1987年5月,https://suumo.jp//ms/chuko/fukuoka/sc_fukuokashichuo/nc_20602513/,唐人町,地下鉄空港線,12,1987-05-01,39,20602513
ライオンズヒルズ桜坂,3198,福岡県福岡市中央区桜坂３,地下鉄七隈線「桜坂」徒歩3分,68.25,3LDK,1986年12月,https://suumo.jp//ms/chuko/fukuoka/sc_fukuokashichuo/nc_78915180/,桜坂,地下鉄七隈線,3,1986-12-01,40,78915180
オーセントスクエア室見アーバンコンフォート,3200,福岡県福岡市早良区室見４,地下鉄空港線「藤崎」徒歩15分,60.03,2LDK,2004年1月,https://suumo.jp//ms/chuko/fukuoka/sc_fukuokashisawara/nc_74991725/,藤崎,地下鉄空港線,15,2004-01-01,22,74991725
秀和警固レジデンス,3280,福岡県福岡市中央区警固２,地下鉄空港線「赤坂」徒歩7分,69.43,2LDK+S（納戸）,1974年7月,https://suumo.jp//ms/chuko/fukuoka/sc_fukuokashichuo/nc_20360375/,赤坂,地下鉄空港線,7,1974-07-01,52,20360375
クリオラベルヴィ呉服町,3299,福岡県福岡市博多区下呉服町,地下鉄箱崎線「中洲川端」徒歩11分,34.4,1LDK,2018年1月,https://suumo.jp//ms/chuko/fukuoka/sc_fukuokashihakata/nc_79057012/,中洲川端,地下鉄箱崎線,11,2018-01-01,8,79057012
クリオラベルヴィ呉服町,3299,福岡県福岡市博多区下呉服町3-19,地下鉄空港線「中洲川端」徒歩12分,34.4,1LDK,2018年1月,https://suumo.jp//ms/chuko/fukuoka/sc_fukuokashihakata/nc_79076927/,中洲川端,地下鉄空港線,12,2018-01-01,8,79076927
赤坂エクセル,3450,福岡県福岡市中央区赤坂３-8-26,地下鉄七隈線「桜坂」徒歩13分,79.5,2LDK,1974年11月,https://suumo.jp//ms/chuko/fukuoka/sc_fukuokashichuo/nc_79089881/,桜坂,地下鉄七隈線,13,1974-11-01,52,79089881
赤坂エクセル,3450,福岡県福岡市中央区赤坂３,地下鉄空港線「赤坂」徒歩12分,79.5,2LDK,1974年11月,https://suumo.jp//ms/chuko/fukuoka/sc_fukuokashichuo/nc_79104475/,赤坂,地下鉄空港線,12,1974-11-01,52,79104475
赤坂エクセル,3450,福岡県福岡市中央区赤坂３,地下鉄空港線「赤坂」徒歩12分,79.5,2LDK,1974年11月,https://suumo.jp//ms/chuko/fukuoka/sc_fukuokashichuo/nc_20497405/,赤坂,地下鉄空港線,12,1974-11-01,52,20497405
赤坂エクセル,3450,福岡県福岡市中央区赤坂３,地下鉄空港線「赤坂」徒歩13分,79.5,2LDK,1974年11月,https://suumo.jp//ms/chuko/fukuoka/sc_fukuokashichuo/nc_20201400/,赤坂,地下鉄空港線,13,1974-11-01,52,20201400
赤坂エクセル,3450,福岡県福岡市中央区赤坂３,地下鉄七隈線「桜坂」徒歩13分,79.5,2LDK,1974年11月,https://suumo.jp//ms/chuko/fukuoka/sc_fukuokashichuo/nc_79101544/,桜坂,地下鉄七隈線,13,1974-11-01,52,79101544
モントーレヴェルキューブシティ福岡空港駅,3490,福岡県糟屋郡志免町別府西３,地下鉄空港線「福岡空港」徒歩11分,59.19,2LDK,2010年2月,https://suumo.jp//ms/chuko/fukuoka/sc_kasuyagunshime/nc_20635624/,福岡空港,地下鉄空港線,11,2010-02-01,16,20635624
シャンボール大名A棟,3490,福岡県福岡市中央区薬院２,地下鉄七隈線「薬院大通」徒歩7分,61.08,3DK,1981年12月,https://suumo.jp//ms/chuko/fukuoka/sc_fukuokashichuo/nc_20384520/,薬院大通,地下鉄七隈線,7,1981-12-01,45,20384520
藤和コープソシエ薬院,3490,福岡県福岡市中央区薬院２,西鉄天神大牟田線「薬院」徒歩9分,69.16,3LDK,1984年4月,https://suumo.jp//ms/chuko/fukuoka/sc_fukuokashichuo/nc_20450108/,薬院,西鉄天神大牟田線,9,1984-04-01,42,20450108
モントーレヴェルキューブシティ福岡空港駅,3490,福岡県糟屋郡志免町別府西３,地下鉄空港線「福岡空港」徒歩11分,59.19,2LDK,2010年2月,https://suumo.jp//ms/chuko/fukuoka/sc_kasuyagunshime/nc_20616084/,福岡空港,地下鉄空港線,11,2010-02-01,16,20616084
コープ野村白金,3510,福岡県福岡市中央区白金１,地下鉄七隈線「薬院」徒歩6分,64.54,3LDK,1983年8月,https://suumo.jp//ms/chuko/fukuoka/sc_fukuokashichuo/nc_20119598/,薬院,地下鉄七隈線,6,1983-08-01,43,20119598
ツインタワー空港通り,3599,福岡県福岡市博多区豊１,地下鉄空港線「東比恵」徒歩12分,71.7,3LDK,1994年7月,https://suumo.jp//ms/chuko/fukuoka/sc_fukuokashihakata/nc_79057062/,東比恵,地下鉄空港線,12,1994-07-01,32,79057062
ツインタワー空港通り,3599,福岡県福岡市博多区豊１,地下鉄空港線「東比恵」徒歩14分,71.7,3LDK+2S（納戸）,1994年7月,https://suumo.jp//ms/chuko/fukuoka/sc_fukuokashihakata/nc_20465347/,東比恵,地下鉄空港線,14,1994-07-01,32,20465347
赤坂エクセル,3599,福岡県福岡市中央区赤坂３,地下鉄空港線「赤坂」徒歩13分,79.5,2LDK,1974年11月,https://suumo.jp//ms/chuko/fukuoka/sc_fukuokashichuo/nc_79072086/,赤坂,地下鉄空港線,13,1974-11-01,52,79072086
ツインタワー空港通り,3599,福岡県福岡市博多区豊１-1-17,地下鉄空港線「東比恵」徒歩12分,71.7,3LDK,1994年7月,https://suumo.jp//ms/chuko/fukuoka/sc_fukuokashihakata/nc_20368371/,東比恵,地下鉄空港線,12,1994-07-01,32,20368371
ツインタワー空港通り,3599,福岡県福岡市博多区豊１-1-17,地下鉄空港線「東比恵」徒歩12分,71.7,3LDK,1994年7月,https://suumo.jp//ms/chuko/fukuoka/sc_fukuokashihakata/nc_20433759/,東比恵,地下鉄空港線,12,1994-07-01,32,20433759
ツインタワー空港通り,3599,福岡県福岡市博多区豊１,地下鉄空港線「東比恵」徒歩12分,71.7,3LDK,1994年7月,https://suumo.jp//ms/chuko/fukuoka/sc_fukuokashihakata/nc_20066674/,東比恵,地下鉄空港線,12,1994-07-01,32,20066674
ツインタワー空港通り,3599,福岡県福岡市博多区豊１,地下鉄空港線「東比恵」徒歩12分,71.7,3LDK,1994年7月,https://suumo.jp//ms/chuko/fukuoka/sc_fukuokashihakata/nc_20477027/,東比恵,地下鉄空港線,12,1994-07-01,32,20477027
ラフィネスシャトードゥ赤坂,3699,福岡県福岡市中央区大手門１-3-31,地下鉄空港線「赤坂」徒歩7分,32.81,1LDK,2002年6月,https://suumo.jp//ms/chuko/fukuoka/sc_fukuokashichuo/nc_20283315/,赤坂,地下鉄空港線,7,2002-06-01,24,20283315
ラフィネスシャトードゥ赤坂,3699,福岡県福岡市中央区大手門１-3番31,地下鉄空港線「赤坂」徒歩7分,32.81,1LK,2002年6月,https://suumo.jp//ms/chuko/fukuoka/sc_fukuokashichuo/nc_20292231/,赤坂,地下鉄空港線,7,2002-06-01,24,20292231
コアマンション別府,3790,福岡県福岡市城南区別府３,地下鉄七隈線「別府」徒歩3分,72.6,3LDK,1995年10月,https://suumo.jp//ms/chuko/fukuoka/sc_fukuokashijonan/nc_20554447/,別府,地下鉄七隈線,3,1995-10-01,31,20554447
ミスモ天神,3880,福岡県福岡市中央区渡辺通２,地下鉄七隈線「渡辺通」徒歩4分,33.37,1LDK,2023年3月,https://suumo.jp//ms/chuko/fukuoka/sc_fukuokashichuo/nc_78516843/,渡辺通,地下鉄七隈線,4,2023-03-01,3,78516843
エバーライフ住吉,3890,福岡県福岡市博多区住吉４,地下鉄七隈線「渡辺通」徒歩14分,62.28,2LDK,1985年9月,https://suumo.jp//ms/chuko/fukuoka/sc_fukuokashihakata/nc_79152020/,渡辺通,地下鉄七隈線,14,1985-09-01,41,79152020
サンシティ鳥飼,3899,福岡県福岡市城南区鳥飼４,地下鉄七隈線「別府」徒歩11分,68.48,3LDK,1994年3月,https://suumo.jp//ms/chuko/fukuoka/sc_fukuokashijonan/nc_20395435/,別府,地下鉄七隈線,11,1994-03-01,32,20395435
サンシティ鳥飼,3899,福岡県福岡市城南区鳥飼４,地下鉄七隈線「別府」徒歩10分,68.48,3LDK,1994年3月,https://suumo.jp//ms/chuko/fukuoka/sc_fukuokashijonan/nc_20588687/,別府,地下鉄七隈線,10,1994-03-01,32,20588687
サンシティ鳥飼,3899,福岡県福岡市城南区鳥飼４-9-3,地下鉄七隈線「別府」徒歩10分,68.48,3LDK,1994年3月,https://suumo.jp//ms/chuko/fukuoka/sc_fukuokashijonan/nc_20201901/,別府,地下鉄七隈線,10,1994-03-01,32,20201901
サンシティ鳥飼,3899,福岡県福岡市城南区鳥飼４,地下鉄七隈線「別府」徒歩11分,68.48,3LDK,1994年3月,https://suumo.jp//ms/chuko/fukuoka/sc_fukuokashijonan/nc_78317769/,別府,地下鉄七隈線,11,1994-03-01,32,78317769
サンシティ鳥飼,3899,福岡県福岡市城南区鳥飼４,地下鉄七隈線「別府」徒歩11分,68.48,3LDK,1994年3月,https://suumo.jp//ms/chuko/fukuoka/sc_fukuokashijonan/nc_78314270/,別府,地下鉄七隈線,11,1994-03-01,32,78314270
サンシティ鳥飼　中古マンション,3899,福岡県福岡市城南区鳥飼４,地下鉄七隈線「別府」徒歩11分,68.48,3LDK+S（納戸）,1994年3月,https://suumo.jp//ms/chuko/fukuoka/sc_fukuokashijonan/nc_79217231/,別府,地下鉄七隈線,11,1994-03-01,32,79217231
サンシティ鳥飼,3899,福岡県福岡市城南区鳥飼４-9-3,地下鉄七隈線「別府」徒歩10分,68.48,3LDK,1994年3月,https://suumo.jp//ms/chuko/fukuoka/sc_fukuokashijonan/nc_78975396/,別府,地下鉄七隈線,10,1994-03-01,32,78975396
藤和薬院コープ,3998,福岡県福岡市中央区薬院２,地下鉄七隈線「薬院大通」徒歩2分,71.18,3LDK,1979年3月,https://suumo.jp//ms/chuko/fukuoka/sc_fukuokashichuo/nc_20590770/,薬院大通,地下鉄七隈線,2,1979-03-01,47,20590770
ジョイナス天神タワー,3999,福岡県福岡市博多区対馬小路12-20,地下鉄空港線「中洲川端」徒歩11分,56.14,2LDK,1997年1月,https://suumo.jp//ms/chuko/fukuoka/sc_fukuokashihakata/nc_79064230/,中洲川端,地下鉄空港線,11,1997-01-01,29,79064230
ジョイナス天神タワー,3999,福岡県福岡市博多区対馬小路,地下鉄箱崎線「中洲川端」徒歩12分,56.14,2LDK,1997年1月,https://suumo.jp//ms/chuko/fukuoka/sc_fukuokashihakata/nc_78912074/,中洲川端,地下鉄箱崎線,12,1997-01-01,29,78912074
ジョイナス天神タワー,3999,福岡県福岡市博多区対馬小路,地下鉄空港線「中洲川端」徒歩11分,56.14,2LDK,1997年1月,https://suumo.jp//ms/chuko/fukuoka/sc_fukuokashihakata/nc_20417016/,中洲川端,地下鉄空港線,11,1997-01-01,29,20417016
舞鶴パークホームズ,4000,福岡県福岡市中央区舞鶴２,地下鉄空港線「赤坂」徒歩7分,80.05,4LDK,1980年4月,https://suumo.jp//ms/chuko/fukuoka/sc_fukuokashichuo/nc_20520587/,赤坂,地下鉄空港線,7,1980-04-01,46,20520587
ジョイナス天神タワー,4298,福岡県福岡市博多区対馬小路12-20,地下鉄空港線「中洲川端」徒歩11分,72.59,3LDK,1997年1月,https://suumo.jp//ms/chuko/fukuoka/sc_fukuokashihakata/nc_78177803/,中洲川端,地下鉄空港線,11,1997-01-01,29,78177803
モントーレ東比恵クレア,4299,福岡県福岡市博多区東比恵３,地下鉄空港線「東比恵」徒歩3分,42.77,1LDK,2019年2月,https://suumo.jp//ms/chuko/fukuoka/sc_fukuokashihakata/nc_79172819/,東比恵,地下鉄空港線,3,2019-02-01,7,79172819
モントーレ東比恵クレア,4299,福岡県福岡市博多区東比恵３,地下鉄空港線「東比恵」徒歩3分,42.77,1LDK+S（納戸）,2019年2月,https://suumo.jp//ms/chuko/fukuoka/sc_fukuokashihakata/nc_20006864/,東比恵,地下鉄空港線,3,2019-02-01,7,20006864
藤崎ロジュマン,4380,福岡県福岡市早良区昭代３-9-5,地下鉄空港線「藤崎」徒歩10分,82.76,4LDK,1988年3月,https://suumo.jp//ms/chuko/fukuoka/sc_fukuokashisawara/nc_78392749/,藤崎,地下鉄空港線,10,1988-03-01,38,78392749
藤崎ロジュマン,4380,福岡県福岡市早良区昭代３,地下鉄空港線「藤崎」徒歩13分,82.76,4LDK,1988年3月,https://suumo.jp//ms/chuko/fukuoka/sc_fukuokashisawara/nc_20187670/,藤崎,地下鉄空港線,13,1988-03-01,38,20187670
藤崎ロジュマン,4380,福岡県福岡市早良区昭代３-9-5,地下鉄空港線「藤崎」徒歩11分,82.76,3LDK,1988年3月,https://suumo.jp//ms/chuko/fukuoka/sc_fukuokashisawara/nc_20205874/,藤崎,地下鉄空港線,11,1988-03-01,38,20205874
ライオンズマンションマキシム桜坂II,4380,福岡県福岡市中央区谷１,地下鉄七隈線「桜坂」徒歩5分,85.78,3LDK,1998年2月,https://suumo.jp//ms/chuko/fukuoka/sc_fukuokashichuo/nc_77794350/,桜坂,地下鉄七隈線,5,1998-02-01,28,77794350
リファレンス天神南,4399,福岡県福岡市中央区清川２,地下鉄七隈線「渡辺通」徒歩13分,65.32,3LDK,2002年3月,https://suumo.jp//ms/chuko/fukuoka/sc_fukuokashichuo/nc_20232459/,渡辺通,地下鉄七隈線,13,2002-03-01,24,20232459
リファレンス天神南,4399,福岡県福岡市中央区清川２-4-9,地下鉄七隈線「渡辺通」徒歩13分,65.32,3LDK,2002年3月,https://suumo.jp//ms/chuko/fukuoka/sc_fukuokashichuo/nc_20502428/,渡辺通,地下鉄七隈線,13,2002-03-01,24,20502428
リファレンス天神南,4399,福岡県福岡市中央区清川２,地下鉄七隈線「渡辺通」徒歩13分,65.32,3LDK,2002年3月,https://suumo.jp//ms/chuko/fukuoka/sc_fukuokashichuo/nc_20056310/,渡辺通,地下鉄七隈線,13,2002-03-01,24,20056310
リファレンス天神南,4399,福岡県福岡市中央区清川２,地下鉄七隈線「渡辺通」徒歩12分,65.32,3LDK,2002年3月,https://suumo.jp//ms/chuko/fukuoka/sc_fukuokashichuo/nc_20589194/,渡辺通,地下鉄七隈線,12,2002-03-01,24,20589194
リファレンス天神南,4399,福岡県福岡市中央区清川２-4-9,地下鉄七隈線「渡辺通」徒歩13分,65.32,3LDK,2002年3月,https://suumo.jp//ms/chuko/fukuoka/sc_fukuokashichuo/nc_20249542/,渡辺通,地下鉄七隈線,13,2002-03-01,24,20249542
デュオヴェール博多駅,4480,福岡県福岡市博多区博多駅東１,ＪＲ鹿児島本線「博多」徒歩8分,43.82,1LDK,2023年6月,https://suumo.jp//ms/chuko/fukuoka/sc_fukuokashihakata/nc_20555466/,博多,ＪＲ鹿児島本線,8,2023-06-01,3,20555466
エバーライフ赤坂,4480,福岡県福岡市中央区赤坂３,地下鉄七隈線「桜坂」徒歩14分,63.63,1LDK,1988年12月,https://suumo.jp//ms/chuko/fukuoka/sc_fukuokashichuo/nc_20426588/,桜坂,地下鉄七隈線,14,1988-12-01,38,20426588
ヒューマインド博多駅東ネクスタイル,4480,福岡県福岡市博多区東比恵３-24-24,地下鉄空港線「東比恵」徒歩5分,58.3,2LDK,2005年4月,https://suumo.jp//ms/chuko/fukuoka/sc_fukuokashihakata/nc_20618952/,東比恵,地下鉄空港線,5,2005-04-01,21,20618952
ヒューマインド博多駅東ネクスタイル,4480,福岡県福岡市博多区東比恵３,地下鉄空港線「東比恵」徒歩5分,58.3,2LDK,2005年4月,https://suumo.jp//ms/chuko/fukuoka/sc_fukuokashihakata/nc_20400394/,東比恵,地下鉄空港線,5,2005-04-01,21,20400394
ヒューマインド博多駅東ネクスタイル,4480,福岡県福岡市博多区東比恵３,地下鉄空港線「東比恵」徒歩5分,58.3,2LDK,2005年5月,https://suumo.jp//ms/chuko/fukuoka/sc_fukuokashihakata/nc_20131079/,東比恵,地下鉄空港線,5,2005-05-01,21,20131079
コアマンション城南ネクステージ　中古マンション,4490,福岡県福岡市城南区田島１,地下鉄七隈線「別府」徒歩15分,77.02,3LDK,2004年10月,https://suumo.jp//ms/chuko/fukuoka/sc_fukuokashijonan/nc_20519777/,別府,地下鉄七隈線,15,2004-10-01,22,20519777
コアマンション城南ネクステージ,4490,福岡県福岡市城南区田島１-4－8,地下鉄七隈線「別府」徒歩15分,77.02,3LDK,2004年10月,https://suumo.jp//ms/chuko/fukuoka/sc_fukuokashijonan/nc_78158983/,別府,地下鉄七隈線,15,2004-10-01,22,78158983
コスモ博多古門戸,4499,福岡県福岡市博多区古門戸町10-5,地下鉄空港線「中洲川端」徒歩8分,54.49,1LDK+S（納戸）,2003年1月,https://suumo.jp//ms/chuko/fukuoka/sc_fukuokashihakata/nc_78954414/,中洲川端,地下鉄空港線,8,2003-01-01,23,78954414
コスモ博多古門戸 302号,4499,福岡県福岡市博多区古門戸町10-5,地下鉄箱崎線「中洲川端」徒歩9分,54.49,1LDK+S（納戸）,2003年1月,https://suumo.jp//ms/chuko/fukuoka/sc_fukuokashihakata/nc_20497049/,中洲川端,地下鉄箱崎線,9,2003-01-01,23,20497049
エンクレストベイサイド通り,4499,福岡県福岡市博多区築港本町,地下鉄箱崎線「中洲川端」徒歩14分,54.02,1LDK,2016年5月,https://suumo.jp//ms/chuko/fukuoka/sc_fukuokashihakata/nc_79118520/,中洲川端,地下鉄箱崎線,14,2016-05-01,10,79118520
コスモ博多古門戸,4499,福岡県福岡市博多区古門戸町,地下鉄空港線「中洲川端」徒歩9分,54.49,1LDK+S（納戸）,2003年1月,https://suumo.jp//ms/chuko/fukuoka/sc_fukuokashihakata/nc_78525272/,中洲川端,地下鉄空港線,9,2003-01-01,23,78525272
コスモ博多古門戸,4499,福岡県福岡市博多区古門戸町,地下鉄箱崎線「中洲川端」徒歩9分,54.49,1LDK+S（納戸）,2003年1月,https://suumo.jp//ms/chuko/fukuoka/sc_fukuokashihakata/nc_78439167/,中洲川端,地下鉄箱崎線,9,2003-01-01,23,78439167
コスモ博多古門戸,4499,福岡県福岡市博多区古門戸町10-5,地下鉄空港線「中洲川端」徒歩9分,54.49,1LDK+S（納戸）,2003年1月,https://suumo.jp//ms/chuko/fukuoka/sc_fukuokashihakata/nc_79063957/,中洲川端,地下鉄空港線,9,2003-01-01,23,79063957
ロイヤルマンション西新,4599,福岡県福岡市早良区祖原,地下鉄空港線「西新」徒歩10分,84.48,3LDK,1987年11月,https://suumo.jp//ms/chuko/fukuoka/sc_fukuokashisawara/nc_20617864/,西新,地下鉄空港線,10,1987-11-01,39,20617864
ロイヤルマンション西新,4599,福岡県福岡市早良区祖原,地下鉄空港線「西新」徒歩10分,84.48,4LDK,1987年11月,https://suumo.jp//ms/chuko/fukuoka/sc_fukuokashisawara/nc_20509829/,西新,地下鉄空港線,10,1987-11-01,39,20509829
ロイヤルマンション西新,4599,福岡県福岡市早良区祖原,地下鉄空港線「西新」徒歩8分,84.48,4LDK,1987年11月,https://suumo.jp//ms/chuko/fukuoka/sc_fukuokashisawara/nc_20588692/,西新,地下鉄空港線,8,1987-11-01,39,20588692
ロイヤルマンション西新,4599,福岡県福岡市早良区祖原,地下鉄空港線「西新」徒歩12分,84.48,4LDK,1987年11月,https://suumo.jp//ms/chuko/fukuoka/sc_fukuokashisawara/nc_20516591/,西新,地下鉄空港線,12,1987-11-01,39,20516591
アルファライフ博多,4699,福岡県福岡市博多区住吉５,ＪＲ鹿児島本線「博多」徒歩14分,53.04,1LDK,2011年3月,https://suumo.jp//ms/chuko/fukuoka/sc_fukuokashihakata/nc_20477044/,博多,ＪＲ鹿児島本線,14,2011-03-01,15,20477044
エンクレストベイサイド通り,4699,福岡県福岡市博多区築港本町,地下鉄空港線「中洲川端」徒歩14分,54.65,1LDK+S（納戸）,2016年5月,https://suumo.jp//ms/chuko/fukuoka/sc_fukuokashihakata/nc_79044901/,中洲川端,地下鉄空港線,14,2016-05-01,10,79044901
エンクレストベイサイド通り,4699,福岡県福岡市博多区築港本町7-14,地下鉄空港線「中洲川端」徒歩14分,54.02,1LDK,2016年5月,https://suumo.jp//ms/chuko/fukuoka/sc_fukuokashihakata/nc_78799147/,中洲川端,地下鉄空港線,14,2016-05-01,10,78799147
エンクレストベイサイド通り,4699,福岡県福岡市博多区築港本町,地下鉄空港線「中洲川端」徒歩14分,54.65,1LDK+S（納戸）,2016年5月,https://suumo.jp//ms/chuko/fukuoka/sc_fukuokashihakata/nc_20542835/,中洲川端,地下鉄空港線,14,2016-05-01,10,20542835
ロイヤルアーク藤崎南,4798,福岡県福岡市早良区原１,地下鉄空港線「藤崎」徒歩13分,84.98,3LDK,2001年2月,https://suumo.jp//ms/chuko/fukuoka/sc_fukuokashisawara/nc_79060702/,藤崎,地下鉄空港線,13,2001-02-01,25,79060702
アドニス西公園,4980,福岡県福岡市中央区西公園,地下鉄空港線「大濠公園」徒歩9分,85.35,4LDK,1993年4月,https://suumo.jp//ms/chuko/fukuoka/sc_fukuokashichuo/nc_20631328/,大濠公園,地下鉄空港線,9,1993-04-01,33,20631328
アダージュ薬院弐番館,4980,福岡県福岡市中央区薬院２,地下鉄七隈線「薬院大通」徒歩3分,65.11,2LDK,2003年3月,https://suumo.jp//ms/chuko/fukuoka/sc_fukuokashichuo/nc_20272288/,薬院大通,地下鉄七隈線,3,2003-03-01,23,20272288
ライオンズプラザ平尾,4980,福岡県福岡市中央区平尾１,地下鉄七隈線「薬院」徒歩10分,70.02,3LDK,1996年3月,https://suumo.jp//ms/chuko/fukuoka/sc_fukuokashichuo/nc_20554803/,薬院,地下鉄七隈線,10,1996-03-01,30,20554803
東急ドエル・アルス博多ステーションサイド,4980,福岡県福岡市博多区比恵町,地下鉄空港線「東比恵」徒歩9分,78.63,3LDK,2000年2月,https://suumo.jp//ms/chuko/fukuoka/sc_fukuokashihakata/nc_20303490/,東比恵,地下鉄空港線,9,2000-02-01,26,20303490
アンピール別府Ⅱ,4990,福岡県福岡市城南区別府３-2-13,地下鉄七隈線「別府」徒歩2分,71.25,3LDK,1993年8月,https://suumo.jp//ms/chuko/fukuoka/sc_fukuokashijonan/nc_20614851/,別府,地下鉄七隈線,2,1993-08-01,33,20614851
パーク・エステート博多,5178,福岡県福岡市博多区店屋町,地下鉄空港線「祇園」徒歩7分,60.81,2LDK,1997年3月,https://suumo.jp//ms/chuko/fukuoka/sc_fukuokashihakata/nc_20612025/,祇園,地下鉄空港線,7,1997-03-01,29,20612025
パーク・エステート博多503号室,5178,福岡県福岡市博多区店屋町,地下鉄空港線「祇園」徒歩6分,60.81,2LDK,1997年2月,https://suumo.jp//ms/chuko/fukuoka/sc_fukuokashihakata/nc_20387762/,祇園,地下鉄空港線,6,1997-02-01,29,20387762
コスモ大手門,5180,福岡県福岡市中央区大手門２,地下鉄空港線「大濠公園」徒歩8分,61.2,2LDK,2002年2月,https://suumo.jp//ms/chuko/fukuoka/sc_fukuokashichuo/nc_20434466/,大濠公園,地下鉄空港線,8,2002-02-01,24,20434466
コスモ大手門,5180,福岡県福岡市中央区大手門２-4-23,地下鉄空港線「大濠公園」徒歩7分,61.2,2LDK,2002年2月,https://suumo.jp//ms/chuko/fukuoka/sc_fukuokashichuo/nc_20459842/,大濠公園,地下鉄空港線,7,2002-02-01,24,20459842
パークエステート博多,5230,福岡県福岡市博多区店屋町,地下鉄箱崎線「中洲川端」徒歩6分,60.81,3LDK,1997年3月,https://suumo.jp//ms/chuko/fukuoka/sc_fukuokashihakata/nc_20595821/,中洲川端,地下鉄箱崎線,6,1997-03-01,29,20595821
ソピア大濠西,5280,福岡県福岡市中央区鳥飼３-16-9,地下鉄空港線「西新」徒歩10分,69.57,3LDK,1999年3月,https://suumo.jp//ms/chuko/fukuoka/sc_fukuokashichuo/nc_20314213/,西新,地下鉄空港線,10,1999-03-01,27,20314213
ソピア大濠西,5290,福岡県福岡市中央区鳥飼３-16-9,地下鉄空港線「西新」徒歩9分,69.57,3LDK,1999年3月,https://suumo.jp//ms/chuko/fukuoka/sc_fukuokashichuo/nc_20593675/,西新,地下鉄空港線,9,1999-03-01,27,20593675
ソレイユ赤坂南,5298,福岡県福岡市中央区六本松３-5-35,地下鉄七隈線「桜坂」徒歩6分,75.03,3LDK,1989年10月,https://suumo.jp//ms/chuko/fukuoka/sc_fukuokashichuo/nc_20640080/,桜坂,地下鉄七隈線,6,1989-10-01,37,20640080
アクロス天神センタープラザ,5380,福岡県福岡市中央区渡辺通３,地下鉄七隈線「渡辺通」徒歩7分,60.61,1LDK,2005年7月,https://suumo.jp//ms/chuko/fukuoka/sc_fukuokashichuo/nc_20306558/,渡辺通,地下鉄七隈線,7,2005-07-01,21,20306558
エフグラン室見,5380,福岡県福岡市早良区室見２,地下鉄空港線「藤崎」徒歩6分,59.49,2LDK,2019年10月,https://suumo.jp//ms/chuko/fukuoka/sc_fukuokashisawara/nc_20000398/,藤崎,地下鉄空港線,6,2019-10-01,7,20000398
MJR博多ザ・レジデンス,5400,福岡県福岡市博多区美野島１,地下鉄空港線「博多」徒歩13分,52.78,1LDK,2025年1月,https://suumo.jp//ms/chuko/fukuoka/sc_fukuokashihakata/nc_20523797/,博多,地下鉄空港線,13,2025-01-01,1,20523797
ダイアパレス・グランデージ博多駅前1004号,5480,福岡県福岡市博多区博多駅前４,ＪＲ鹿児島本線「博多」徒歩9分,71.76,3LDK,1998年7月,https://suumo.jp//ms/chuko/fukuoka/sc_fukuokashihakata/nc_20091063/,博多,ＪＲ鹿児島本線,9,1998-07-01,28,20091063
サントーア薬院,5480,福岡県福岡市中央区薬院２,地下鉄七隈線「薬院大通」徒歩5分,73.35,2LDK,1995年8月,https://suumo.jp//ms/chuko/fukuoka/sc_fukuokashichuo/nc_20383590/,薬院大通,地下鉄七隈線,5,1995-08-01,31,20383590
ダイアパレス・グランデージ博多駅前　中古マンション,5480,福岡県福岡市博多区博多駅前４,ＪＲ鹿児島本線「博多」徒歩14分,71.76,3LDK,1998年7月,https://suumo.jp//ms/chuko/fukuoka/sc_fukuokashihakata/nc_20454959/,博多,ＪＲ鹿児島本線,14,1998-07-01,28,20454959
アーティックス大濠,5598,福岡県福岡市中央区鳥飼１,地下鉄七隈線「六本松」徒歩11分,71.43,2LDK,2004年2月,https://suumo.jp//ms/chuko/fukuoka/sc_fukuokashichuo/nc_20230046/,六本松,地下鉄七隈線,11,2004-02-01,22,20230046
コモダス天神,5699,福岡県福岡市中央区今泉２,地下鉄七隈線「薬院大通」徒歩8分,66.78,3LDK,1997年5月,https://suumo.jp//ms/chuko/fukuoka/sc_fukuokashichuo/nc_20204209/,薬院大通,地下鉄七隈線,8,1997-05-01,29,20204209
ダイアパレスセントラルコート薬院,5890,福岡県福岡市中央区薬院３,西鉄天神大牟田線「薬院」徒歩6分,76.04,4LDK,1997年11月,https://suumo.jp//ms/chuko/fukuoka/sc_fukuokashichuo/nc_78834754/,薬院,西鉄天神大牟田線,6,1997-11-01,29,78834754
シーサイドももちヴェルデコート５番館,5980,福岡県福岡市早良区百道浜３-3-5,地下鉄空港線「藤崎」徒歩10分,93.67,3LDK,1991年2月,https://suumo.jp//ms/chuko/fukuoka/sc_fukuokashisawara/nc_79015514/,藤崎,地下鉄空港線,10,1991-02-01,35,79015514
クリオ渡辺通サザンマークス,5980,福岡県福岡市中央区清川３,地下鉄七隈線「渡辺通」徒歩15分,67.0,3LDK,2024年2月,https://suumo.jp//ms/chuko/fukuoka/sc_fukuokashichuo/nc_76132933/,渡辺通,地下鉄七隈線,15,2024-02-01,2,76132933
シーサイドももちヴェルデコート5番館,5980,福岡県福岡市早良区百道浜３-3-5,地下鉄空港線「藤崎」徒歩10分,93.67,3LDK,1991年2月,https://suumo.jp//ms/chuko/fukuoka/sc_fukuokashisawara/nc_78950243/,藤崎,地下鉄空港線,10,1991-02-01,35,78950243
アーバンパレス大濠,5980,福岡県福岡市中央区荒戸２-2－42,地下鉄空港線「大濠公園」徒歩6分,82.16,3LDK,1992年6月,https://suumo.jp//ms/chuko/fukuoka/sc_fukuokashichuo/nc_20118961/,大濠公園,地下鉄空港線,6,1992-06-01,34,20118961
クリオ渡辺通サザンマークス,5980,福岡県福岡市中央区清川３,地下鉄七隈線「渡辺通」徒歩15分,67.0,3LDK,2024年2月,https://suumo.jp//ms/chuko/fukuoka/sc_fukuokashichuo/nc_78200191/,渡辺通,地下鉄七隈線,15,2024-02-01,2,78200191
ウェルリバービュー天神,6280,福岡県福岡市博多区中洲中島町3-15,地下鉄空港線「中洲川端」徒歩6分,80.29,3LDK,2006年3月,https://suumo.jp//ms/chuko/fukuoka/sc_fukuokashihakata/nc_79025451/,中洲川端,地下鉄空港線,6,2006-03-01,20,79025451
ブライトンヒルズ藤崎,6380,福岡県福岡市早良区藤崎１,地下鉄空港線「藤崎」徒歩5分,79.23,3LDK,2003年7月,https://suumo.jp//ms/chuko/fukuoka/sc_fukuokashisawara/nc_78716200/,藤崎,地下鉄空港線,5,2003-07-01,23,78716200
アーバンパレスアクス大濠,6480,福岡県福岡市中央区荒戸３,地下鉄空港線「唐人町」徒歩8分,72.48,3LDK,1995年10月,https://suumo.jp//ms/chuko/fukuoka/sc_fukuokashichuo/nc_20530817/,唐人町,地下鉄空港線,8,1995-10-01,31,20530817
ロイヤルマンション大濠Ⅱ,6480,福岡県福岡市中央区唐人町２,地下鉄空港線「唐人町」徒歩6分,79.35,3LDK,1988年11月,https://suumo.jp//ms/chuko/fukuoka/sc_fukuokashichuo/nc_20425336/,唐人町,地下鉄空港線,6,1988-11-01,38,20425336
ジョイナス地行浜東　リフォーム渡し,6490,福岡県福岡市中央区伊崎17-11,地下鉄空港線「唐人町」徒歩12分,85.47,4LDK,2006年3月,https://suumo.jp//ms/chuko/fukuoka/sc_fukuokashichuo/nc_20588156/,唐人町,地下鉄空港線,12,2006-03-01,20,20588156
ザ・パークハウス藤崎紅葉山,6880,福岡県福岡市早良区昭代３,地下鉄空港線「藤崎」徒歩10分,70.44,3LDK,2021年12月,https://suumo.jp//ms/chuko/fukuoka/sc_fukuokashisawara/nc_20289797/,藤崎,地下鉄空港線,10,2021-12-01,5,20289797
ダイアパレスグランデージ大名,7300,福岡県福岡市中央区大名１,地下鉄空港線「赤坂」徒歩6分,80.47,2LDK,1998年3月,https://suumo.jp//ms/chuko/fukuoka/sc_fukuokashichuo/nc_20465822/,赤坂,地下鉄空港線,6,1998-03-01,28,20465822
ライオンズ鳥飼イーストフォート,7580,福岡県福岡市城南区鳥飼６,地下鉄七隈線「別府」徒歩10分,100.01,4LDK,2010年1月,https://suumo.jp//ms/chuko/fukuoka/sc_fukuokashijonan/nc_20364460/,別府,地下鉄七隈線,10,2010-01-01,16,20364460
アクロス天神センタープラザ,7770,福岡県福岡市中央区渡辺通３,地下鉄七隈線「渡辺通」徒歩5分,82.26,4LDK,2005年7月,https://suumo.jp//ms/chuko/fukuoka/sc_fukuokashichuo/nc_20163090/,渡辺通,地下鉄七隈線,5,2005-07-01,21,20163090
エステートマンション大濠・相羽ビル,7800,福岡県福岡市中央区大濠１,地下鉄七隈線「六本松」徒歩9分,102.26,3LDK,1986年7月,https://suumo.jp//ms/chuko/fukuoka/sc_fukuokashichuo/nc_78648931/,六本松,地下鉄七隈線,9,1986-07-01,40,78648931
サングレート平尾山荘,8000,福岡県福岡市中央区平尾５,地下鉄七隈線「薬院大通」徒歩15分,83.36,2LDK,2018年8月,https://suumo.jp//ms/chuko/fukuoka/sc_fukuokashichuo/nc_76993707/,薬院大通,地下鉄七隈線,15,2018-08-01,8,76993707
グランドステイツ大濠公園南,8280,福岡県福岡市中央区六本松３,地下鉄七隈線「六本松」徒歩3分,80.69,3LDK,2004年6月,https://suumo.jp//ms/chuko/fukuoka/sc_fukuokashichuo/nc_77539723/,六本松,地下鉄七隈線,3,2004-06-01,22,77539723
グランドステイツ大濠公園南,8280,福岡県福岡市中央区六本松３,地下鉄七隈線「六本松」徒歩4分,80.69,3LDK,2004年1月,https://suumo.jp//ms/chuko/fukuoka/sc_fukuokashichuo/nc_78837544/,六本松,地下鉄七隈線,4,2004-01-01,22,78837544
グランドステイツ大濠公園南,8280,福岡県福岡市中央区六本松３,地下鉄七隈線「六本松」徒歩4分,80.69,3LDK,2004年6月,https://suumo.jp//ms/chuko/fukuoka/sc_fukuokashichuo/nc_20477045/,六本松,地下鉄七隈線,4,2004-06-01,22,20477045
パークコート赤坂ヒルトップレジデンス,9880,福岡県福岡市中央区赤坂３,地下鉄七隈線「桜坂」徒歩9分,88.76,3LDK,2010年2月,https://suumo.jp//ms/chuko/fukuoka/sc_fukuokashichuo/nc_78598929/,桜坂,地下鉄七隈線,9,2010-02-01,16,78598929
アクタス大手門パークシティ,9980,福岡県福岡市中央区大手門１,地下鉄空港線「赤坂」徒歩6分,93.92,3LDK,2005年2月,https://suumo.jp//ms/chuko/fukuoka/sc_fukuokashichuo/nc_77427348/,赤坂,地下鉄空港線,6,2005-02-01,21,77427348
グランドメゾン浄水ガーデンシティ　サウスフォレスト,10800,福岡県福岡市中央区薬院４,地下鉄七隈線「薬院大通」徒歩7分,77.73,3LDK,2015年3月,https://suumo.jp//ms/chuko/fukuoka/sc_fukuokashichuo/nc_20389846/,薬院大通,地下鉄七隈線,7,2015-03-01,11,20389846
グランドメゾン大濠南,10990,福岡県福岡市中央区草香江２,地下鉄七隈線「六本松」徒歩4分,98.79,3LDK+S（納戸）,2001年11月,https://suumo.jp//ms/chuko/fukuoka/sc_fukuokashichuo/nc_20504208/,六本松,地下鉄七隈線,4,2001-11-01,25,20504208
ブライトパークサンリヤン地行Ⅲ番館,12000,福岡県福岡市中央区地行３,地下鉄空港線「西新」徒歩8分,88.39,4LDK,2012年10月,https://suumo.jp//ms/chuko/fukuoka/sc_fukuokashichuo/nc_79150933/,西新,地下鉄空港線,8,2012-10-01,14,79150933
MJR赤坂タワー,12500,福岡県福岡市中央区赤坂１,地下鉄空港線「赤坂」徒歩1分,64.8,2LDK,2017年10月,https://suumo.jp//ms/chuko/fukuoka/sc_fukuokashichuo/nc_79200862/,赤坂,地下鉄空港線,1,2017-10-01,9,79200862
ネクサス薬院,13300,福岡県福岡市中央区薬院１,地下鉄七隈線「薬院大通」徒歩3分,94.52,3LDK,2015年6月,https://suumo.jp//ms/chuko/fukuoka/sc_fukuokashichuo/nc_20528181/,薬院大通,地下鉄七隈線,3,2015-06-01,11,20528181
グランアルト天神タワー,14500,福岡県福岡市中央区今泉１-5-19,地下鉄七隈線「天神南」徒歩9分,102.07,2LDK,2004年9月,https://suumo.jp//ms/chuko/fukuoka/sc_fukuokashichuo/nc_77722478/,天神南,地下鉄七隈線,9,2004-09-01,22,77722478
ＭＪＲ赤坂タワー,15800,福岡県福岡市中央区赤坂１,地下鉄空港線「赤坂」徒歩1分,69.03,2LDK,2017年10月,https://suumo.jp//ms/chuko/fukuoka/sc_fukuokashichuo/nc_20247585/,赤坂,地下鉄空港線,1,2017-10-01,9,20247585
ブリリアタワー西新,16800,福岡県福岡市早良区西新４,地下鉄空港線「西新」徒歩1分,79.93,2LDK,2021年1月,https://suumo.jp//ms/chuko/fukuoka/sc_fukuokashisawara/nc_79220468/,西新,地下鉄空港線,1,2021-01-01,5,79220468
ＣＬＵＢ　ＴＨＥ．薬院ステーションタワー,46000,福岡県福岡市中央区白金１,地下鉄七隈線「薬院」徒歩2分,138.16,2LDK+S（納戸）,2020年4月,https://suumo.jp//ms/chuko/fukuoka/sc_fukuokashichuo/nc_20247587/,薬院,地下鉄七隈線,2,2020-04-01,6,20247587
グレイス大濠公園,298,福岡県福岡市中央区西公園,地下鉄空港線「大濠公園」徒歩9分,17.08,1K,1990年2月,https://suumo.jp//ms/chuko/fukuoka/sc_fukuokashichuo/nc_20277000/,大濠公園,地下鉄空港線,9,1990-02-01,36,20277000
ファミール天神,700,福岡県福岡市中央区天神５,地下鉄空港線「天神」徒歩7分,19.95,ワンルーム,1980年2月,https://suumo.jp//ms/chuko/fukuoka/sc_fukuokashichuo/nc_20584812/,天神,地下鉄空港線,7,1980-02-01,46,20584812
スカイ・クリエート天神南,780,福岡県福岡市中央区春吉２-19-17,地下鉄七隈線「渡辺通」徒歩7分,19.71,ワンルーム,1991年3月,https://suumo.jp//ms/chuko/fukuoka/sc_fukuokashichuo/nc_79200824/,渡辺通,地下鉄七隈線,7,1991-03-01,35,79200824
ロマネスク博多駅前,850,福岡県福岡市博多区博多駅前４,ＪＲ鹿児島本線「博多」徒歩13分,21.6,ワンルーム,1991年3月,https://suumo.jp//ms/chuko/fukuoka/sc_fukuokashihakata/nc_78963711/,博多,ＪＲ鹿児島本線,13,1991-03-01,35,78963711
エトワール博多,870,福岡県福岡市博多区博多駅前１,地下鉄空港線「博多」徒歩5分,27.72,ワンルーム,1977年4月,https://suumo.jp//ms/chuko/fukuoka/sc_fukuokashihakata/nc_20069809/,博多,地下鉄空港線,5,1977-04-01,49,20069809
皐月マンシヨン博多,890,福岡県福岡市博多区博多駅前３,地下鉄空港線「博多」徒歩6分,23.06,ワンルーム,1979年2月,https://suumo.jp//ms/chuko/fukuoka/sc_fukuokashihakata/nc_77530800/,博多,地下鉄空港線,6,1979-02-01,47,77530800
室見リバーコーポ,1100,福岡県福岡市早良区室見２,地下鉄空港線「藤崎」徒歩8分,55.6,2LDK,1974年3月,https://suumo.jp//ms/chuko/fukuoka/sc_fukuokashisawara/nc_20595837/,藤崎,地下鉄空港線,8,1974-03-01,52,20595837
マンション鳥飼,1220,福岡県福岡市中央区鳥飼１-3,地下鉄七隈線「六本松」徒歩14分,65.54,3LDK,1973年12月,https://suumo.jp//ms/chuko/fukuoka/sc_fukuokashichuo/nc_20182580/,六本松,地下鉄七隈線,14,1973-12-01,53,20182580
マンション鳥飼,1240,福岡県福岡市中央区鳥飼１,地下鉄七隈線「別府」徒歩11分,65.54,3LDK,1973年12月,https://suumo.jp//ms/chuko/fukuoka/sc_fukuokashichuo/nc_78997334/,別府,地下鉄七隈線,11,1973-12-01,53,78997334
パソナ―ル博多,1250,福岡県福岡市博多区神屋町,地下鉄空港線「中洲川端」徒歩15分,38.57,1LDK,1973年10月,https://suumo.jp//ms/chuko/fukuoka/sc_fukuokashihakata/nc_20426860/,中洲川端,地下鉄空港線,15,1973-10-01,53,20426860
コーポラス東光,1250,福岡県福岡市博多区東光２,九州新幹線「博多」徒歩10分,45.51,2DK,1974年11月,https://suumo.jp//ms/chuko/fukuoka/sc_fukuokashihakata/nc_20178360/,博多,九州新幹線,10,1974-11-01,52,20178360
ライオンズマンション天神南,1280,福岡県福岡市中央区今泉２,西鉄天神大牟田線「薬院」徒歩8分,21.0,1K,1992年3月,https://suumo.jp//ms/chuko/fukuoka/sc_fukuokashichuo/nc_20618191/,薬院,西鉄天神大牟田線,8,1992-03-01,34,20618191
エステートモア祇園,1330,福岡県福岡市博多区冷泉町,地下鉄七隈線「櫛田神社前」徒歩6分,20.73,1K,1998年1月,https://suumo.jp//ms/chuko/fukuoka/sc_fukuokashihakata/nc_20464597/,櫛田神社前,地下鉄七隈線,6,1998-01-01,28,20464597
日商岩井弥生マンション,1340,福岡県福岡市早良区原１-41 - 1,地下鉄空港線「藤崎」徒歩14分,87.49,4LDK,1979年4月,https://suumo.jp//ms/chuko/fukuoka/sc_fukuokashisawara/nc_78515294/,藤崎,地下鉄空港線,14,1979-04-01,47,78515294
ライオンズマンション天神南,1380,福岡県福岡市中央区今泉２,地下鉄七隈線「薬院大通」徒歩10分,21.0,ワンルーム,1992年3月,https://suumo.jp//ms/chuko/fukuoka/sc_fukuokashichuo/nc_20250868/,薬院大通,地下鉄七隈線,10,1992-03-01,34,20250868
ステイツ天神東,1390,福岡県福岡市博多区奈良屋町,地下鉄空港線「中洲川端」徒歩10分,33.12,2K,1990年3月,https://suumo.jp//ms/chuko/fukuoka/sc_fukuokashihakata/nc_20590561/,中洲川端,地下鉄空港線,10,1990-03-01,36,20590561
ステイツ天神東,1390,福岡県福岡市博多区奈良屋町,地下鉄箱崎線「中洲川端」徒歩9分,33.12,2K,1990年3月,https://suumo.jp//ms/chuko/fukuoka/sc_fukuokashihakata/nc_20604803/,中洲川端,地下鉄箱崎線,9,1990-03-01,36,20604803
サヴォイエンポリウム,1450,福岡県福岡市中央区春吉２,地下鉄七隈線「渡辺通」徒歩7分,24.66,1K,2003年11月,https://suumo.jp//ms/chuko/fukuoka/sc_fukuokashichuo/nc_20252654/,渡辺通,地下鉄七隈線,7,2003-11-01,23,20252654
ライオンズマンション六本松第２,1480,福岡県福岡市中央区六本松３,地下鉄七隈線「桜坂」徒歩6分,44.96,2DK,1988年9月,https://suumo.jp//ms/chuko/fukuoka/sc_fukuokashichuo/nc_20412591/,桜坂,地下鉄七隈線,6,1988-09-01,38,20412591
朝日プラザ赤坂,1480,福岡県福岡市中央区警固２,地下鉄空港線「赤坂」徒歩10分,39.26,2DK,1982年3月,https://suumo.jp//ms/chuko/fukuoka/sc_fukuokashichuo/nc_20286452/,赤坂,地下鉄空港線,10,1982-03-01,44,20286452
チサンマンション天神III,1480,福岡県福岡市中央区大名２,地下鉄空港線「赤坂」徒歩1分,28.2,1DK,1980年1月,https://suumo.jp//ms/chuko/fukuoka/sc_fukuokashichuo/nc_20503677/,赤坂,地下鉄空港線,1,1980-01-01,46,20503677
パソナ―ル博多,1500,福岡県福岡市博多区神屋町,地下鉄空港線「中洲川端」徒歩13分,38.57,1LDK,1973年10月,https://suumo.jp//ms/chuko/fukuoka/sc_fukuokashihakata/nc_79140656/,中洲川端,地下鉄空港線,13,1973-10-01,53,79140656
天神スカイマンション,1500,福岡県福岡市中央区長浜１,地下鉄空港線「天神」徒歩10分,30.26,1LDK,1986年2月,https://suumo.jp//ms/chuko/fukuoka/sc_fukuokashichuo/nc_76733602/,天神,地下鉄空港線,10,1986-02-01,40,76733602
西公園下住宅七号棟2階,1550,福岡県福岡市中央区福浜２-５－７,地下鉄空港線「唐人町」徒歩11分,63.22,3LDK,1971年11月,https://suumo.jp//ms/chuko/fukuoka/sc_fukuokashichuo/nc_79203722/,唐人町,地下鉄空港線,11,1971-11-01,55,79203722
カーサ第弐博多,1580,福岡県福岡市博多区住吉２,地下鉄七隈線「渡辺通」徒歩10分,53.86,2LDK,1981年11月,https://suumo.jp//ms/chuko/fukuoka/sc_fukuokashihakata/nc_20544579/,渡辺通,地下鉄七隈線,10,1981-11-01,45,20544579
第二プリンスビル,1580,福岡県福岡市中央区大名２-９－２９,地下鉄空港線「赤坂」徒歩7分,24.77,ワンルーム,1974年11月,https://suumo.jp//ms/chuko/fukuoka/sc_fukuokashichuo/nc_20629314/,赤坂,地下鉄空港線,7,1974-11-01,52,20629314
マンション鳥飼,1580,福岡県福岡市中央区鳥飼１,地下鉄七隈線「別府」徒歩10分,65.54,2LDK,1973年12月,https://suumo.jp//ms/chuko/fukuoka/sc_fukuokashichuo/nc_79164441/,別府,地下鉄七隈線,10,1973-12-01,53,79164441
マンション鳥飼,1580,福岡県福岡市中央区鳥飼１-3-19,地下鉄七隈線「別府」徒歩12分,65.54,2LDK,1973年12月,https://suumo.jp//ms/chuko/fukuoka/sc_fukuokashichuo/nc_79185013/,別府,地下鉄七隈線,12,1973-12-01,53,79185013
パークハイツ桜坂,1600,福岡県福岡市中央区桜坂３-12-78,地下鉄七隈線「桜坂」徒歩4分,67.2,3LDK,1977年6月,https://suumo.jp//ms/chuko/fukuoka/sc_fukuokashichuo/nc_78118520/,桜坂,地下鉄七隈線,4,1977-06-01,49,78118520
トーカンマンション博多駅前第８,1650,福岡県福岡市博多区博多駅前４,ＪＲ鹿児島本線「博多」徒歩10分,56.03,1LDK+S（納戸）,1979年12月,https://suumo.jp//ms/chuko/fukuoka/sc_fukuokashihakata/nc_78613656/,博多,ＪＲ鹿児島本線,10,1979-12-01,47,78613656
西新ビル,1670,福岡県福岡市早良区高取１,地下鉄空港線「藤崎」徒歩5分,60.8,2LDK,1972年7月,https://suumo.jp//ms/chuko/fukuoka/sc_fukuokashisawara/nc_78138210/,藤崎,地下鉄空港線,5,1972-07-01,54,78138210
コーポラス東光,1680,福岡県福岡市博多区東光２,地下鉄空港線「東比恵」徒歩7分,46.67,1LDK,1974年11月,https://suumo.jp//ms/chuko/fukuoka/sc_fukuokashihakata/nc_20388734/,東比恵,地下鉄空港線,7,1974-11-01,52,20388734
メゾン南博多,1680,福岡県福岡市博多区美野島２,ＪＲ鹿児島本線「博多」徒歩15分,55.12,2LDK,1980年8月,https://suumo.jp//ms/chuko/fukuoka/sc_fukuokashihakata/nc_78723431/,博多,ＪＲ鹿児島本線,15,1980-08-01,46,78723431
シャトレ大濠,1680,福岡県福岡市中央区鳥飼１-4-38,地下鉄空港線「西新」徒歩12分,50.81,1LDK,1981年11月,https://suumo.jp//ms/chuko/fukuoka/sc_fukuokashichuo/nc_78397837/,西新,地下鉄空港線,12,1981-11-01,45,78397837
ハイツ城西,1680,福岡県福岡市早良区城西１,地下鉄空港線「西新」徒歩5分,48.51,1LDK,1974年6月,https://suumo.jp//ms/chuko/fukuoka/sc_fukuokashisawara/nc_20601172/,西新,地下鉄空港線,5,1974-06-01,52,20601172
藤和城西コーポ,1690,福岡県福岡市城南区別府４-13－29,地下鉄七隈線「別府」徒歩9分,52.82,2LDK,1974年7月,https://suumo.jp//ms/chuko/fukuoka/sc_fukuokashijonan/nc_20243653/,別府,地下鉄七隈線,9,1974-07-01,52,20243653
ビレッタ百道,1690,福岡県福岡市早良区百道１,地下鉄空港線「藤崎」徒歩12分,55.39,2LDK,1975年4月,https://suumo.jp//ms/chuko/fukuoka/sc_fukuokashisawara/nc_20298722/,藤崎,地下鉄空港線,12,1975-04-01,51,20298722
ゾンネンハイム大手門,1730,福岡県福岡市中央区大手門２-5-10,地下鉄空港線「大濠公園」徒歩7分,66.7,3LDK,1973年8月,https://suumo.jp//ms/chuko/fukuoka/sc_fukuokashichuo/nc_78616238/,大濠公園,地下鉄空港線,7,1973-08-01,53,78616238
ロマネスク渡辺通第2,1749,福岡県福岡市中央区高砂２,西鉄天神大牟田線「薬院」徒歩13分,33.29,1LDK,1989年3月,https://suumo.jp//ms/chuko/fukuoka/sc_fukuokashichuo/nc_20325130/,薬院,西鉄天神大牟田線,13,1989-03-01,37,20325130
ロマネスク渡辺通第2,1749,福岡県福岡市中央区高砂２-6-15,地下鉄七隈線「渡辺通」徒歩12分,33.29,1LDK,1989年4月,https://suumo.jp//ms/chuko/fukuoka/sc_fukuokashichuo/nc_20532612/,渡辺通,地下鉄七隈線,12,1989-04-01,37,20532612
ロマネスク渡辺通第2,1749,福岡県福岡市中央区高砂２,地下鉄七隈線「渡辺通」徒歩12分,33.29,1LDK,1989年4月,https://suumo.jp//ms/chuko/fukuoka/sc_fukuokashichuo/nc_20541546/,渡辺通,地下鉄七隈線,12,1989-04-01,37,20541546
ロマネスク渡辺通第2,1749,福岡県福岡市中央区高砂２,地下鉄七隈線「渡辺通」徒歩12分,33.29,1LDK,1989年4月,https://suumo.jp//ms/chuko/fukuoka/sc_fukuokashichuo/nc_20392282/,渡辺通,地下鉄七隈線,12,1989-04-01,37,20392282
シャンボール大濠,1780,福岡県福岡市中央区鳥飼３,地下鉄空港線「西新」徒歩9分,74.88,3LDK,1978年8月,https://suumo.jp//ms/chuko/fukuoka/sc_fukuokashichuo/nc_78802367/,西新,地下鉄空港線,9,1978-08-01,48,78802367
第2住吉ハイツ,1780,福岡県福岡市博多区住吉３,地下鉄七隈線「渡辺通」徒歩10分,55.55,1LDK,1979年10月,https://suumo.jp//ms/chuko/fukuoka/sc_fukuokashihakata/nc_20367370/,渡辺通,地下鉄七隈線,10,1979-10-01,47,20367370
サニークレスト荒江,1790,福岡県福岡市城南区荒江１,地下鉄七隈線「別府」徒歩14分,81.47,4LDK,1982年7月,https://suumo.jp//ms/chuko/fukuoka/sc_fukuokashijonan/nc_78393758/,別府,地下鉄七隈線,14,1982-07-01,44,78393758
ロマネスク渡辺通第2,1799,福岡県福岡市中央区高砂２,地下鉄七隈線「渡辺通」徒歩12分,33.29,1LDK,1989年4月,https://suumo.jp//ms/chuko/fukuoka/sc_fukuokashichuo/nc_20402892/,渡辺通,地下鉄七隈線,12,1989-04-01,37,20402892
ロマネスク渡辺通第２,1799,福岡県福岡市中央区高砂２-６－１５,地下鉄七隈線「渡辺通」徒歩12分,33.29,1LDK,1989年4月,https://suumo.jp//ms/chuko/fukuoka/sc_fukuokashichuo/nc_20326885/,渡辺通,地下鉄七隈線,12,1989-04-01,37,20326885
ロマネスク渡辺通第２,1799,福岡県福岡市中央区高砂２,地下鉄七隈線「渡辺通」徒歩12分,33.29,1LDK,1989年4月,https://suumo.jp//ms/chuko/fukuoka/sc_fukuokashichuo/nc_20375808/,渡辺通,地下鉄七隈線,12,1989-04-01,37,20375808
フラワーコーポ六本松,1799,福岡県福岡市中央区草香江２,地下鉄七隈線「六本松」徒歩4分,39.36,1LDK,1979年3月,https://suumo.jp//ms/chuko/fukuoka/sc_fukuokashichuo/nc_20540265/,六本松,地下鉄七隈線,4,1979-03-01,47,20540265
チュリス川端,1800,福岡県福岡市博多区上川端町,地下鉄空港線「中洲川端」徒歩2分,43.67,ワンルーム,1981年9月,https://suumo.jp//ms/chuko/fukuoka/sc_fukuokashihakata/nc_20559325/,中洲川端,地下鉄空港線,2,1981-09-01,45,20559325
ライオンズマンション天神,1820,福岡県福岡市中央区舞鶴１,地下鉄空港線「赤坂」徒歩6分,43.5,1LDK,1979年7月,https://suumo.jp//ms/chuko/fukuoka/sc_fukuokashichuo/nc_79172337/,赤坂,地下鉄空港線,6,1979-07-01,47,79172337
パークハイツ桜坂,1820,福岡県福岡市中央区桜坂３,地下鉄七隈線「桜坂」徒歩3分,67.2,ワンルーム,1977年6月,https://suumo.jp//ms/chuko/fukuoka/sc_fukuokashichuo/nc_20301505/,桜坂,地下鉄七隈線,3,1977-06-01,49,20301505
大濠ハイツ,1830,福岡県福岡市中央区六本松３,地下鉄七隈線「桜坂」徒歩10分,71.28,3LDK,1977年11月,https://suumo.jp//ms/chuko/fukuoka/sc_fukuokashichuo/nc_20530728/,桜坂,地下鉄七隈線,10,1977-11-01,49,20530728
博多ニッコーハイツ,1830,福岡県福岡市博多区博多駅東３,地下鉄空港線「博多」徒歩10分,62.91,3LDK,1979年11月,https://suumo.jp//ms/chuko/fukuoka/sc_fukuokashihakata/nc_79121106/,博多,地下鉄空港線,10,1979-11-01,47,79121106
大濠ハイツ,1830,福岡県福岡市中央区六本松３-16-28,地下鉄七隈線「六本松」徒歩9分,71.28,3LDK,1977年11月,https://suumo.jp//ms/chuko/fukuoka/sc_fukuokashichuo/nc_20154625/,六本松,地下鉄七隈線,9,1977-11-01,49,20154625
西新ビル,1850,福岡県福岡市早良区高取１,地下鉄空港線「西新」徒歩5分,60.8,2LDK,1972年7月,https://suumo.jp//ms/chuko/fukuoka/sc_fukuokashisawara/nc_20255236/,西新,地下鉄空港線,5,1972-07-01,54,20255236
西新ビル,1850,福岡県福岡市早良区高取１,地下鉄空港線「藤崎」徒歩6分,60.8,2LDK,1972年7月,https://suumo.jp//ms/chuko/fukuoka/sc_fukuokashisawara/nc_20596775/,藤崎,地下鉄空港線,6,1972-07-01,54,20596775
チサンマンション祇園,1878,福岡県福岡市博多区祇園町,地下鉄七隈線「櫛田神社前」徒歩5分,40.08,1LDK,1980年10月,https://suumo.jp//ms/chuko/fukuoka/sc_fukuokashihakata/nc_78511958/,櫛田神社前,地下鉄七隈線,5,1980-10-01,46,78511958
チサンマンション祇園,1878,福岡県福岡市博多区祇園町,地下鉄空港線「祇園」徒歩5分,40.08,1LDK,1980年10月,https://suumo.jp//ms/chuko/fukuoka/sc_fukuokashihakata/nc_78990660/,祇園,地下鉄空港線,5,1980-10-01,46,78990660
シャンボール桜坂,1880,福岡県福岡市中央区古小烏町,地下鉄七隈線「桜坂」徒歩6分,47.88,1LDK,1974年5月,https://suumo.jp//ms/chuko/fukuoka/sc_fukuokashichuo/nc_20478981/,桜坂,地下鉄七隈線,6,1974-05-01,52,20478981
ライオンズマンション浄水,1880,福岡県福岡市中央区御所ヶ谷,地下鉄七隈線「薬院大通」徒歩6分,71.67,3DK,1977年12月,https://suumo.jp//ms/chuko/fukuoka/sc_fukuokashichuo/nc_75963392/,薬院大通,地下鉄七隈線,6,1977-12-01,49,75963392
シャンボール桜坂,1880,福岡県福岡市中央区古小烏町,地下鉄七隈線「桜坂」徒歩6分,47.88,1LDK,1974年5月,https://suumo.jp//ms/chuko/fukuoka/sc_fukuokashichuo/nc_79079730/,桜坂,地下鉄七隈線,6,1974-05-01,52,79079730
ロワールマンション西公園2,1890,福岡県福岡市中央区港３,地下鉄空港線「大濠公園」徒歩15分,55.04,2LDK,1984年1月,https://suumo.jp//ms/chuko/fukuoka/sc_fukuokashichuo/nc_79102560/,大濠公園,地下鉄空港線,15,1984-01-01,42,79102560
シティマンション薬院,1900,福岡県福岡市中央区薬院１,地下鉄七隈線「薬院大通」徒歩3分,43.82,2DK,1984年5月,https://suumo.jp//ms/chuko/fukuoka/sc_fukuokashichuo/nc_20407977/,薬院大通,地下鉄七隈線,3,1984-05-01,42,20407977
トーカンマンション呉服町,1980,福岡県福岡市博多区下呉服町,地下鉄空港線「中洲川端」徒歩14分,59.85,1LDK+S（納戸）,1981年11月,https://suumo.jp//ms/chuko/fukuoka/sc_fukuokashihakata/nc_20126920/,中洲川端,地下鉄空港線,14,1981-11-01,45,20126920
ライオンズマンションマキシム浄水通り,1980,福岡県福岡市中央区薬院４-18-15,地下鉄七隈線「薬院大通」徒歩3分,36.55,ワンルーム,1981年3月,https://suumo.jp//ms/chuko/fukuoka/sc_fukuokashichuo/nc_78092052/,薬院大通,地下鉄七隈線,3,1981-03-01,45,78092052
藤和西新コープ,1980,福岡県福岡市早良区城西２-11-25,地下鉄空港線「西新」徒歩8分,84.82,3LDK,1977年12月,https://suumo.jp//ms/chuko/fukuoka/sc_fukuokashisawara/nc_78739625/,西新,地下鉄空港線,8,1977-12-01,49,78739625
大蔵マンション東博多,1990,福岡県福岡市博多区東比恵３,地下鉄空港線「東比恵」徒歩8分,66.74,3LDK,1980年2月,https://suumo.jp//ms/chuko/fukuoka/sc_fukuokashihakata/nc_20160182/,東比恵,地下鉄空港線,8,1980-02-01,46,20160182
藤和城西コープ,1998,福岡県福岡市城南区別府４,地下鉄七隈線「別府」徒歩8分,52.82,2LDK,1974年7月,https://suumo.jp//ms/chuko/fukuoka/sc_fukuokashijonan/nc_78715529/,別府,地下鉄七隈線,8,1974-07-01,52,78715529
藤和城西コープ,1998,福岡県福岡市城南区別府４-13-29,地下鉄七隈線「別府」徒歩9分,52.82,2LDK,1974年7月,https://suumo.jp//ms/chuko/fukuoka/sc_fukuokashijonan/nc_20429317/,別府,地下鉄七隈線,9,1974-07-01,52,20429317
藤和城西コープ,1998,福岡県福岡市城南区別府４,地下鉄七隈線「別府」徒歩8分,52.82,2LDK,1974年7月,https://suumo.jp//ms/chuko/fukuoka/sc_fukuokashijonan/nc_77854406/,別府,地下鉄七隈線,8,1974-07-01,52,77854406
藤和城西コープ,1998,福岡県福岡市城南区別府４,地下鉄七隈線「別府」徒歩8分,52.82,2LDK,1974年7月,https://suumo.jp//ms/chuko/fukuoka/sc_fukuokashijonan/nc_20044338/,別府,地下鉄七隈線,8,1974-07-01,52,20044338
マンションアベニュー,1999,福岡県福岡市早良区西新５,地下鉄空港線「西新」徒歩4分,44.57,1LDK,1974年8月,https://suumo.jp//ms/chuko/fukuoka/sc_fukuokashisawara/nc_20378847/,西新,地下鉄空港線,4,1974-08-01,52,20378847
ハイラーク博多駅前,2000,福岡県福岡市博多区博多駅前２,地下鉄空港線「祇園」徒歩4分,38.52,ワンルーム,1981年7月,https://suumo.jp//ms/chuko/fukuoka/sc_fukuokashihakata/nc_20307928/,祇園,地下鉄空港線,4,1981-07-01,45,20307928
ウイング藤崎,2000,福岡県福岡市早良区弥生２,地下鉄空港線「藤崎」徒歩14分,47.33,2LDK,1984年12月,https://suumo.jp//ms/chuko/fukuoka/sc_fukuokashisawara/nc_78787170/,藤崎,地下鉄空港線,14,1984-12-01,42,78787170
103大稲マンション,2080,福岡県福岡市中央区薬院２-4-5,地下鉄七隈線「薬院大通」徒歩1分,55.62,2LDK,1975年4月,https://suumo.jp//ms/chuko/fukuoka/sc_fukuokashichuo/nc_20045528/,薬院大通,地下鉄七隈線,1,1975-04-01,51,20045528
103大稲マンション,2080,福岡県福岡市中央区薬院２-4-5,地下鉄七隈線「薬院大通」徒歩1分,55.68,2LDK,1975年4月,https://suumo.jp//ms/chuko/fukuoka/sc_fukuokashichuo/nc_20052456/,薬院大通,地下鉄七隈線,1,1975-04-01,51,20052456
シャンボール警固,2098,福岡県福岡市中央区警固２,地下鉄七隈線「薬院大通」徒歩10分,34.56,1DK,1982年5月,https://suumo.jp//ms/chuko/fukuoka/sc_fukuokashichuo/nc_20598880/,薬院大通,地下鉄七隈線,10,1982-05-01,44,20598880
ダイナコート赤坂南,2100,福岡県福岡市中央区桜坂２,地下鉄七隈線「桜坂」徒歩5分,63.3,3LDK,1988年7月,https://suumo.jp//ms/chuko/fukuoka/sc_fukuokashichuo/nc_78138910/,桜坂,地下鉄七隈線,5,1988-07-01,38,78138910
ＧＳハイム博多,2140,福岡県福岡市博多区博多駅東２,ＪＲ鹿児島本線「博多」徒歩10分,66.15,3LDK,1980年10月,https://suumo.jp//ms/chuko/fukuoka/sc_fukuokashihakata/nc_78948574/,博多,ＪＲ鹿児島本線,10,1980-10-01,46,78948574
マンションアベニュー,2180,福岡県福岡市早良区西新５,地下鉄空港線「西新」徒歩3分,53.91,2LDK,1974年8月,https://suumo.jp//ms/chuko/fukuoka/sc_fukuokashisawara/nc_20586973/,西新,地下鉄空港線,3,1974-08-01,52,20586973
スワローハイツ山荘通,2180,福岡県福岡市中央区平尾４,地下鉄七隈線「薬院大通」徒歩14分,79.27,3LDK,1986年3月,https://suumo.jp//ms/chuko/fukuoka/sc_fukuokashichuo/nc_71893185/,薬院大通,地下鉄七隈線,14,1986-03-01,40,71893185
ハイツ21,2180,福岡県福岡市早良区城西１,地下鉄空港線「西新」徒歩6分,61.83,2LDK,1977年3月,https://suumo.jp//ms/chuko/fukuoka/sc_fukuokashisawara/nc_78708894/,西新,地下鉄空港線,6,1977-03-01,49,78708894
カーサ大濠,2199,福岡県福岡市中央区六本松３,地下鉄七隈線「六本松」徒歩7分,51.66,1LDK,1974年4月,https://suumo.jp//ms/chuko/fukuoka/sc_fukuokashichuo/nc_20593788/,六本松,地下鉄七隈線,7,1974-04-01,52,20593788
カーサ大濠,2199,福岡県福岡市中央区六本松３,地下鉄七隈線「六本松」徒歩7分,51.66,1LDK,1974年4月,https://suumo.jp//ms/chuko/fukuoka/sc_fukuokashichuo/nc_20567946/,六本松,地下鉄七隈線,7,1974-04-01,52,20567946
カーサ大濠,2199,福岡県福岡市中央区六本松３,地下鉄七隈線「六本松」徒歩7分,51.66,1LDK,1974年6月,https://suumo.jp//ms/chuko/fukuoka/sc_fukuokashichuo/nc_78928794/,六本松,地下鉄七隈線,7,1974-06-01,52,78928794
東峰マンション空港通り,2200,福岡県福岡市博多区豊１,地下鉄空港線「東比恵」徒歩12分,55.56,2LDK,1998年10月,https://suumo.jp//ms/chuko/fukuoka/sc_fukuokashihakata/nc_20354639/,東比恵,地下鉄空港線,12,1998-10-01,28,20354639
エメラルドマンション比恵,2250,福岡県福岡市博多区東比恵３-20番5,地下鉄空港線「東比恵」徒歩3分,51.16,2LDK,1982年3月,https://suumo.jp//ms/chuko/fukuoka/sc_fukuokashihakata/nc_20442837/,東比恵,地下鉄空港線,3,1982-03-01,44,20442837
モントーレラコルタユニバ通り,2280,福岡県糟屋郡志免町別府西３,地下鉄空港線「福岡空港」徒歩11分,66.03,2LDK,2013年6月,https://suumo.jp//ms/chuko/fukuoka/sc_kasuyagunshime/nc_78473165/,福岡空港,地下鉄空港線,11,2013-06-01,13,78473165
輝国住宅1号棟,2280,福岡県福岡市中央区輝国２,地下鉄七隈線「六本松」徒歩14分,64.42,3LDK,1974年3月,https://suumo.jp//ms/chuko/fukuoka/sc_fukuokashichuo/nc_20245678/,六本松,地下鉄七隈線,14,1974-03-01,52,20245678
藤和コープ・サンウェルス,2280,福岡県福岡市中央区警固２,地下鉄空港線「赤坂」徒歩8分,66.0,1LDK,1980年5月,https://suumo.jp//ms/chuko/fukuoka/sc_fukuokashichuo/nc_20161225/,赤坂,地下鉄空港線,8,1980-05-01,46,20161225
ファミール輝国,2280,福岡県福岡市中央区輝国２,地下鉄七隈線「六本松」徒歩14分,81.6,3LDK+S（納戸）,1984年3月,https://suumo.jp//ms/chuko/fukuoka/sc_fukuokashichuo/nc_77400525/,六本松,地下鉄七隈線,14,1984-03-01,42,77400525
チサンマンション第三博多,2290,福岡県福岡市中央区薬院２,地下鉄七隈線「薬院大通」徒歩3分,64.8,ワンルーム,1974年3月,https://suumo.jp//ms/chuko/fukuoka/sc_fukuokashichuo/nc_20445271/,薬院大通,地下鉄七隈線,3,1974-03-01,52,20445271
ロワールマンション西公園ビュー,2298,福岡県福岡市中央区港３,地下鉄空港線「大濠公園」徒歩14分,53.27,2LDK,1990年10月,https://suumo.jp//ms/chuko/fukuoka/sc_fukuokashichuo/nc_20361225/,大濠公園,地下鉄空港線,14,1990-10-01,36,20361225
ライオンズマンション昭代,2298,福岡県福岡市早良区昭代１,地下鉄空港線「西新」徒歩15分,54.91,2LDK,1981年3月,https://suumo.jp//ms/chuko/fukuoka/sc_fukuokashisawara/nc_20536120/,西新,地下鉄空港線,15,1981-03-01,45,20536120
ホワイティ薬院,2320,福岡県福岡市中央区薬院１,西鉄天神大牟田線「薬院」徒歩3分,38.81,1LDK,1975年5月,https://suumo.jp//ms/chuko/fukuoka/sc_fukuokashichuo/nc_78062008/,薬院,西鉄天神大牟田線,3,1975-05-01,51,78062008
ホワイティ薬院,2320,福岡県福岡市中央区薬院１,西鉄天神大牟田線「薬院」徒歩3分,38.81,1LDK,1975年5月,https://suumo.jp//ms/chuko/fukuoka/sc_fukuokashichuo/nc_20525339/,薬院,西鉄天神大牟田線,3,1975-05-01,51,20525339
ホワイティ薬院,2320,福岡県福岡市中央区薬院１-6-5,地下鉄七隈線「薬院」徒歩3分,38.81,1LDK,1975年5月,https://suumo.jp//ms/chuko/fukuoka/sc_fukuokashichuo/nc_20308734/,薬院,地下鉄七隈線,3,1975-05-01,51,20308734
ビレッタ百道,2380,福岡県福岡市早良区百道１,地下鉄空港線「藤崎」徒歩10分,60.5,2LDK,1975年4月,https://suumo.jp//ms/chuko/fukuoka/sc_fukuokashisawara/nc_78953310/,藤崎,地下鉄空港線,10,1975-04-01,51,78953310
ビレッタ百道,2380,福岡県福岡市早良区百道１,地下鉄空港線「藤崎」徒歩11分,60.5,2LDK,1975年4月,https://suumo.jp//ms/chuko/fukuoka/sc_fukuokashisawara/nc_20038632/,藤崎,地下鉄空港線,11,1975-04-01,51,20038632
ダイアパレス薬院,2380,福岡県福岡市中央区薬院２-2-26,地下鉄七隈線「薬院大通」徒歩4分,36.37,1LDK,1984年5月,https://suumo.jp//ms/chuko/fukuoka/sc_fukuokashichuo/nc_20582551/,薬院大通,地下鉄七隈線,4,1984-05-01,42,20582551
ビレッタ百道,2380,福岡県福岡市早良区百道１,地下鉄空港線「藤崎」徒歩13分,60.5,2LDK,1975年4月,https://suumo.jp//ms/chuko/fukuoka/sc_fukuokashisawara/nc_20279672/,藤崎,地下鉄空港線,13,1975-04-01,51,20279672
ビレッタ百道,2380,福岡県福岡市早良区百道１-３３－２２,地下鉄空港線「藤崎」徒歩11分,60.5,2LDK,1975年4月,https://suumo.jp//ms/chuko/fukuoka/sc_fukuokashisawara/nc_20160191/,藤崎,地下鉄空港線,11,1975-04-01,51,20160191
日商岩井新福陵マンション,2380,福岡県福岡市早良区荒江３,地下鉄空港線「藤崎」徒歩14分,92.26,4LDK,1978年3月,https://suumo.jp//ms/chuko/fukuoka/sc_fukuokashisawara/nc_78371177/,藤崎,地下鉄空港線,14,1978-03-01,48,78371177
ライオンズマンション南薬院,2380,福岡県福岡市中央区薬院３,西鉄天神大牟田線「薬院」徒歩5分,47.79,1LDK,1983年1月,https://suumo.jp//ms/chuko/fukuoka/sc_fukuokashichuo/nc_20354638/,薬院,西鉄天神大牟田線,5,1983-01-01,43,20354638
ビレッタ百道,2380,福岡県福岡市早良区百道１-33-22,地下鉄空港線「藤崎」徒歩12分,60.5,2LDK,1975年4月,https://suumo.jp//ms/chuko/fukuoka/sc_fukuokashisawara/nc_20219722/,藤崎,地下鉄空港線,12,1975-04-01,51,20219722
藤和城西コーポ,2390,福岡県福岡市城南区別府４,地下鉄七隈線「別府」徒歩7分,71.5,3LDK,1974年7月,https://suumo.jp//ms/chuko/fukuoka/sc_fukuokashijonan/nc_20577817/,別府,地下鉄七隈線,7,1974-07-01,52,20577817
藤和城西コーポ,2390,福岡県福岡市城南区別府４-13-29,地下鉄七隈線「別府」徒歩7分,71.5,3LDK,1974年7月,https://suumo.jp//ms/chuko/fukuoka/sc_fukuokashijonan/nc_20469938/,別府,地下鉄七隈線,7,1974-07-01,52,20469938
藤和城西コーポ　【担当：鍋嶋】　までお気軽にお問合せ…,2390,福岡県福岡市城南区別府４,地下鉄七隈線「別府」徒歩7分,71.5,3LDK,1974年7月,https://suumo.jp//ms/chuko/fukuoka/sc_fukuokashijonan/nc_20448061/,別府,地下鉄七隈線,7,1974-07-01,52,20448061
藤和城西コープ,2390,福岡県福岡市城南区別府４,地下鉄七隈線「別府」徒歩10分,71.5,3LDK,1974年7月,https://suumo.jp//ms/chuko/fukuoka/sc_fukuokashijonan/nc_20556250/,別府,地下鉄七隈線,10,1974-07-01,52,20556250
藤和城西コーポ,2390,福岡県福岡市城南区別府４,地下鉄七隈線「別府」徒歩10分,71.5,3LDK,1974年7月,https://suumo.jp//ms/chuko/fukuoka/sc_fukuokashijonan/nc_20488096/,別府,地下鉄七隈線,10,1974-07-01,52,20488096
藤和城西コープ,2390,福岡県福岡市城南区別府４-13-29,地下鉄七隈線「別府」徒歩8分,71.5,3LDK,1974年7月,https://suumo.jp//ms/chuko/fukuoka/sc_fukuokashijonan/nc_20438757/,別府,地下鉄七隈線,8,1974-07-01,52,20438757
東峰マンション博多駅・東,2390,福岡県福岡市博多区比恵町,地下鉄空港線「東比恵」徒歩6分,42.82,1LDK,1985年4月,https://suumo.jp//ms/chuko/fukuoka/sc_fukuokashihakata/nc_20308901/,東比恵,地下鉄空港線,6,1985-04-01,41,20308901
ロワールマンション西公園ビュー,2398,福岡県福岡市中央区港３-10-25,地下鉄空港線「大濠公園」徒歩15分,53.27,2LDK,1990年3月,https://suumo.jp//ms/chuko/fukuoka/sc_fukuokashichuo/nc_78674088/,大濠公園,地下鉄空港線,15,1990-03-01,36,78674088
ロワールマンション西公園ビュー,2398,福岡県福岡市中央区港３,地下鉄空港線「大濠公園」徒歩15分,53.27,2LDK,1990年3月,https://suumo.jp//ms/chuko/fukuoka/sc_fukuokashichuo/nc_20188314/,大濠公園,地下鉄空港線,15,1990-03-01,36,20188314
東急ドエルアルス天神,2450,福岡県福岡市中央区渡辺通５,地下鉄七隈線「天神南」徒歩1分,36.62,1K,1983年2月,https://suumo.jp//ms/chuko/fukuoka/sc_fukuokashichuo/nc_20209727/,天神南,地下鉄七隈線,1,1983-02-01,43,20209727
サンハイツ舞鶴【担当：中尾】　までお気軽にお問合せく…,2480,福岡県福岡市中央区舞鶴３,地下鉄空港線「赤坂」徒歩7分,52.69,1LDK+S（納戸）,1987年12月,https://suumo.jp//ms/chuko/fukuoka/sc_fukuokashichuo/nc_20487146/,赤坂,地下鉄空港線,7,1987-12-01,39,20487146
西新パークマンション,2480,福岡県福岡市早良区西新３,地下鉄空港線「西新」徒歩10分,70.97,3LDK,1988年5月,https://suumo.jp//ms/chuko/fukuoka/sc_fukuokashisawara/nc_20467027/,西新,地下鉄空港線,10,1988-05-01,38,20467027
サンハイツ舞鶴,2480,福岡県福岡市中央区舞鶴３,地下鉄空港線「赤坂」徒歩7分,47.58,1LDK+S（納戸）,1974年11月,https://suumo.jp//ms/chuko/fukuoka/sc_fukuokashichuo/nc_20628882/,赤坂,地下鉄空港線,7,1974-11-01,52,20628882
サンハイツ舞鶴,2480,福岡県福岡市中央区舞鶴３,地下鉄空港線「赤坂」徒歩7分,47.58,1LDK+S（納戸）,1974年11月,https://suumo.jp//ms/chuko/fukuoka/sc_fukuokashichuo/nc_20555223/,赤坂,地下鉄空港線,7,1974-11-01,52,20555223
赤坂エクセル,2490,福岡県福岡市中央区赤坂３,地下鉄空港線「赤坂」徒歩13分,52.57,1LDK,1974年11月,https://suumo.jp//ms/chuko/fukuoka/sc_fukuokashichuo/nc_20272768/,赤坂,地下鉄空港線,13,1974-11-01,52,20272768
エクセレンス天神,2490,福岡県福岡市中央区那の津１,地下鉄空港線「天神」徒歩9分,67.8,2LDK,1980年10月,https://suumo.jp//ms/chuko/fukuoka/sc_fukuokashichuo/nc_20593789/,天神,地下鉄空港線,9,1980-10-01,46,20593789
エクセレンス天神,2490,福岡県福岡市中央区那の津１,地下鉄空港線「天神」徒歩10分,67.8,2LDK,1980年10月,https://suumo.jp//ms/chuko/fukuoka/sc_fukuokashichuo/nc_20037454/,天神,地下鉄空港線,10,1980-10-01,46,20037454
赤坂エクセル,2490,福岡県福岡市中央区赤坂３,地下鉄空港線「赤坂」徒歩12分,52.57,1LDK,1974年11月,https://suumo.jp//ms/chuko/fukuoka/sc_fukuokashichuo/nc_20593782/,赤坂,地下鉄空港線,12,1974-11-01,52,20593782
エンクレスト天神南3,2499,福岡県福岡市中央区清川３-2-9,地下鉄七隈線「渡辺通」徒歩13分,37.86,1LDK,2005年8月,https://suumo.jp//ms/chuko/fukuoka/sc_fukuokashichuo/nc_20296003/,渡辺通,地下鉄七隈線,13,2005-08-01,21,20296003
エンクレスト天神南Ⅲ,2499,福岡県福岡市中央区清川３,地下鉄七隈線「渡辺通」徒歩13分,37.86,1LDK,2005年8月,https://suumo.jp//ms/chuko/fukuoka/sc_fukuokashichuo/nc_20218456/,渡辺通,地下鉄七隈線,13,2005-08-01,21,20218456
エンクレスト天神南Ⅲ,2499,福岡県福岡市中央区清川３-2-9,地下鉄七隈線「渡辺通」徒歩13分,37.86,1LDK,2005年8月,https://suumo.jp//ms/chuko/fukuoka/sc_fukuokashichuo/nc_20239975/,渡辺通,地下鉄七隈線,13,2005-08-01,21,20239975
エンクレスト天神南Ⅲ,2499,福岡県福岡市中央区清川３,地下鉄七隈線「渡辺通」徒歩13分,37.86,1LDK,2005年8月,https://suumo.jp//ms/chuko/fukuoka/sc_fukuokashichuo/nc_20541799/,渡辺通,地下鉄七隈線,13,2005-08-01,21,20541799
エンクレスト天神南Ⅲ,2499,福岡県福岡市中央区清川３,地下鉄七隈線「渡辺通」徒歩15分,37.86,1LDK,2005年8月,https://suumo.jp//ms/chuko/fukuoka/sc_fukuokashichuo/nc_20395081/,渡辺通,地下鉄七隈線,15,2005-08-01,21,20395081
エンクレスト天神南Ⅲ,2499,福岡県福岡市中央区清川３,地下鉄七隈線「渡辺通」徒歩13分,37.86,1LDK,2005年8月,https://suumo.jp//ms/chuko/fukuoka/sc_fukuokashichuo/nc_20251701/,渡辺通,地下鉄七隈線,13,2005-08-01,21,20251701
エンクレスト天神南Ⅲ,2499,福岡県福岡市中央区清川３,地下鉄七隈線「渡辺通」徒歩13分,37.86,1LDK,2005年8月,https://suumo.jp//ms/chuko/fukuoka/sc_fukuokashichuo/nc_20255968/,渡辺通,地下鉄七隈線,13,2005-08-01,21,20255968
エンクレスト天神南Ⅲ,2499,福岡県福岡市中央区清川３,地下鉄七隈線「渡辺通」徒歩13分,37.86,1LDK,2005年8月,https://suumo.jp//ms/chuko/fukuoka/sc_fukuokashichuo/nc_20224128/,渡辺通,地下鉄七隈線,13,2005-08-01,21,20224128
エンクレスト天神南III,2499,福岡県福岡市中央区清川３,地下鉄七隈線「渡辺通」徒歩13分,37.86,1LDK,2005年8月,https://suumo.jp//ms/chuko/fukuoka/sc_fukuokashichuo/nc_20392010/,渡辺通,地下鉄七隈線,13,2005-08-01,21,20392010
古河平丘台マンション,2500,福岡県福岡市中央区平尾３,地下鉄七隈線「薬院大通」徒歩13分,59.35,2DK,1971年11月,https://suumo.jp//ms/chuko/fukuoka/sc_fukuokashichuo/nc_20559248/,薬院大通,地下鉄七隈線,13,1971-11-01,55,20559248
祖原公園ハウス,2570,福岡県福岡市早良区祖原,地下鉄空港線「西新」徒歩11分,57.04,3DK,1983年8月,https://suumo.jp//ms/chuko/fukuoka/sc_fukuokashisawara/nc_20185389/,西新,地下鉄空港線,11,1983-08-01,43,20185389
祖原公園ハウス,2570,福岡県福岡市早良区祖原22-25,地下鉄空港線「西新」徒歩9分,57.04,2DK,1983年8月,https://suumo.jp//ms/chuko/fukuoka/sc_fukuokashisawara/nc_20130348/,西新,地下鉄空港線,9,1983-08-01,43,20130348
祖原公園ハウス,2570,福岡県福岡市早良区祖原,地下鉄空港線「西新」徒歩12分,57.04,2DK,1983年8月,https://suumo.jp//ms/chuko/fukuoka/sc_fukuokashisawara/nc_20337457/,西新,地下鉄空港線,12,1983-08-01,43,20337457
モントーレラコルタユニバ通り,2580,福岡県糟屋郡志免町別府西３-13-7,地下鉄空港線「福岡空港」徒歩9分,76.52,3LDK,2013年6月,https://suumo.jp//ms/chuko/fukuoka/sc_kasuyagunshime/nc_78379810/,福岡空港,地下鉄空港線,9,2013-06-01,13,78379810
モントーレラコルタユニバ通り 2580万円（3LDK…,2580,福岡県糟屋郡志免町別府西３,地下鉄空港線「福岡空港」徒歩10分,76.52,3LDK,2013年7月,https://suumo.jp//ms/chuko/fukuoka/sc_kasuyagunshime/nc_20494511/,福岡空港,地下鉄空港線,10,2013-07-01,13,20494511
モントーレラコルタユニバ通り,2580,福岡県糟屋郡志免町別府西３,地下鉄空港線「福岡空港」徒歩9分,76.52,3LDK,2013年7月,https://suumo.jp//ms/chuko/fukuoka/sc_kasuyagunshime/nc_20498783/,福岡空港,地下鉄空港線,9,2013-07-01,13,20498783
ビレッタ百道,2580,福岡県福岡市早良区百道１,地下鉄空港線「藤崎」徒歩12分,60.5,2LDK,1975年4月,https://suumo.jp//ms/chuko/fukuoka/sc_fukuokashisawara/nc_78645501/,藤崎,地下鉄空港線,12,1975-04-01,51,78645501
エクセレンス谷,2590,福岡県福岡市中央区谷１-16-58,地下鉄七隈線「桜坂」徒歩6分,57.23,2LDK,1979年8月,https://suumo.jp//ms/chuko/fukuoka/sc_fukuokashichuo/nc_20582541/,桜坂,地下鉄七隈線,6,1979-08-01,47,20582541
エクセレンス谷,2590,福岡県福岡市中央区谷１,地下鉄七隈線「六本松」徒歩7分,57.23,2LDK,1979年8月,https://suumo.jp//ms/chuko/fukuoka/sc_fukuokashichuo/nc_78807526/,六本松,地下鉄七隈線,7,1979-08-01,47,78807526
エクセレンス谷,2590,福岡県福岡市中央区谷１-１６－５８,地下鉄七隈線「桜坂」徒歩6分,57.23,2LDK,1979年8月,https://suumo.jp//ms/chuko/fukuoka/sc_fukuokashichuo/nc_20219897/,桜坂,地下鉄七隈線,6,1979-08-01,47,20219897
エクセレンス谷,2590,福岡県福岡市中央区谷１,地下鉄七隈線「桜坂」徒歩6分,57.23,2LDK,1979年8月,https://suumo.jp//ms/chuko/fukuoka/sc_fukuokashichuo/nc_20052927/,桜坂,地下鉄七隈線,6,1979-08-01,47,20052927
エクセレンス谷,2590,福岡県福岡市中央区谷１,地下鉄七隈線「六本松」徒歩6分,57.23,2LDK,1979年8月,https://suumo.jp//ms/chuko/fukuoka/sc_fukuokashichuo/nc_20628890/,六本松,地下鉄七隈線,6,1979-08-01,47,20628890
エクセレンス谷,2590,福岡県福岡市中央区谷１,地下鉄七隈線「六本松」徒歩7分,57.23,2LDK,1979年8月,https://suumo.jp//ms/chuko/fukuoka/sc_fukuokashichuo/nc_20552088/,六本松,地下鉄七隈線,7,1979-08-01,47,20552088
サンポートハイツ,2590,福岡県福岡市中央区港２-5-32,地下鉄空港線「大濠公園」徒歩8分,61.56,2LDK,1974年9月,https://suumo.jp//ms/chuko/fukuoka/sc_fukuokashichuo/nc_79171807/,大濠公園,地下鉄空港線,8,1974-09-01,52,79171807
エクセレンス谷,2590,福岡県福岡市中央区谷１,地下鉄七隈線「桜坂」徒歩6分,57.23,2LDK,1979年8月,https://suumo.jp//ms/chuko/fukuoka/sc_fukuokashichuo/nc_20375081/,桜坂,地下鉄七隈線,6,1979-08-01,47,20375081
エクセレンス谷,2590,福岡県福岡市中央区谷１,地下鉄七隈線「六本松」徒歩7分,57.23,2LDK,1979年8月,https://suumo.jp//ms/chuko/fukuoka/sc_fukuokashichuo/nc_20293908/,六本松,地下鉄七隈線,7,1979-08-01,47,20293908
エクセレンス谷,2590,福岡県福岡市中央区谷１-16-58,地下鉄七隈線「桜坂」徒歩6分,57.23,2LDK,1979年8月,https://suumo.jp//ms/chuko/fukuoka/sc_fukuokashichuo/nc_20163284/,桜坂,地下鉄七隈線,6,1979-08-01,47,20163284
エクセレンス谷,2590,福岡県福岡市中央区谷１,地下鉄七隈線「桜坂」徒歩6分,57.23,2LDK,1982年8月,https://suumo.jp//ms/chuko/fukuoka/sc_fukuokashichuo/nc_20452963/,桜坂,地下鉄七隈線,6,1982-08-01,44,20452963
エクセレンス谷,2590,福岡県福岡市中央区谷１-16-58,地下鉄七隈線「六本松」徒歩6分,57.23,2LDK,1979年8月,https://suumo.jp//ms/chuko/fukuoka/sc_fukuokashichuo/nc_78717582/,六本松,地下鉄七隈線,6,1979-08-01,47,78717582
エクセレンス谷,2590,福岡県福岡市中央区谷１,地下鉄七隈線「六本松」徒歩7分,57.23,2LDK,1979年8月,https://suumo.jp//ms/chuko/fukuoka/sc_fukuokashichuo/nc_78720132/,六本松,地下鉄七隈線,7,1979-08-01,47,78720132
第三住吉ハイツ,2599,福岡県福岡市博多区住吉５,ＪＲ鹿児島本線「博多」徒歩14分,67.2,2LDK,1980年5月,https://suumo.jp//ms/chuko/fukuoka/sc_fukuokashihakata/nc_20415847/,博多,ＪＲ鹿児島本線,14,1980-05-01,46,20415847
第三住吉ハイツ,2599,福岡県福岡市博多区住吉５-10-7,地下鉄七隈線「博多」徒歩15分,67.2,2LDK,1980年5月,https://suumo.jp//ms/chuko/fukuoka/sc_fukuokashihakata/nc_20418728/,博多,地下鉄七隈線,15,1980-05-01,46,20418728
第三住吉ハイツ,2599,福岡県福岡市博多区住吉５-10-7,地下鉄七隈線「博多」徒歩15分,67.2,2LDK,1980年5月,https://suumo.jp//ms/chuko/fukuoka/sc_fukuokashihakata/nc_20470485/,博多,地下鉄七隈線,15,1980-05-01,46,20470485
第三住吉ハイツ,2599,福岡県福岡市博多区住吉５,九州新幹線「博多」徒歩13分,67.2,2LDK,1980年5月,https://suumo.jp//ms/chuko/fukuoka/sc_fukuokashihakata/nc_20438664/,博多,九州新幹線,13,1980-05-01,46,20438664
第三住吉ハイツ,2599,福岡県福岡市博多区住吉５,地下鉄空港線「博多」徒歩13分,67.2,2LDK,1980年5月,https://suumo.jp//ms/chuko/fukuoka/sc_fukuokashihakata/nc_20636529/,博多,地下鉄空港線,13,1980-05-01,46,20636529
第三住吉ハイツ,2599,福岡県福岡市博多区住吉５,ＪＲ鹿児島本線「博多」徒歩12分,67.2,2LDK,1980年5月,https://suumo.jp//ms/chuko/fukuoka/sc_fukuokashihakata/nc_20491495/,博多,ＪＲ鹿児島本線,12,1980-05-01,46,20491495
第三住吉ハイツ,2599,福岡県福岡市博多区住吉５,ＪＲ鹿児島本線「博多」徒歩14分,67.2,2LDK,1980年5月,https://suumo.jp//ms/chuko/fukuoka/sc_fukuokashihakata/nc_20590562/,博多,ＪＲ鹿児島本線,14,1980-05-01,46,20590562
第三住吉ハイツ,2599,福岡県福岡市博多区住吉５,地下鉄空港線「博多」徒歩13分,67.2,2LDK,1980年5月,https://suumo.jp//ms/chuko/fukuoka/sc_fukuokashihakata/nc_20429863/,博多,地下鉄空港線,13,1980-05-01,46,20429863
第三住吉ハイツ,2599,福岡県福岡市博多区住吉５-10-7,ＪＲ篠栗線「博多」徒歩13分,67.2,2LDK,1980年5月,https://suumo.jp//ms/chuko/fukuoka/sc_fukuokashihakata/nc_20469945/,博多,ＪＲ篠栗線,13,1980-05-01,46,20469945
第3住吉ハイツ702号室,2599,福岡県福岡市博多区住吉５,ＪＲ鹿児島本線「博多」徒歩13分,67.2,2LDK,1980年5月,https://suumo.jp//ms/chuko/fukuoka/sc_fukuokashihakata/nc_20583258/,博多,ＪＲ鹿児島本線,13,1980-05-01,46,20583258
ゾンネンハイム大手門,2622,福岡県福岡市中央区大手門２,地下鉄空港線「大濠公園」徒歩7分,66.0,1LDK,1973年8月,https://suumo.jp//ms/chuko/fukuoka/sc_fukuokashichuo/nc_78996474/,大濠公園,地下鉄空港線,7,1973-08-01,53,78996474
ゾンネンハイム大手門,2622,福岡県福岡市中央区大手門２-5,地下鉄空港線「大濠公園」徒歩9分,66.0,1LDK,1973年8月,https://suumo.jp//ms/chuko/fukuoka/sc_fukuokashichuo/nc_78773022/,大濠公園,地下鉄空港線,9,1973-08-01,53,78773022
GSハイム博多,2622,福岡県福岡市博多区博多駅東２,地下鉄空港線「東比恵」徒歩7分,66.15,4DK,1980年10月,https://suumo.jp//ms/chuko/fukuoka/sc_fukuokashihakata/nc_20337474/,東比恵,地下鉄空港線,7,1980-10-01,46,20337474
GSハイム博多,2622,福岡県福岡市博多区博多駅東２-13-21,地下鉄空港線「東比恵」徒歩5分,66.15,3DK,1980年10月,https://suumo.jp//ms/chuko/fukuoka/sc_fukuokashihakata/nc_20130351/,東比恵,地下鉄空港線,5,1980-10-01,46,20130351
GSハイム博多,2622,福岡県福岡市博多区博多駅東２,ＪＲ鹿児島本線「博多」徒歩9分,66.15,4DK,1980年10月,https://suumo.jp//ms/chuko/fukuoka/sc_fukuokashihakata/nc_20148820/,博多,ＪＲ鹿児島本線,9,1980-10-01,46,20148820
GSハイム博多,2622,福岡県福岡市博多区博多駅東２-13-21,地下鉄空港線「東比恵」徒歩5分,66.15,4DK,1980年10月,https://suumo.jp//ms/chuko/fukuoka/sc_fukuokashihakata/nc_20428536/,東比恵,地下鉄空港線,5,1980-10-01,46,20428536
シテイマンション平尾Ⅱ,2675,福岡県福岡市中央区平尾２-2-21,地下鉄七隈線「薬院」徒歩11分,58.24,3LDK,1985年7月,https://suumo.jp//ms/chuko/fukuoka/sc_fukuokashichuo/nc_20605290/,薬院,地下鉄七隈線,11,1985-07-01,41,20605290
シティマンション平尾Ⅱ,2675,福岡県福岡市中央区平尾２-2-21,地下鉄七隈線「薬院」徒歩11分,58.24,3LDK,1985年7月,https://suumo.jp//ms/chuko/fukuoka/sc_fukuokashichuo/nc_20637907/,薬院,地下鉄七隈線,11,1985-07-01,41,20637907
マンションアベニュー,2680,福岡県福岡市早良区西新５,地下鉄空港線「西新」徒歩4分,44.57,1LDK,1974年8月,https://suumo.jp//ms/chuko/fukuoka/sc_fukuokashisawara/nc_77357198/,西新,地下鉄空港線,4,1974-08-01,52,77357198
コープ野村博多東,2680,福岡県福岡市博多区比恵町4-27,地下鉄空港線「東比恵」徒歩5分,69.36,2LDK,1980年3月,https://suumo.jp//ms/chuko/fukuoka/sc_fukuokashihakata/nc_77951272/,東比恵,地下鉄空港線,5,1980-03-01,46,77951272
ロマネスク桜坂第２,2680,福岡県福岡市中央区桜坂２,地下鉄七隈線「桜坂」徒歩3分,42.79,1DK,1992年7月,https://suumo.jp//ms/chuko/fukuoka/sc_fukuokashichuo/nc_20638854/,桜坂,地下鉄七隈線,3,1992-07-01,34,20638854
ビレッタ百道,2680,福岡県福岡市早良区百道１,地下鉄空港線「藤崎」徒歩11分,55.39,2LDK,1975年4月,https://suumo.jp//ms/chuko/fukuoka/sc_fukuokashisawara/nc_79060704/,藤崎,地下鉄空港線,11,1975-04-01,51,79060704
ハイライフ平尾,2690,福岡県福岡市中央区平尾４-7-17,地下鉄七隈線「薬院大通」徒歩14分,57.13,1LDK,1977年9月,https://suumo.jp//ms/chuko/fukuoka/sc_fukuokashichuo/nc_77821582/,薬院大通,地下鉄七隈線,14,1977-09-01,49,77821582
薬院パークホームズ,2700,福岡県福岡市中央区薬院２-11-28,地下鉄七隈線「薬院大通」徒歩7分,82.59,4LDK,1981年4月,https://suumo.jp//ms/chuko/fukuoka/sc_fukuokashichuo/nc_20186273/,薬院大通,地下鉄七隈線,7,1981-04-01,45,20186273
藤和今泉コープ（居住中）,2725,福岡県福岡市中央区今泉２,地下鉄七隈線「薬院大通」徒歩9分,69.6,3LDK,1979年11月,https://suumo.jp//ms/chuko/fukuoka/sc_fukuokashichuo/nc_20337475/,薬院大通,地下鉄七隈線,9,1979-11-01,47,20337475
藤和今泉コープ,2725,福岡県福岡市中央区今泉２,地下鉄七隈線「薬院大通」徒歩9分,69.6,3LDK,1979年11月,https://suumo.jp//ms/chuko/fukuoka/sc_fukuokashichuo/nc_20173664/,薬院大通,地下鉄七隈線,9,1979-11-01,47,20173664
ヴェルドミール今泉,2750,福岡県福岡市中央区今泉２,地下鉄七隈線「薬院大通」徒歩7分,74.17,1LDK,1980年12月,https://suumo.jp//ms/chuko/fukuoka/sc_fukuokashichuo/nc_20592059/,薬院大通,地下鉄七隈線,7,1980-12-01,46,20592059
グリーンマンション西新◆☆上質なデザイン空間☆◆,2780,福岡県福岡市早良区祖原,地下鉄空港線「西新」徒歩5分,62.64,2LDK,1987年6月,https://suumo.jp//ms/chuko/fukuoka/sc_fukuokashisawara/nc_78961806/,西新,地下鉄空港線,5,1987-06-01,39,78961806
ライオンズマンション平尾,2780,福岡県福岡市中央区平尾２-21-5,地下鉄七隈線「薬院」徒歩13分,65.71,2LDK,1979年12月,https://suumo.jp//ms/chuko/fukuoka/sc_fukuokashichuo/nc_78985818/,薬院,地下鉄七隈線,13,1979-12-01,47,78985818
ライオンズマンション平尾,2780,福岡県福岡市中央区平尾２,西鉄天神大牟田線「薬院」徒歩13分,65.71,3DK,1979年12月,https://suumo.jp//ms/chuko/fukuoka/sc_fukuokashichuo/nc_20225511/,薬院,西鉄天神大牟田線,13,1979-12-01,47,20225511
第7プリンスマンション高砂,2820,福岡県福岡市中央区高砂１-15-23,地下鉄七隈線「渡辺通」徒歩9分,74.01,3LDK,1978年12月,https://suumo.jp//ms/chuko/fukuoka/sc_fukuokashichuo/nc_20247925/,渡辺通,地下鉄七隈線,9,1978-12-01,48,20247925
大名サンハイツ,2830,福岡県福岡市中央区大名１,地下鉄空港線「赤坂」徒歩5分,62.32,3LDK,1981年8月,https://suumo.jp//ms/chuko/fukuoka/sc_fukuokashichuo/nc_20372624/,赤坂,地下鉄空港線,5,1981-08-01,45,20372624
大名サンハイツ,2830,福岡県福岡市中央区大名１-11-5,地下鉄空港線「赤坂」徒歩6分,62.32,3LDK,1981年8月,https://suumo.jp//ms/chuko/fukuoka/sc_fukuokashichuo/nc_20370839/,赤坂,地下鉄空港線,6,1981-08-01,45,20370839
ロマネスク大濠アネックス,2880,福岡県福岡市中央区鳥飼２,地下鉄空港線「唐人町」徒歩14分,61.5,2LDK,1987年5月,https://suumo.jp//ms/chuko/fukuoka/sc_fukuokashichuo/nc_20437130/,唐人町,地下鉄空港線,14,1987-05-01,39,20437130
ユーハイム大濠西,2880,福岡県福岡市中央区黒門6-40,地下鉄空港線「唐人町」徒歩1分,48.09,1LDK,1985年8月,https://suumo.jp//ms/chuko/fukuoka/sc_fukuokashichuo/nc_20247920/,唐人町,地下鉄空港線,1,1985-08-01,41,20247920
藤和コープソシエ大名,2900,福岡県福岡市中央区大名１,地下鉄七隈線「天神南」徒歩8分,58.91,1LDK,1979年11月,https://suumo.jp//ms/chuko/fukuoka/sc_fukuokashichuo/nc_77192946/,天神南,地下鉄七隈線,8,1979-11-01,47,77192946
サンシャイン別府（居住中）,2920,福岡県福岡市城南区別府４,地下鉄七隈線「別府」徒歩8分,85.62,4LDK,1979年10月,https://suumo.jp//ms/chuko/fukuoka/sc_fukuokashijonan/nc_20636973/,別府,地下鉄七隈線,8,1979-10-01,47,20636973
サンシャイン別府,2920,福岡県福岡市城南区別府４,地下鉄七隈線「別府」徒歩5分,85.62,4LDK,1979年10月,https://suumo.jp//ms/chuko/fukuoka/sc_fukuokashijonan/nc_20174895/,別府,地下鉄七隈線,5,1979-10-01,47,20174895
サンシャイン別府,2920,福岡県福岡市城南区別府４-2-4,地下鉄七隈線「別府」徒歩6分,85.62,4LDK,1979年10月,https://suumo.jp//ms/chuko/fukuoka/sc_fukuokashijonan/nc_20130349/,別府,地下鉄七隈線,6,1979-10-01,47,20130349
ライオンズマンション西新,2980,福岡県福岡市早良区西新７,地下鉄空港線「藤崎」徒歩4分,66.36,2LDK,1982年2月,https://suumo.jp//ms/chuko/fukuoka/sc_fukuokashisawara/nc_77788575/,藤崎,地下鉄空港線,4,1982-02-01,44,77788575
東洋マンション大名,2980,福岡県福岡市中央区大名２-1-43,地下鉄空港線「赤坂」徒歩4分,65.7,3LDK,1979年6月,https://suumo.jp//ms/chuko/fukuoka/sc_fukuokashichuo/nc_20389763/,赤坂,地下鉄空港線,4,1979-06-01,47,20389763
六本松ビル,2980,福岡県福岡市中央区六本松２,地下鉄七隈線「六本松」徒歩3分,65.65,2LDK,1981年1月,https://suumo.jp//ms/chuko/fukuoka/sc_fukuokashichuo/nc_20186302/,六本松,地下鉄七隈線,3,1981-01-01,45,20186302
ライオンズマンシヨン西公園第3,2980,福岡県福岡市中央区荒戸１,地下鉄空港線「大濠公園」徒歩5分,57.22,2LDK,1984年8月,https://suumo.jp//ms/chuko/fukuoka/sc_fukuokashichuo/nc_79147474/,大濠公園,地下鉄空港線,5,1984-08-01,42,79147474
ダイアパレス大名第２,2980,福岡県福岡市中央区大名１-8-32,地下鉄空港線「赤坂」徒歩5分,63.0,1LDK,1986年2月,https://suumo.jp//ms/chuko/fukuoka/sc_fukuokashichuo/nc_77534876/,赤坂,地下鉄空港線,5,1986-02-01,40,77534876
ダイナコート六本松,2980,福岡県福岡市中央区谷１,地下鉄七隈線「桜坂」徒歩6分,59.9,2LDK,1987年3月,https://suumo.jp//ms/chuko/fukuoka/sc_fukuokashichuo/nc_20460207/,桜坂,地下鉄七隈線,6,1987-03-01,39,20460207
ライオンズマンション西新,2980,福岡県福岡市早良区西新７,地下鉄空港線「藤崎」徒歩5分,66.36,2LDK,1982年2月,https://suumo.jp//ms/chuko/fukuoka/sc_fukuokashisawara/nc_20435512/,藤崎,地下鉄空港線,5,1982-02-01,44,20435512
ヴェルドミール今泉,2990,福岡県福岡市中央区今泉２,地下鉄七隈線「薬院大通」徒歩7分,74.17,2LDK+S（納戸）,1980年12月,https://suumo.jp//ms/chuko/fukuoka/sc_fukuokashichuo/nc_20641325/,薬院大通,地下鉄七隈線,7,1980-12-01,46,20641325
グリーンハイツ赤坂,2998,福岡県福岡市中央区赤坂２-６番２３号,地下鉄七隈線「六本松」徒歩11分,72.57,2LDK,1974年10月,https://suumo.jp//ms/chuko/fukuoka/sc_fukuokashichuo/nc_20098723/,六本松,地下鉄七隈線,11,1974-10-01,52,20098723
第参参プリンスマンション城南,2999,福岡県福岡市城南区別府１,地下鉄七隈線「別府」徒歩2分,65.65,2LDK,1986年8月,https://suumo.jp//ms/chuko/fukuoka/sc_fukuokashijonan/nc_20593784/,別府,地下鉄七隈線,2,1986-08-01,40,20593784
第33プリンスマンション城南,2999,福岡県福岡市城南区別府１-19-40,地下鉄七隈線「別府」徒歩2分,65.65,2LDK,1986年8月,https://suumo.jp//ms/chuko/fukuoka/sc_fukuokashijonan/nc_78575103/,別府,地下鉄七隈線,2,1986-08-01,40,78575103
西公園ハウス,2999,福岡県福岡市中央区西公園,地下鉄空港線「大濠公園」徒歩13分,71.38,3LDK,1986年5月,https://suumo.jp//ms/chuko/fukuoka/sc_fukuokashichuo/nc_79153819/,大濠公園,地下鉄空港線,13,1986-05-01,40,79153819
ダイアパレス平尾２,3080,福岡県福岡市中央区大宮２,西鉄天神大牟田線「薬院」徒歩11分,64.1,2LDK,1983年3月,https://suumo.jp//ms/chuko/fukuoka/sc_fukuokashichuo/nc_20225032/,薬院,西鉄天神大牟田線,11,1983-03-01,43,20225032
ダイアパレス平尾Ⅱ,3080,福岡県福岡市中央区大宮２-4-23,地下鉄七隈線「薬院」徒歩12分,64.1,2LDK,1983年3月,https://suumo.jp//ms/chuko/fukuoka/sc_fukuokashichuo/nc_78985820/,薬院,地下鉄七隈線,12,1983-03-01,43,78985820
ライオンズマンション大名,3082,福岡県福岡市中央区大名１-2-20,地下鉄空港線「赤坂」徒歩8分,56.72,3DK,1982年4月,https://suumo.jp//ms/chuko/fukuoka/sc_fukuokashichuo/nc_20272676/,赤坂,地下鉄空港線,8,1982-04-01,44,20272676
ライオンズマンション大名,3082,福岡県福岡市中央区大名１,地下鉄空港線「赤坂」徒歩10分,56.72,3DK,1982年4月,https://suumo.jp//ms/chuko/fukuoka/sc_fukuokashichuo/nc_20410832/,赤坂,地下鉄空港線,10,1982-04-01,44,20410832
シティマンション薬院,3090,福岡県福岡市中央区薬院１-10-16,地下鉄七隈線「薬院大通」徒歩4分,56.22,2LDK,1984年5月,https://suumo.jp//ms/chuko/fukuoka/sc_fukuokashichuo/nc_20532609/,薬院大通,地下鉄七隈線,4,1984-05-01,42,20532609
シティマンション薬院,3090,福岡県福岡市中央区薬院１,地下鉄七隈線「薬院大通」徒歩3分,56.22,2LDK,1984年5月,https://suumo.jp//ms/chuko/fukuoka/sc_fukuokashichuo/nc_79079645/,薬院大通,地下鉄七隈線,3,1984-05-01,42,79079645
家を縮めて、暮らしの質を上げる薬院2LDK,3090,福岡県福岡市中央区薬院１-10-16,西鉄天神大牟田線「薬院」徒歩6分,56.22,2LDK,1984年5月,https://suumo.jp//ms/chuko/fukuoka/sc_fukuokashichuo/nc_20101766/,薬院,西鉄天神大牟田線,6,1984-05-01,42,20101766
シティマンション薬院,3090,福岡県福岡市中央区薬院１,地下鉄七隈線「薬院大通」徒歩3分,56.22,2LDK,1984年5月,https://suumo.jp//ms/chuko/fukuoka/sc_fukuokashichuo/nc_20464842/,薬院大通,地下鉄七隈線,3,1984-05-01,42,20464842
シティマンション薬院,3090,福岡県福岡市中央区薬院１,地下鉄七隈線「薬院大通」徒歩3分,56.22,2LDK,1984年5月,https://suumo.jp//ms/chuko/fukuoka/sc_fukuokashichuo/nc_79117354/,薬院大通,地下鉄七隈線,3,1984-05-01,42,79117354
ライオンズマンション薬院第3,3090,福岡県福岡市中央区薬院３-11-16,地下鉄七隈線「薬院大通」徒歩5分,56.1,2LDK,1980年11月,https://suumo.jp//ms/chuko/fukuoka/sc_fukuokashichuo/nc_20636975/,薬院大通,地下鉄七隈線,5,1980-11-01,46,20636975
ライオンズマンション薬院第3,3090,福岡県福岡市中央区薬院３-11-16,地下鉄七隈線「薬院」徒歩5分,56.1,2LDK,1980年11月,https://suumo.jp//ms/chuko/fukuoka/sc_fukuokashichuo/nc_20596247/,薬院,地下鉄七隈線,5,1980-11-01,46,20596247
ライオンズマンション薬院第3,3090,福岡県福岡市中央区薬院３,西鉄天神大牟田線「薬院」徒歩5分,56.1,2LDK,1980年11月,https://suumo.jp//ms/chuko/fukuoka/sc_fukuokashichuo/nc_20579973/,薬院,西鉄天神大牟田線,5,1980-11-01,46,20579973
ライオンズマンション薬院第3,3090,福岡県福岡市中央区薬院３,地下鉄七隈線「薬院大通」徒歩7分,56.1,2LDK,1980年11月,https://suumo.jp//ms/chuko/fukuoka/sc_fukuokashichuo/nc_20586947/,薬院大通,地下鉄七隈線,7,1980-11-01,46,20586947
オープンレジデンシア室見,3098,福岡県福岡市西区愛宕２,地下鉄空港線「藤崎」徒歩15分,33.64,1LDK,2025年12月,https://suumo.jp//ms/chuko/fukuoka/sc_fukuokashinishi/nc_79109642/,藤崎,地下鉄空港線,15,2025-12-01,1,79109642
ロマネスク大濠アネックス,3099,福岡県福岡市中央区鳥飼２,地下鉄空港線「唐人町」徒歩14分,59.65,2LDK,1987年5月,https://suumo.jp//ms/chuko/fukuoka/sc_fukuokashichuo/nc_79224953/,唐人町,地下鉄空港線,14,1987-05-01,39,79224953
ニューライフ薬院,3099,福岡県福岡市中央区薬院１,西鉄天神大牟田線「薬院」徒歩3分,47.29,1LDK+S（納戸）,1986年6月,https://suumo.jp//ms/chuko/fukuoka/sc_fukuokashichuo/nc_78957810/,薬院,西鉄天神大牟田線,3,1986-06-01,40,78957810
ロマネスク大濠アネックス,3099,福岡県福岡市中央区鳥飼２,地下鉄空港線「唐人町」徒歩14分,59.65,2LDK,1987年5月,https://suumo.jp//ms/chuko/fukuoka/sc_fukuokashichuo/nc_20407791/,唐人町,地下鉄空港線,14,1987-05-01,39,20407791
ロマネスク大濠アネツクス,3099,福岡県福岡市中央区鳥飼２,地下鉄空港線「唐人町」徒歩12分,59.65,2LDK,1987年5月,https://suumo.jp//ms/chuko/fukuoka/sc_fukuokashichuo/nc_78691499/,唐人町,地下鉄空港線,12,1987-05-01,39,78691499
ロマネスク大濠アネックス,3099,福岡県福岡市中央区鳥飼２-6-15,地下鉄空港線「唐人町」徒歩12分,59.65,2LDK,1987年5月,https://suumo.jp//ms/chuko/fukuoka/sc_fukuokashichuo/nc_20572265/,唐人町,地下鉄空港線,12,1987-05-01,39,20572265
ロマネスク大濠アネツクス,3099,福岡県福岡市中央区鳥飼２,地下鉄空港線「唐人町」徒歩12分,59.65,2LDK,1987年5月,https://suumo.jp//ms/chuko/fukuoka/sc_fukuokashichuo/nc_78922034/,唐人町,地下鉄空港線,12,1987-05-01,39,78922034
ニューライフ薬院,3099,福岡県福岡市中央区薬院１,西鉄天神大牟田線「薬院」徒歩3分,47.29,1LDK+S（納戸）,1986年6月,https://suumo.jp//ms/chuko/fukuoka/sc_fukuokashichuo/nc_78928558/,薬院,西鉄天神大牟田線,3,1986-06-01,40,78928558
第参参プリンスマンション城南,3099,福岡県福岡市城南区別府１-１９－４０,地下鉄七隈線「別府」徒歩2分,65.65,2LDK,1986年8月,https://suumo.jp//ms/chuko/fukuoka/sc_fukuokashijonan/nc_20518740/,別府,地下鉄七隈線,2,1986-08-01,40,20518740
ロマネスク大濠アネックス,3099,福岡県福岡市中央区鳥飼２,地下鉄空港線「唐人町」徒歩12分,59.65,2LDK,1987年5月,https://suumo.jp//ms/chuko/fukuoka/sc_fukuokashichuo/nc_78856431/,唐人町,地下鉄空港線,12,1987-05-01,39,78856431
ロマネスク大濠アネックス,3099,福岡県福岡市中央区鳥飼２-6-15,地下鉄空港線「唐人町」徒歩12分,59.65,2LDK,1987年5月,https://suumo.jp//ms/chuko/fukuoka/sc_fukuokashichuo/nc_20484049/,唐人町,地下鉄空港線,12,1987-05-01,39,20484049
ロマネスク大濠アネックス,3099,福岡県福岡市中央区鳥飼２-6-15,地下鉄空港線「唐人町」徒歩13分,59.65,2LDK,1987年3月,https://suumo.jp//ms/chuko/fukuoka/sc_fukuokashichuo/nc_20532590/,唐人町,地下鉄空港線,13,1987-03-01,39,20532590
グランフォーレラグゼ博多駅南,3099,福岡県福岡市博多区博多駅南４,地下鉄空港線「東比恵」徒歩15分,33.41,1LDK,2016年7月,https://suumo.jp//ms/chuko/fukuoka/sc_fukuokashihakata/nc_20152980/,東比恵,地下鉄空港線,15,2016-07-01,10,20152980
ロマネスク大濠アネックス,3099,福岡県福岡市中央区鳥飼２,地下鉄空港線「唐人町」徒歩13分,59.65,2LDK,1987年5月,https://suumo.jp//ms/chuko/fukuoka/sc_fukuokashichuo/nc_78325037/,唐人町,地下鉄空港線,13,1987-05-01,39,78325037
ロマネスク大濠アネックス,3099,福岡県福岡市中央区鳥飼２-6-15,地下鉄空港線「唐人町」徒歩11分,59.65,2LDK,1987年5月,https://suumo.jp//ms/chuko/fukuoka/sc_fukuokashichuo/nc_78536383/,唐人町,地下鉄空港線,11,1987-05-01,39,78536383
ライオンズマンション天神,3100,福岡県福岡市中央区舞鶴１,地下鉄空港線「赤坂」徒歩5分,54.09,2LDK,1979年7月,https://suumo.jp//ms/chuko/fukuoka/sc_fukuokashichuo/nc_20549935/,赤坂,地下鉄空港線,5,1979-07-01,47,20549935
トーカンマンション大濠公園駅前,3180,福岡県福岡市中央区大手門３,地下鉄空港線「大濠公園」徒歩3分,63.68,2LDK,1981年10月,https://suumo.jp//ms/chuko/fukuoka/sc_fukuokashichuo/nc_20609010/,大濠公園,地下鉄空港線,3,1981-10-01,45,20609010
博多駅前ビル,3180,福岡県福岡市博多区博多駅前１,地下鉄七隈線「博多」徒歩5分,74.7,2LDK,1974年3月,https://suumo.jp//ms/chuko/fukuoka/sc_fukuokashihakata/nc_78977946/,博多,地下鉄七隈線,5,1974-03-01,52,78977946
朝日プラザ天神,3180,福岡県福岡市中央区舞鶴１,地下鉄空港線「天神」徒歩4分,43.65,ワンルーム,1986年5月,https://suumo.jp//ms/chuko/fukuoka/sc_fukuokashichuo/nc_76206976/,天神,地下鉄空港線,4,1986-05-01,40,76206976
ライオンズマンション薬院第５,3180,福岡県福岡市中央区薬院２,地下鉄七隈線「薬院大通」徒歩3分,65.31,2LDK,1982年7月,https://suumo.jp//ms/chuko/fukuoka/sc_fukuokashichuo/nc_78355670/,薬院大通,地下鉄七隈線,3,1982-07-01,44,78355670
チサンマンション祇園,3180,福岡県福岡市博多区祇園町,地下鉄空港線「祇園」徒歩4分,52.98,2LDK,1980年10月,https://suumo.jp//ms/chuko/fukuoka/sc_fukuokashihakata/nc_20372579/,祇園,地下鉄空港線,4,1980-10-01,46,20372579
ハイツ大手門,3180,福岡県福岡市中央区大手門２,地下鉄空港線「大濠公園」徒歩5分,67.63,3LDK,1982年5月,https://suumo.jp//ms/chuko/fukuoka/sc_fukuokashichuo/nc_20605983/,大濠公園,地下鉄空港線,5,1982-05-01,44,20605983
警固ハウス,3190,福岡県福岡市中央区警固１-15-15,地下鉄七隈線「薬院大通」徒歩9分,66.0,3LDK,1980年3月,https://suumo.jp//ms/chuko/fukuoka/sc_fukuokashichuo/nc_20434666/,薬院大通,地下鉄七隈線,9,1980-03-01,46,20434666
グランフォーレラグゼ平尾,3199,福岡県福岡市南区市崎１,地下鉄七隈線「薬院」徒歩15分,30.18,1LDK,2011年6月,https://suumo.jp//ms/chuko/fukuoka/sc_fukuokashiminami/nc_20556916/,薬院,地下鉄七隈線,15,2011-06-01,15,20556916
モントーレヴェルキューブシティ福岡空港駅,3200,福岡県糟屋郡志免町別府西３,地下鉄空港線「福岡空港」徒歩9分,59.19,2LDK,2010年2月,https://suumo.jp//ms/chuko/fukuoka/sc_kasuyagunshime/nc_20121900/,福岡空港,地下鉄空港線,9,2010-02-01,16,20121900
オープンレジデンシア渡辺通,3240,福岡県福岡市中央区清川１,地下鉄七隈線「渡辺通」徒歩6分,34.25,1LDK,2021年8月,https://suumo.jp//ms/chuko/fukuoka/sc_fukuokashichuo/nc_20568679/,渡辺通,地下鉄七隈線,6,2021-08-01,5,20568679
オープンレジデンシア大濠西,3240,福岡県福岡市中央区今川２,地下鉄空港線「唐人町」徒歩8分,34.31,1LDK,2024年9月,https://suumo.jp//ms/chuko/fukuoka/sc_fukuokashichuo/nc_76105420/,唐人町,地下鉄空港線,8,2024-09-01,2,76105420
朝日プラザ浄水,3250,福岡県福岡市中央区薬院４,地下鉄七隈線「薬院大通」徒歩5分,72.16,4LDK,1981年4月,https://suumo.jp//ms/chuko/fukuoka/sc_fukuokashichuo/nc_79141005/,薬院大通,地下鉄七隈線,5,1981-04-01,45,79141005
オープンレジデンシア室見,3250,福岡県福岡市西区愛宕２,地下鉄空港線「藤崎」徒歩15分,33.64,1LDK,2025年12月,https://suumo.jp//ms/chuko/fukuoka/sc_fukuokashinishi/nc_79124599/,藤崎,地下鉄空港線,15,2025-12-01,1,79124599
三井薬院ハイツ,3280,福岡県福岡市中央区薬院２-11-33,地下鉄七隈線「薬院大通」徒歩6分,74.24,2LDK,1982年11月,https://suumo.jp//ms/chuko/fukuoka/sc_fukuokashichuo/nc_20185204/,薬院大通,地下鉄七隈線,6,1982-11-01,44,20185204
秀和警固レジデンス,3280,福岡県福岡市中央区警固２-17-26,地下鉄空港線「赤坂」徒歩9分,69.43,2LDK,1974年7月,https://suumo.jp//ms/chuko/fukuoka/sc_fukuokashichuo/nc_20532608/,赤坂,地下鉄空港線,9,1974-07-01,52,20532608
アンピール百年橋,3280,福岡県福岡市中央区清川３,地下鉄七隈線「渡辺通」徒歩15分,65.12,2LDK,1995年8月,https://suumo.jp//ms/chuko/fukuoka/sc_fukuokashichuo/nc_78896616/,渡辺通,地下鉄七隈線,15,1995-08-01,31,78896616
秀和警固レジデンス,3280,福岡県福岡市中央区警固２,地下鉄空港線「赤坂」徒歩8分,69.43,2LDK+S（納戸）,1974年7月,https://suumo.jp//ms/chuko/fukuoka/sc_fukuokashichuo/nc_79215971/,赤坂,地下鉄空港線,8,1974-07-01,52,79215971
秀和警固レジデンス,3280,福岡県福岡市中央区警固２,地下鉄空港線「赤坂」徒歩7分,69.43,2LDK,1974年7月,https://suumo.jp//ms/chuko/fukuoka/sc_fukuokashichuo/nc_79065757/,赤坂,地下鉄空港線,7,1974-07-01,52,79065757
秀和警固レジデンス,3280,福岡県福岡市中央区警固２,地下鉄空港線「赤坂」徒歩8分,69.43,2LDK,1974年7月,https://suumo.jp//ms/chuko/fukuoka/sc_fukuokashichuo/nc_79117352/,赤坂,地下鉄空港線,8,1974-07-01,52,79117352
ロイヤルマンション別府六,3290,福岡県福岡市城南区別府６,地下鉄七隈線「別府」徒歩6分,82.27,3LDK,1994年11月,https://suumo.jp//ms/chuko/fukuoka/sc_fukuokashijonan/nc_20241317/,別府,地下鉄七隈線,6,1994-11-01,32,20241317
ライオンズマンション舞鶴第2,3290,福岡県福岡市中央区舞鶴３,地下鉄空港線「赤坂」徒歩6分,52.72,2DK+S（納戸）,1982年9月,https://suumo.jp//ms/chuko/fukuoka/sc_fukuokashichuo/nc_20591721/,赤坂,地下鉄空港線,6,1982-09-01,44,20591721
クリオラベルヴィ呉服町,3299,福岡県福岡市博多区下呉服町3-19,地下鉄空港線「中洲川端」徒歩12分,34.4,1LDK,2018年1月,https://suumo.jp//ms/chuko/fukuoka/sc_fukuokashihakata/nc_79028575/,中洲川端,地下鉄空港線,12,2018-01-01,8,79028575
クリオラベルヴィ呉服町,3299,福岡県福岡市博多区下呉服町3,地下鉄箱崎線「中洲川端」徒歩12分,34.4,1LDK,2018年1月,https://suumo.jp//ms/chuko/fukuoka/sc_fukuokashihakata/nc_20127337/,中洲川端,地下鉄箱崎線,12,2018-01-01,8,20127337
クリオラベルヴィ呉服町,3299,福岡県福岡市博多区下呉服町3-19,地下鉄空港線「中洲川端」徒歩13分,34.4,1LDK,2018年3月,https://suumo.jp//ms/chuko/fukuoka/sc_fukuokashihakata/nc_20582553/,中洲川端,地下鉄空港線,13,2018-03-01,8,20582553
クリオ ラベルヴィ呉服町,3299,福岡県福岡市博多区下呉服町,地下鉄空港線「中洲川端」徒歩12分,34.4,1LDK,2018年1月,https://suumo.jp//ms/chuko/fukuoka/sc_fukuokashihakata/nc_79035434/,中洲川端,地下鉄空港線,12,2018-01-01,8,79035434
クリオラベルヴィ呉服町,3299,福岡県福岡市博多区下呉服町,地下鉄空港線「中洲川端」徒歩10分,34.4,1LDK,2018年1月,https://suumo.jp//ms/chuko/fukuoka/sc_fukuokashihakata/nc_79065759/,中洲川端,地下鉄空港線,10,2018-01-01,8,79065759
クリオラベルヴィ呉服町,3299,福岡県福岡市博多区下呉服町3-19,地下鉄空港線「中洲川端」徒歩13分,34.4,1LDK,2018年1月,https://suumo.jp//ms/chuko/fukuoka/sc_fukuokashihakata/nc_79177374/,中洲川端,地下鉄空港線,13,2018-01-01,8,79177374
クリオラベルヴィ呉服町,3299,福岡県福岡市博多区下呉服町,地下鉄空港線「中洲川端」徒歩11分,34.4,1LDK,2018年1月,https://suumo.jp//ms/chuko/fukuoka/sc_fukuokashihakata/nc_20464758/,中洲川端,地下鉄空港線,11,2018-01-01,8,20464758
デュオヴェール平尾,3330,福岡県福岡市中央区平尾２,地下鉄七隈線「薬院」徒歩14分,34.1,1LDK,2023年2月,https://suumo.jp//ms/chuko/fukuoka/sc_fukuokashichuo/nc_78585340/,薬院,地下鉄七隈線,14,2023-02-01,3,78585340
アンピール天神南,3399,福岡県福岡市中央区今泉１-4-2,西鉄天神大牟田線「薬院」徒歩6分,52.8,2LDK,1986年8月,https://suumo.jp//ms/chuko/fukuoka/sc_fukuokashichuo/nc_20596744/,薬院,西鉄天神大牟田線,6,1986-08-01,40,20596744
アンピール天神南,3399,福岡県福岡市中央区今泉１,西鉄天神大牟田線「薬院」徒歩6分,52.8,2LDK,1986年8月,https://suumo.jp//ms/chuko/fukuoka/sc_fukuokashichuo/nc_20632329/,薬院,西鉄天神大牟田線,6,1986-08-01,40,20632329
デュオヴェール薬院,3448,福岡県福岡市中央区高砂１,西鉄天神大牟田線「薬院」徒歩7分,34.23,1LDK,2019年8月,https://suumo.jp//ms/chuko/fukuoka/sc_fukuokashichuo/nc_20081686/,薬院,西鉄天神大牟田線,7,2019-08-01,7,20081686
赤坂エクセル,3450,福岡県福岡市中央区赤坂３,地下鉄空港線「赤坂」徒歩13分,79.5,2LDK,1974年11月,https://suumo.jp//ms/chuko/fukuoka/sc_fukuokashichuo/nc_79143193/,赤坂,地下鉄空港線,13,1974-11-01,52,79143193
アムール山王公園南,3450,福岡県福岡市博多区半道橋１,地下鉄空港線「東比恵」徒歩15分,64.89,3LDK,1998年7月,https://suumo.jp//ms/chuko/fukuoka/sc_fukuokashihakata/nc_20642325/,東比恵,地下鉄空港線,15,1998-07-01,28,20642325
赤坂エクセル,3450,福岡県福岡市中央区赤坂３-8-26,地下鉄七隈線「桜坂」徒歩13分,79.5,2LDK,1974年3月,https://suumo.jp//ms/chuko/fukuoka/sc_fukuokashichuo/nc_20532601/,桜坂,地下鉄七隈線,13,1974-03-01,52,20532601
赤坂エクセル,3450,福岡県福岡市中央区赤坂３,地下鉄七隈線「桜坂」徒歩13分,79.5,2LDK,1974年11月,https://suumo.jp//ms/chuko/fukuoka/sc_fukuokashichuo/nc_20606611/,桜坂,地下鉄七隈線,13,1974-11-01,52,20606611
赤坂エクセル,3450,福岡県福岡市中央区赤坂３,地下鉄七隈線「桜坂」徒歩13分,79.5,2LDK,1974年11月,https://suumo.jp//ms/chuko/fukuoka/sc_fukuokashichuo/nc_20641849/,桜坂,地下鉄七隈線,13,1974-11-01,52,20641849
赤坂エクセル,3450,福岡県福岡市中央区赤坂３,地下鉄空港線「赤坂」徒歩12分,79.5,2LDK,1974年11月,https://suumo.jp//ms/chuko/fukuoka/sc_fukuokashichuo/nc_79104940/,赤坂,地下鉄空港線,12,1974-11-01,52,79104940
赤坂エクセル,3450,福岡県福岡市中央区赤坂３,地下鉄空港線「赤坂」徒歩12分,79.5,2LDK,1974年11月,https://suumo.jp//ms/chuko/fukuoka/sc_fukuokashichuo/nc_79139452/,赤坂,地下鉄空港線,12,1974-11-01,52,79139452
赤坂エクセル,3450,福岡県福岡市中央区赤坂３-８－２６,地下鉄空港線「赤坂」徒歩12分,79.5,2LDK,1974年11月,https://suumo.jp//ms/chuko/fukuoka/sc_fukuokashichuo/nc_79201047/,赤坂,地下鉄空港線,12,1974-11-01,52,79201047
オープンレジデンシア西新,3450,福岡県福岡市早良区城西１,地下鉄空港線「西新」徒歩5分,31.65,1LDK,2025年9月,https://suumo.jp//ms/chuko/fukuoka/sc_fukuokashisawara/nc_78668157/,西新,地下鉄空港線,5,2025-09-01,1,78668157
赤坂エクセル　207,3450,福岡県福岡市中央区赤坂３-8-26,地下鉄空港線「赤坂」徒歩12分,79.5,2LDK,1974年11月,https://suumo.jp//ms/chuko/fukuoka/sc_fukuokashichuo/nc_78404649/,赤坂,地下鉄空港線,12,1974-11-01,52,78404649
赤坂エクセル,3450,福岡県福岡市中央区赤坂３-8-26,地下鉄空港線「赤坂」徒歩12分,79.5,2LDK,1974年11月,https://suumo.jp//ms/chuko/fukuoka/sc_fukuokashichuo/nc_20316237/,赤坂,地下鉄空港線,12,1974-11-01,52,20316237
赤坂エクセル,3450,福岡県福岡市中央区赤坂３,地下鉄空港線「赤坂」徒歩12分,79.5,2LDK,1974年11月,https://suumo.jp//ms/chuko/fukuoka/sc_fukuokashichuo/nc_20229053/,赤坂,地下鉄空港線,12,1974-11-01,52,20229053
赤坂エクセル,3450,福岡県福岡市中央区赤坂３,地下鉄空港線「赤坂」徒歩12分,79.5,2LDK,1974年11月,https://suumo.jp//ms/chuko/fukuoka/sc_fukuokashichuo/nc_79068778/,赤坂,地下鉄空港線,12,1974-11-01,52,79068778
赤坂エクセル,3450,福岡県福岡市中央区赤坂３,地下鉄空港線「赤坂」徒歩13分,79.5,2LDK,1974年11月,https://suumo.jp//ms/chuko/fukuoka/sc_fukuokashichuo/nc_79062235/,赤坂,地下鉄空港線,13,1974-11-01,52,79062235
赤坂エクセル,3450,福岡県福岡市中央区赤坂３-8-26,地下鉄空港線「赤坂」徒歩12分,79.5,2LDK,1974年11月,https://suumo.jp//ms/chuko/fukuoka/sc_fukuokashichuo/nc_20612889/,赤坂,地下鉄空港線,12,1974-11-01,52,20612889
赤坂エクセル,3450,福岡県福岡市中央区赤坂３,地下鉄空港線「赤坂」徒歩13分,79.5,2LDK,1974年11月,https://suumo.jp//ms/chuko/fukuoka/sc_fukuokashichuo/nc_79122545/,赤坂,地下鉄空港線,13,1974-11-01,52,79122545
朝日プラザ桜坂,3480,福岡県福岡市中央区桜坂１,地下鉄七隈線「桜坂」徒歩6分,67.26,2LDK,1986年7月,https://suumo.jp//ms/chuko/fukuoka/sc_fukuokashichuo/nc_78517451/,桜坂,地下鉄七隈線,6,1986-07-01,40,78517451
パーク・サンリヤン博多の森Ⅰ・Ⅱ番館,3480,福岡県糟屋郡志免町別府西２,地下鉄空港線「福岡空港」徒歩10分,96.27,3LDK,2003年3月,https://suumo.jp//ms/chuko/fukuoka/sc_kasuyagunshime/nc_20567028/,福岡空港,地下鉄空港線,10,2003-03-01,23,20567028
朝日プラザ桜坂,3480,福岡県福岡市中央区谷１,地下鉄七隈線「桜坂」徒歩6分,67.26,2LDK,1986年7月,https://suumo.jp//ms/chuko/fukuoka/sc_fukuokashichuo/nc_20020216/,桜坂,地下鉄七隈線,6,1986-07-01,40,20020216
モントーレヴェルキューブシティ福岡空港駅,3490,福岡県糟屋郡志免町別府西３,地下鉄空港線「福岡空港」徒歩11分,59.19,2LDK,2010年2月,https://suumo.jp//ms/chuko/fukuoka/sc_kasuyagunshime/nc_20616455/,福岡空港,地下鉄空港線,11,2010-02-01,16,20616455
オープンレジデンシア博多空港通り,3490,福岡県福岡市博多区東光２,地下鉄空港線「博多」徒歩11分,34.38,1LDK,2024年7月,https://suumo.jp//ms/chuko/fukuoka/sc_fukuokashihakata/nc_77763961/,博多,地下鉄空港線,11,2024-07-01,2,77763961
モントーレヴェルキューブシティ福岡空港駅,3490,福岡県糟屋郡志免町別府西３-14-1,地下鉄空港線「福岡空港」徒歩11分,59.19,2LDK,2010年2月,https://suumo.jp//ms/chuko/fukuoka/sc_kasuyagunshime/nc_20637004/,福岡空港,地下鉄空港線,11,2010-02-01,16,20637004
モントーレヴェルキューブシティ福岡空港駅,3490,福岡県糟屋郡志免町別府西３,地下鉄空港線「福岡空港」徒歩11分,59.19,2LDK,2010年2月,https://suumo.jp//ms/chuko/fukuoka/sc_kasuyagunshime/nc_20642326/,福岡空港,地下鉄空港線,11,2010-02-01,16,20642326
オープンレジデンシア博多住吉,3490,福岡県福岡市博多区住吉２-7-1,地下鉄七隈線「櫛田神社前」徒歩8分,31.13,1LDK,2023年9月,https://suumo.jp//ms/chuko/fukuoka/sc_fukuokashihakata/nc_75745223/,櫛田神社前,地下鉄七隈線,8,2023-09-01,3,75745223
モントーレヴェルキューブシティ福岡空港駅,3490,福岡県糟屋郡志免町別府西３,地下鉄空港線「福岡空港」徒歩11分,59.19,2LDK,2010年2月,https://suumo.jp//ms/chuko/fukuoka/sc_kasuyagunshime/nc_20639000/,福岡空港,地下鉄空港線,11,2010-02-01,16,20639000
デュオヴェール平尾,3498,福岡県福岡市中央区平尾２,西鉄天神大牟田線「薬院」徒歩15分,34.05,1LDK,2023年3月,https://suumo.jp//ms/chuko/fukuoka/sc_fukuokashichuo/nc_78252151/,薬院,西鉄天神大牟田線,15,2023-03-01,3,78252151
オープンレジデンシア薬院白金,3498,福岡県福岡市中央区白金２,西鉄天神大牟田線「薬院」徒歩8分,33.92,1LDK,2023年8月,https://suumo.jp//ms/chuko/fukuoka/sc_fukuokashichuo/nc_20382669/,薬院,西鉄天神大牟田線,8,2023-08-01,3,20382669
スコーレ赤坂,3500,福岡県福岡市中央区赤坂１,地下鉄空港線「赤坂」徒歩1分,74.92,2LDK+S（納戸）,1982年4月,https://suumo.jp//ms/chuko/fukuoka/sc_fukuokashichuo/nc_20547782/,赤坂,地下鉄空港線,1,1982-04-01,44,20547782
ライオンズマンション平尾,3580,福岡県福岡市中央区平尾２,地下鉄七隈線「薬院大通」徒歩15分,83.29,3LDK,1979年12月,https://suumo.jp//ms/chuko/fukuoka/sc_fukuokashichuo/nc_20078023/,薬院大通,地下鉄七隈線,15,1979-12-01,47,20078023
パークリュクス博多駅前,3580,福岡県福岡市博多区博多駅前４,ＪＲ鹿児島本線「博多」徒歩11分,30.04,1LDK,2024年12月,https://suumo.jp//ms/chuko/fukuoka/sc_fukuokashihakata/nc_20530374/,博多,ＪＲ鹿児島本線,11,2024-12-01,2,20530374
オープンレジデンシア薬院南,3580,福岡県福岡市中央区平尾３-5-6,西鉄天神大牟田線「薬院」徒歩9分,34.54,1LDK,2022年9月,https://suumo.jp//ms/chuko/fukuoka/sc_fukuokashichuo/nc_20474520/,薬院,西鉄天神大牟田線,9,2022-09-01,4,20474520
オープンレジデンシア薬院白金,3590,福岡県福岡市中央区白金２-1-24,地下鉄七隈線「薬院」徒歩8分,33.92,1LDK,2023年8月,https://suumo.jp//ms/chuko/fukuoka/sc_fukuokashichuo/nc_75917403/,薬院,地下鉄七隈線,8,2023-08-01,3,75917403
ツインタワー空港通り,3599,福岡県福岡市博多区豊１,地下鉄空港線「東比恵」徒歩12分,71.7,3LDK,1994年4月,https://suumo.jp//ms/chuko/fukuoka/sc_fukuokashihakata/nc_20066553/,東比恵,地下鉄空港線,12,1994-04-01,32,20066553
ツインタワー空港通り,3599,福岡県福岡市博多区豊１,地下鉄空港線「東比恵」徒歩14分,71.7,3LDK,1994年7月,https://suumo.jp//ms/chuko/fukuoka/sc_fukuokashihakata/nc_20489857/,東比恵,地下鉄空港線,14,1994-07-01,32,20489857
ツインタワー空港通り,3599,福岡県福岡市博多区豊１-1-17,地下鉄空港線「東比恵」徒歩13分,71.7,3LDK,1994年7月,https://suumo.jp//ms/chuko/fukuoka/sc_fukuokashihakata/nc_20370756/,東比恵,地下鉄空港線,13,1994-07-01,32,20370756
ツインタワー空港通り,3599,福岡県福岡市博多区豊１,地下鉄空港線「東比恵」徒歩12分,71.7,3LDK,1994年7月,https://suumo.jp//ms/chuko/fukuoka/sc_fukuokashihakata/nc_20500470/,東比恵,地下鉄空港線,12,1994-07-01,32,20500470
ツインタワー空港通り,3599,福岡県福岡市博多区豊１-１－１７,地下鉄空港線「東比恵」徒歩12分,71.7,3LDK,1994年7月,https://suumo.jp//ms/chuko/fukuoka/sc_fukuokashihakata/nc_20431843/,東比恵,地下鉄空港線,12,1994-07-01,32,20431843
ツインタワー空港通り,3599,福岡県福岡市博多区豊１,地下鉄空港線「東比恵」徒歩13分,71.7,3LDK,1994年7月,https://suumo.jp//ms/chuko/fukuoka/sc_fukuokashihakata/nc_20446736/,東比恵,地下鉄空港線,13,1994-07-01,32,20446736
ツインタワー空港通り,3599,福岡県福岡市博多区豊１-1-17,地下鉄空港線「東比恵」徒歩12分,71.7,3LDK,1994年7月,https://suumo.jp//ms/chuko/fukuoka/sc_fukuokashihakata/nc_79198729/,東比恵,地下鉄空港線,12,1994-07-01,32,79198729
ツインタワー空港通り,3599,福岡県福岡市博多区豊１-1-17,地下鉄空港線「東比恵」徒歩13分,71.7,3LDK,1994年7月,https://suumo.jp//ms/chuko/fukuoka/sc_fukuokashihakata/nc_20421796/,東比恵,地下鉄空港線,13,1994-07-01,32,20421796
ツインタワー空港通り,3599,福岡県福岡市博多区豊１-1-17,地下鉄空港線「東比恵」徒歩12分,71.7,3LDK,1994年7月,https://suumo.jp//ms/chuko/fukuoka/sc_fukuokashihakata/nc_79093684/,東比恵,地下鉄空港線,12,1994-07-01,32,79093684
ツインタワー空港通り,3599,福岡県福岡市博多区豊１,地下鉄空港線「東比恵」徒歩12分,71.7,3LDK,1994年7月,https://suumo.jp//ms/chuko/fukuoka/sc_fukuokashihakata/nc_20622035/,東比恵,地下鉄空港線,12,1994-07-01,32,20622035
藤和櫻坂ホームズ,3600,福岡県福岡市中央区桜坂２,地下鉄七隈線「桜坂」徒歩6分,68.91,3LDK,1995年11月,https://suumo.jp//ms/chuko/fukuoka/sc_fukuokashichuo/nc_20484350/,桜坂,地下鉄七隈線,6,1995-11-01,31,20484350
シャンボール舞鶴,3680,福岡県福岡市中央区舞鶴２,地下鉄空港線「赤坂」徒歩3分,56.7,1LDK+S（納戸）,1979年4月,https://suumo.jp//ms/chuko/fukuoka/sc_fukuokashichuo/nc_79039453/,赤坂,地下鉄空港線,3,1979-04-01,47,79039453
平尾ハウス,3680,福岡県福岡市中央区平尾１,西鉄天神大牟田線「薬院」徒歩7分,79.05,2LDK,1980年4月,https://suumo.jp//ms/chuko/fukuoka/sc_fukuokashichuo/nc_20450630/,薬院,西鉄天神大牟田線,7,1980-04-01,46,20450630
ネオハイツ薬院,3680,福岡県福岡市中央区薬院３,地下鉄七隈線「薬院」徒歩5分,79.38,2LDK+S（納戸）,1986年3月,https://suumo.jp//ms/chuko/fukuoka/sc_fukuokashichuo/nc_20540186/,薬院,地下鉄七隈線,5,1986-03-01,40,20540186
シティオ鳥飼,3680,福岡県福岡市城南区鳥飼５,地下鉄七隈線「六本松」徒歩5分,66.69,3LDK,1996年3月,https://suumo.jp//ms/chuko/fukuoka/sc_fukuokashijonan/nc_77963044/,六本松,地下鉄七隈線,5,1996-03-01,30,77963044
藤和コープソシエ大名,3680,福岡県福岡市中央区大名１,地下鉄七隈線「天神南」徒歩8分,67.0,2LDK,1979年11月,https://suumo.jp//ms/chuko/fukuoka/sc_fukuokashichuo/nc_20577813/,天神南,地下鉄七隈線,8,1979-11-01,47,20577813
パークハイツ赤坂,3680,福岡県福岡市中央区赤坂２,地下鉄空港線「赤坂」徒歩14分,70.01,2LDK,1979年1月,https://suumo.jp//ms/chuko/fukuoka/sc_fukuokashichuo/nc_78748147/,赤坂,地下鉄空港線,14,1979-01-01,47,78748147
朝日プラザ大濠,3680,福岡県福岡市中央区草香江２,地下鉄七隈線「六本松」徒歩5分,69.12,3LDK,1983年2月,https://suumo.jp//ms/chuko/fukuoka/sc_fukuokashichuo/nc_20490588/,六本松,地下鉄七隈線,5,1983-02-01,43,20490588
藤和コープソシエ大名,3680,福岡県福岡市中央区大名１-1-35,地下鉄七隈線「天神南」徒歩8分,67.0,2LDK,1979年11月,https://suumo.jp//ms/chuko/fukuoka/sc_fukuokashichuo/nc_78724447/,天神南,地下鉄七隈線,8,1979-11-01,47,78724447
オープンレジデンシア薬院南,3690,福岡県福岡市中央区平尾３,西鉄天神大牟田線「薬院」徒歩8分,39.99,1LDK,2022年8月,https://suumo.jp//ms/chuko/fukuoka/sc_fukuokashichuo/nc_20586988/,薬院,西鉄天神大牟田線,8,2022-08-01,4,20586988
のむら祖原公園ヒルズ,3698,福岡県福岡市早良区昭代１,地下鉄空港線「西新」徒歩14分,70.07,3LDK,1996年8月,https://suumo.jp//ms/chuko/fukuoka/sc_fukuokashisawara/nc_78789979/,西新,地下鉄空港線,14,1996-08-01,30,78789979
ラフィネスシャトードゥ赤坂,3699,福岡県福岡市中央区大手門１,地下鉄空港線「赤坂」徒歩7分,32.81,1LDK,2002年6月,https://suumo.jp//ms/chuko/fukuoka/sc_fukuokashichuo/nc_20543911/,赤坂,地下鉄空港線,7,2002-06-01,24,20543911
ラフィネスシャトードゥ赤坂,3699,福岡県福岡市中央区大手門１,地下鉄空港線「赤坂」徒歩7分,32.81,1LDK,2002年6月,https://suumo.jp//ms/chuko/fukuoka/sc_fukuokashichuo/nc_20294623/,赤坂,地下鉄空港線,7,2002-06-01,24,20294623
ラフィネスシャトードゥ赤坂,3699,福岡県福岡市中央区大手門１,地下鉄空港線「赤坂」徒歩7分,32.81,1LDK,2002年6月,https://suumo.jp//ms/chuko/fukuoka/sc_fukuokashichuo/nc_20392329/,赤坂,地下鉄空港線,7,2002-06-01,24,20392329
ロイヤルマンション別府6,3700,福岡県福岡市城南区別府６,地下鉄七隈線「別府」徒歩7分,81.19,4LDK,1994年11月,https://suumo.jp//ms/chuko/fukuoka/sc_fukuokashijonan/nc_77800156/,別府,地下鉄七隈線,7,1994-11-01,32,77800156
ロイヤルマンション別府6,3700,福岡県福岡市城南区別府６,地下鉄七隈線「別府」徒歩6分,81.19,4LDK,1994年11月,https://suumo.jp//ms/chuko/fukuoka/sc_fukuokashijonan/nc_77585206/,別府,地下鉄七隈線,6,1994-11-01,32,77585206
ロイヤルマンション別府六,3700,福岡県福岡市城南区別府６,地下鉄七隈線「別府」徒歩7分,81.19,4LDK,1994年11月,https://suumo.jp//ms/chuko/fukuoka/sc_fukuokashijonan/nc_77737101/,別府,地下鉄七隈線,7,1994-11-01,32,77737101
ロイヤルマンション別府六,3700,福岡県福岡市城南区別府６,地下鉄七隈線「別府」徒歩6分,81.19,4LDK,1994年11月,https://suumo.jp//ms/chuko/fukuoka/sc_fukuokashijonan/nc_20451508/,別府,地下鉄七隈線,6,1994-11-01,32,20451508
朝日プラザ大濠,3750,福岡県福岡市中央区草香江２,地下鉄七隈線「六本松」徒歩4分,69.12,3LDK,1983年2月,https://suumo.jp//ms/chuko/fukuoka/sc_fukuokashichuo/nc_20449512/,六本松,地下鉄七隈線,4,1983-02-01,43,20449512
KBCマンションユーハイム百道,3750,福岡県福岡市早良区百道１,地下鉄空港線「藤崎」徒歩6分,83.47,3LDK,1986年11月,https://suumo.jp//ms/chuko/fukuoka/sc_fukuokashisawara/nc_78108711/,藤崎,地下鉄空港線,6,1986-11-01,40,78108711
ＫＢＣマンションユーハイム百道,3750,福岡県福岡市早良区百道１,地下鉄空港線「藤崎」徒歩6分,83.47,3LDK,1986年11月,https://suumo.jp//ms/chuko/fukuoka/sc_fukuokashisawara/nc_79176144/,藤崎,地下鉄空港線,6,1986-11-01,40,79176144
オープンレジデンシア天神今泉,3750,福岡県福岡市中央区今泉２,地下鉄七隈線「薬院大通」徒歩7分,34.12,1LDK,2023年9月,https://suumo.jp//ms/chuko/fukuoka/sc_fukuokashichuo/nc_75894792/,薬院大通,地下鉄七隈線,7,2023-09-01,3,75894792
赤坂エクセル,3780,福岡県福岡市中央区赤坂３-8-26,地下鉄空港線「赤坂」徒歩11分,99.0,1LDK,1974年11月,https://suumo.jp//ms/chuko/fukuoka/sc_fukuokashichuo/nc_79155392/,赤坂,地下鉄空港線,11,1974-11-01,52,79155392
ステイツ天神,3780,福岡県福岡市中央区警固１-6-41,地下鉄七隈線「薬院大通」徒歩9分,46.8,2LDK,1990年10月,https://suumo.jp//ms/chuko/fukuoka/sc_fukuokashichuo/nc_20458386/,薬院大通,地下鉄七隈線,9,1990-10-01,36,20458386
鳥飼第二パインマンション,3780,福岡県福岡市城南区鳥飼４,地下鉄七隈線「別府」徒歩8分,86.52,4LDK,1986年7月,https://suumo.jp//ms/chuko/fukuoka/sc_fukuokashijonan/nc_20237741/,別府,地下鉄七隈線,8,1986-07-01,40,20237741
星和今泉コーポラス,3780,福岡県福岡市中央区今泉２,地下鉄七隈線「薬院大通」徒歩7分,88.0,3LDK,1982年2月,https://suumo.jp//ms/chuko/fukuoka/sc_fukuokashichuo/nc_78533278/,薬院大通,地下鉄七隈線,7,1982-02-01,44,78533278
オープンレジデンシア渡辺通南,3800,福岡県福岡市中央区清川２,地下鉄七隈線「渡辺通」徒歩10分,38.25,1LDK,2024年9月,https://suumo.jp//ms/chuko/fukuoka/sc_fukuokashichuo/nc_78135127/,渡辺通,地下鉄七隈線,10,2024-09-01,2,78135127
オープンレジデンシア薬院二丁目,3800,福岡県福岡市中央区薬院２,地下鉄七隈線「薬院大通」徒歩3分,34.31,1LDK,2023年2月,https://suumo.jp//ms/chuko/fukuoka/sc_fukuokashichuo/nc_75193496/,薬院大通,地下鉄七隈線,3,2023-02-01,3,75193496
オープンレジデンシア大濠公園,3850,福岡県福岡市中央区大手門２,地下鉄空港線「大濠公園」徒歩5分,34.78,1LDK,2023年4月,https://suumo.jp//ms/chuko/fukuoka/sc_fukuokashichuo/nc_20054950/,大濠公園,地下鉄空港線,5,2023-04-01,3,20054950
ミスモ天神,3880,福岡県福岡市中央区渡辺通２,地下鉄七隈線「薬院」徒歩4分,33.37,1LDK,2023年3月,https://suumo.jp//ms/chuko/fukuoka/sc_fukuokashichuo/nc_78551396/,薬院,地下鉄七隈線,4,2023-03-01,3,78551396
トーカンマンション今泉,3880,福岡県福岡市中央区今泉１,地下鉄七隈線「天神南」徒歩7分,78.26,3LDK,1980年6月,https://suumo.jp//ms/chuko/fukuoka/sc_fukuokashichuo/nc_20219578/,天神南,地下鉄七隈線,7,1980-06-01,46,20219578
サンシティ鳥飼,3899,福岡県福岡市城南区鳥飼４-9-3,地下鉄七隈線「別府」徒歩10分,68.48,3LDK,1994年3月,https://suumo.jp//ms/chuko/fukuoka/sc_fukuokashijonan/nc_78239404/,別府,地下鉄七隈線,10,1994-03-01,32,78239404
サンシティ鳥飼,3899,福岡県福岡市城南区鳥飼４-9-3,地下鉄七隈線「別府」徒歩9分,68.49,3LDK,1994年3月,https://suumo.jp//ms/chuko/fukuoka/sc_fukuokashijonan/nc_20164538/,別府,地下鉄七隈線,9,1994-03-01,32,20164538
サンシティ鳥飼,3899,福岡県福岡市城南区鳥飼４,地下鉄七隈線「別府」徒歩12分,68.48,3LDK,1994年3月,https://suumo.jp//ms/chuko/fukuoka/sc_fukuokashijonan/nc_79210134/,別府,地下鉄七隈線,12,1994-03-01,32,79210134
【リフォーム完了しました☆彡】サンシティ鳥飼,3899,福岡県福岡市城南区鳥飼４-9-3,地下鉄七隈線「別府」徒歩10分,68.48,3LDK,1994年3月,https://suumo.jp//ms/chuko/fukuoka/sc_fukuokashijonan/nc_78214946/,別府,地下鉄七隈線,10,1994-03-01,32,78214946
サンシティ鳥飼◆☆全室リフォーム済み☆◆,3899,福岡県福岡市城南区鳥飼４,地下鉄七隈線「別府」徒歩10分,68.48,3LDK,1994年3月,https://suumo.jp//ms/chuko/fukuoka/sc_fukuokashijonan/nc_78963294/,別府,地下鉄七隈線,10,1994-03-01,32,78963294
サンシティ鳥飼,3899,福岡県福岡市城南区鳥飼４-9,地下鉄七隈線「別府」徒歩10分,68.48,3LDK,1994年3月,https://suumo.jp//ms/chuko/fukuoka/sc_fukuokashijonan/nc_20445475/,別府,地下鉄七隈線,10,1994-03-01,32,20445475
サンシティ鳥飼,3899,福岡県福岡市城南区鳥飼４-9-3,地下鉄七隈線「別府」徒歩10分,68.48,3LDK,1994年3月,https://suumo.jp//ms/chuko/fukuoka/sc_fukuokashijonan/nc_20532587/,別府,地下鉄七隈線,10,1994-03-01,32,20532587
サンシティ鳥飼,3899,福岡県福岡市城南区鳥飼４,地下鉄七隈線「別府」徒歩9分,68.48,3LDK,1994年3月,https://suumo.jp//ms/chuko/fukuoka/sc_fukuokashijonan/nc_78268682/,別府,地下鉄七隈線,9,1994-03-01,32,78268682
サンシティ鳥飼,3899,福岡県福岡市城南区鳥飼４-9-3,地下鉄七隈線「別府」徒歩11分,68.48,3LDK,1994年3月,https://suumo.jp//ms/chuko/fukuoka/sc_fukuokashijonan/nc_79013671/,別府,地下鉄七隈線,11,1994-03-01,32,79013671
サンシティ鳥飼,3899,福岡県福岡市城南区鳥飼４,地下鉄七隈線「別府」徒歩8分,68.48,3LDK,1994年3月,https://suumo.jp//ms/chuko/fukuoka/sc_fukuokashijonan/nc_79215684/,別府,地下鉄七隈線,8,1994-03-01,32,79215684
サンライフ六本松,3980,福岡県福岡市中央区草香江２,地下鉄七隈線「六本松」徒歩2分,60.02,1LDK+S（納戸）,1984年5月,https://suumo.jp//ms/chuko/fukuoka/sc_fukuokashichuo/nc_20062724/,六本松,地下鉄七隈線,2,1984-05-01,42,20062724
エスポワール浄水通り,3980,福岡県福岡市中央区薬院４,地下鉄七隈線「薬院大通」徒歩4分,68.25,3LDK,1984年11月,https://suumo.jp//ms/chuko/fukuoka/sc_fukuokashichuo/nc_78988985/,薬院大通,地下鉄七隈線,4,1984-11-01,42,78988985
ふよう駅東ハイツ,3980,福岡県福岡市博多区博多駅東１,ＪＲ鹿児島本線「博多」徒歩8分,69.39,3LDK,1982年6月,https://suumo.jp//ms/chuko/fukuoka/sc_fukuokashihakata/nc_20496071/,博多,ＪＲ鹿児島本線,8,1982-06-01,44,20496071
コアマンション祖原公園,3980,福岡県福岡市早良区昭代１,地下鉄空港線「西新」徒歩15分,71.8,2LDK,1999年5月,https://suumo.jp//ms/chuko/fukuoka/sc_fukuokashisawara/nc_77631768/,西新,地下鉄空港線,15,1999-05-01,27,77631768
ＫＢＣマンションユーハイム赤坂南,3980,福岡県福岡市中央区警固２,地下鉄七隈線「薬院大通」徒歩7分,84.87,2LDK,1986年2月,https://suumo.jp//ms/chuko/fukuoka/sc_fukuokashichuo/nc_79226603/,薬院大通,地下鉄七隈線,7,1986-02-01,40,79226603
ＫＢＣマンションユーハイム赤坂南,3980,福岡県福岡市中央区警固２,地下鉄七隈線「薬院大通」徒歩7分,84.87,2LDK,1986年2月,https://suumo.jp//ms/chuko/fukuoka/sc_fukuokashichuo/nc_78851188/,薬院大通,地下鉄七隈線,7,1986-02-01,40,78851188
モントーレヴェルキューブシティ福岡空港駅,3980,福岡県糟屋郡志免町別府西３,地下鉄空港線「福岡空港」徒歩11分,79.29,4LDK,2010年2月,https://suumo.jp//ms/chuko/fukuoka/sc_kasuyagunshime/nc_20250627/,福岡空港,地下鉄空港線,11,2010-02-01,16,20250627
日商岩井今泉マンション,3980,福岡県福岡市中央区今泉２,地下鉄七隈線「薬院大通」徒歩7分,78.75,3LDK,1974年7月,https://suumo.jp//ms/chuko/fukuoka/sc_fukuokashichuo/nc_20352263/,薬院大通,地下鉄七隈線,7,1974-07-01,52,20352263
赤坂エクセル,3990,福岡県福岡市中央区赤坂３,地下鉄空港線「赤坂」徒歩12分,95.28,1LDK+S（納戸）,1974年11月,https://suumo.jp//ms/chuko/fukuoka/sc_fukuokashichuo/nc_20178299/,赤坂,地下鉄空港線,12,1974-11-01,52,20178299
ジョイナス天神タワー,3999,福岡県福岡市博多区対馬小路,地下鉄空港線「中洲川端」徒歩10分,56.14,2LDK,1997年1月,https://suumo.jp//ms/chuko/fukuoka/sc_fukuokashihakata/nc_20320416/,中洲川端,地下鉄空港線,10,1997-01-01,29,20320416
ジョイナス天神タワー,3999,福岡県福岡市博多区対馬小路,地下鉄空港線「中洲川端」徒歩11分,56.14,2LDK,1997年1月,https://suumo.jp//ms/chuko/fukuoka/sc_fukuokashihakata/nc_78288595/,中洲川端,地下鉄空港線,11,1997-01-01,29,78288595
ジョイナス天神タワー,3999,福岡県福岡市博多区対馬小路,地下鉄空港線「中洲川端」徒歩12分,56.14,2LDK,1997年1月,https://suumo.jp//ms/chuko/fukuoka/sc_fukuokashihakata/nc_20414709/,中洲川端,地下鉄空港線,12,1997-01-01,29,20414709
サンシティ鳥飼,3999,福岡県福岡市城南区鳥飼４-9-3,地下鉄七隈線「別府」徒歩11分,64.48,3LDK,1994年3月,https://suumo.jp//ms/chuko/fukuoka/sc_fukuokashijonan/nc_20371760/,別府,地下鉄七隈線,11,1994-03-01,32,20371760
ジョイナス天神タワー,3999,福岡県福岡市博多区対馬小路12,地下鉄空港線「天神」徒歩14分,56.14,2LDK,1997年1月,https://suumo.jp//ms/chuko/fukuoka/sc_fukuokashihakata/nc_78365855/,天神,地下鉄空港線,14,1997-01-01,29,78365855
ジョイナス天神タワー,3999,福岡県福岡市博多区対馬小路,地下鉄空港線「天神」徒歩14分,56.14,2LDK,1997年1月,https://suumo.jp//ms/chuko/fukuoka/sc_fukuokashihakata/nc_78770495/,天神,地下鉄空港線,14,1997-01-01,29,78770495
ジョイナス天神タワー,3999,福岡県福岡市博多区対馬小路,地下鉄空港線「中洲川端」徒歩11分,56.14,2LDK,1997年1月,https://suumo.jp//ms/chuko/fukuoka/sc_fukuokashihakata/nc_78349546/,中洲川端,地下鉄空港線,11,1997-01-01,29,78349546
ジョイナス天神タワー◆☆上質なデザイン空間☆◆,3999,福岡県福岡市博多区対馬小路,地下鉄空港線「中洲川端」徒歩11分,56.14,2LDK,1997年1月,https://suumo.jp//ms/chuko/fukuoka/sc_fukuokashihakata/nc_78642820/,中洲川端,地下鉄空港線,11,1997-01-01,29,78642820
ジョイナス天神タワー,3999,福岡県福岡市博多区対馬小路12-20,地下鉄空港線「中洲川端」徒歩11分,56.14,2LDK,1997年1月,https://suumo.jp//ms/chuko/fukuoka/sc_fukuokashihakata/nc_78774527/,中洲川端,地下鉄空港線,11,1997-01-01,29,78774527
ジョイナス天神タワー,3999,福岡県福岡市博多区対馬小路12-20,地下鉄空港線「中洲川端」徒歩12分,56.14,2LDK,1997年1月,https://suumo.jp//ms/chuko/fukuoka/sc_fukuokashihakata/nc_20582536/,中洲川端,地下鉄空港線,12,1997-01-01,29,20582536
ジョイナス天神タワー　フルリノベーション物件,3999,福岡県福岡市博多区対馬小路,地下鉄空港線「中洲川端」徒歩11分,56.14,2LDK,1997年1月,https://suumo.jp//ms/chuko/fukuoka/sc_fukuokashihakata/nc_78588120/,中洲川端,地下鉄空港線,11,1997-01-01,29,78588120
ジョイナス天神タワー,3999,福岡県福岡市博多区対馬小路12-20,地下鉄空港線「中洲川端」徒歩11分,56.14,2LDK,1997年1月,https://suumo.jp//ms/chuko/fukuoka/sc_fukuokashihakata/nc_78335800/,中洲川端,地下鉄空港線,11,1997-01-01,29,78335800
オープンレジデンシア博多駅南,4080,福岡県福岡市博多区博多駅南２,ＪＲ鹿児島本線「博多」徒歩11分,34.58,1DK,2024年8月,https://suumo.jp//ms/chuko/fukuoka/sc_fukuokashihakata/nc_20408895/,博多,ＪＲ鹿児島本線,11,2024-08-01,2,20408895
オープンレジデンシア博多住吉,4120,福岡県福岡市博多区住吉２,地下鉄空港線「博多」徒歩9分,38.65,1LDK,2023年8月,https://suumo.jp//ms/chuko/fukuoka/sc_fukuokashihakata/nc_78348132/,博多,地下鉄空港線,9,2023-08-01,3,78348132
アンピール百年橋,4180,福岡県福岡市中央区清川３,地下鉄七隈線「渡辺通」徒歩14分,70.11,3LDK,1995年8月,https://suumo.jp//ms/chuko/fukuoka/sc_fukuokashichuo/nc_20344675/,渡辺通,地下鉄七隈線,14,1995-08-01,31,20344675
パーク・サンリヤン博多の森Ⅴ番館,4180,福岡県糟屋郡志免町別府西２,地下鉄空港線「福岡空港」徒歩12分,85.36,4LDK,2017年2月,https://suumo.jp//ms/chuko/fukuoka/sc_kasuyagunshime/nc_20033645/,福岡空港,地下鉄空港線,12,2017-02-01,9,20033645
サングレート別府の杜アルカンフォール,4180,福岡県福岡市城南区別府団地10-1,地下鉄七隈線「六本松」徒歩9分,62.83,2LDK,2010年3月,https://suumo.jp//ms/chuko/fukuoka/sc_fukuokashijonan/nc_20602081/,六本松,地下鉄七隈線,9,2010-03-01,16,20602081
グリーンマンション平尾,4180,福岡県福岡市中央区平尾２,地下鉄七隈線「薬院」徒歩13分,71.38,3LDK,1996年4月,https://suumo.jp//ms/chuko/fukuoka/sc_fukuokashichuo/nc_20461596/,薬院,地下鉄七隈線,13,1996-04-01,30,20461596
オープンレジデンシア博多住吉,4190,福岡県福岡市博多区住吉２,地下鉄七隈線「櫛田神社前」徒歩6分,38.65,1LDK,2023年9月,https://suumo.jp//ms/chuko/fukuoka/sc_fukuokashihakata/nc_77553274/,櫛田神社前,地下鉄七隈線,6,2023-09-01,3,77553274
オープンレジデンシア博多住吉,4190,福岡県福岡市博多区住吉２,ＪＲ鹿児島本線「博多」徒歩11分,38.65,1LDK,2023年8月,https://suumo.jp//ms/chuko/fukuoka/sc_fukuokashihakata/nc_78667477/,博多,ＪＲ鹿児島本線,11,2023-08-01,3,78667477
ネオグランデ六本松ヒルズ,4200,福岡県福岡市中央区六本松３-11-12,地下鉄七隈線「六本松」徒歩6分,78.14,3LDK,1999年9月,https://suumo.jp//ms/chuko/fukuoka/sc_fukuokashichuo/nc_78147889/,六本松,地下鉄七隈線,6,1999-09-01,27,78147889
オープンレジデンシア大濠公園,4250,福岡県福岡市中央区大手門２,地下鉄空港線「大濠公園」徒歩5分,34.78,1LDK,2023年4月,https://suumo.jp//ms/chuko/fukuoka/sc_fukuokashichuo/nc_20576519/,大濠公園,地下鉄空港線,5,2023-04-01,3,20576519
イニシアイオ大名,4280,福岡県福岡市中央区大名１-9-4,地下鉄空港線「赤坂」徒歩5分,45.0,1LDK,2008年1月,https://suumo.jp//ms/chuko/fukuoka/sc_fukuokashichuo/nc_20410240/,赤坂,地下鉄空港線,5,2008-01-01,18,20410240
エンゼルハイム大濠公園南,4280,福岡県福岡市城南区鳥飼６,地下鉄七隈線「別府」徒歩4分,93.74,4LDK,1990年5月,https://suumo.jp//ms/chuko/fukuoka/sc_fukuokashijonan/nc_77475285/,別府,地下鉄七隈線,4,1990-05-01,36,77475285
パーク・サンリヤン博多の森Ⅰ・Ⅱ番館,4280,福岡県糟屋郡志免町別府西２,地下鉄空港線「福岡空港」徒歩10分,82.19,3LDK,2003年3月,https://suumo.jp//ms/chuko/fukuoka/sc_kasuyagunshime/nc_78809967/,福岡空港,地下鉄空港線,10,2003-03-01,23,78809967
アートウィル赤坂,4280,福岡県福岡市中央区赤坂３,地下鉄七隈線「桜坂」徒歩9分,65.61,3LDK,1994年10月,https://suumo.jp//ms/chuko/fukuoka/sc_fukuokashichuo/nc_79112729/,桜坂,地下鉄七隈線,9,1994-10-01,32,79112729
アクロス大濠公園グランビュー,4280,福岡県福岡市中央区黒門,地下鉄空港線「唐人町」徒歩3分,37.11,1LDK,2025年2月,https://suumo.jp//ms/chuko/fukuoka/sc_fukuokashichuo/nc_20401004/,唐人町,地下鉄空港線,3,2025-02-01,1,20401004
サンライフ六本松,4280,福岡県福岡市中央区草香江２,地下鉄七隈線「六本松」徒歩2分,60.48,1LDK,1984年5月,https://suumo.jp//ms/chuko/fukuoka/sc_fukuokashichuo/nc_20483259/,六本松,地下鉄七隈線,2,1984-05-01,42,20483259
ジョイナス天神タワー,4298,福岡県福岡市博多区対馬小路,地下鉄空港線「中洲川端」徒歩11分,72.59,3LDK,1997年1月,https://suumo.jp//ms/chuko/fukuoka/sc_fukuokashihakata/nc_20390570/,中洲川端,地下鉄空港線,11,1997-01-01,29,20390570
モントーレ東比恵クレア,4299,福岡県福岡市博多区東比恵３-19-10,地下鉄空港線「東比恵」徒歩2分,42.77,1LDK,2019年2月,https://suumo.jp//ms/chuko/fukuoka/sc_fukuokashihakata/nc_20082171/,東比恵,地下鉄空港線,2,2019-02-01,7,20082171
モントーレ東比恵クレア,4299,福岡県福岡市博多区東比恵３,地下鉄空港線「東比恵」徒歩3分,42.77,1LDK,2019年2月,https://suumo.jp//ms/chuko/fukuoka/sc_fukuokashihakata/nc_20106814/,東比恵,地下鉄空港線,3,2019-02-01,7,20106814
モントーレ東比恵クレア,4299,福岡県福岡市博多区東比恵３-19-10,地下鉄空港線「東比恵」徒歩3分,42.77,1LDK,2019年2月,https://suumo.jp//ms/chuko/fukuoka/sc_fukuokashihakata/nc_79198730/,東比恵,地下鉄空港線,3,2019-02-01,7,79198730
モントーレ東比恵クレア,4299,福岡県福岡市博多区東比恵３,地下鉄空港線「東比恵」徒歩2分,42.77,1LDK,2019年2月,https://suumo.jp//ms/chuko/fukuoka/sc_fukuokashihakata/nc_79199369/,東比恵,地下鉄空港線,2,2019-02-01,7,79199369
モントーレ東比恵クレア,4299,福岡県福岡市博多区東比恵３,地下鉄空港線「東比恵」徒歩3分,42.77,1LDK,2019年2月,https://suumo.jp//ms/chuko/fukuoka/sc_fukuokashihakata/nc_20590555/,東比恵,地下鉄空港線,3,2019-02-01,7,20590555
モントーレ東比恵クレア,4299,福岡県福岡市博多区東比恵３,地下鉄空港線「東比恵」徒歩5分,42.77,1LDK+S（納戸）,1988年5月,https://suumo.jp//ms/chuko/fukuoka/sc_fukuokashihakata/nc_20495376/,東比恵,地下鉄空港線,5,1988-05-01,38,20495376
モントーレ東比恵クレア,4299,福岡県福岡市博多区東比恵３-19-10,地下鉄空港線「東比恵」徒歩2分,42.77,1LDK,2019年3月,https://suumo.jp//ms/chuko/fukuoka/sc_fukuokashihakata/nc_20532606/,東比恵,地下鉄空港線,2,2019-03-01,7,20532606
モントーレ東比恵クレア【担当：鍋嶋】　までお気軽にお…,4299,福岡県福岡市博多区東比恵３,地下鉄空港線「東比恵」徒歩2分,42.77,1LDK,2019年2月,https://suumo.jp//ms/chuko/fukuoka/sc_fukuokashihakata/nc_79194902/,東比恵,地下鉄空港線,2,2019-02-01,7,79194902
シティライフ山王公園南,4299,福岡県福岡市博多区半道橋１,地下鉄空港線「東比恵」徒歩15分,80.16,4LDK,1999年2月,https://suumo.jp//ms/chuko/fukuoka/sc_fukuokashihakata/nc_20264144/,東比恵,地下鉄空港線,15,1999-02-01,27,20264144
ブラントン薬院,4350,福岡県福岡市中央区薬院３,西鉄天神大牟田線「薬院」徒歩3分,34.31,1LDK,2023年1月,https://suumo.jp//ms/chuko/fukuoka/sc_fukuokashichuo/nc_79111834/,薬院,西鉄天神大牟田線,3,2023-01-01,3,79111834
オープンレジデンシア薬院二丁目,4350,福岡県福岡市中央区薬院２,西鉄天神大牟田線「薬院」徒歩9分,34.21,1LDK,2023年1月,https://suumo.jp//ms/chuko/fukuoka/sc_fukuokashichuo/nc_20642323/,薬院,西鉄天神大牟田線,9,2023-01-01,3,20642323
リーベスト鳥飼,4370,福岡県福岡市城南区鳥飼５,地下鉄七隈線「別府」徒歩5分,80.2,4LDK,1996年9月,https://suumo.jp//ms/chuko/fukuoka/sc_fukuokashijonan/nc_20577794/,別府,地下鉄七隈線,5,1996-09-01,30,20577794
藤崎ロジュマン,4380,福岡県福岡市早良区昭代３,地下鉄空港線「藤崎」徒歩13分,82.76,4LDK,1988年3月,https://suumo.jp//ms/chuko/fukuoka/sc_fukuokashisawara/nc_20214981/,藤崎,地下鉄空港線,13,1988-03-01,38,20214981
藤崎ロジュマン,4380,福岡県福岡市早良区昭代３,地下鉄空港線「藤崎」徒歩10分,82.76,4LDK,1988年3月,https://suumo.jp//ms/chuko/fukuoka/sc_fukuokashisawara/nc_78457540/,藤崎,地下鉄空港線,10,1988-03-01,38,78457540
ネオハイツ薬院,4380,福岡県福岡市中央区薬院３,西鉄天神大牟田線「薬院」徒歩5分,65.7,2LDK,1986年3月,https://suumo.jp//ms/chuko/fukuoka/sc_fukuokashichuo/nc_20577800/,薬院,西鉄天神大牟田線,5,1986-03-01,40,20577800
藤崎ロジュマン,4380,福岡県福岡市早良区昭代３,地下鉄空港線「藤崎」徒歩11分,82.76,4LDK,1988年3月,https://suumo.jp//ms/chuko/fukuoka/sc_fukuokashisawara/nc_79053877/,藤崎,地下鉄空港線,11,1988-03-01,38,79053877
藤崎ロジュマン,4380,福岡県福岡市早良区昭代３-9-5,地下鉄空港線「藤崎」徒歩13分,82.76,4LDK,1988年3月,https://suumo.jp//ms/chuko/fukuoka/sc_fukuokashisawara/nc_20429318/,藤崎,地下鉄空港線,13,1988-03-01,38,20429318
サーパス城南,4380,福岡県福岡市城南区田島１,地下鉄七隈線「別府」徒歩12分,78.98,3LDK,2007年1月,https://suumo.jp//ms/chuko/fukuoka/sc_fukuokashijonan/nc_20593776/,別府,地下鉄七隈線,12,2007-01-01,19,20593776
クリオ渡辺通アーバンマークス,4380,福岡県福岡市中央区清川２,地下鉄七隈線「渡辺通」徒歩9分,44.58,2LDK,2023年2月,https://suumo.jp//ms/chuko/fukuoka/sc_fukuokashichuo/nc_79085867/,渡辺通,地下鉄七隈線,9,2023-02-01,3,79085867
アンピール別府Ⅱ,4380,福岡県福岡市城南区別府３,地下鉄七隈線「別府」徒歩3分,66.29,3LDK,1993年8月,https://suumo.jp//ms/chuko/fukuoka/sc_fukuokashijonan/nc_20451509/,別府,地下鉄七隈線,3,1993-08-01,33,20451509
リファレンス天神南,4399,福岡県福岡市中央区清川２-4-9,地下鉄七隈線「渡辺通」徒歩13分,65.32,3LDK,2002年3月,https://suumo.jp//ms/chuko/fukuoka/sc_fukuokashichuo/nc_20272095/,渡辺通,地下鉄七隈線,13,2002-03-01,24,20272095
リファレンス天神南,4399,福岡県福岡市中央区清川２-4-9,地下鉄七隈線「渡辺通」徒歩13分,65.32,3LDK,2002年3月,https://suumo.jp//ms/chuko/fukuoka/sc_fukuokashichuo/nc_20443605/,渡辺通,地下鉄七隈線,13,2002-03-01,24,20443605
リファレンス天神南,4399,福岡県福岡市中央区清川２,地下鉄七隈線「渡辺通」徒歩13分,65.32,3LDK,2002年3月,https://suumo.jp//ms/chuko/fukuoka/sc_fukuokashichuo/nc_20096135/,渡辺通,地下鉄七隈線,13,2002-03-01,24,20096135
エンクレストベイサイド通り,4399,福岡県福岡市博多区築港本町7-14,地下鉄空港線「中洲川端」徒歩12分,54.65,1LDK+S（納戸）,2016年5月,https://suumo.jp//ms/chuko/fukuoka/sc_fukuokashihakata/nc_20420878/,中洲川端,地下鉄空港線,12,2016-05-01,10,20420878
リファレンス天神南,4399,福岡県福岡市中央区清川２,地下鉄七隈線「渡辺通」徒歩12分,65.32,3LDK,2002年3月,https://suumo.jp//ms/chuko/fukuoka/sc_fukuokashichuo/nc_79226606/,渡辺通,地下鉄七隈線,12,2002-03-01,24,79226606
アンピール博多駅,4399,福岡県福岡市博多区堅粕３,ＪＲ鹿児島本線「博多」徒歩14分,73.6,3LDK,1997年10月,https://suumo.jp//ms/chuko/fukuoka/sc_fukuokashihakata/nc_78998938/,博多,ＪＲ鹿児島本線,14,1997-10-01,29,78998938
リファレンス天神南 ２０２,4399,福岡県福岡市中央区清川２,地下鉄七隈線「渡辺通」徒歩13分,65.32,3LDK,2002年3月,https://suumo.jp//ms/chuko/fukuoka/sc_fukuokashichuo/nc_20465479/,渡辺通,地下鉄七隈線,13,2002-03-01,24,20465479
エンクレストベイサイド通り,4399,福岡県福岡市博多区築港本町7-14,地下鉄空港線「中洲川端」徒歩15分,54.02,1LDK,2016年5月,https://suumo.jp//ms/chuko/fukuoka/sc_fukuokashihakata/nc_20582546/,中洲川端,地下鉄空港線,15,2016-05-01,10,20582546
リファレンス天神南,4399,福岡県福岡市中央区清川２,地下鉄七隈線「渡辺通」徒歩13分,65.32,3LDK,2002年3月,https://suumo.jp//ms/chuko/fukuoka/sc_fukuokashichuo/nc_20033456/,渡辺通,地下鉄七隈線,13,2002-03-01,24,20033456
リファレンス天神南,4399,福岡県福岡市中央区清川２-4-9,地下鉄七隈線「渡辺通」徒歩13分,65.32,3LDK,2002年3月,https://suumo.jp//ms/chuko/fukuoka/sc_fukuokashichuo/nc_20213313/,渡辺通,地下鉄七隈線,13,2002-03-01,24,20213313
ダイナコートエスパシオ舞鶴,4400,福岡県福岡市中央区舞鶴２,地下鉄空港線「赤坂」徒歩6分,52.92,2LDK,1996年11月,https://suumo.jp//ms/chuko/fukuoka/sc_fukuokashichuo/nc_20152977/,赤坂,地下鉄空港線,6,1996-11-01,30,20152977
ＭＪＲ博多ザ・レジデンス,4450,福岡県福岡市博多区美野島１,ＪＲ鹿児島本線「博多」徒歩13分,41.57,1LDK,2025年1月,https://suumo.jp//ms/chuko/fukuoka/sc_fukuokashihakata/nc_78569633/,博多,ＪＲ鹿児島本線,13,2025-01-01,1,78569633
デュオヴェール博多駅,4480,福岡県福岡市博多区博多駅東１,ＪＲ鹿児島本線「博多」徒歩8分,43.82,1LDK,2023年6月,https://suumo.jp//ms/chuko/fukuoka/sc_fukuokashihakata/nc_20392505/,博多,ＪＲ鹿児島本線,8,2023-06-01,3,20392505
アルデ別府,4490,福岡県福岡市城南区別府１-16-28,地下鉄七隈線「別府」徒歩6分,107.96,4LDK,2006年1月,https://suumo.jp//ms/chuko/fukuoka/sc_fukuokashijonan/nc_77889490/,別府,地下鉄七隈線,6,2006-01-01,20,77889490
クリオラベルヴィ呉服町,4499,福岡県福岡市博多区下呉服町,地下鉄空港線「中洲川端」徒歩10分,47.0,2LDK,2018年1月,https://suumo.jp//ms/chuko/fukuoka/sc_fukuokashihakata/nc_79233445/,中洲川端,地下鉄空港線,10,2018-01-01,8,79233445
クリオラベルヴィ呉服町,4499,福岡県福岡市博多区下呉服町3-19,地下鉄空港線「中洲川端」徒歩12分,47.0,2LDK,2018年1月,https://suumo.jp//ms/chuko/fukuoka/sc_fukuokashihakata/nc_79081750/,中洲川端,地下鉄空港線,12,2018-01-01,8,79081750
クリオラベルヴィ呉服町,4499,福岡県福岡市博多区下呉服町,地下鉄空港線「中洲川端」徒歩12分,47.0,2LDK,2018年1月,https://suumo.jp//ms/chuko/fukuoka/sc_fukuokashihakata/nc_20443266/,中洲川端,地下鉄空港線,12,2018-01-01,8,20443266
クリオラベルヴィ呉服町,4499,福岡県福岡市博多区下呉服町3-19,地下鉄箱崎線「中洲川端」徒歩12分,47.0,2LDK,2018年1月,https://suumo.jp//ms/chuko/fukuoka/sc_fukuokashihakata/nc_79056015/,中洲川端,地下鉄箱崎線,12,2018-01-01,8,79056015
コスモ博多古門戸,4499,福岡県福岡市博多区古門戸町,地下鉄空港線「中洲川端」徒歩8分,54.49,1LDK+S（納戸）,2003年1月,https://suumo.jp//ms/chuko/fukuoka/sc_fukuokashihakata/nc_20365400/,中洲川端,地下鉄空港線,8,2003-01-01,23,20365400
クリオラベルヴィ呉服町,4499,福岡県福岡市博多区下呉服町3,地下鉄箱崎線「中洲川端」徒歩12分,47.0,2LDK,2018年1月,https://suumo.jp//ms/chuko/fukuoka/sc_fukuokashihakata/nc_20127359/,中洲川端,地下鉄箱崎線,12,2018-01-01,8,20127359
コスモ博多古門戸,4499,福岡県福岡市博多区古門戸町,地下鉄空港線「中洲川端」徒歩9分,54.49,1LDK+S（納戸）,2003年1月,https://suumo.jp//ms/chuko/fukuoka/sc_fukuokashihakata/nc_78770492/,中洲川端,地下鉄空港線,9,2003-01-01,23,78770492
クリオラベルヴィ呉服町,4499,福岡県福岡市博多区下呉服町,地下鉄空港線「中洲川端」徒歩11分,47.0,2LDK,2018年1月,https://suumo.jp//ms/chuko/fukuoka/sc_fukuokashihakata/nc_20465143/,中洲川端,地下鉄空港線,11,2018-01-01,8,20465143
コスモ博多古門戸,4499,福岡県福岡市博多区古門戸町,地下鉄箱崎線「中洲川端」徒歩9分,54.49,1LDK+S（納戸）,2003年1月,https://suumo.jp//ms/chuko/fukuoka/sc_fukuokashihakata/nc_20452096/,中洲川端,地下鉄箱崎線,9,2003-01-01,23,20452096
コスモ博多古門戸,4499,福岡県福岡市博多区古門戸町,地下鉄空港線「中洲川端」徒歩9分,54.49,1LDK+S（納戸）,2003年1月,https://suumo.jp//ms/chuko/fukuoka/sc_fukuokashihakata/nc_20590539/,中洲川端,地下鉄空港線,9,2003-01-01,23,20590539
コスモ博多古門戸,4499,福岡県福岡市博多区古門戸町10-5,地下鉄箱崎線「中洲川端」徒歩9分,54.49,1LDK,2003年1月,https://suumo.jp//ms/chuko/fukuoka/sc_fukuokashihakata/nc_20582537/,中洲川端,地下鉄箱崎線,9,2003-01-01,23,20582537
コスモ博多古門戸,4499,福岡県福岡市博多区古門戸町,地下鉄空港線「中洲川端」徒歩7分,54.49,1LDK+S（納戸）,2003年1月,https://suumo.jp//ms/chuko/fukuoka/sc_fukuokashihakata/nc_78779090/,中洲川端,地下鉄空港線,7,2003-01-01,23,78779090
クリオラベルヴィ呉服町,4499,福岡県福岡市博多区下呉服町,地下鉄箱崎線「中洲川端」徒歩12分,47.0,2LDK,2018年1月,https://suumo.jp//ms/chuko/fukuoka/sc_fukuokashihakata/nc_79082706/,中洲川端,地下鉄箱崎線,12,2018-01-01,8,79082706
コスモ博多古門戸,4499,福岡県福岡市博多区古門戸町10,地下鉄箱崎線「中洲川端」徒歩9分,54.49,1LDK+S（納戸）,2003年1月,https://suumo.jp//ms/chuko/fukuoka/sc_fukuokashihakata/nc_78475513/,中洲川端,地下鉄箱崎線,9,2003-01-01,23,78475513
シティマンション大名,4500,福岡県福岡市中央区大名１,地下鉄空港線「赤坂」徒歩6分,64.98,3LDK,1987年1月,https://suumo.jp//ms/chuko/fukuoka/sc_fukuokashichuo/nc_78307032/,赤坂,地下鉄空港線,6,1987-01-01,39,78307032
ティアラ薬院,4580,福岡県福岡市中央区薬院２,地下鉄七隈線「薬院大通」徒歩3分,87.4,2LDK,1991年12月,https://suumo.jp//ms/chuko/fukuoka/sc_fukuokashichuo/nc_74671558/,薬院大通,地下鉄七隈線,3,1991-12-01,35,74671558
グランディア百道浜通り,4590,福岡県福岡市早良区西新２,地下鉄空港線「西新」徒歩8分,68.66,2LDK,2006年4月,https://suumo.jp//ms/chuko/fukuoka/sc_fukuokashisawara/nc_78646057/,西新,地下鉄空港線,8,2006-04-01,20,78646057
西新防塁パーク・マンション,4598,福岡県福岡市早良区西新７-2-46,地下鉄空港線「藤崎」徒歩7分,65.49,3LDK,1994年7月,https://suumo.jp//ms/chuko/fukuoka/sc_fukuokashisawara/nc_20610563/,藤崎,地下鉄空港線,7,1994-07-01,32,20610563
西新防塁パーク・マンション,4598,福岡県福岡市早良区西新７,地下鉄空港線「藤崎」徒歩7分,65.49,3LDK,1994年7月,https://suumo.jp//ms/chuko/fukuoka/sc_fukuokashisawara/nc_79050689/,藤崎,地下鉄空港線,7,1994-07-01,32,79050689
ダイアパレス大名ガーデン,4599,福岡県福岡市中央区大名１,地下鉄空港線「赤坂」徒歩6分,68.9,3LDK,1987年2月,https://suumo.jp//ms/chuko/fukuoka/sc_fukuokashichuo/nc_78908087/,赤坂,地下鉄空港線,6,1987-02-01,39,78908087
ロイヤルマンション西新,4599,福岡県福岡市早良区祖原23‐20,地下鉄空港線「西新」徒歩12分,84.48,4LDK,1987年11月,https://suumo.jp//ms/chuko/fukuoka/sc_fukuokashisawara/nc_20582566/,西新,地下鉄空港線,12,1987-11-01,39,20582566
ロイヤルマンション西新,4599,福岡県福岡市早良区祖原,地下鉄空港線「西新」徒歩9分,84.48,4LDK,1987年11月,https://suumo.jp//ms/chuko/fukuoka/sc_fukuokashisawara/nc_20596774/,西新,地下鉄空港線,9,1987-11-01,39,20596774
ロイヤルマンション西新,4599,福岡県福岡市早良区祖原23-20,地下鉄空港線「西新」徒歩8分,84.48,4LDK,1987年11月,https://suumo.jp//ms/chuko/fukuoka/sc_fukuokashisawara/nc_20547639/,西新,地下鉄空港線,8,1987-11-01,39,20547639
ロイヤルマンション西新,4599,福岡県福岡市早良区祖原,地下鉄空港線「西新」徒歩8分,84.48,4LDK,1987年11月,https://suumo.jp//ms/chuko/fukuoka/sc_fukuokashisawara/nc_20544576/,西新,地下鉄空港線,8,1987-11-01,39,20544576
コモダスパッソ天神,4600,福岡県福岡市中央区渡辺通５-6-18,地下鉄七隈線「天神南」徒歩3分,64.15,2LDK,2000年10月,https://suumo.jp//ms/chuko/fukuoka/sc_fukuokashichuo/nc_20491037/,天神南,地下鉄七隈線,3,2000-10-01,26,20491037
ソレイユ赤坂南,4680,福岡県福岡市中央区六本松３,地下鉄七隈線「六本松」徒歩9分,75.03,3LDK,1989年10月,https://suumo.jp//ms/chuko/fukuoka/sc_fukuokashichuo/nc_20277705/,六本松,地下鉄七隈線,9,1989-10-01,37,20277705
シティライフ呉服町,4680,福岡県福岡市博多区下呉服町,地下鉄空港線「中洲川端」徒歩13分,64.76,2LDK,2000年2月,https://suumo.jp//ms/chuko/fukuoka/sc_fukuokashihakata/nc_20333444/,中洲川端,地下鉄空港線,13,2000-02-01,26,20333444
ジャルダン大濠,4680,福岡県福岡市中央区草香江２,地下鉄七隈線「六本松」徒歩6分,86.13,3LDK,1981年3月,https://suumo.jp//ms/chuko/fukuoka/sc_fukuokashichuo/nc_20463772/,六本松,地下鉄七隈線,6,1981-03-01,45,20463772
エンクレストベイサイド通り,4699,福岡県福岡市博多区築港本町,地下鉄空港線「中洲川端」徒歩14分,54.65,1LDK+S（納戸）,2016年5月,https://suumo.jp//ms/chuko/fukuoka/sc_fukuokashihakata/nc_20449213/,中洲川端,地下鉄空港線,14,2016-05-01,10,20449213
アルファライフ博多,4699,福岡県福岡市博多区住吉５,ＪＲ鹿児島本線「博多」徒歩14分,53.04,1LDK,2011年3月,https://suumo.jp//ms/chuko/fukuoka/sc_fukuokashihakata/nc_20611107/,博多,ＪＲ鹿児島本線,14,2011-03-01,15,20611107
アルファライフ博多,4699,福岡県福岡市博多区住吉５,ＪＲ鹿児島本線「博多」徒歩14分,53.04,1LDK,2011年3月,https://suumo.jp//ms/chuko/fukuoka/sc_fukuokashihakata/nc_79167310/,博多,ＪＲ鹿児島本線,14,2011-03-01,15,79167310
エンクレストベイサイド通り,4699,福岡県福岡市博多区築港本町7-14,地下鉄空港線「中洲川端」徒歩15分,54.65,1LDK,2016年5月,https://suumo.jp//ms/chuko/fukuoka/sc_fukuokashihakata/nc_20582550/,中洲川端,地下鉄空港線,15,2016-05-01,10,20582550
エンクレストベイサイド通り,4699,福岡県福岡市博多区築港本町,地下鉄空港線「中洲川端」徒歩13分,54.65,1LDK,2016年5月,https://suumo.jp//ms/chuko/fukuoka/sc_fukuokashihakata/nc_78772537/,中洲川端,地下鉄空港線,13,2016-05-01,10,78772537
エンクレストベイサイド通り,4699,福岡県福岡市博多区築港本町7-14,地下鉄空港線「中洲川端」徒歩13分,54.65,1LDK+S（納戸）,2016年5月,https://suumo.jp//ms/chuko/fukuoka/sc_fukuokashihakata/nc_79168977/,中洲川端,地下鉄空港線,13,2016-05-01,10,79168977
アルファライフ博多プレシャス,4699,福岡県福岡市博多区住吉５-5-22,ＪＲ鹿児島本線「博多」徒歩14分,53.04,1LDK,2011年3月,https://suumo.jp//ms/chuko/fukuoka/sc_fukuokashihakata/nc_20582554/,博多,ＪＲ鹿児島本線,14,2011-03-01,15,20582554
アルファライフ博多,4699,福岡県福岡市博多区住吉５-5-22,ＪＲ鹿児島本線「博多」徒歩12分,53.04,1LDK,2011年3月,https://suumo.jp//ms/chuko/fukuoka/sc_fukuokashihakata/nc_20554532/,博多,ＪＲ鹿児島本線,12,2011-03-01,15,20554532
エンクレストベイサイド通り1408号,4699,福岡県福岡市博多区築港本町,地下鉄箱崎線「中洲川端」徒歩15分,54.65,1LDK+S（納戸）,2016年5月,https://suumo.jp//ms/chuko/fukuoka/sc_fukuokashihakata/nc_20301800/,中洲川端,地下鉄箱崎線,15,2016-05-01,10,20301800
エンクレストベイサイド通り,4699,福岡県福岡市博多区築港本町,地下鉄空港線「中洲川端」徒歩13分,54.65,1LDK+S（納戸）,2016年5月,https://suumo.jp//ms/chuko/fukuoka/sc_fukuokashihakata/nc_78937325/,中洲川端,地下鉄空港線,13,2016-05-01,10,78937325
エンクレストベイサイド通り,4699,福岡県福岡市博多区築港本町7,地下鉄箱崎線「中洲川端」徒歩12分,54.65,1LDK,2016年5月,https://suumo.jp//ms/chuko/fukuoka/sc_fukuokashihakata/nc_78957204/,中洲川端,地下鉄箱崎線,12,2016-05-01,10,78957204
エンクレストベイサイド通り,4699,福岡県福岡市博多区築港本町,地下鉄空港線「中洲川端」徒歩14分,54.65,1LDK+S（納戸）,2016年5月,https://suumo.jp//ms/chuko/fukuoka/sc_fukuokashihakata/nc_20590556/,中洲川端,地下鉄空港線,14,2016-05-01,10,20590556
アルファライフ博多,4699,福岡県福岡市博多区住吉５,地下鉄七隈線「博多」徒歩13分,53.04,1LDK,2011年3月,https://suumo.jp//ms/chuko/fukuoka/sc_fukuokashihakata/nc_20155224/,博多,地下鉄七隈線,13,2011-03-01,15,20155224
エンクレストベイサイド通り,4699,福岡県福岡市博多区築港本町,地下鉄空港線「中洲川端」徒歩12分,54.65,1LDK,2016年5月,https://suumo.jp//ms/chuko/fukuoka/sc_fukuokashihakata/nc_79220129/,中洲川端,地下鉄空港線,12,2016-05-01,10,79220129
エンクレストベイサイド通り,4699,福岡県福岡市博多区築港本町,地下鉄空港線「中洲川端」徒歩13分,54.65,1LDK+S（納戸）,2016年6月,https://suumo.jp//ms/chuko/fukuoka/sc_fukuokashihakata/nc_79015073/,中洲川端,地下鉄空港線,13,2016-06-01,10,79015073
エンクレストベイサイド通り,4699,福岡県福岡市博多区築港本町,地下鉄空港線「中洲川端」徒歩13分,54.65,1LDK+S（納戸）,2016年5月,https://suumo.jp//ms/chuko/fukuoka/sc_fukuokashihakata/nc_20594589/,中洲川端,地下鉄空港線,13,2016-05-01,10,20594589
アルファライフ博多,4699,福岡県福岡市博多区住吉５-5-22,ＪＲ篠栗線「博多」徒歩14分,53.04,1LDK,2011年3月,https://suumo.jp//ms/chuko/fukuoka/sc_fukuokashihakata/nc_20163293/,博多,ＪＲ篠栗線,14,2011-03-01,15,20163293
アルファライフ博多,4699,福岡県福岡市博多区住吉５,ＪＲ鹿児島本線「博多」徒歩14分,53.04,1LDK,2011年3月,https://suumo.jp//ms/chuko/fukuoka/sc_fukuokashihakata/nc_20556199/,博多,ＪＲ鹿児島本線,14,2011-03-01,15,20556199
アルファライフ博多,4699,福岡県福岡市博多区住吉５-5-22,ＪＲ鹿児島本線「博多」徒歩14分,53.04,1LDK,2011年3月,https://suumo.jp//ms/chuko/fukuoka/sc_fukuokashihakata/nc_20201860/,博多,ＪＲ鹿児島本線,14,2011-03-01,15,20201860
オープンレジデンシア博多空港通り,4780,福岡県福岡市博多区東光２,ＪＲ鹿児島本線「博多」徒歩9分,48.97,2LDK,2024年7月,https://suumo.jp//ms/chuko/fukuoka/sc_fukuokashihakata/nc_20593483/,博多,ＪＲ鹿児島本線,9,2024-07-01,2,20593483
サングレート博多ロイヤルステージ,4780,福岡県福岡市博多区半道橋１,地下鉄空港線「東比恵」徒歩12分,91.02,4LDK,2012年10月,https://suumo.jp//ms/chuko/fukuoka/sc_fukuokashihakata/nc_78475889/,東比恵,地下鉄空港線,12,2012-10-01,14,78475889
オリエントハイツ別府,4790,福岡県福岡市城南区別府１,地下鉄七隈線「別府」徒歩1分,84.0,3LDK,1990年5月,https://suumo.jp//ms/chuko/fukuoka/sc_fukuokashijonan/nc_20199429/,別府,地下鉄七隈線,1,1990-05-01,36,20199429
インプレスト天神オークタワー,4790,福岡県福岡市中央区長浜２,地下鉄空港線「赤坂」徒歩9分,45.59,2LDK,2020年8月,https://suumo.jp//ms/chuko/fukuoka/sc_fukuokashichuo/nc_20450414/,赤坂,地下鉄空港線,9,2020-08-01,6,20450414
アルファライフ博多,4799,福岡県福岡市博多区住吉５,地下鉄七隈線「博多」徒歩13分,53.04,1LDK,2011年3月,https://suumo.jp//ms/chuko/fukuoka/sc_fukuokashihakata/nc_20554328/,博多,地下鉄七隈線,13,2011-03-01,15,20554328
アルファライフ博多,4799,福岡県福岡市博多区住吉５,ＪＲ鹿児島本線「博多」徒歩14分,53.04,1LDK,2011年3月,https://suumo.jp//ms/chuko/fukuoka/sc_fukuokashihakata/nc_20564572/,博多,ＪＲ鹿児島本線,14,2011-03-01,15,20564572
アルファライフ博多プレシャス,4799,福岡県福岡市博多区住吉５,地下鉄七隈線「博多」徒歩15分,53.04,1LDK,2011年3月,https://suumo.jp//ms/chuko/fukuoka/sc_fukuokashihakata/nc_20590548/,博多,地下鉄七隈線,15,2011-03-01,15,20590548
アルファライフ博多,4799,福岡県福岡市博多区住吉５,ＪＲ鹿児島本線「博多」徒歩13分,53.04,1LDK,2011年3月,https://suumo.jp//ms/chuko/fukuoka/sc_fukuokashihakata/nc_20610221/,博多,ＪＲ鹿児島本線,13,2011-03-01,15,20610221
アルファライフ博多,4799,福岡県福岡市博多区住吉５-5-22,ＪＲ篠栗線「博多」徒歩14分,53.04,1LDK,2011年3月,https://suumo.jp//ms/chuko/fukuoka/sc_fukuokashihakata/nc_20550610/,博多,ＪＲ篠栗線,14,2011-03-01,15,20550610
アルファライフ博多,4799,福岡県福岡市博多区住吉５,ＪＲ鹿児島本線「博多」徒歩14分,53.04,1LDK,2011年3月,https://suumo.jp//ms/chuko/fukuoka/sc_fukuokashihakata/nc_20547474/,博多,ＪＲ鹿児島本線,14,2011-03-01,15,20547474
平尾フェニックスマンション,4850,福岡県福岡市中央区平尾１,西鉄天神大牟田線「薬院」徒歩6分,61.29,3LDK,1991年10月,https://suumo.jp//ms/chuko/fukuoka/sc_fukuokashichuo/nc_20577801/,薬院,西鉄天神大牟田線,6,1991-10-01,35,20577801
ロワールマンション大濠Ⅱ,4880,福岡県福岡市中央区荒戸２,地下鉄空港線「大濠公園」徒歩3分,67.29,2LDK,1986年11月,https://suumo.jp//ms/chuko/fukuoka/sc_fukuokashichuo/nc_20236085/,大濠公園,地下鉄空港線,3,1986-11-01,40,20236085
アーバンパレスアクス大濠Ⅱ,4890,福岡県福岡市中央区荒戸３-3-15,地下鉄空港線「唐人町」徒歩5分,74.2,3LDK,1999年3月,https://suumo.jp//ms/chuko/fukuoka/sc_fukuokashichuo/nc_76431436/,唐人町,地下鉄空港線,5,1999-03-01,27,76431436
オープンレジデンシア天神今泉,4900,福岡県福岡市中央区今泉２,地下鉄七隈線「薬院大通」徒歩6分,46.01,2LDK,2023年9月,https://suumo.jp//ms/chuko/fukuoka/sc_fukuokashichuo/nc_78553902/,薬院大通,地下鉄七隈線,6,2023-09-01,3,78553902
オープンレジデンシア天神今泉,4900,福岡県福岡市中央区今泉２,地下鉄七隈線「薬院大通」徒歩6分,46.01,2LDK,2023年9月,https://suumo.jp//ms/chuko/fukuoka/sc_fukuokashichuo/nc_20317485/,薬院大通,地下鉄七隈線,6,2023-09-01,3,20317485
オープンレジデンシア天神今泉,4900,福岡県福岡市中央区今泉２,地下鉄七隈線「薬院大通」徒歩6分,46.01,2LDK,2023年9月,https://suumo.jp//ms/chuko/fukuoka/sc_fukuokashichuo/nc_20313483/,薬院大通,地下鉄七隈線,6,2023-09-01,3,20313483
サーパス桜坂,4900,福岡県福岡市中央区桜坂３,地下鉄七隈線「桜坂」徒歩5分,71.63,3LDK,2000年6月,https://suumo.jp//ms/chuko/fukuoka/sc_fukuokashichuo/nc_20031460/,桜坂,地下鉄七隈線,5,2000-06-01,26,20031460
オープンレジデンシア天神今泉,4900,福岡県福岡市中央区今泉２,地下鉄七隈線「薬院大通」徒歩6分,46.01,2LDK,2023年9月,https://suumo.jp//ms/chuko/fukuoka/sc_fukuokashichuo/nc_79170354/,薬院大通,地下鉄七隈線,6,2023-09-01,3,79170354
エンゼルハイム鳥飼中央,4980,福岡県福岡市中央区鳥飼１-４－４３,地下鉄空港線「西新」徒歩13分,75.68,3LDK,2001年3月,https://suumo.jp//ms/chuko/fukuoka/sc_fukuokashichuo/nc_78757591/,西新,地下鉄空港線,13,2001-03-01,25,78757591
エンゼルハイム鳥飼中央,4980,福岡県福岡市中央区鳥飼１,地下鉄七隈線「六本松」徒歩15分,75.68,3LDK,2001年3月,https://suumo.jp//ms/chuko/fukuoka/sc_fukuokashichuo/nc_20507192/,六本松,地下鉄七隈線,15,2001-03-01,25,20507192
コモダスパッソ天神,4980,福岡県福岡市中央区渡辺通５,地下鉄七隈線「天神南」徒歩3分,62.44,1LDK+S（納戸）,2000年10月,https://suumo.jp//ms/chuko/fukuoka/sc_fukuokashichuo/nc_20577808/,天神南,地下鉄七隈線,3,2000-10-01,26,20577808
エンゼルハイム鳥飼中央,4980,福岡県福岡市中央区鳥飼１-4-43,地下鉄七隈線「別府」徒歩13分,75.68,3LDK,2001年3月,https://suumo.jp//ms/chuko/fukuoka/sc_fukuokashichuo/nc_20604902/,別府,地下鉄七隈線,13,2001-03-01,25,20604902
アートウィル赤坂,4980,福岡県福岡市中央区赤坂３,地下鉄七隈線「桜坂」徒歩10分,65.61,2LDK,1994年10月,https://suumo.jp//ms/chuko/fukuoka/sc_fukuokashichuo/nc_20272769/,桜坂,地下鉄七隈線,10,1994-10-01,32,20272769
サングレート薬院駅ロイヤルウィン,4980,福岡県福岡市中央区平尾１,西鉄天神大牟田線「薬院」徒歩5分,55.72,2LDK,2003年11月,https://suumo.jp//ms/chuko/fukuoka/sc_fukuokashichuo/nc_20538366/,薬院,西鉄天神大牟田線,5,2003-11-01,23,20538366
グランドステイツ薬院ギャラリー,4980,福岡県福岡市中央区高砂１,西鉄天神大牟田線「薬院」徒歩7分,77.85,3LDK,1991年5月,https://suumo.jp//ms/chuko/fukuoka/sc_fukuokashichuo/nc_78793729/,薬院,西鉄天神大牟田線,7,1991-05-01,35,78793729
コモダスパッソ天神,4980,福岡県福岡市中央区渡辺通５-6－18,地下鉄七隈線「天神南」徒歩3分,60.87,2LDK,2000年10月,https://suumo.jp//ms/chuko/fukuoka/sc_fukuokashichuo/nc_20350288/,天神南,地下鉄七隈線,3,2000-10-01,26,20350288
ライオンズプラザ平尾,4980,福岡県福岡市中央区平尾１,西鉄天神大牟田線「薬院」徒歩10分,70.02,3LDK,1996年2月,https://suumo.jp//ms/chuko/fukuoka/sc_fukuokashichuo/nc_20514069/,薬院,西鉄天神大牟田線,10,1996-02-01,30,20514069
アンピール別府Ⅱ,4990,福岡県福岡市城南区別府３,地下鉄七隈線「別府」徒歩2分,71.25,3LDK,1993年9月,https://suumo.jp//ms/chuko/fukuoka/sc_fukuokashijonan/nc_20577594/,別府,地下鉄七隈線,2,1993-09-01,33,20577594
アンピール別府Ⅱ,4990,福岡県福岡市城南区別府３,地下鉄七隈線「別府」徒歩2分,71.25,3LDK,1993年8月,https://suumo.jp//ms/chuko/fukuoka/sc_fukuokashijonan/nc_20594520/,別府,地下鉄七隈線,2,1993-08-01,33,20594520
アンピール別府Ⅱ,4990,福岡県福岡市城南区別府３-2-13,地下鉄七隈線「別府」徒歩2分,71.25,3LDK,1993年9月,https://suumo.jp//ms/chuko/fukuoka/sc_fukuokashijonan/nc_20208386/,別府,地下鉄七隈線,2,1993-09-01,33,20208386
クリスタージュ２番館,4990,福岡県福岡市早良区百道浜４,地下鉄空港線「藤崎」徒歩11分,102.28,4LDK,1992年5月,https://suumo.jp//ms/chuko/fukuoka/sc_fukuokashisawara/nc_78014368/,藤崎,地下鉄空港線,11,1992-05-01,34,78014368
アンピール別府II,4990,福岡県福岡市城南区別府３,地下鉄七隈線「別府」徒歩2分,71.25,3LDK,1993年12月,https://suumo.jp//ms/chuko/fukuoka/sc_fukuokashijonan/nc_20559073/,別府,地下鉄七隈線,2,1993-12-01,33,20559073
アンピール別府Ⅱ,4990,福岡県福岡市城南区別府３,地下鉄七隈線「別府」徒歩2分,71.25,3LDK,1993年8月,https://suumo.jp//ms/chuko/fukuoka/sc_fukuokashijonan/nc_20610961/,別府,地下鉄七隈線,2,1993-08-01,33,20610961
西公園ツインタワー,4998,福岡県福岡市中央区荒戸２,地下鉄空港線「大濠公園」徒歩7分,83.05,3LDK,1990年1月,https://suumo.jp//ms/chuko/fukuoka/sc_fukuokashichuo/nc_20091081/,大濠公園,地下鉄空港線,7,1990-01-01,36,20091081
アーサー藤崎エクセラン,5180,福岡県福岡市早良区昭代３,地下鉄空港線「藤崎」徒歩10分,86.46,4LDK,2002年1月,https://suumo.jp//ms/chuko/fukuoka/sc_fukuokashisawara/nc_78499062/,藤崎,地下鉄空港線,10,2002-01-01,24,78499062
コスモ大手門,5180,福岡県福岡市中央区大手門２,地下鉄空港線「大濠公園」徒歩8分,61.2,2LDK,2002年2月,https://suumo.jp//ms/chuko/fukuoka/sc_fukuokashichuo/nc_79198282/,大濠公園,地下鉄空港線,8,2002-02-01,24,79198282
コスモ大手門,5180,福岡県福岡市中央区大手門２,地下鉄空港線「大濠公園」徒歩8分,58.39,2LDK,2002年2月,https://suumo.jp//ms/chuko/fukuoka/sc_fukuokashichuo/nc_20478980/,大濠公園,地下鉄空港線,8,2002-02-01,24,20478980
コスモ大手門,5180,福岡県福岡市中央区大手門２,地下鉄空港線「大濠公園」徒歩6分,61.2,2LDK,2002年2月,https://suumo.jp//ms/chuko/fukuoka/sc_fukuokashichuo/nc_20491493/,大濠公園,地下鉄空港線,6,2002-02-01,24,20491493
グランドメゾン平尾,5180,福岡県福岡市中央区平尾２,地下鉄七隈線「薬院」徒歩11分,75.34,3LDK,1998年5月,https://suumo.jp//ms/chuko/fukuoka/sc_fukuokashichuo/nc_20626960/,薬院,地下鉄七隈線,11,1998-05-01,28,20626960
デュ・レジア大濠,5200,福岡県福岡市中央区黒門,地下鉄空港線「唐人町」徒歩2分,42.27,1LDK,2020年11月,https://suumo.jp//ms/chuko/fukuoka/sc_fukuokashichuo/nc_79096578/,唐人町,地下鉄空港線,2,2020-11-01,6,79096578
ヒルズ平尾,5200,福岡県福岡市中央区平尾４,地下鉄七隈線「薬院」徒歩15分,80.79,2LDK,1998年2月,https://suumo.jp//ms/chuko/fukuoka/sc_fukuokashichuo/nc_20594188/,薬院,地下鉄七隈線,15,1998-02-01,28,20594188
ダイアパレスセントラルコート薬院,5280,福岡県福岡市中央区薬院３-１０－４５,地下鉄七隈線「薬院」徒歩5分,63.6,3LDK,1997年11月,https://suumo.jp//ms/chuko/fukuoka/sc_fukuokashichuo/nc_20609632/,薬院,地下鉄七隈線,5,1997-11-01,29,20609632
アメックス博多ベルテックステージ,5280,福岡県福岡市博多区下川端町,地下鉄空港線「中洲川端」徒歩3分,42.66,1LDK,2010年1月,https://suumo.jp//ms/chuko/fukuoka/sc_fukuokashihakata/nc_20354640/,中洲川端,地下鉄空港線,3,2010-01-01,16,20354640
ソピア大濠西,5290,福岡県福岡市中央区鳥飼３,地下鉄空港線「西新」徒歩10分,69.57,3LDK,1999年3月,https://suumo.jp//ms/chuko/fukuoka/sc_fukuokashichuo/nc_20133549/,西新,地下鉄空港線,10,1999-03-01,27,20133549
ソピア大濠西,5290,福岡県福岡市中央区鳥飼３,地下鉄空港線「西新」徒歩10分,69.57,3LDK,1999年3月,https://suumo.jp//ms/chuko/fukuoka/sc_fukuokashichuo/nc_79220295/,西新,地下鉄空港線,10,1999-03-01,27,79220295
ソレイユ赤坂南,5298,福岡県福岡市中央区六本松３-5-35,地下鉄七隈線「桜坂」徒歩7分,75.03,3LDK,1989年10月,https://suumo.jp//ms/chuko/fukuoka/sc_fukuokashichuo/nc_20631173/,桜坂,地下鉄七隈線,7,1989-10-01,37,20631173
ソレイユ赤坂南,5298,福岡県福岡市中央区六本松３,地下鉄七隈線「桜坂」徒歩6分,75.03,3LDK,1989年10月,https://suumo.jp//ms/chuko/fukuoka/sc_fukuokashichuo/nc_20388737/,桜坂,地下鉄七隈線,6,1989-10-01,37,20388737
平尾フェニックスマンション,5380,福岡県福岡市中央区平尾１,西鉄天神大牟田線「薬院」徒歩6分,79.07,3LDK,1991年10月,https://suumo.jp//ms/chuko/fukuoka/sc_fukuokashichuo/nc_20451513/,薬院,西鉄天神大牟田線,6,1991-10-01,35,20451513
ファーネスト西新南,5390,福岡県福岡市早良区昭代２,地下鉄空港線「藤崎」徒歩15分,77.96,4LDK,2000年8月,https://suumo.jp//ms/chuko/fukuoka/sc_fukuokashisawara/nc_20523002/,藤崎,地下鉄空港線,15,2000-08-01,26,20523002
ＭＪＲ博多ザ・レジデンス,5400,福岡県福岡市博多区美野島１,地下鉄空港線「博多」徒歩13分,52.78,1LDK,2025年1月,https://suumo.jp//ms/chuko/fukuoka/sc_fukuokashihakata/nc_20483321/,博多,地下鉄空港線,13,2025-01-01,1,20483321
ＭＪＲ博多ザ・レジデンス,5400,福岡県福岡市博多区美野島１,ＪＲ鹿児島本線「博多」徒歩13分,52.78,1LDK,2025年1月,https://suumo.jp//ms/chuko/fukuoka/sc_fukuokashihakata/nc_20459569/,博多,ＪＲ鹿児島本線,13,2025-01-01,1,20459569
クリオラベルヴィ博多,5480,福岡県福岡市博多区比恵町,地下鉄空港線「東比恵」徒歩4分,54.01,2LDK,2019年10月,https://suumo.jp//ms/chuko/fukuoka/sc_fukuokashihakata/nc_20577788/,東比恵,地下鉄空港線,4,2019-10-01,7,20577788
サントーア薬院,5480,福岡県福岡市中央区薬院２,地下鉄七隈線「薬院大通」徒歩5分,73.35,2LDK,1995年8月,https://suumo.jp//ms/chuko/fukuoka/sc_fukuokashichuo/nc_20268205/,薬院大通,地下鉄七隈線,5,1995-08-01,31,20268205
サントーア薬院,5480,福岡県福岡市中央区薬院２,地下鉄七隈線「薬院大通」徒歩3分,73.35,2LDK,1995年8月,https://suumo.jp//ms/chuko/fukuoka/sc_fukuokashichuo/nc_20583554/,薬院大通,地下鉄七隈線,3,1995-08-01,31,20583554
エスポワール城西,5480,福岡県福岡市早良区城西３,地下鉄空港線「西新」徒歩4分,65.92,3LDK,1994年9月,https://suumo.jp//ms/chuko/fukuoka/sc_fukuokashisawara/nc_20283446/,西新,地下鉄空港線,4,1994-09-01,32,20283446
サントーア薬院,5480,福岡県福岡市中央区薬院２,地下鉄七隈線「薬院大通」徒歩3分,73.35,2LDK,1995年8月,https://suumo.jp//ms/chuko/fukuoka/sc_fukuokashichuo/nc_20271682/,薬院大通,地下鉄七隈線,3,1995-08-01,31,20271682
サントーア薬院,5480,福岡県福岡市中央区薬院２,地下鉄七隈線「薬院大通」徒歩5分,73.35,2LDK,1995年8月,https://suumo.jp//ms/chuko/fukuoka/sc_fukuokashichuo/nc_20171965/,薬院大通,地下鉄七隈線,5,1995-08-01,31,20171965
サントーア薬院,5480,福岡県福岡市中央区薬院２,地下鉄七隈線「薬院大通」徒歩3分,73.35,2LDK,1995年8月,https://suumo.jp//ms/chuko/fukuoka/sc_fukuokashichuo/nc_79104930/,薬院大通,地下鉄七隈線,3,1995-08-01,31,79104930
サントーア薬院,5480,福岡県福岡市中央区薬院２,地下鉄七隈線「薬院大通」徒歩5分,73.35,2LDK,1995年8月,https://suumo.jp//ms/chuko/fukuoka/sc_fukuokashichuo/nc_20218973/,薬院大通,地下鉄七隈線,5,1995-08-01,31,20218973
サントーア薬院,5480,福岡県福岡市中央区薬院２,地下鉄七隈線「薬院大通」徒歩5分,73.35,2LDK,1995年8月,https://suumo.jp//ms/chuko/fukuoka/sc_fukuokashichuo/nc_79161983/,薬院大通,地下鉄七隈線,5,1995-08-01,31,79161983
サントーア薬院,5480,福岡県福岡市中央区薬院２,地下鉄七隈線「薬院大通」徒歩5分,73.35,2LDK,1995年8月,https://suumo.jp//ms/chuko/fukuoka/sc_fukuokashichuo/nc_79148842/,薬院大通,地下鉄七隈線,5,1995-08-01,31,79148842
クリスタージュ２番館,5480,福岡県福岡市早良区百道浜４,地下鉄空港線「藤崎」徒歩11分,102.28,4LDK,1992年5月,https://suumo.jp//ms/chuko/fukuoka/sc_fukuokashisawara/nc_78722109/,藤崎,地下鉄空港線,11,1992-05-01,34,78722109
ライオンズマンション天神南,5480,福岡県福岡市中央区今泉２,地下鉄七隈線「薬院大通」徒歩7分,86.02,1LDK,1992年3月,https://suumo.jp//ms/chuko/fukuoka/sc_fukuokashichuo/nc_20435722/,薬院大通,地下鉄七隈線,7,1992-03-01,34,20435722
モントーレ鳥飼ガーデン,5498,福岡県福岡市城南区鳥飼６-１０－１２,地下鉄七隈線「別府」徒歩5分,76.7,3LDK,2002年11月,https://suumo.jp//ms/chuko/fukuoka/sc_fukuokashijonan/nc_78837708/,別府,地下鉄七隈線,5,2002-11-01,24,78837708
モントーレ鳥飼ガーデン,5498,福岡県福岡市城南区鳥飼６-10-12,地下鉄七隈線「別府」徒歩5分,76.7,3LDK,2002年11月,https://suumo.jp//ms/chuko/fukuoka/sc_fukuokashijonan/nc_20610566/,別府,地下鉄七隈線,5,2002-11-01,24,20610566
ダイアパレス西公園Ⅱ,5680,福岡県福岡市中央区荒戸２,地下鉄空港線「大濠公園」徒歩7分,116.59,4LDK,1985年6月,https://suumo.jp//ms/chuko/fukuoka/sc_fukuokashichuo/nc_20401835/,大濠公園,地下鉄空港線,7,1985-06-01,41,20401835
サングレート薬院駅ロイヤルウィン,5680,福岡県福岡市中央区平尾１,西鉄天神大牟田線「薬院」徒歩4分,55.72,1LDK,2003年12月,https://suumo.jp//ms/chuko/fukuoka/sc_fukuokashichuo/nc_73662868/,薬院,西鉄天神大牟田線,4,2003-12-01,23,73662868
アクロス天神ファーストステージ,5780,福岡県福岡市中央区清川２,地下鉄七隈線「渡辺通」徒歩10分,80.8,3LDK,2001年11月,https://suumo.jp//ms/chuko/fukuoka/sc_fukuokashichuo/nc_20456602/,渡辺通,地下鉄七隈線,10,2001-11-01,25,20456602
古河平丘台マンション,5780,福岡県福岡市中央区平尾３,地下鉄七隈線「薬院大通」徒歩13分,139.16,1LDK,1971年12月,https://suumo.jp//ms/chuko/fukuoka/sc_fukuokashichuo/nc_20058166/,薬院大通,地下鉄七隈線,13,1971-12-01,55,20058166
パークコート赤坂ヒルトップレジデンス,5780,福岡県福岡市中央区赤坂３,地下鉄七隈線「桜坂」徒歩9分,76.01,2LDK+S（納戸）,2010年2月,https://suumo.jp//ms/chuko/fukuoka/sc_fukuokashichuo/nc_78907133/,桜坂,地下鉄七隈線,9,2010-02-01,16,78907133
グランドメゾン平尾,5780,福岡県福岡市中央区平尾２,西鉄天神大牟田線「薬院」徒歩12分,89.17,4LDK,1998年5月,https://suumo.jp//ms/chuko/fukuoka/sc_fukuokashichuo/nc_20054400/,薬院,西鉄天神大牟田線,12,1998-05-01,28,20054400
オープンレジデンシア渡辺通南,5780,福岡県福岡市中央区清川２,地下鉄七隈線「渡辺通」徒歩9分,52.27,2LDK,2024年9月,https://suumo.jp//ms/chuko/fukuoka/sc_fukuokashichuo/nc_20511705/,渡辺通,地下鉄七隈線,9,2024-09-01,2,20511705
ＣＬＵＢ　ＴＨＥ．平尾駅前,5790,福岡県福岡市中央区平尾２,地下鉄七隈線「薬院」徒歩13分,55.17,2LDK,2022年2月,https://suumo.jp//ms/chuko/fukuoka/sc_fukuokashichuo/nc_20111615/,薬院,地下鉄七隈線,13,2022-02-01,4,20111615
オープンレジデンシア薬院二丁目,5800,福岡県福岡市中央区薬院２,地下鉄七隈線「薬院大通」徒歩3分,42.54,2LDK,2023年2月,https://suumo.jp//ms/chuko/fukuoka/sc_fukuokashichuo/nc_20469143/,薬院大通,地下鉄七隈線,3,2023-02-01,3,20469143
エンクレスト天神ＬＡＲＫ,5830,福岡県福岡市博多区対馬小路,地下鉄空港線「中洲川端」徒歩8分,58.38,1LDK,2019年7月,https://suumo.jp//ms/chuko/fukuoka/sc_fukuokashihakata/nc_20577802/,中洲川端,地下鉄空港線,8,2019-07-01,7,20577802
アダージュももちGIO,5890,福岡県福岡市早良区西新７,地下鉄空港線「藤崎」徒歩4分,76.0,3LDK,1997年1月,https://suumo.jp//ms/chuko/fukuoka/sc_fukuokashisawara/nc_78967880/,藤崎,地下鉄空港線,4,1997-01-01,29,78967880
百道タワー,5940,福岡県福岡市早良区百道浜１-2-6,地下鉄空港線「西新」徒歩10分,76.86,2LDK,2004年2月,https://suumo.jp//ms/chuko/fukuoka/sc_fukuokashisawara/nc_20183804/,西新,地下鉄空港線,10,2004-02-01,22,20183804
コスモ西新七丁目,5980,福岡県福岡市早良区西新７-1-17,地下鉄空港線「藤崎」徒歩4分,70.01,2LDK+S（納戸）,2000年9月,https://suumo.jp//ms/chuko/fukuoka/sc_fukuokashisawara/nc_20292711/,藤崎,地下鉄空港線,4,2000-09-01,26,20292711
シーサイドももちヴェルデコート　５番館,5980,福岡県福岡市早良区百道浜３,地下鉄空港線「藤崎」徒歩10分,93.67,3LDK,1991年2月,https://suumo.jp//ms/chuko/fukuoka/sc_fukuokashisawara/nc_20577822/,藤崎,地下鉄空港線,10,1991-02-01,35,20577822
コモダス天神２,5980,福岡県福岡市中央区今泉２,西鉄天神大牟田線「薬院」徒歩9分,72.9,3LDK,1999年10月,https://suumo.jp//ms/chuko/fukuoka/sc_fukuokashichuo/nc_20491490/,薬院,西鉄天神大牟田線,9,1999-10-01,27,20491490
シーサイドももちヴェルデコート5番館,5980,福岡県福岡市早良区百道浜３,地下鉄空港線「藤崎」徒歩10分,93.67,3LDK,1991年2月,https://suumo.jp//ms/chuko/fukuoka/sc_fukuokashisawara/nc_20044339/,藤崎,地下鉄空港線,10,1991-02-01,35,20044339
クリオ渡辺通サザンマークス,5980,福岡県福岡市中央区清川３,地下鉄七隈線「渡辺通」徒歩14分,67.0,3LDK,2024年2月,https://suumo.jp//ms/chuko/fukuoka/sc_fukuokashichuo/nc_20028481/,渡辺通,地下鉄七隈線,14,2024-02-01,2,20028481
シーサイドももちヴェルデコート５番館,5980,福岡県福岡市早良区百道浜３,地下鉄空港線「藤崎」徒歩12分,93.67,3LDK,1991年2月,https://suumo.jp//ms/chuko/fukuoka/sc_fukuokashisawara/nc_78924081/,藤崎,地下鉄空港線,12,1991-02-01,35,78924081
シーサイドももちヴェルデコート５番館,5980,福岡県福岡市早良区百道浜３,地下鉄空港線「藤崎」徒歩11分,93.67,3LDK,1991年2月,https://suumo.jp//ms/chuko/fukuoka/sc_fukuokashisawara/nc_20397410/,藤崎,地下鉄空港線,11,1991-02-01,35,20397410
【中古マンション】ロマネスク大濠ルネッサンス,5980,福岡県福岡市中央区大濠１,地下鉄空港線「唐人町」徒歩10分,83.1,3LDK,1990年3月,https://suumo.jp//ms/chuko/fukuoka/sc_fukuokashichuo/nc_78751304/,唐人町,地下鉄空港線,10,1990-03-01,36,78751304
ウェルリバービュー天神,6000,福岡県福岡市博多区中洲中島町,地下鉄空港線「中洲川端」徒歩7分,75.11,3LDK,2006年3月,https://suumo.jp//ms/chuko/fukuoka/sc_fukuokashihakata/nc_20610326/,中洲川端,地下鉄空港線,7,2006-03-01,20,20610326
ヒューマインド茶山駅前,6000,福岡県福岡市城南区茶山１-９－４０,地下鉄七隈線「別府」徒歩13分,87.01,4LDK,2013年11月,https://suumo.jp//ms/chuko/fukuoka/sc_fukuokashijonan/nc_20637895/,別府,地下鉄七隈線,13,2013-11-01,13,20637895
ソピア天神,6180,福岡県福岡市中央区警固１,地下鉄七隈線「薬院大通」徒歩7分,66.24,3LDK,1999年2月,https://suumo.jp//ms/chuko/fukuoka/sc_fukuokashichuo/nc_20447816/,薬院大通,地下鉄七隈線,7,1999-02-01,27,20447816
ウェルリバービュー天神,6180,福岡県福岡市博多区中洲中島町,地下鉄空港線「中洲川端」徒歩7分,80.29,3LDK,2006年4月,https://suumo.jp//ms/chuko/fukuoka/sc_fukuokashihakata/nc_20528044/,中洲川端,地下鉄空港線,7,2006-04-01,20,20528044
インプレスト天神オークタワー,6190,福岡県福岡市中央区長浜２,地下鉄空港線「赤坂」徒歩9分,56.79,2LDK,2020年5月,https://suumo.jp//ms/chuko/fukuoka/sc_fukuokashichuo/nc_78957814/,赤坂,地下鉄空港線,9,2020-05-01,6,78957814
インプレスト天神オークタワー,6190,福岡県福岡市中央区長浜２,地下鉄空港線「赤坂」徒歩10分,56.79,2LDK,2020年5月,https://suumo.jp//ms/chuko/fukuoka/sc_fukuokashichuo/nc_79072559/,赤坂,地下鉄空港線,10,2020-05-01,6,79072559
ダイアパレスセントラルコート薬院,6200,福岡県福岡市中央区薬院３,西鉄天神大牟田線「薬院」徒歩6分,76.78,3LDK,1997年11月,https://suumo.jp//ms/chuko/fukuoka/sc_fukuokashichuo/nc_20013391/,薬院,西鉄天神大牟田線,6,1997-11-01,29,20013391
グランドパレス藤崎,6210,福岡県福岡市早良区藤崎１,地下鉄空港線「藤崎」徒歩4分,70.08,3LDK,2018年10月,https://suumo.jp//ms/chuko/fukuoka/sc_fukuokashisawara/nc_20491482/,藤崎,地下鉄空港線,4,2018-10-01,8,20491482
ウェルリバービュー天神,6280,福岡県福岡市博多区中洲中島町,地下鉄空港線「中洲川端」徒歩6分,80.29,3LDK,2006年4月,https://suumo.jp//ms/chuko/fukuoka/sc_fukuokashihakata/nc_79014573/,中洲川端,地下鉄空港線,6,2006-04-01,20,79014573
ダイアパレスグランデージ大名,6280,福岡県福岡市中央区大名１,地下鉄空港線「赤坂」徒歩6分,70.69,2LDK+S（納戸）,1998年3月,https://suumo.jp//ms/chuko/fukuoka/sc_fukuokashichuo/nc_20408984/,赤坂,地下鉄空港線,6,1998-03-01,28,20408984
コスモレジデンス西新,6280,福岡県福岡市早良区西新７,地下鉄空港線「藤崎」徒歩5分,85.51,4LDK,2006年11月,https://suumo.jp//ms/chuko/fukuoka/sc_fukuokashisawara/nc_20102140/,藤崎,地下鉄空港線,5,2006-11-01,20,20102140
アルファステイツ高取,6280,福岡県福岡市早良区高取１,地下鉄空港線「藤崎」徒歩8分,80.35,3LDK,2010年12月,https://suumo.jp//ms/chuko/fukuoka/sc_fukuokashisawara/nc_78929329/,藤崎,地下鉄空港線,8,2010-12-01,16,78929329
レジデンス西新パークサイド,6350,福岡県福岡市早良区祖原,地下鉄空港線「西新」徒歩10分,70.1,3LDK,2014年2月,https://suumo.jp//ms/chuko/fukuoka/sc_fukuokashisawara/nc_20578912/,西新,地下鉄空港線,10,2014-02-01,12,20578912
ブライトンヒルズ藤崎,6380,福岡県福岡市早良区藤崎１,地下鉄空港線「藤崎」徒歩6分,79.23,3LDK,2003年7月,https://suumo.jp//ms/chuko/fukuoka/sc_fukuokashisawara/nc_78920412/,藤崎,地下鉄空港線,6,2003-07-01,23,78920412
ブライトンヒルズ藤崎,6380,福岡県福岡市早良区藤崎１,地下鉄空港線「藤崎」徒歩6分,79.23,3LDK,2003年7月,https://suumo.jp//ms/chuko/fukuoka/sc_fukuokashisawara/nc_20577832/,藤崎,地下鉄空港線,6,2003-07-01,23,20577832
ブライトンヒルズ藤崎,6380,福岡県福岡市早良区藤崎１,地下鉄空港線「藤崎」徒歩6分,79.23,3LDK,2003年7月,https://suumo.jp//ms/chuko/fukuoka/sc_fukuokashisawara/nc_78702656/,藤崎,地下鉄空港線,6,2003-07-01,23,78702656
エステートマンション大濠フローレス,6380,福岡県福岡市中央区鳥飼１,地下鉄七隈線「六本松」徒歩13分,97.42,2LDK,1989年3月,https://suumo.jp//ms/chuko/fukuoka/sc_fukuokashichuo/nc_20591570/,六本松,地下鉄七隈線,13,1989-03-01,37,20591570
ブライトンヒルズ藤崎,6380,福岡県福岡市早良区藤崎１-5-10,地下鉄空港線「藤崎」徒歩7分,79.23,3LDK,2003年7月,https://suumo.jp//ms/chuko/fukuoka/sc_fukuokashisawara/nc_78714031/,藤崎,地下鉄空港線,7,2003-07-01,23,78714031
ソピア大濠西,6390,福岡県福岡市中央区鳥飼３,地下鉄空港線「西新」徒歩10分,83.2,4LDK,1999年3月,https://suumo.jp//ms/chuko/fukuoka/sc_fukuokashichuo/nc_20228268/,西新,地下鉄空港線,10,1999-03-01,27,20228268
プレサンスロジェ呉服町,6400,福岡県福岡市博多区下呉服町,地下鉄空港線「中洲川端」徒歩10分,62.43,2LDK,2019年10月,https://suumo.jp//ms/chuko/fukuoka/sc_fukuokashihakata/nc_78866599/,中洲川端,地下鉄空港線,10,2019-10-01,7,78866599
ダイアパレス赤坂けやき通り,6420,福岡県福岡市中央区赤坂３,地下鉄空港線「赤坂」徒歩11分,78.63,3LDK,2000年9月,https://suumo.jp//ms/chuko/fukuoka/sc_fukuokashichuo/nc_79183242/,赤坂,地下鉄空港線,11,2000-09-01,26,79183242
ダイアパレス赤坂けやき通り,6420,福岡県福岡市中央区赤坂３,地下鉄空港線「赤坂」徒歩11分,78.63,3LDK,2000年9月,https://suumo.jp//ms/chuko/fukuoka/sc_fukuokashichuo/nc_20594189/,赤坂,地下鉄空港線,11,2000-09-01,26,20594189
アルテマインド室見,6450,福岡県福岡市早良区室見２,地下鉄空港線「藤崎」徒歩7分,83.52,3LDK,2012年3月,https://suumo.jp//ms/chuko/fukuoka/sc_fukuokashisawara/nc_20577795/,藤崎,地下鉄空港線,7,2012-03-01,14,20577795
パークヒルズ櫻坂ステージI,6480,福岡県福岡市中央区桜坂３,地下鉄七隈線「桜坂」徒歩5分,131.34,3LDK,1993年8月,https://suumo.jp//ms/chuko/fukuoka/sc_fukuokashichuo/nc_20602025/,桜坂,地下鉄七隈線,5,1993-08-01,33,20602025
エフグラン室見,6480,福岡県福岡市早良区室見２,地下鉄空港線「藤崎」徒歩6分,80.11,3LDK,2019年11月,https://suumo.jp//ms/chuko/fukuoka/sc_fukuokashisawara/nc_20503937/,藤崎,地下鉄空港線,6,2019-11-01,7,20503937
アーバンパレスアクス大濠,6480,福岡県福岡市中央区荒戸３-2-45,地下鉄空港線「唐人町」徒歩7分,72.48,3LDK,1995年10月,https://suumo.jp//ms/chuko/fukuoka/sc_fukuokashichuo/nc_20308733/,唐人町,地下鉄空港線,7,1995-10-01,31,20308733
アーバンパレスアクス大濠,6480,福岡県福岡市中央区荒戸３,地下鉄空港線「大濠公園」徒歩7分,72.48,3LDK,1995年10月,https://suumo.jp//ms/chuko/fukuoka/sc_fukuokashichuo/nc_20313985/,大濠公園,地下鉄空港線,7,1995-10-01,31,20313985
ソピア天神,6480,福岡県福岡市中央区警固１,地下鉄空港線「赤坂」徒歩10分,74.0,2LDK+S（納戸）,1999年2月,https://suumo.jp//ms/chuko/fukuoka/sc_fukuokashichuo/nc_20343565/,赤坂,地下鉄空港線,10,1999-02-01,27,20343565
アーサー別府プレミアム,6480,福岡県福岡市城南区別府４,地下鉄七隈線「別府」徒歩9分,138.62,4LDK+S（納戸）,2003年7月,https://suumo.jp//ms/chuko/fukuoka/sc_fukuokashijonan/nc_77616720/,別府,地下鉄七隈線,9,2003-07-01,23,77616720
オープンレジデンシア渡辺通,6490,福岡県福岡市中央区清川１,地下鉄七隈線「渡辺通」徒歩6分,66.02,2LDK,2021年8月,https://suumo.jp//ms/chuko/fukuoka/sc_fukuokashichuo/nc_78112179/,渡辺通,地下鉄七隈線,6,2021-08-01,5,78112179
クリオ渡辺通アーバンマークス,6490,福岡県福岡市中央区清川２,地下鉄七隈線「渡辺通」徒歩10分,60.15,3LDK,2023年2月,https://suumo.jp//ms/chuko/fukuoka/sc_fukuokashichuo/nc_20186575/,渡辺通,地下鉄七隈線,10,2023-02-01,3,20186575
パークコート赤坂ヒルトップレジデンス,6500,福岡県福岡市中央区赤坂３,地下鉄七隈線「桜坂」徒歩9分,73.71,2LDK,2010年2月,https://suumo.jp//ms/chuko/fukuoka/sc_fukuokashichuo/nc_79050696/,桜坂,地下鉄七隈線,9,2010-02-01,16,79050696
ロイヤルマンション六本松,6500,福岡県福岡市中央区梅光園１,地下鉄七隈線「六本松」徒歩6分,87.12,2LDK,1989年1月,https://suumo.jp//ms/chuko/fukuoka/sc_fukuokashichuo/nc_20127824/,六本松,地下鉄七隈線,6,1989-01-01,37,20127824
ファーネスト百道二丁目,6500,福岡県福岡市早良区百道２,地下鉄空港線「藤崎」徒歩4分,87.85,4LDK,2000年6月,https://suumo.jp//ms/chuko/fukuoka/sc_fukuokashisawara/nc_78698470/,藤崎,地下鉄空港線,4,2000-06-01,26,78698470
ファーネスト百道2丁目,6500,福岡県福岡市早良区百道２-15-17,地下鉄空港線「藤崎」徒歩3分,87.85,4LDK,2000年6月,https://suumo.jp//ms/chuko/fukuoka/sc_fukuokashisawara/nc_20582540/,藤崎,地下鉄空港線,3,2000-06-01,26,20582540
ファーネスト百道二丁目,6500,福岡県福岡市早良区百道２-15-17,地下鉄空港線「藤崎」徒歩3分,87.85,4LDK,2000年6月,https://suumo.jp//ms/chuko/fukuoka/sc_fukuokashisawara/nc_78669864/,藤崎,地下鉄空港線,3,2000-06-01,26,78669864
インプレスト天神オークタワー,6580,福岡県福岡市中央区長浜２,地下鉄空港線「赤坂」徒歩8分,61.28,2LDK,2020年7月,https://suumo.jp//ms/chuko/fukuoka/sc_fukuokashichuo/nc_20486171/,赤坂,地下鉄空港線,8,2020-07-01,6,20486171
アーバンパレスアクス大濠,6580,福岡県福岡市中央区荒戸３,地下鉄空港線「大濠公園」徒歩7分,72.48,3LDK,1995年10月,https://suumo.jp//ms/chuko/fukuoka/sc_fukuokashichuo/nc_20237746/,大濠公園,地下鉄空港線,7,1995-10-01,31,20237746
アクロス大濠公園プレミアフォート,6600,福岡県福岡市中央区地行１,地下鉄空港線「唐人町」徒歩1分,56.17,2LDK,2022年11月,https://suumo.jp//ms/chuko/fukuoka/sc_fukuokashichuo/nc_77474782/,唐人町,地下鉄空港線,1,2022-11-01,4,77474782
クレアホームズ赤坂けやきの杜,6680,福岡県福岡市中央区六本松３,地下鉄七隈線「桜坂」徒歩6分,79.12,2LDK,2003年3月,https://suumo.jp//ms/chuko/fukuoka/sc_fukuokashichuo/nc_20551813/,桜坂,地下鉄七隈線,6,2003-03-01,23,20551813
シーサイドももちアクアコート5番館,6780,福岡県福岡市早良区百道浜３,地下鉄空港線「藤崎」徒歩13分,97.34,3LDK,1993年2月,https://suumo.jp//ms/chuko/fukuoka/sc_fukuokashisawara/nc_20423283/,藤崎,地下鉄空港線,13,1993-02-01,33,20423283
オープンレジデンシア平尾市崎,6800,福岡県福岡市南区市崎１,地下鉄七隈線「薬院」徒歩15分,66.0,3LDK,2022年7月,https://suumo.jp//ms/chuko/fukuoka/sc_fukuokashiminami/nc_20126908/,薬院,地下鉄七隈線,15,2022-07-01,4,20126908
ティアラ薬院,6800,福岡県福岡市中央区薬院２,地下鉄七隈線「薬院大通」徒歩4分,100.84,3LDK,1991年6月,https://suumo.jp//ms/chuko/fukuoka/sc_fukuokashichuo/nc_20504005/,薬院大通,地下鉄七隈線,4,1991-06-01,35,20504005
グランドメゾン福岡　Ｔｈｅ　Ｃｅｎｔｒａｌ　Ｌｕｘｅ,6900,福岡県福岡市中央区渡辺通２,西鉄天神大牟田線「薬院」徒歩3分,44.25,1LDK,2025年6月,https://suumo.jp//ms/chuko/fukuoka/sc_fukuokashichuo/nc_20069784/,薬院,西鉄天神大牟田線,3,2025-06-01,1,20069784
ファーネストプレミアムクラス高取,6980,福岡県福岡市早良区祖原,地下鉄空港線「西新」徒歩8分,82.77,4LDK,2016年8月,https://suumo.jp//ms/chuko/fukuoka/sc_fukuokashisawara/nc_79103613/,西新,地下鉄空港線,8,2016-08-01,10,79103613
アンピール舞鶴,6980,福岡県福岡市中央区舞鶴１,地下鉄空港線「天神」徒歩7分,69.44,2LDK,2004年3月,https://suumo.jp//ms/chuko/fukuoka/sc_fukuokashichuo/nc_20395547/,天神,地下鉄空港線,7,2004-03-01,22,20395547
アソシアビュー博多アドレス,6980,福岡県福岡市博多区豊１,地下鉄空港線「博多」徒歩14分,84.28,4LDK,2015年2月,https://suumo.jp//ms/chuko/fukuoka/sc_fukuokashihakata/nc_20594449/,博多,地下鉄空港線,14,2015-02-01,11,20594449
アンピール舞鶴,6980,福岡県福岡市中央区舞鶴１,地下鉄空港線「赤坂」徒歩7分,69.44,2LDK,2004年3月,https://suumo.jp//ms/chuko/fukuoka/sc_fukuokashichuo/nc_20389894/,赤坂,地下鉄空港線,7,2004-03-01,22,20389894
アンピール舞鶴,6980,福岡県福岡市中央区舞鶴１,地下鉄空港線「赤坂」徒歩9分,69.44,2LDK,2004年3月,https://suumo.jp//ms/chuko/fukuoka/sc_fukuokashichuo/nc_20610325/,赤坂,地下鉄空港線,9,2004-03-01,22,20610325
アンピール舞鶴,6980,福岡県福岡市中央区舞鶴１,地下鉄空港線「赤坂」徒歩8分,69.44,2LDK,2004年3月,https://suumo.jp//ms/chuko/fukuoka/sc_fukuokashichuo/nc_20395185/,赤坂,地下鉄空港線,8,2004-03-01,22,20395185
グランドメゾン大濠南,6980,福岡県福岡市中央区草香江２,地下鉄七隈線「六本松」徒歩2分,73.43,3LDK,2001年11月,https://suumo.jp//ms/chuko/fukuoka/sc_fukuokashichuo/nc_20435141/,六本松,地下鉄七隈線,2,2001-11-01,25,20435141
グランフォーレ西公園ザ・パークサイド,6980,福岡県福岡市中央区西公園,地下鉄空港線「大濠公園」徒歩9分,86.09,3LDK,2012年7月,https://suumo.jp//ms/chuko/fukuoka/sc_fukuokashichuo/nc_20435721/,大濠公園,地下鉄空港線,9,2012-07-01,14,20435721
モントーレ舞鶴ベイレジデンス,6980,福岡県福岡市中央区港１,地下鉄空港線「大濠公園」徒歩10分,76.25,3LDK,2019年6月,https://suumo.jp//ms/chuko/fukuoka/sc_fukuokashichuo/nc_20493868/,大濠公園,地下鉄空港線,10,2019-06-01,7,20493868
パークコート赤坂ヒルトップレジデンス,6980,福岡県福岡市中央区赤坂３,地下鉄七隈線「桜坂」徒歩9分,68.48,2LDK,2010年2月,https://suumo.jp//ms/chuko/fukuoka/sc_fukuokashichuo/nc_20577786/,桜坂,地下鉄七隈線,9,2010-02-01,16,20577786
ジェネラスマンション百道,6990,福岡県福岡市早良区西新７,地下鉄空港線「藤崎」徒歩9分,92.0,4LDK,2004年1月,https://suumo.jp//ms/chuko/fukuoka/sc_fukuokashisawara/nc_20035109/,藤崎,地下鉄空港線,9,2004-01-01,22,20035109
アンピール大濠公園,6990,福岡県福岡市中央区荒戸２,地下鉄空港線「大濠公園」徒歩7分,82.08,2LDK+S（納戸）,2006年6月,https://suumo.jp//ms/chuko/fukuoka/sc_fukuokashichuo/nc_78492222/,大濠公園,地下鉄空港線,7,2006-06-01,20,78492222
藤和平尾山荘ホームズ,6999,福岡県福岡市中央区平尾４,地下鉄七隈線「薬院大通」徒歩15分,90.68,3LDK,1997年10月,https://suumo.jp//ms/chuko/fukuoka/sc_fukuokashichuo/nc_20062726/,薬院大通,地下鉄七隈線,15,1997-10-01,29,20062726
ＭＪＲ百道二丁目,7000,福岡県福岡市早良区百道２,地下鉄空港線「藤崎」徒歩5分,94.63,4LDK,2007年1月,https://suumo.jp//ms/chuko/fukuoka/sc_fukuokashisawara/nc_78388805/,藤崎,地下鉄空港線,5,2007-01-01,19,78388805
アクロス天神センタープラザ,7280,福岡県福岡市中央区渡辺通３,地下鉄七隈線「渡辺通」徒歩5分,71.11,2LDK,2005年7月,https://suumo.jp//ms/chuko/fukuoka/sc_fukuokashichuo/nc_20568373/,渡辺通,地下鉄七隈線,5,2005-07-01,21,20568373
アクロス天神センタープラザ,7280,福岡県福岡市中央区渡辺通３-10-39,地下鉄七隈線「渡辺通」徒歩5分,71.11,2LDK,2005年7月,https://suumo.jp//ms/chuko/fukuoka/sc_fukuokashichuo/nc_20123810/,渡辺通,地下鉄七隈線,5,2005-07-01,21,20123810
西新七丁目パーク・ホームズ,7280,福岡県福岡市早良区西新７-14-3,地下鉄空港線「西新」徒歩10分,85.89,4LDK,1996年8月,https://suumo.jp//ms/chuko/fukuoka/sc_fukuokashisawara/nc_20363119/,西新,地下鉄空港線,10,1996-08-01,30,20363119
アメックス西新駅前,7380,福岡県福岡市早良区西新２,地下鉄空港線「西新」徒歩2分,88.97,3LDK,2001年7月,https://suumo.jp//ms/chuko/fukuoka/sc_fukuokashisawara/nc_20401003/,西新,地下鉄空港線,2,2001-07-01,25,20401003
アンピール空港通りⅡ,7380,福岡県福岡市博多区豊２,地下鉄空港線「東比恵」徒歩12分,105.28,4LDK,2009年3月,https://suumo.jp//ms/chuko/fukuoka/sc_fukuokashihakata/nc_79015072/,東比恵,地下鉄空港線,12,2009-03-01,17,79015072
コスモ六本松シティフォルム,7399,福岡県福岡市中央区草香江２,地下鉄七隈線「六本松」徒歩4分,70.58,3LDK,2000年2月,https://suumo.jp//ms/chuko/fukuoka/sc_fukuokashichuo/nc_20628876/,六本松,地下鉄七隈線,4,2000-02-01,26,20628876
コスモ六本松シティフォルム,7399,福岡県福岡市中央区草香江２,地下鉄七隈線「六本松」徒歩4分,70.58,3LDK,2000年2月,https://suumo.jp//ms/chuko/fukuoka/sc_fukuokashichuo/nc_20577275/,六本松,地下鉄七隈線,4,2000-02-01,26,20577275
コスモ六本松シティフォルム,7399,福岡県福岡市中央区草香江２,地下鉄七隈線「六本松」徒歩4分,70.58,3LDK,2000年2月,https://suumo.jp//ms/chuko/fukuoka/sc_fukuokashichuo/nc_20595839/,六本松,地下鉄七隈線,4,2000-02-01,26,20595839
アクロス天神センタープラザ,7480,福岡県福岡市中央区渡辺通３,地下鉄七隈線「渡辺通」徒歩6分,71.11,2LDK,2005年7月,https://suumo.jp//ms/chuko/fukuoka/sc_fukuokashichuo/nc_78982914/,渡辺通,地下鉄七隈線,6,2005-07-01,21,78982914
ファーネスト平尾駅前レジスタ,7480,福岡県福岡市中央区大宮２,西鉄天神大牟田線「薬院」徒歩12分,86.26,3LDK,2015年4月,https://suumo.jp//ms/chuko/fukuoka/sc_fukuokashichuo/nc_78824936/,薬院,西鉄天神大牟田線,12,2015-04-01,11,78824936
グランドメゾン大濠南,7490,福岡県福岡市中央区草香江２,地下鉄七隈線「六本松」徒歩3分,87.11,3LDK,2001年11月,https://suumo.jp//ms/chuko/fukuoka/sc_fukuokashichuo/nc_79216752/,六本松,地下鉄七隈線,3,2001-11-01,25,79216752
パークホームズ西新トラッドマークス,7490,福岡県福岡市早良区西新２,地下鉄空港線「西新」徒歩3分,67.72,2LDK,2018年5月,https://suumo.jp//ms/chuko/fukuoka/sc_fukuokashisawara/nc_20601934/,西新,地下鉄空港線,3,2018-05-01,8,20601934
クレアセンターマーク,7499,福岡県福岡市中央区今泉２-4-48,地下鉄七隈線「薬院大通」徒歩11分,80.25,3LDK,2000年10月,https://suumo.jp//ms/chuko/fukuoka/sc_fukuokashichuo/nc_20596745/,薬院大通,地下鉄七隈線,11,2000-10-01,26,20596745
クレアセンターマーク,7499,福岡県福岡市中央区今泉２,西鉄天神大牟田線「薬院」徒歩11分,80.25,3LDK,2000年10月,https://suumo.jp//ms/chuko/fukuoka/sc_fukuokashichuo/nc_20632991/,薬院,西鉄天神大牟田線,11,2000-10-01,26,20632991
コアマンション桜坂プレジオ弐番館,7500,福岡県福岡市中央区六本松３,地下鉄七隈線「桜坂」徒歩4分,107.92,4LDK,2001年2月,https://suumo.jp//ms/chuko/fukuoka/sc_fukuokashichuo/nc_79187041/,桜坂,地下鉄七隈線,4,2001-02-01,25,79187041
コアマンション桜坂プレジオ弐番館,7500,福岡県福岡市中央区六本松３,地下鉄七隈線「桜坂」徒歩4分,111.51,4LDK+S（納戸）,2001年1月,https://suumo.jp//ms/chuko/fukuoka/sc_fukuokashichuo/nc_20630857/,桜坂,地下鉄七隈線,4,2001-01-01,25,20630857
コアマンション桜坂プレジオ弐番館,7500,福岡県福岡市中央区六本松３-1-52,地下鉄七隈線「桜坂」徒歩5分,111.51,3LDK,2001年1月,https://suumo.jp//ms/chuko/fukuoka/sc_fukuokashichuo/nc_20637906/,桜坂,地下鉄七隈線,5,2001-01-01,25,20637906
グランドメゾン福岡　Ｔｈｅ　Ｃｅｎｔｒａｌ　Ｌｕｘｅ,7580,福岡県福岡市中央区渡辺通２,西鉄天神大牟田線「薬院」徒歩2分,51.35,1LDK,2025年7月,https://suumo.jp//ms/chuko/fukuoka/sc_fukuokashichuo/nc_20395545/,薬院,西鉄天神大牟田線,2,2025-07-01,1,20395545
アダージュ薬院弐番館,7580,福岡県福岡市中央区薬院２,地下鉄七隈線「薬院大通」徒歩2分,93.88,4LDK,2003年3月,https://suumo.jp//ms/chuko/fukuoka/sc_fukuokashichuo/nc_78624572/,薬院大通,地下鉄七隈線,2,2003-03-01,23,78624572
室見二丁目パーク・マンション,7650,福岡県福岡市早良区室見２,地下鉄空港線「藤崎」徒歩7分,137.36,4LDK,1995年3月,https://suumo.jp//ms/chuko/fukuoka/sc_fukuokashisawara/nc_20577787/,藤崎,地下鉄空港線,7,1995-03-01,31,20577787
グランドメゾン大濠南,7680,福岡県福岡市中央区草香江２,地下鉄七隈線「六本松」徒歩3分,98.79,4LDK,2001年11月,https://suumo.jp//ms/chuko/fukuoka/sc_fukuokashichuo/nc_20469730/,六本松,地下鉄七隈線,3,2001-11-01,25,20469730
パークホームズ大濠公園フロント,7680,福岡県福岡市中央区荒戸１,地下鉄空港線「大濠公園」徒歩2分,53.61,2LDK,2025年3月,https://suumo.jp//ms/chuko/fukuoka/sc_fukuokashichuo/nc_78672728/,大濠公園,地下鉄空港線,2,2025-03-01,1,78672728
シティハウス鳥飼,7680,福岡県福岡市城南区鳥飼６,地下鉄七隈線「別府」徒歩7分,83.78,4LDK,2019年10月,https://suumo.jp//ms/chuko/fukuoka/sc_fukuokashijonan/nc_20236116/,別府,地下鉄七隈線,7,2019-10-01,7,20236116
グランドメゾン大濠南,7780,福岡県福岡市中央区草香江２,地下鉄七隈線「六本松」徒歩3分,87.11,3LDK,2001年11月,https://suumo.jp//ms/chuko/fukuoka/sc_fukuokashichuo/nc_20172940/,六本松,地下鉄七隈線,3,2001-11-01,25,20172940
エステートマンション大濠・相羽ビル,7800,福岡県福岡市中央区大濠１,地下鉄七隈線「六本松」徒歩9分,102.26,3LDK,1986年7月,https://suumo.jp//ms/chuko/fukuoka/sc_fukuokashichuo/nc_75026535/,六本松,地下鉄七隈線,9,1986-07-01,40,75026535
ザ・パークハウス福岡タワーズＥＡＳＴ,7800,福岡県福岡市中央区地行浜２,地下鉄空港線「唐人町」徒歩12分,64.28,2LDK,2020年12月,https://suumo.jp//ms/chuko/fukuoka/sc_fukuokashichuo/nc_78635330/,唐人町,地下鉄空港線,12,2020-12-01,6,78635330
パークホームズ警固本通り,7890,福岡県福岡市中央区警固２,地下鉄空港線「赤坂」徒歩9分,82.96,3LDK,2009年10月,https://suumo.jp//ms/chuko/fukuoka/sc_fukuokashichuo/nc_78928142/,赤坂,地下鉄空港線,9,2009-10-01,17,78928142
パークホームズ警固本通り,7890,福岡県福岡市中央区警固２-16-30,地下鉄空港線「赤坂」徒歩9分,82.96,3LDK,2009年10月,https://suumo.jp//ms/chuko/fukuoka/sc_fukuokashichuo/nc_79216175/,赤坂,地下鉄空港線,9,2009-10-01,17,79216175
パークホームズ警固本通り,7890,福岡県福岡市中央区警固２,地下鉄空港線「赤坂」徒歩9分,82.96,3LDK,2009年10月,https://suumo.jp//ms/chuko/fukuoka/sc_fukuokashichuo/nc_79221650/,赤坂,地下鉄空港線,9,2009-10-01,17,79221650
パークホームズ警固本通り,7890,福岡県福岡市中央区警固２,地下鉄空港線「赤坂」徒歩8分,82.96,3LDK,2009年10月,https://suumo.jp//ms/chuko/fukuoka/sc_fukuokashichuo/nc_78912557/,赤坂,地下鉄空港線,8,2009-10-01,17,78912557
パークホームズ警固本通り,7890,福岡県福岡市中央区警固２,地下鉄空港線「赤坂」徒歩8分,82.96,3LDK,2009年10月,https://suumo.jp//ms/chuko/fukuoka/sc_fukuokashichuo/nc_78949930/,赤坂,地下鉄空港線,8,2009-10-01,17,78949930
パークホームズ警固本通り,7890,福岡県福岡市中央区警固２-16-30,地下鉄空港線「赤坂」徒歩9分,82.96,3LDK,2009年10月,https://suumo.jp//ms/chuko/fukuoka/sc_fukuokashichuo/nc_20532595/,赤坂,地下鉄空港線,9,2009-10-01,17,20532595
ＭＪＲ赤坂タワー,7980,福岡県福岡市中央区赤坂１,地下鉄空港線「赤坂」徒歩1分,55.38,2LDK,2017年10月,https://suumo.jp//ms/chuko/fukuoka/sc_fukuokashichuo/nc_20237745/,赤坂,地下鉄空港線,1,2017-10-01,9,20237745
パークホームズ警固本通り,7980,福岡県福岡市中央区警固２-16-30,地下鉄空港線「赤坂」徒歩9分,82.96,3LDK,2009年10月,https://suumo.jp//ms/chuko/fukuoka/sc_fukuokashichuo/nc_20148823/,赤坂,地下鉄空港線,9,2009-10-01,17,20148823
グランドメゾン赤坂けやきレジデンス,7980,福岡県福岡市中央区赤坂２,地下鉄空港線「赤坂」徒歩8分,63.59,ワンルーム,2018年6月,https://suumo.jp//ms/chuko/fukuoka/sc_fukuokashichuo/nc_20091079/,赤坂,地下鉄空港線,8,2018-06-01,8,20091079
パークホームズ六本松フォレストクロス,7980,福岡県福岡市中央区輝国２,地下鉄七隈線「六本松」徒歩11分,83.61,4LDK,2022年11月,https://suumo.jp//ms/chuko/fukuoka/sc_fukuokashichuo/nc_20220766/,六本松,地下鉄七隈線,11,2022-11-01,4,20220766
パークハウス西新7丁目,8150,福岡県福岡市早良区西新７-14-40,地下鉄空港線「西新」徒歩11分,91.02,3LDK,2005年2月,https://suumo.jp//ms/chuko/fukuoka/sc_fukuokashisawara/nc_20393985/,西新,地下鉄空港線,11,2005-02-01,21,20393985
グランド・サンリヤン西新,8200,福岡県福岡市早良区城西１,地下鉄空港線「西新」徒歩5分,68.73,3LDK,2024年11月,https://suumo.jp//ms/chuko/fukuoka/sc_fukuokashisawara/nc_78823570/,西新,地下鉄空港線,5,2024-11-01,2,78823570
MJR博多ザ・レジデンス,8200,福岡県福岡市博多区美野島１,ＪＲ鹿児島本線「博多」徒歩13分,70.1,2LDK,2025年1月,https://suumo.jp//ms/chuko/fukuoka/sc_fukuokashihakata/nc_20370112/,博多,ＪＲ鹿児島本線,13,2025-01-01,1,20370112
グランドステイツ大濠公園南,8280,福岡県福岡市中央区六本松３,地下鉄七隈線「六本松」徒歩4分,80.69,3LDK,2004年6月,https://suumo.jp//ms/chuko/fukuoka/sc_fukuokashichuo/nc_78981512/,六本松,地下鉄七隈線,4,2004-06-01,22,78981512
グランドステイツ大濠公園南,8280,福岡県福岡市中央区六本松３-10-28,地下鉄七隈線「六本松」徒歩4分,80.69,3LDK,2004年6月,https://suumo.jp//ms/chuko/fukuoka/sc_fukuokashichuo/nc_20365714/,六本松,地下鉄七隈線,4,2004-06-01,22,20365714
グランドステイツ大濠公園南,8280,福岡県福岡市中央区六本松３,地下鉄七隈線「六本松」徒歩5分,80.69,3LDK,2004年6月,https://suumo.jp//ms/chuko/fukuoka/sc_fukuokashichuo/nc_20354636/,六本松,地下鉄七隈線,5,2004-06-01,22,20354636
アクロス天神ｖタワー,8280,福岡県福岡市中央区舞鶴１,地下鉄空港線「天神」徒歩7分,90.24,4LDK,2005年3月,https://suumo.jp//ms/chuko/fukuoka/sc_fukuokashichuo/nc_78533981/,天神,地下鉄空港線,7,2005-03-01,21,78533981
コアマンション桜坂プレジオ弐番館,8380,福岡県福岡市中央区六本松３,地下鉄七隈線「桜坂」徒歩5分,103.4,4LDK,2001年1月,https://suumo.jp//ms/chuko/fukuoka/sc_fukuokashichuo/nc_20455295/,桜坂,地下鉄七隈線,5,2001-01-01,25,20455295
パークハウス西新７丁目,8380,福岡県福岡市早良区西新７,地下鉄空港線「西新」徒歩11分,91.02,3LDK,2005年2月,https://suumo.jp//ms/chuko/fukuoka/sc_fukuokashisawara/nc_77624309/,西新,地下鉄空港線,11,2005-02-01,21,77624309
コアマンション桜坂プレジオ弐番館,8380,福岡県福岡市中央区六本松３,地下鉄七隈線「桜坂」徒歩4分,103.4,3LDK+S（納戸）,2001年1月,https://suumo.jp//ms/chuko/fukuoka/sc_fukuokashichuo/nc_20207719/,桜坂,地下鉄七隈線,4,2001-01-01,25,20207719
コアマンション桜坂プレジオ弐番館,8380,福岡県福岡市中央区六本松３,地下鉄七隈線「桜坂」徒歩4分,103.4,3LDK+S（納戸）,2001年1月,https://suumo.jp//ms/chuko/fukuoka/sc_fukuokashichuo/nc_20059581/,桜坂,地下鉄七隈線,4,2001-01-01,25,20059581
コアマンション桜坂プレジオ弐番館,8380,福岡県福岡市中央区六本松３,地下鉄七隈線「桜坂」徒歩4分,103.4,3LDK+S（納戸）,2001年1月,https://suumo.jp//ms/chuko/fukuoka/sc_fukuokashichuo/nc_20091541/,桜坂,地下鉄七隈線,4,2001-01-01,25,20091541
フリーディア西新レジデンス,8480,福岡県福岡市早良区西新７,地下鉄空港線「藤崎」徒歩5分,72.93,1LDK,2024年2月,https://suumo.jp//ms/chuko/fukuoka/sc_fukuokashisawara/nc_20245114/,藤崎,地下鉄空港線,5,2024-02-01,2,20245114
MJR博多ザ・レジデンス,8480,福岡県福岡市博多区美野島１,地下鉄七隈線「博多」徒歩12分,70.1,2LDK+S（納戸）,2025年1月,https://suumo.jp//ms/chuko/fukuoka/sc_fukuokashihakata/nc_20023189/,博多,地下鉄七隈線,12,2025-01-01,1,20023189
ザ・パークハウス百道,8480,福岡県福岡市早良区百道２,地下鉄空港線「藤崎」徒歩3分,85.13,3LDK,2020年4月,https://suumo.jp//ms/chuko/fukuoka/sc_fukuokashisawara/nc_77960655/,藤崎,地下鉄空港線,3,2020-04-01,6,77960655
パークホームズ西新トラッドマークス,8480,福岡県福岡市早良区西新２,地下鉄空港線「西新」徒歩3分,75.11,3LDK,2018年5月,https://suumo.jp//ms/chuko/fukuoka/sc_fukuokashisawara/nc_20459552/,西新,地下鉄空港線,3,2018-05-01,8,20459552
ＭＪＲ博多ザ・レジデンス,8500,福岡県福岡市博多区美野島１,ＪＲ鹿児島本線「博多」徒歩13分,70.49,3LDK,2025年1月,https://suumo.jp//ms/chuko/fukuoka/sc_fukuokashihakata/nc_20014031/,博多,ＪＲ鹿児島本線,13,2025-01-01,1,20014031
コアマンション大手門タワー,8680,福岡県福岡市中央区大手門１,地下鉄空港線「赤坂」徒歩7分,95.82,3LDK,2003年8月,https://suumo.jp//ms/chuko/fukuoka/sc_fukuokashichuo/nc_20606079/,赤坂,地下鉄空港線,7,2003-08-01,23,20606079
アソシアタワー大濠ベネフィス,8690,福岡県福岡市中央区荒戸３,地下鉄空港線「唐人町」徒歩7分,92.04,4LDK,2005年3月,https://suumo.jp//ms/chuko/fukuoka/sc_fukuokashichuo/nc_20558081/,唐人町,地下鉄空港線,7,2005-03-01,21,20558081
グランドメゾン別府レジデンス,8700,福岡県福岡市城南区別府３,地下鉄七隈線「別府」徒歩2分,70.44,2LDK,2024年1月,https://suumo.jp//ms/chuko/fukuoka/sc_fukuokashijonan/nc_20549076/,別府,地下鉄七隈線,2,2024-01-01,2,20549076
コアマンション百道プレジオ,8800,福岡県福岡市早良区百道１,地下鉄空港線「藤崎」徒歩9分,92.96,3LDK,2006年2月,https://suumo.jp//ms/chuko/fukuoka/sc_fukuokashisawara/nc_20606579/,藤崎,地下鉄空港線,9,2006-02-01,20,20606579
ＭＪＲ桜坂ザ・レジデンス,8900,福岡県福岡市中央区桜坂１,地下鉄七隈線「桜坂」徒歩1分,89.39,3LDK,2019年1月,https://suumo.jp//ms/chuko/fukuoka/sc_fukuokashichuo/nc_78912834/,桜坂,地下鉄七隈線,1,2019-01-01,7,78912834
MJR桜坂ザ・レジデンス,8990,福岡県福岡市中央区桜坂１,地下鉄七隈線「桜坂」徒歩1分,89.39,3LDK,2019年1月,https://suumo.jp//ms/chuko/fukuoka/sc_fukuokashichuo/nc_20140679/,桜坂,地下鉄七隈線,1,2019-01-01,7,20140679
コアマンションけやき通りプレジオ,8990,福岡県福岡市中央区赤坂３,地下鉄七隈線「六本松」徒歩10分,133.37,4LDK,2002年10月,https://suumo.jp//ms/chuko/fukuoka/sc_fukuokashichuo/nc_79049377/,六本松,地下鉄七隈線,10,2002-10-01,24,79049377
ＭＪＲ桜坂ザ・レジデンス,8990,福岡県福岡市中央区桜坂１,地下鉄七隈線「桜坂」徒歩1分,89.39,3LDK,2019年1月,https://suumo.jp//ms/chuko/fukuoka/sc_fukuokashichuo/nc_78077315/,桜坂,地下鉄七隈線,1,2019-01-01,7,78077315
サンメゾン西新,8990,福岡県福岡市早良区曙１,地下鉄空港線「西新」徒歩12分,97.16,4LDK,2020年1月,https://suumo.jp//ms/chuko/fukuoka/sc_fukuokashisawara/nc_20354631/,西新,地下鉄空港線,12,2020-01-01,6,20354631
ＭＪＲ博多ザ・レジデンス,9000,福岡県福岡市博多区美野島１-1-1,地下鉄空港線「博多」徒歩12分,70.1,2LDK,2025年1月,https://suumo.jp//ms/chuko/fukuoka/sc_fukuokashihakata/nc_20245193/,博多,地下鉄空港線,12,2025-01-01,1,20245193
グランフォーレ西新レジデンス,9250,福岡県福岡市早良区西新２,地下鉄空港線「西新」徒歩4分,90.01,3LDK,2017年3月,https://suumo.jp//ms/chuko/fukuoka/sc_fukuokashisawara/nc_20587897/,西新,地下鉄空港線,4,2017-03-01,9,20587897
百道タワー,9300,福岡県福岡市早良区百道浜１,地下鉄空港線「西新」徒歩10分,90.28,1LDK,2004年2月,https://suumo.jp//ms/chuko/fukuoka/sc_fukuokashisawara/nc_20455101/,西新,地下鉄空港線,10,2004-02-01,22,20455101
百道タワー,9300,福岡県福岡市早良区百道浜１,地下鉄空港線「西新」徒歩10分,90.28,1LDK,2004年2月,https://suumo.jp//ms/chuko/fukuoka/sc_fukuokashisawara/nc_20131070/,西新,地下鉄空港線,10,2004-02-01,22,20131070
グランドメゾン福岡Ｔｈｅ　Ｃｅｎｔｒａｌ　Ｌｕｘｅ,9300,福岡県福岡市中央区渡辺通２,西鉄天神大牟田線「薬院」徒歩2分,62.25,1LDK,2025年6月,https://suumo.jp//ms/chuko/fukuoka/sc_fukuokashichuo/nc_20577821/,薬院,西鉄天神大牟田線,2,2025-06-01,1,20577821
百道タワー,9300,福岡県福岡市早良区百道浜１,地下鉄空港線「西新」徒歩10分,90.28,1LDK+S（納戸）,2004年2月,https://suumo.jp//ms/chuko/fukuoka/sc_fukuokashisawara/nc_20577302/,西新,地下鉄空港線,10,2004-02-01,22,20577302
レジデンス百道,9300,福岡県福岡市早良区百道２,地下鉄空港線「藤崎」徒歩3分,83.33,2LDK+S（納戸）,2015年3月,https://suumo.jp//ms/chuko/fukuoka/sc_fukuokashisawara/nc_20511947/,藤崎,地下鉄空港線,3,2015-03-01,11,20511947
百道タワー,9300,福岡県福岡市早良区百道浜１,地下鉄空港線「西新」徒歩10分,90.28,3LDK,2004年2月,https://suumo.jp//ms/chuko/fukuoka/sc_fukuokashisawara/nc_20612548/,西新,地下鉄空港線,10,2004-02-01,22,20612548
ル・サンク大濠公園,9300,福岡県福岡市中央区大手門２,地下鉄空港線「大濠公園」徒歩8分,85.86,2LDK+S（納戸）,2020年6月,https://suumo.jp//ms/chuko/fukuoka/sc_fukuokashichuo/nc_20529132/,大濠公園,地下鉄空港線,8,2020-06-01,6,20529132
グランドサンリヤン大濠公園パークビュー,9380,福岡県福岡市中央区草香江１,地下鉄七隈線「六本松」徒歩9分,96.91,3LDK,2005年3月,https://suumo.jp//ms/chuko/fukuoka/sc_fukuokashichuo/nc_20393888/,六本松,地下鉄七隈線,9,2005-03-01,21,20393888
グランドメゾン浄水ガーデンシティセントラルフォレスト…,9390,福岡県福岡市中央区薬院４-１４番１,地下鉄七隈線「薬院大通」徒歩9分,65.42,2LDK,2022年1月,https://suumo.jp//ms/chuko/fukuoka/sc_fukuokashichuo/nc_20036479/,薬院大通,地下鉄七隈線,9,2022-01-01,4,20036479
ブランシエラ赤坂はなみずき通り,9390,福岡県福岡市中央区桜坂１,地下鉄七隈線「桜坂」徒歩6分,77.39,3LDK,2020年8月,https://suumo.jp//ms/chuko/fukuoka/sc_fukuokashichuo/nc_78841624/,桜坂,地下鉄七隈線,6,2020-08-01,6,78841624
ザ・パークハウス天神今泉,9480,福岡県福岡市中央区今泉２,地下鉄七隈線「薬院」徒歩6分,65.84,2LDK,2020年7月,https://suumo.jp//ms/chuko/fukuoka/sc_fukuokashichuo/nc_79172982/,薬院,地下鉄七隈線,6,2020-07-01,6,79172982
グランドメゾン福岡　The Central Luxe,9500,福岡県福岡市中央区渡辺通２-７－２８,西鉄天神大牟田線「薬院」徒歩2分,63.29,1LDK,2025年6月,https://suumo.jp//ms/chuko/fukuoka/sc_fukuokashichuo/nc_20128719/,薬院,西鉄天神大牟田線,2,2025-06-01,1,20128719
グランドメゾン大濠プレイス,9500,福岡県福岡市中央区鳥飼１,地下鉄七隈線「六本松」徒歩11分,88.05,2LDK+S（納戸）,2012年1月,https://suumo.jp//ms/chuko/fukuoka/sc_fukuokashichuo/nc_20593785/,六本松,地下鉄七隈線,11,2012-01-01,14,20593785
グランフォーレ百道アクアフロント,9600,福岡県福岡市早良区百道３,地下鉄空港線「藤崎」徒歩12分,86.02,4LDK,2020年10月,https://suumo.jp//ms/chuko/fukuoka/sc_fukuokashisawara/nc_79117082/,藤崎,地下鉄空港線,12,2020-10-01,6,79117082
グランドメゾン桜坂ヒルズ,9600,福岡県福岡市中央区警固３,地下鉄七隈線「桜坂」徒歩5分,90.75,3LDK,2011年2月,https://suumo.jp//ms/chuko/fukuoka/sc_fukuokashichuo/nc_20420725/,桜坂,地下鉄七隈線,5,2011-02-01,15,20420725
グランドメゾン桜坂ヒルズ,9600,福岡県福岡市中央区警固３,地下鉄七隈線「桜坂」徒歩5分,90.75,3LDK,2011年2月,https://suumo.jp//ms/chuko/fukuoka/sc_fukuokashichuo/nc_20513628/,桜坂,地下鉄七隈線,5,2011-02-01,15,20513628
コアマンション大手門タワー,9698,福岡県福岡市中央区大手門１,地下鉄空港線「赤坂」徒歩5分,90.87,3LDK+S（納戸）,2003年8月,https://suumo.jp//ms/chuko/fukuoka/sc_fukuokashichuo/nc_79091579/,赤坂,地下鉄空港線,5,2003-08-01,23,79091579
サンメゾン今川,9780,福岡県福岡市中央区今川１,地下鉄空港線「唐人町」徒歩6分,86.13,3LDK,2019年2月,https://suumo.jp//ms/chuko/fukuoka/sc_fukuokashichuo/nc_20601170/,唐人町,地下鉄空港線,6,2019-02-01,7,20601170
百道タワー,9780,福岡県福岡市早良区百道浜１,地下鉄空港線「西新」徒歩10分,81.73,2LDK,2004年2月,https://suumo.jp//ms/chuko/fukuoka/sc_fukuokashisawara/nc_79121075/,西新,地下鉄空港線,10,2004-02-01,22,79121075
JQ浄水東通り,9800,福岡県福岡市中央区薬院４,地下鉄七隈線「薬院大通」徒歩6分,102.31,4LDK,2006年9月,https://suumo.jp//ms/chuko/fukuoka/sc_fukuokashichuo/nc_20151634/,薬院大通,地下鉄七隈線,6,2006-09-01,20,20151634
パークコート赤坂ヒルトップレジデンス,9880,福岡県福岡市中央区赤坂３-６－６,地下鉄七隈線「桜坂」徒歩10分,89.63,3LDK,2010年2月,https://suumo.jp//ms/chuko/fukuoka/sc_fukuokashichuo/nc_78640538/,桜坂,地下鉄七隈線,10,2010-02-01,16,78640538
プレミスト平尾浄水オークハウス,9900,福岡県福岡市中央区平尾浄水町,地下鉄七隈線「薬院大通」徒歩13分,115.05,4LDK,2010年5月,https://suumo.jp//ms/chuko/fukuoka/sc_fukuokashichuo/nc_79014157/,薬院大通,地下鉄七隈線,13,2010-05-01,16,79014157
天神ロイヤルハイツ,9900,福岡県福岡市中央区天神５,地下鉄空港線「天神」徒歩10分,68.37,ワンルーム,1981年2月,https://suumo.jp//ms/chuko/fukuoka/sc_fukuokashichuo/nc_75782046/,天神,地下鉄空港線,10,1981-02-01,45,75782046
グランドメゾン福岡　Ｔｈｅ　Ｃｅｎｔｒａｌ　Ｌｕｘｅ,9980,福岡県福岡市中央区渡辺通２,西鉄天神大牟田線「薬院」徒歩2分,63.29,1LDK,2025年7月,https://suumo.jp//ms/chuko/fukuoka/sc_fukuokashichuo/nc_78661055/,薬院,西鉄天神大牟田線,2,2025-07-01,1,78661055
アクタス大手門パークシティ,9980,福岡県福岡市中央区大手門１-２－１８,地下鉄空港線「赤坂」徒歩7分,93.92,3LDK,2005年2月,https://suumo.jp//ms/chuko/fukuoka/sc_fukuokashichuo/nc_76842988/,赤坂,地下鉄空港線,7,2005-02-01,21,76842988
アクタス大手門パークシティ,9980,福岡県福岡市中央区大手門１,地下鉄空港線「赤坂」徒歩7分,93.92,3LDK,2005年2月,https://suumo.jp//ms/chuko/fukuoka/sc_fukuokashichuo/nc_76865748/,赤坂,地下鉄空港線,7,2005-02-01,21,76865748
Ｂｒｉｌｌｉａ平尾浄水,9980,福岡県福岡市中央区平尾浄水町,地下鉄七隈線「薬院大通」徒歩12分,108.17,3LDK,2009年4月,https://suumo.jp//ms/chuko/fukuoka/sc_fukuokashichuo/nc_20160990/,薬院大通,地下鉄七隈線,12,2009-04-01,17,20160990
ライオンズ大濠レジデンス,9980,福岡県福岡市中央区草香江２,地下鉄七隈線「六本松」徒歩10分,100.05,3LDK,2007年11月,https://suumo.jp//ms/chuko/fukuoka/sc_fukuokashichuo/nc_20483283/,六本松,地下鉄七隈線,10,2007-11-01,19,20483283
サークコート大濠公園駅,10000,福岡県福岡市中央区荒戸２,地下鉄空港線「大濠公園」徒歩3分,85.18,4LDK,2001年2月,https://suumo.jp//ms/chuko/fukuoka/sc_fukuokashichuo/nc_20530372/,大濠公園,地下鉄空港線,3,2001-02-01,25,20530372
フリーディア藤崎レジデンス,10300,福岡県福岡市早良区藤崎１,地下鉄空港線「藤崎」徒歩4分,97.45,3LDK,2019年9月,https://suumo.jp//ms/chuko/fukuoka/sc_fukuokashisawara/nc_79081279/,藤崎,地下鉄空港線,4,2019-09-01,7,79081279
グランドメゾン薬院　ザ・タワーレジデンス,10500,福岡県福岡市中央区薬院３,地下鉄七隈線「薬院大通」徒歩5分,70.06,2LDK+S（納戸）,2022年6月,https://suumo.jp//ms/chuko/fukuoka/sc_fukuokashichuo/nc_20609707/,薬院大通,地下鉄七隈線,5,2022-06-01,4,20609707
グランドメゾン西新テラス,10780,福岡県福岡市早良区城西１,地下鉄空港線「西新」徒歩7分,96.41,3LDK,2014年2月,https://suumo.jp//ms/chuko/fukuoka/sc_fukuokashisawara/nc_20043788/,西新,地下鉄空港線,7,2014-02-01,12,20043788
アルテマインド浄水平丘,10800,福岡県福岡市中央区平丘町1-16,地下鉄七隈線「薬院大通」徒歩10分,94.63,3LDK,2010年5月,https://suumo.jp//ms/chuko/fukuoka/sc_fukuokashichuo/nc_20249037/,薬院大通,地下鉄七隈線,10,2010-05-01,16,20249037
アルテマインド浄水平丘,10800,福岡県福岡市中央区平丘町,地下鉄七隈線「薬院大通」徒歩9分,94.63,3LDK,2010年4月,https://suumo.jp//ms/chuko/fukuoka/sc_fukuokashichuo/nc_20409313/,薬院大通,地下鉄七隈線,9,2010-04-01,16,20409313
グランドメゾン百道プレイス,10820,福岡県福岡市早良区百道２,地下鉄空港線「藤崎」徒歩3分,90.65,3LDK,2016年2月,https://suumo.jp//ms/chuko/fukuoka/sc_fukuokashisawara/nc_77583529/,藤崎,地下鉄空港線,3,2016-02-01,10,77583529
三井薬院ハイツ,10880,福岡県福岡市中央区薬院２,地下鉄七隈線「薬院大通」徒歩6分,172.94,8LDK,1982年10月,https://suumo.jp//ms/chuko/fukuoka/sc_fukuokashichuo/nc_20133049/,薬院大通,地下鉄七隈線,6,1982-10-01,44,20133049
グランドメゾン福岡Ｔｈｅ　Ｃｅｎｔｒａｌ　Ｌｕｘｅ,10900,福岡県福岡市中央区渡辺通２,西鉄天神大牟田線「薬院」徒歩2分,69.63,1LDK,2025年6月,https://suumo.jp//ms/chuko/fukuoka/sc_fukuokashichuo/nc_20577810/,薬院,西鉄天神大牟田線,2,2025-06-01,1,20577810
百道タワー,10980,福岡県福岡市早良区百道浜１,地下鉄空港線「西新」徒歩13分,108.68,3LDK,2004年2月,https://suumo.jp//ms/chuko/fukuoka/sc_fukuokashisawara/nc_78116650/,西新,地下鉄空港線,13,2004-02-01,22,78116650
デュレジア薬院スタンス◆☆上質なデザイン空間☆◆,10980,福岡県福岡市中央区薬院３,地下鉄七隈線「薬院大通」徒歩5分,70.33,2LDK+S（納戸）,2023年2月,https://suumo.jp//ms/chuko/fukuoka/sc_fukuokashichuo/nc_20282820/,薬院大通,地下鉄七隈線,5,2023-02-01,3,20282820
ザ・パークハウス桜坂サンリヤン,10980,福岡県福岡市中央区桜坂３,地下鉄七隈線「桜坂」徒歩3分,84.98,3LDK,2018年9月,https://suumo.jp//ms/chuko/fukuoka/sc_fukuokashichuo/nc_20474578/,桜坂,地下鉄七隈線,3,2018-09-01,8,20474578
グランドメゾン大濠南,10990,福岡県福岡市中央区草香江２,地下鉄七隈線「六本松」徒歩3分,98.79,3LDK,2001年11月,https://suumo.jp//ms/chuko/fukuoka/sc_fukuokashichuo/nc_20641599/,六本松,地下鉄七隈線,3,2001-11-01,25,20641599
グランドメゾン大濠南,10990,福岡県福岡市中央区草香江２,地下鉄七隈線「六本松」徒歩3分,98.79,3LDK+S（納戸）,2001年11月,https://suumo.jp//ms/chuko/fukuoka/sc_fukuokashichuo/nc_20286451/,六本松,地下鉄七隈線,3,2001-11-01,25,20286451
グランドメゾン大濠南,10990,福岡県福岡市中央区草香江２,地下鉄七隈線「六本松」徒歩3分,98.79,3LDK+S（納戸）,2001年11月,https://suumo.jp//ms/chuko/fukuoka/sc_fukuokashichuo/nc_20117698/,六本松,地下鉄七隈線,3,2001-11-01,25,20117698
グランドメゾン大濠南,10990,福岡県福岡市中央区草香江２-1-38,地下鉄七隈線「六本松」徒歩2分,98.79,3LDK+S（納戸）,2001年11月,https://suumo.jp//ms/chuko/fukuoka/sc_fukuokashichuo/nc_20236709/,六本松,地下鉄七隈線,2,2001-11-01,25,20236709
グランドメゾン大濠南,10990,福岡県福岡市中央区草香江２-1-38,地下鉄七隈線「六本松」徒歩3分,98.79,3LDK+S（納戸）,2001年11月,https://suumo.jp//ms/chuko/fukuoka/sc_fukuokashichuo/nc_20412861/,六本松,地下鉄七隈線,3,2001-11-01,25,20412861
グランドメゾン大濠南,10990,福岡県福岡市中央区草香江２,地下鉄七隈線「六本松」徒歩4分,98.79,3LDK+S（納戸）,2001年11月,https://suumo.jp//ms/chuko/fukuoka/sc_fukuokashichuo/nc_20614954/,六本松,地下鉄七隈線,4,2001-11-01,25,20614954
グランドメゾン大濠南,10990,福岡県福岡市中央区草香江２,地下鉄七隈線「六本松」徒歩3分,98.79,3LDK+S（納戸）,2001年12月,https://suumo.jp//ms/chuko/fukuoka/sc_fukuokashichuo/nc_20181726/,六本松,地下鉄七隈線,3,2001-12-01,25,20181726
グランドメゾン福岡Ｔｈｅ　Ｃｅｎｔｒａｌ　Ｌｕｘｅ,11000,福岡県福岡市中央区渡辺通２,西鉄天神大牟田線「薬院」徒歩3分,51.35,1LDK,2025年6月,https://suumo.jp//ms/chuko/fukuoka/sc_fukuokashichuo/nc_20389892/,薬院,西鉄天神大牟田線,3,2025-06-01,1,20389892
グランドメゾン福岡The Central Luxe,11000,福岡県福岡市中央区渡辺通２-7-28,西鉄天神大牟田線「薬院」徒歩3分,51.35,1LDK,2025年6月,https://suumo.jp//ms/chuko/fukuoka/sc_fukuokashichuo/nc_20102772/,薬院,西鉄天神大牟田線,3,2025-06-01,1,20102772
グランドメゾン福岡The Central Luxe,11000,福岡県福岡市中央区渡辺通２,西鉄天神大牟田線「薬院」徒歩2分,51.35,1LDK,2025年6月,https://suumo.jp//ms/chuko/fukuoka/sc_fukuokashichuo/nc_20024816/,薬院,西鉄天神大牟田線,2,2025-06-01,1,20024816
ＭＪＲ博多ザ・レジデンス,11200,福岡県福岡市博多区美野島１,ＪＲ鹿児島本線「博多」徒歩12分,97.26,3LDK,2025年1月,https://suumo.jp//ms/chuko/fukuoka/sc_fukuokashihakata/nc_20162432/,博多,ＪＲ鹿児島本線,12,2025-01-01,1,20162432
ＭＪＲ博多ザ・レジデンス,11200,福岡県福岡市博多区美野島１,地下鉄空港線「博多」徒歩12分,97.26,3LDK,2025年1月,https://suumo.jp//ms/chuko/fukuoka/sc_fukuokashihakata/nc_20199483/,博多,地下鉄空港線,12,2025-01-01,1,20199483
ＭＪＲ博多ザ・レジデンス,11200,福岡県福岡市博多区美野島１,ＪＲ鹿児島本線「博多」徒歩13分,97.26,3LDK,2025年1月,https://suumo.jp//ms/chuko/fukuoka/sc_fukuokashihakata/nc_20169488/,博多,ＪＲ鹿児島本線,13,2025-01-01,1,20169488
グランドメゾン大濠公園 THE TOWER,11500,福岡県福岡市中央区唐人町１-2-3,地下鉄空港線「唐人町」徒歩4分,70.67,3LDK,2023年6月,https://suumo.jp//ms/chuko/fukuoka/sc_fukuokashichuo/nc_20170522/,唐人町,地下鉄空港線,4,2023-06-01,3,20170522
グランドメゾン大濠公園ＴＨＥ　ＴＯＷＥＲ,11500,福岡県福岡市中央区唐人町１,地下鉄空港線「唐人町」徒歩2分,70.67,3LDK,2023年6月,https://suumo.jp//ms/chuko/fukuoka/sc_fukuokashichuo/nc_20179644/,唐人町,地下鉄空港線,2,2023-06-01,3,20179644
グランドメゾン赤坂１丁目,11580,福岡県福岡市中央区赤坂１,地下鉄空港線「赤坂」徒歩6分,88.11,3LDK,2013年5月,https://suumo.jp//ms/chuko/fukuoka/sc_fukuokashichuo/nc_20401837/,赤坂,地下鉄空港線,6,2013-05-01,13,20401837
Brillia平尾浄水,11800,福岡県福岡市中央区平尾浄水町,地下鉄七隈線「薬院大通」徒歩12分,114.43,3LDK,2009年4月,https://suumo.jp//ms/chuko/fukuoka/sc_fukuokashichuo/nc_20367604/,薬院大通,地下鉄七隈線,12,2009-04-01,17,20367604
Ｂｒｉｌｌｉａ平尾浄水,11800,福岡県福岡市中央区平尾浄水町,地下鉄七隈線「薬院大通」徒歩12分,114.43,3LDK,2009年4月,https://suumo.jp//ms/chuko/fukuoka/sc_fukuokashichuo/nc_20395544/,薬院大通,地下鉄七隈線,12,2009-04-01,17,20395544
ブリリア平尾浄水,11800,福岡県福岡市中央区平尾浄水町,地下鉄七隈線「薬院大通」徒歩11分,114.43,3LDK,2009年5月,https://suumo.jp//ms/chuko/fukuoka/sc_fukuokashichuo/nc_78952756/,薬院大通,地下鉄七隈線,11,2009-05-01,17,78952756
ＭＪＲ六本松,11800,福岡県福岡市中央区六本松４,地下鉄七隈線「六本松」徒歩2分,97.18,4LDK+S（納戸）,2017年1月,https://suumo.jp//ms/chuko/fukuoka/sc_fukuokashichuo/nc_20601189/,六本松,地下鉄七隈線,2,2017-01-01,9,20601189
グランドメゾン大濠公園ＴＨＥ　ＣＬＡＳＳ,12000,福岡県福岡市中央区荒戸２,地下鉄空港線「大濠公園」徒歩4分,60.35,2LDK,2024年1月,https://suumo.jp//ms/chuko/fukuoka/sc_fukuokashichuo/nc_20346627/,大濠公園,地下鉄空港線,4,2024-01-01,2,20346627
グランドメゾン大濠公園THE CLASS,12000,福岡県福岡市中央区荒戸２,地下鉄空港線「大濠公園」徒歩4分,60.35,2LDK,2024年1月,https://suumo.jp//ms/chuko/fukuoka/sc_fukuokashichuo/nc_20005198/,大濠公園,地下鉄空港線,4,2024-01-01,2,20005198
グランドメゾン大濠公園THE CLASS,12000,福岡県福岡市中央区荒戸２-3-9,地下鉄空港線「大濠公園」徒歩6分,60.35,2LDK,2024年1月,https://suumo.jp//ms/chuko/fukuoka/sc_fukuokashichuo/nc_20120081/,大濠公園,地下鉄空港線,6,2024-01-01,2,20120081
アーバンパレス大濠,12000,福岡県福岡市中央区荒戸２,地下鉄空港線「大濠公園」徒歩4分,151.77,4LDK,1992年6月,https://suumo.jp//ms/chuko/fukuoka/sc_fukuokashichuo/nc_20626330/,大濠公園,地下鉄空港線,4,1992-06-01,34,20626330
グランドメゾン大濠公園THE CLASS,12000,福岡県福岡市中央区荒戸２,地下鉄空港線「大濠公園」徒歩5分,60.35,2LDK,2024年1月,https://suumo.jp//ms/chuko/fukuoka/sc_fukuokashichuo/nc_20415519/,大濠公園,地下鉄空港線,5,2024-01-01,2,20415519
グランドメゾン福岡　ＴＨＥ　ＣＥＮＴＲＡＬ　ＬＵＸＥ,12000,福岡県福岡市中央区渡辺通２,西鉄天神大牟田線「薬院」徒歩3分,69.63,1LDK,2025年6月,https://suumo.jp//ms/chuko/fukuoka/sc_fukuokashichuo/nc_20277314/,薬院,西鉄天神大牟田線,3,2025-06-01,1,20277314
グランドメゾン福岡　Ｔｈｅ　Ｃｅｎｔｒａｌ　Ｌｕｘｅ,12000,福岡県福岡市中央区渡辺通２,西鉄天神大牟田線「薬院」徒歩3分,69.63,ワンルーム,2025年6月,https://suumo.jp//ms/chuko/fukuoka/sc_fukuokashichuo/nc_20420261/,薬院,西鉄天神大牟田線,3,2025-06-01,1,20420261
グランドメゾン浄水ガーデンシティフォレストゲートⅢ,12500,福岡県福岡市中央区薬院４,地下鉄七隈線「薬院大通」徒歩5分,83.15,3LDK,2018年12月,https://suumo.jp//ms/chuko/fukuoka/sc_fukuokashichuo/nc_79074334/,薬院大通,地下鉄七隈線,5,2018-12-01,8,79074334
グランドメゾン大濠サウスサイドレジデンス,12500,福岡県福岡市中央区草香江１,地下鉄七隈線「六本松」徒歩5分,100.43,3LDK,2018年7月,https://suumo.jp//ms/chuko/fukuoka/sc_fukuokashichuo/nc_20408896/,六本松,地下鉄七隈線,5,2018-07-01,8,20408896
グランドメゾン福岡　The Central Luxe,12660,福岡県福岡市中央区渡辺通２-7-23,西鉄天神大牟田線「薬院」徒歩2分,69.72,1LDK,2025年6月,https://suumo.jp//ms/chuko/fukuoka/sc_fukuokashichuo/nc_79102216/,薬院,西鉄天神大牟田線,2,2025-06-01,1,79102216
ザ・パークハウス福岡タワーズ EAST,12800,福岡県福岡市中央区地行浜２,地下鉄空港線「唐人町」徒歩12分,83.96,3LDK,2020年12月,https://suumo.jp//ms/chuko/fukuoka/sc_fukuokashichuo/nc_79049647/,唐人町,地下鉄空港線,12,2020-12-01,6,79049647
グランドパレス浄水通り,12850,福岡県福岡市中央区薬院４,地下鉄七隈線「薬院大通」徒歩6分,101.74,2LDK,2017年2月,https://suumo.jp//ms/chuko/fukuoka/sc_fukuokashichuo/nc_20336580/,薬院大通,地下鉄七隈線,6,2017-02-01,9,20336580
グランドパレス浄水通り,12850,福岡県福岡市中央区薬院４,地下鉄七隈線「薬院大通」徒歩6分,101.74,2LDK+S（納戸）,2017年2月,https://suumo.jp//ms/chuko/fukuoka/sc_fukuokashichuo/nc_20329272/,薬院大通,地下鉄七隈線,6,2017-02-01,9,20329272
グランドパレス浄水通り,12850,福岡県福岡市中央区薬院４-15-10,地下鉄七隈線「薬院大通」徒歩8分,101.74,2LDK+S（納戸）,2017年3月,https://suumo.jp//ms/chuko/fukuoka/sc_fukuokashichuo/nc_20312519/,薬院大通,地下鉄七隈線,8,2017-03-01,9,20312519
Brillia平尾浄水,12900,福岡県福岡市中央区平尾浄水町4-7,地下鉄七隈線「薬院大通」徒歩11分,127.99,3LDK,2009年4月,https://suumo.jp//ms/chuko/fukuoka/sc_fukuokashichuo/nc_78105959/,薬院大通,地下鉄七隈線,11,2009-04-01,17,78105959
ネクサス薬院,13300,福岡県福岡市中央区薬院１,地下鉄七隈線「薬院大通」徒歩3分,94.52,3LDK,2015年6月,https://suumo.jp//ms/chuko/fukuoka/sc_fukuokashichuo/nc_78294683/,薬院大通,地下鉄七隈線,3,2015-06-01,11,78294683
グランドメゾン赤坂弐番館,13300,福岡県福岡市中央区赤坂２,地下鉄空港線「赤坂」徒歩12分,110.0,3LDK,2004年9月,https://suumo.jp//ms/chuko/fukuoka/sc_fukuokashichuo/nc_79104390/,赤坂,地下鉄空港線,12,2004-09-01,22,79104390
グランドメゾン赤坂弐番館,13300,福岡県福岡市中央区赤坂２,地下鉄空港線「赤坂」徒歩11分,110.0,3LDK,2004年9月,https://suumo.jp//ms/chuko/fukuoka/sc_fukuokashichuo/nc_20475936/,赤坂,地下鉄空港線,11,2004-09-01,22,20475936
グランドメゾン赤坂弐番館,13300,福岡県福岡市中央区赤坂２,地下鉄空港線「赤坂」徒歩11分,110.0,3LDK,2004年9月,https://suumo.jp//ms/chuko/fukuoka/sc_fukuokashichuo/nc_20491491/,赤坂,地下鉄空港線,11,2004-09-01,22,20491491
グランドメゾン赤坂弐番館,13300,福岡県福岡市中央区赤坂２,地下鉄空港線「赤坂」徒歩11分,110.0,3LDK,2004年9月,https://suumo.jp//ms/chuko/fukuoka/sc_fukuokashichuo/nc_20496537/,赤坂,地下鉄空港線,11,2004-09-01,22,20496537
ネクサス薬院,13300,福岡県福岡市中央区薬院１,地下鉄七隈線「薬院大通」徒歩4分,94.52,3LDK,2015年6月,https://suumo.jp//ms/chuko/fukuoka/sc_fukuokashichuo/nc_78680505/,薬院大通,地下鉄七隈線,4,2015-06-01,11,78680505
コアマンションけやき通りプレジオ,13400,福岡県福岡市中央区赤坂３,地下鉄七隈線「六本松」徒歩11分,150.4,3LDK+S（納戸）,2002年10月,https://suumo.jp//ms/chuko/fukuoka/sc_fukuokashichuo/nc_20445148/,六本松,地下鉄七隈線,11,2002-10-01,24,20445148
アンピール・マキシム大濠,13500,福岡県福岡市中央区荒戸２,地下鉄空港線「大濠公園」徒歩7分,123.43,3LDK,2000年10月,https://suumo.jp//ms/chuko/fukuoka/sc_fukuokashichuo/nc_20421113/,大濠公園,地下鉄空港線,7,2000-10-01,26,20421113
グランドメゾン大濠公園２０１７,13500,福岡県福岡市中央区荒戸１,地下鉄空港線「大濠公園」徒歩4分,93.44,2LDK,2017年11月,https://suumo.jp//ms/chuko/fukuoka/sc_fukuokashichuo/nc_78085177/,大濠公園,地下鉄空港線,4,2017-11-01,9,78085177
サーパス赤坂マスターズビュー,13800,福岡県福岡市中央区六本松３,地下鉄七隈線「六本松」徒歩8分,90.23,3LDK,2013年10月,https://suumo.jp//ms/chuko/fukuoka/sc_fukuokashichuo/nc_78826360/,六本松,地下鉄七隈線,8,2013-10-01,13,78826360
サーパス赤坂マスターズビュー,13800,福岡県福岡市中央区六本松３-16-27,地下鉄七隈線「六本松」徒歩8分,90.23,3LDK,2013年10月,https://suumo.jp//ms/chuko/fukuoka/sc_fukuokashichuo/nc_78818450/,六本松,地下鉄七隈線,8,2013-10-01,13,78818450
グランドメゾン大濠公園ＴＨＥ　ＣＬＡＳＳ,14000,福岡県福岡市中央区荒戸２,地下鉄空港線「大濠公園」徒歩4分,80.07,3LDK,2024年1月,https://suumo.jp//ms/chuko/fukuoka/sc_fukuokashichuo/nc_77341516/,大濠公園,地下鉄空港線,4,2024-01-01,2,77341516
ルッシュ・西公園,14000,福岡県福岡市中央区荒戸３-5-46,地下鉄空港線「唐人町」徒歩13分,131.05,4LDK,1990年9月,https://suumo.jp//ms/chuko/fukuoka/sc_fukuokashichuo/nc_78996625/,唐人町,地下鉄空港線,13,1990-09-01,36,78996625
ザ・パークハウス桜坂サンリヤン,14800,福岡県福岡市中央区桜坂３,地下鉄七隈線「桜坂」徒歩3分,84.98,3LDK+S（納戸）,2018年9月,https://suumo.jp//ms/chuko/fukuoka/sc_fukuokashichuo/nc_20521773/,桜坂,地下鉄七隈線,3,2018-09-01,8,20521773
プレミスト天神赤坂タワー,14800,福岡県福岡市中央区大名２,地下鉄空港線「赤坂」徒歩2分,69.22,2LDK,2019年1月,https://suumo.jp//ms/chuko/fukuoka/sc_fukuokashichuo/nc_20574350/,赤坂,地下鉄空港線,2,2019-01-01,7,20574350
ザ・パークハウス桜坂サンリヤン,14800,福岡県福岡市中央区桜坂３,地下鉄七隈線「桜坂」徒歩3分,84.98,3LDK+S（納戸）,2018年9月,https://suumo.jp//ms/chuko/fukuoka/sc_fukuokashichuo/nc_20476499/,桜坂,地下鉄七隈線,3,2018-09-01,8,20476499
ウェリス大濠公園Z-Stage,14800,福岡県福岡市中央区黒門,地下鉄空港線「唐人町」徒歩2分,86.42,3LDK,2013年9月,https://suumo.jp//ms/chuko/fukuoka/sc_fukuokashichuo/nc_20422608/,唐人町,地下鉄空港線,2,2013-09-01,13,20422608
大濠パークハウス,15000,福岡県福岡市中央区大濠１,地下鉄空港線「唐人町」徒歩9分,179.25,2LDK+S（納戸）,1989年10月,https://suumo.jp//ms/chuko/fukuoka/sc_fukuokashichuo/nc_78946460/,唐人町,地下鉄空港線,9,1989-10-01,37,78946460
レーベン福岡天神ＯＮＥＴＯＷＥＲ,15358,福岡県福岡市中央区天神５,地下鉄空港線「天神」徒歩6分,83.43,3LDK,2024年1月,https://suumo.jp//ms/chuko/fukuoka/sc_fukuokashichuo/nc_78395279/,天神,地下鉄空港線,6,2024-01-01,2,78395279
レーベン福岡天神　ＯＮＥ　ＴＯＷＥＲ,15358,福岡県福岡市中央区天神５,地下鉄空港線「天神」徒歩9分,83.43,3LDK,2024年1月,https://suumo.jp//ms/chuko/fukuoka/sc_fukuokashichuo/nc_77793403/,天神,地下鉄空港線,9,2024-01-01,2,77793403
レーベン福岡天神ＯＮＥ　ＴＯＷＥＲ,15358,福岡県福岡市中央区天神５,地下鉄空港線「天神」徒歩8分,83.43,3LDK,2024年1月,https://suumo.jp//ms/chuko/fukuoka/sc_fukuokashichuo/nc_20587896/,天神,地下鉄空港線,8,2024-01-01,2,20587896
レーベン福岡天神ONETOWER,15358,福岡県福岡市中央区天神５,地下鉄空港線「天神」徒歩6分,83.43,3LDK,2024年1月,https://suumo.jp//ms/chuko/fukuoka/sc_fukuokashichuo/nc_77748360/,天神,地下鉄空港線,6,2024-01-01,2,77748360
MJR赤坂タワー,15800,福岡県福岡市中央区赤坂１,地下鉄空港線「赤坂」徒歩1分,69.03,2LDK,2017年10月,https://suumo.jp//ms/chuko/fukuoka/sc_fukuokashichuo/nc_77915413/,赤坂,地下鉄空港線,1,2017-10-01,9,77915413
MJR赤坂タワー,15800,福岡県福岡市中央区赤坂１,地下鉄空港線「赤坂」徒歩1分,69.03,2LDK,2017年10月,https://suumo.jp//ms/chuko/fukuoka/sc_fukuokashichuo/nc_79059997/,赤坂,地下鉄空港線,1,2017-10-01,9,79059997
MJR赤坂タワー,15800,福岡県福岡市中央区赤坂１,地下鉄空港線「赤坂」徒歩1分,69.03,2LDK,2017年10月,https://suumo.jp//ms/chuko/fukuoka/sc_fukuokashichuo/nc_77959137/,赤坂,地下鉄空港線,1,2017-10-01,9,77959137
ＭＪＲ赤坂タワー,15800,福岡県福岡市中央区赤坂１,地下鉄空港線「赤坂」徒歩1分,69.03,2LDK,2017年10月,https://suumo.jp//ms/chuko/fukuoka/sc_fukuokashichuo/nc_77940319/,赤坂,地下鉄空港線,1,2017-10-01,9,77940319
MJR赤坂タワー,15800,福岡県福岡市中央区赤坂１,地下鉄空港線「赤坂」徒歩1分,69.03,2LDK,2017年11月,https://suumo.jp//ms/chuko/fukuoka/sc_fukuokashichuo/nc_77934409/,赤坂,地下鉄空港線,1,2017-11-01,9,77934409
百道浜パークハウス,15800,福岡県福岡市早良区百道浜１,地下鉄空港線「西新」徒歩13分,131.0,4LDK,1998年8月,https://suumo.jp//ms/chuko/fukuoka/sc_fukuokashisawara/nc_20588497/,西新,地下鉄空港線,13,1998-08-01,28,20588497
MJR赤坂タワー,15800,福岡県福岡市中央区赤坂１,地下鉄空港線「赤坂」徒歩1分,69.03,2LDK,2017年10月,https://suumo.jp//ms/chuko/fukuoka/sc_fukuokashichuo/nc_77892861/,赤坂,地下鉄空港線,1,2017-10-01,9,77892861
ザ・パークハウス桜坂サンリヤン,16500,福岡県福岡市中央区桜坂３,地下鉄七隈線「桜坂」徒歩3分,105.07,4LDK,2018年9月,https://suumo.jp//ms/chuko/fukuoka/sc_fukuokashichuo/nc_74279125/,桜坂,地下鉄七隈線,3,2018-09-01,8,74279125
ブリリアタワー西新,16500,福岡県福岡市早良区西新４-1-1,地下鉄空港線「西新」徒歩1分,79.93,2LDK,2021年1月,https://suumo.jp//ms/chuko/fukuoka/sc_fukuokashisawara/nc_20003363/,西新,地下鉄空港線,1,2021-01-01,5,20003363
パークホームズ大濠二丁目,17200,福岡県福岡市中央区大濠２,地下鉄空港線「唐人町」徒歩4分,101.47,3LDK,2017年6月,https://suumo.jp//ms/chuko/fukuoka/sc_fukuokashichuo/nc_20417461/,唐人町,地下鉄空港線,4,2017-06-01,9,20417461
ザ・パークハウス天神今泉,17400,福岡県福岡市中央区今泉２,西鉄天神大牟田線「薬院」徒歩6分,104.72,3LDK,2020年7月,https://suumo.jp//ms/chuko/fukuoka/sc_fukuokashichuo/nc_78568146/,薬院,西鉄天神大牟田線,6,2020-07-01,6,78568146
ロイヤルアーク大濠公園,17800,福岡県福岡市中央区大手門１,地下鉄空港線「大濠公園」徒歩2分,124.77,3LDK,2001年10月,https://suumo.jp//ms/chuko/fukuoka/sc_fukuokashichuo/nc_20011979/,大濠公園,地下鉄空港線,2,2001-10-01,25,20011979
アメックス大濠タワー,17800,福岡県福岡市中央区大手門３-1-30,地下鉄空港線「大濠公園」徒歩5分,145.2,3LDK,2006年7月,https://suumo.jp//ms/chuko/fukuoka/sc_fukuokashichuo/nc_77332781/,大濠公園,地下鉄空港線,5,2006-07-01,20,77332781
グランドメゾン福岡　Ｔｈｅ　Ｃｅｎｔｒａｌ　Ｌｕｘｅ,18500,福岡県福岡市中央区渡辺通２,西鉄天神大牟田線「薬院」徒歩2分,77.39,2LDK,2025年6月,https://suumo.jp//ms/chuko/fukuoka/sc_fukuokashichuo/nc_20416508/,薬院,西鉄天神大牟田線,2,2025-06-01,1,20416508
グランアーキ大濠一丁目 ザ・レジデンス,19100,福岡県福岡市中央区大濠１,地下鉄空港線「大濠公園」徒歩15分,83.09,2LDK,2020年12月,https://suumo.jp//ms/chuko/fukuoka/sc_fukuokashichuo/nc_79152708/,大濠公園,地下鉄空港線,15,2020-12-01,6,79152708
プレミスト天神赤坂タワー,19800,福岡県福岡市中央区大名２-10-8,地下鉄空港線「赤坂」徒歩3分,62.77,1LDK,2019年1月,https://suumo.jp//ms/chuko/fukuoka/sc_fukuokashichuo/nc_20214629/,赤坂,地下鉄空港線,3,2019-01-01,7,20214629
大濠パークハウス,19800,福岡県福岡市中央区大濠１,地下鉄空港線「唐人町」徒歩9分,158.78,3LDK,1989年10月,https://suumo.jp//ms/chuko/fukuoka/sc_fukuokashichuo/nc_20131682/,唐人町,地下鉄空港線,9,1989-10-01,37,20131682
グランドメゾン浄水ガーデンシティ　フォレストゲートⅢ,19800,福岡県福岡市中央区薬院４,地下鉄七隈線「薬院大通」徒歩5分,100.07,3LDK,2018年12月,https://suumo.jp//ms/chuko/fukuoka/sc_fukuokashichuo/nc_20401001/,薬院大通,地下鉄七隈線,5,2018-12-01,8,20401001
大濠パークハウス,19800,福岡県福岡市中央区大濠１,地下鉄空港線「唐人町」徒歩9分,158.78,3LDK,1989年10月,https://suumo.jp//ms/chuko/fukuoka/sc_fukuokashichuo/nc_78968131/,唐人町,地下鉄空港線,9,1989-10-01,37,78968131
ザ・パークハウス桜坂サンリヤン,19800,福岡県福岡市中央区桜坂３,地下鉄七隈線「桜坂」徒歩3分,105.07,2LDK+S（納戸）,2018年9月,https://suumo.jp//ms/chuko/fukuoka/sc_fukuokashichuo/nc_78879298/,桜坂,地下鉄七隈線,3,2018-09-01,8,78879298
フリーディア赤坂プレミアム,20000,福岡県福岡市中央区舞鶴３,地下鉄空港線「赤坂」徒歩6分,103.54,2LDK,2020年3月,https://suumo.jp//ms/chuko/fukuoka/sc_fukuokashichuo/nc_20401002/,赤坂,地下鉄空港線,6,2020-03-01,6,20401002
パークホームズ大濠二丁目,21000,福岡県福岡市中央区大濠２,地下鉄空港線「唐人町」徒歩4分,101.47,2LDK,2017年6月,https://suumo.jp//ms/chuko/fukuoka/sc_fukuokashichuo/nc_20237744/,唐人町,地下鉄空港線,4,2017-06-01,9,20237744
ＣＬＵＢ　ＴＨＥ．大濠二丁目,22800,福岡県福岡市中央区大濠２,地下鉄空港線「唐人町」徒歩7分,133.27,4LDK,2019年6月,https://suumo.jp//ms/chuko/fukuoka/sc_fukuokashichuo/nc_20577804/,唐人町,地下鉄空港線,7,2019-06-01,7,20577804
Ｂｒｉｌｌｉａ　Ｔｏｗｅｒ西新・ＰＲＡＬＩＶＡ,23300,福岡県福岡市早良区西新４,地下鉄空港線「西新」徒歩1分,99.1,3LDK,2021年1月,https://suumo.jp//ms/chuko/fukuoka/sc_fukuokashisawara/nc_20577831/,西新,地下鉄空港線,1,2021-01-01,5,20577831
Ｂｒｉｌｌｉａ　Ｔｏｗｅｒ西新・ＰＲＡＬＩＶＡ,23500,福岡県福岡市早良区西新４,地下鉄空港線「西新」徒歩1分,100.08,4LDK,2021年1月,https://suumo.jp//ms/chuko/fukuoka/sc_fukuokashisawara/nc_20100959/,西新,地下鉄空港線,1,2021-01-01,5,20100959
ブリリアタワー西新,23800,福岡県福岡市早良区西新４,地下鉄空港線「西新」徒歩1分,100.08,3LDK,2021年1月,https://suumo.jp//ms/chuko/fukuoka/sc_fukuokashisawara/nc_76364232/,西新,地下鉄空港線,1,2021-01-01,5,76364232
パークホームズ西新トラッドマークス,25000,福岡県福岡市早良区西新２,地下鉄空港線「西新」徒歩3分,163.09,3LDK+S（納戸）,2018年5月,https://suumo.jp//ms/chuko/fukuoka/sc_fukuokashisawara/nc_20577823/,西新,地下鉄空港線,3,2018-05-01,8,20577823
大濠パークハウス,25000,福岡県福岡市中央区大濠１,地下鉄空港線「唐人町」徒歩9分,162.59,1LDK,1989年10月,https://suumo.jp//ms/chuko/fukuoka/sc_fukuokashichuo/nc_79182139/,唐人町,地下鉄空港線,9,1989-10-01,37,79182139
大濠パークハウス,25000,福岡県福岡市中央区大濠１,地下鉄空港線「唐人町」徒歩9分,162.59,1LDK,1989年10月,https://suumo.jp//ms/chuko/fukuoka/sc_fukuokashichuo/nc_20073244/,唐人町,地下鉄空港線,9,1989-10-01,37,20073244
グランドメゾン百道浜オーシャン＆フォレスト,25800,福岡県福岡市早良区百道浜３,地下鉄空港線「西新」徒歩15分,155.52,3LDK,2010年7月,https://suumo.jp//ms/chuko/fukuoka/sc_fukuokashisawara/nc_20416709/,西新,地下鉄空港線,15,2010-07-01,16,20416709
グランドメゾン福岡　Ｔｈｅ　Ｃｅｎｔｒａｌ　Ｌｕｘｅ,27000,福岡県福岡市中央区渡辺通２,西鉄天神大牟田線「薬院」徒歩2分,110.97,3LDK,2025年6月,https://suumo.jp//ms/chuko/fukuoka/sc_fukuokashichuo/nc_20050754/,薬院,西鉄天神大牟田線,2,2025-06-01,1,20050754
グランドメゾン福岡The Central Luxe,27000,福岡県福岡市中央区渡辺通２-7-28,地下鉄七隈線「薬院」徒歩4分,110.97,3LDK,2025年6月,https://suumo.jp//ms/chuko/fukuoka/sc_fukuokashichuo/nc_79010895/,薬院,地下鉄七隈線,4,2025-06-01,1,79010895
ブリリアタワー西新,30000,福岡県福岡市早良区西新４-1-1,地下鉄空港線「西新」徒歩1分,101.65,2LDK,2021年1月,https://suumo.jp//ms/chuko/fukuoka/sc_fukuokashisawara/nc_20407256/,西新,地下鉄空港線,1,2021-01-01,5,20407256
ザ・パークハウス福岡タワーズ　WEST,32000,福岡県福岡市中央区地行浜２,地下鉄空港線「唐人町」徒歩12分,102.56,1LDK,2019年12月,https://suumo.jp//ms/chuko/fukuoka/sc_fukuokashichuo/nc_20445675/,唐人町,地下鉄空港線,12,2019-12-01,7,20445675
Brillia Tower西新　ブリリアタワー西新,33000,福岡県福岡市早良区西新４,地下鉄空港線「西新」徒歩1分,101.82,2LDK,2021年1月,https://suumo.jp//ms/chuko/fukuoka/sc_fukuokashisawara/nc_77890908/,西新,地下鉄空港線,1,2021-01-01,5,77890908
Brillia　Tower西新,33000,福岡県福岡市早良区西新４,地下鉄空港線「西新」徒歩2分,101.82,2LDK,2021年1月,https://suumo.jp//ms/chuko/fukuoka/sc_fukuokashisawara/nc_77901231/,西新,地下鉄空港線,2,2021-01-01,5,77901231
Ｂｒｉｌｌｉａ　Ｔｏｗｅｒ西新・ＰＲＡＬＩＶＡ,33000,福岡県福岡市早良区西新４,地下鉄空港線「西新」徒歩1分,101.82,2LDK+S（納戸）,2021年1月,https://suumo.jp//ms/chuko/fukuoka/sc_fukuokashisawara/nc_77940315/,西新,地下鉄空港線,1,2021-01-01,5,77940315
BrilliaTower西新（ブリリアタワー西新）,33000,福岡県福岡市早良区西新４,地下鉄空港線「西新」徒歩1分,101.82,2LDK+S（納戸）,2021年1月,https://suumo.jp//ms/chuko/fukuoka/sc_fukuokashisawara/nc_77918095/,西新,地下鉄空港線,1,2021-01-01,5,77918095
ブリリアタワー西新,33000,福岡県福岡市早良区西新４-1-1,地下鉄空港線「西新」徒歩1分,101.82,2LDK+S（納戸）,2021年1月,https://suumo.jp//ms/chuko/fukuoka/sc_fukuokashisawara/nc_79050803/,西新,地下鉄空港線,1,2021-01-01,5,79050803
ブリリアタワー西新,33000,福岡県福岡市早良区西新４,地下鉄空港線「西新」徒歩1分,101.82,2LDK,2021年1月,https://suumo.jp//ms/chuko/fukuoka/sc_fukuokashisawara/nc_77901688/,西新,地下鉄空港線,1,2021-01-01,5,77901688
ＣＬＵＢ　ＴＨＥ．薬院ステーションタワー,46000,福岡県福岡市中央区白金１-17-34,西鉄天神大牟田線「薬院」徒歩2分,138.16,2LDK+S（納戸）,2020年4月,https://suumo.jp//ms/chuko/fukuoka/sc_fukuokashichuo/nc_20355816/,薬院,西鉄天神大牟田線,2,2020-04-01,6,20355816
CLUB THE. 薬院ステーションタワー,46000,福岡県福岡市中央区白金１-17-34,地下鉄七隈線「薬院」徒歩2分,138.16,2LDK+S（納戸）,2020年4月,https://suumo.jp//ms/chuko/fukuoka/sc_fukuokashichuo/nc_77605697/,薬院,地下鉄七隈線,2,2020-04-01,6,77605697
ＣＬＵＢ　ＴＨＥ．薬院ステーションタワー,46000,福岡県福岡市中央区白金１,地下鉄七隈線「薬院」徒歩2分,138.16,2LDK+S（納戸）,2020年4月,https://suumo.jp//ms/chuko/fukuoka/sc_fukuokashichuo/nc_20237747/,薬院,地下鉄七隈線,2,2020-04-01,6,20237747
CLUB THE. 薬院ステーションタワー,46000,福岡県福岡市中央区白金１,西鉄天神大牟田線「薬院」徒歩2分,138.16,2LDK+S（納戸）,2020年4月,https://suumo.jp//ms/chuko/fukuoka/sc_fukuokashichuo/nc_77676580/,薬院,西鉄天神大牟田線,2,2020-04-01,6,77676580
