name,price,address,access,area,layout,yyyymm_construction,url,station_name,line,minutes,yyyymm,age,id
シティマンション輝国,950,福岡県福岡市中央区輝国２,地下鉄七隈線「六本松」徒歩15分,55.43,3DK,1984年1月,https://suumo.jp//ms/chuko/fukuoka/sc_fukuokashichuo/nc_20230915/,六本松,地下鉄七隈線,15,1984-01-01,42,20230915
日商岩井弥生マンション,1390,福岡県福岡市早良区原１,地下鉄空港線「藤崎」徒歩14分,87.49,4LDK,1979年4月,https://suumo.jp//ms/chuko/fukuoka/sc_fukuokashisawara/nc_21609317/,藤崎,地下鉄空港線,14,1979-04-01,47,21609317
シティマンション輝国,1430,福岡県福岡市中央区輝国２,地下鉄七隈線「六本松」徒歩15分,55.06,3DK,1984年1月,https://suumo.jp//ms/chuko/fukuoka/sc_fukuokashichuo/nc_20293641/,六本松,地下鉄七隈線,15,1984-01-01,42,20293641
マンション鳥飼204,1600,福岡県福岡市中央区鳥飼１-3-19,地下鉄七隈線「六本松」徒歩12分,49.8,1LDK,1973年12月,https://suumo.jp//ms/chuko/fukuoka/sc_fukuokashichuo/nc_21448109/,六本松,地下鉄七隈線,12,1973-12-01,53,21448109
皐月マンション奈良屋,1980,福岡県福岡市博多区奈良屋町12-18,地下鉄空港線「中洲川端」徒歩11分,53.28,2LDK,1980年7月,https://suumo.jp//ms/chuko/fukuoka/sc_fukuokashihakata/nc_21200951/,中洲川端,地下鉄空港線,11,1980-07-01,46,21200951
浄水グランドコーポ,2180,福岡県福岡市中央区浄水通,地下鉄七隈線「薬院大通」徒歩8分,49.72,1LDK,1975年4月,https://suumo.jp//ms/chuko/fukuoka/sc_fukuokashichuo/nc_21572548/,薬院大通,地下鉄七隈線,8,1975-04-01,51,21572548
大濠ハウス,2480,福岡県福岡市中央区草香江２,地下鉄七隈線「六本松」徒歩12分,76.18,2LDK+S（納戸）,1978年8月,https://suumo.jp//ms/chuko/fukuoka/sc_fukuokashichuo/nc_20923977/,六本松,地下鉄七隈線,12,1978-08-01,48,20923977
エバーライフすのこ小前,2670,福岡県福岡市中央区港２-1-9,地下鉄空港線「大濠公園」徒歩8分,45.1,1LDK,1983年11月,https://suumo.jp//ms/chuko/fukuoka/sc_fukuokashichuo/nc_21738383/,大濠公園,地下鉄空港線,8,1983-11-01,43,21738383
グランフォーレラグゼ平尾,2699,福岡県福岡市南区市崎１,地下鉄七隈線「薬院大通」徒歩15分,30.18,1LDK,2011年6月,https://suumo.jp//ms/chuko/fukuoka/sc_fukuokashiminami/nc_21286499/,薬院大通,地下鉄七隈線,15,2011-06-01,15,21286499
東カングランドマンション大濠パークサイド,2780,福岡県福岡市中央区鳥飼１-4-58,地下鉄空港線「唐人町」徒歩12分,55.0,2LDK,1974年8月,https://suumo.jp//ms/chuko/fukuoka/sc_fukuokashichuo/nc_21203656/,唐人町,地下鉄空港線,12,1974-08-01,52,21203656
ライオンズマンション西公園第2,2800,福岡県福岡市中央区荒戸３,地下鉄空港線「大濠公園」徒歩10分,57.75,1LDK+S（納戸）,1983年3月,https://suumo.jp//ms/chuko/fukuoka/sc_fukuokashichuo/nc_21653957/,大濠公園,地下鉄空港線,10,1983-03-01,43,21653957
ダイナコート赤坂南,2828,福岡県福岡市中央区桜坂２-5-43,地下鉄七隈線「桜坂」徒歩6分,63.27,3LDK,1988年7月,https://suumo.jp//ms/chuko/fukuoka/sc_fukuokashichuo/nc_21366199/,桜坂,地下鉄七隈線,6,1988-07-01,38,21366199
警固ハウス,2899,福岡県福岡市中央区警固１-15-15,地下鉄七隈線「薬院大通」徒歩8分,66.0,2LDK,1980年3月,https://suumo.jp//ms/chuko/fukuoka/sc_fukuokashichuo/nc_21128916/,薬院大通,地下鉄七隈線,8,1980-03-01,46,21128916
ファミール輝国,2990,福岡県福岡市中央区輝国２-8-20,地下鉄七隈線「六本松」徒歩15分,81.6,3LDK+S（納戸）,1984年3月,https://suumo.jp//ms/chuko/fukuoka/sc_fukuokashichuo/nc_21166001/,六本松,地下鉄七隈線,15,1984-03-01,42,21166001
警固ハウス,2990,福岡県福岡市中央区警固１,地下鉄七隈線「薬院大通」徒歩8分,66.0,3LDK,1980年3月,https://suumo.jp//ms/chuko/fukuoka/sc_fukuokashichuo/nc_20968843/,薬院大通,地下鉄七隈線,8,1980-03-01,46,20968843
警固ハウス,2990,福岡県福岡市中央区警固１-15-15,地下鉄七隈線「薬院大通」徒歩10分,66.0,3LDK,1980年3月,https://suumo.jp//ms/chuko/fukuoka/sc_fukuokashichuo/nc_20874418/,薬院大通,地下鉄七隈線,10,1980-03-01,46,20874418
警固ハウス,2990,福岡県福岡市中央区警固１,地下鉄七隈線「薬院大通」徒歩11分,66.0,3LDK,1980年3月,https://suumo.jp//ms/chuko/fukuoka/sc_fukuokashichuo/nc_21285511/,薬院大通,地下鉄七隈線,11,1980-03-01,46,21285511
グランフォーレ西新パサージュ,2990,福岡県福岡市早良区高取１,地下鉄空港線「藤崎」徒歩5分,31.02,1LDK,2021年11月,https://suumo.jp//ms/chuko/fukuoka/sc_fukuokashisawara/nc_21406306/,藤崎,地下鉄空港線,5,2021-11-01,5,21406306
グランフォーレ西新,3090,福岡県福岡市早良区城西１,地下鉄空港線「西新」徒歩6分,40.05,1LDK,2006年9月,https://suumo.jp//ms/chuko/fukuoka/sc_fukuokashisawara/nc_21031110/,西新,地下鉄空港線,6,2006-09-01,20,21031110
エステートマンション西公園,3180,福岡県福岡市中央区荒戸２,地下鉄空港線「大濠公園」徒歩8分,50.28,1LDK,1987年1月,https://suumo.jp//ms/chuko/fukuoka/sc_fukuokashichuo/nc_21472716/,大濠公園,地下鉄空港線,8,1987-01-01,39,21472716
【ロワールマンション博多駅南】博多駅徒歩圏！最新リノ…,3190,福岡県福岡市博多区博多駅南３,ＪＲ鹿児島本線「博多」徒歩15分,69.51,3LDK,1985年9月,https://suumo.jp//ms/chuko/fukuoka/sc_fukuokashihakata/nc_20097897/,博多,ＪＲ鹿児島本線,15,1985-09-01,41,20097897
クレアランドマーク,3280,福岡県福岡市博多区冷泉町2-9,地下鉄空港線「祇園」徒歩4分,40.43,1LDK,2001年1月,https://suumo.jp//ms/chuko/fukuoka/sc_fukuokashihakata/nc_21180321/,祇園,地下鉄空港線,4,2001-01-01,25,21180321
ライフピア舞鶴,3299,福岡県福岡市中央区舞鶴３-3-4,地下鉄空港線「赤坂」徒歩6分,72.3,2LDK,1982年4月,https://suumo.jp//ms/chuko/fukuoka/sc_fukuokashichuo/nc_21373792/,赤坂,地下鉄空港線,6,1982-04-01,44,21373792
ロマネスク桜坂第2,3299,福岡県福岡市中央区桜坂１,地下鉄七隈線「桜坂」徒歩3分,42.25,1LDK,1992年6月,https://suumo.jp//ms/chuko/fukuoka/sc_fukuokashichuo/nc_21359975/,桜坂,地下鉄七隈線,3,1992-06-01,34,21359975
東峰マンション第二西公園,3398,福岡県福岡市中央区荒戸３-3-48,地下鉄空港線「唐人町」徒歩9分,73.55,3LDK,1982年2月,https://suumo.jp//ms/chuko/fukuoka/sc_fukuokashichuo/nc_21600259/,唐人町,地下鉄空港線,9,1982-02-01,44,21600259
ラフィネスシャトードゥ赤坂,3399,福岡県福岡市中央区大手門１,地下鉄空港線「赤坂」徒歩8分,32.81,1LDK,2002年6月,https://suumo.jp//ms/chuko/fukuoka/sc_fukuokashichuo/nc_20968854/,赤坂,地下鉄空港線,8,2002-06-01,24,20968854
オープンレジデンシア博多駅南,3490,福岡県福岡市博多区博多駅南２,ＪＲ鹿児島本線「博多」徒歩11分,34.7,1LDK,2024年9月,https://suumo.jp//ms/chuko/fukuoka/sc_fukuokashihakata/nc_21176444/,博多,ＪＲ鹿児島本線,11,2024-09-01,2,21176444
グランフォーレ西新,3499,福岡県福岡市早良区城西１-8-14,地下鉄空港線「西新」徒歩7分,40.05,1LDK,2006年9月,https://suumo.jp//ms/chuko/fukuoka/sc_fukuokashisawara/nc_20966218/,西新,地下鉄空港線,7,2006-09-01,20,20966218
赤坂パインマンション,3500,福岡県福岡市中央区赤坂１,地下鉄空港線「赤坂」徒歩7分,72.0,2LDK,1981年5月,https://suumo.jp//ms/chuko/fukuoka/sc_fukuokashichuo/nc_21221592/,赤坂,地下鉄空港線,7,1981-05-01,45,21221592
グランフォーレ西新,3599,福岡県福岡市早良区城西１,地下鉄空港線「西新」徒歩5分,40.05,1LDK,2006年9月,https://suumo.jp//ms/chuko/fukuoka/sc_fukuokashisawara/nc_20704362/,西新,地下鉄空港線,5,2006-09-01,20,20704362
グレイス博多,3680,福岡県福岡市博多区博多駅東３,地下鉄空港線「東比恵」徒歩6分,95.29,3LDK,1980年8月,https://suumo.jp//ms/chuko/fukuoka/sc_fukuokashihakata/nc_21319148/,東比恵,地下鉄空港線,6,1980-08-01,46,21319148
藤和薬院コープ,3698,福岡県福岡市中央区薬院２-3-3,地下鉄七隈線「薬院大通」徒歩1分,73.69,3LDK,1979年3月,https://suumo.jp//ms/chuko/fukuoka/sc_fukuokashichuo/nc_21227604/,薬院大通,地下鉄七隈線,1,1979-03-01,47,21227604
ロマネスク西公園第６,3790,福岡県福岡市中央区荒戸２-4-37,地下鉄空港線「大濠公園」徒歩7分,52.24,2LDK,1991年3月,https://suumo.jp//ms/chuko/fukuoka/sc_fukuokashichuo/nc_20884869/,大濠公園,地下鉄空港線,7,1991-03-01,35,20884869
オープンレジデンシア大濠公園,3850,福岡県福岡市中央区大手門２,地下鉄空港線「大濠公園」徒歩5分,34.78,1LDK,2023年4月,https://suumo.jp//ms/chuko/fukuoka/sc_fukuokashichuo/nc_21541625/,大濠公園,地下鉄空港線,5,2023-04-01,3,21541625
赤坂パインマンション,3899,福岡県福岡市中央区赤坂１,地下鉄空港線「赤坂」徒歩7分,72.0,2LDK,1981年5月,https://suumo.jp//ms/chuko/fukuoka/sc_fukuokashichuo/nc_21687744/,赤坂,地下鉄空港線,7,1981-05-01,45,21687744
赤坂パインマンション,3899,福岡県福岡市中央区赤坂１-2-6,地下鉄空港線「赤坂」徒歩8分,72.0,2LDK,1981年5月,https://suumo.jp//ms/chuko/fukuoka/sc_fukuokashichuo/nc_20777150/,赤坂,地下鉄空港線,8,1981-05-01,45,20777150
オープンレジデンシア博多住吉,3950,福岡県福岡市博多区住吉２,地下鉄七隈線「櫛田神社前」徒歩6分,38.65,1LDK,2023年9月,https://suumo.jp//ms/chuko/fukuoka/sc_fukuokashihakata/nc_77553274/,櫛田神社前,地下鉄七隈線,6,2023-09-01,3,77553274
オープンレジデンシア西新,3990,福岡県福岡市早良区城西１,地下鉄空港線「西新」徒歩5分,33.64,1LDK,2025年8月,https://suumo.jp//ms/chuko/fukuoka/sc_fukuokashisawara/nc_21723145/,西新,地下鉄空港線,5,2025-08-01,1,21723145
【リファレンス天神南】リフォーム済みの3面採光角部屋…,4099,福岡県福岡市中央区清川２,地下鉄七隈線「渡辺通」徒歩13分,65.32,3LDK,2002年3月,https://suumo.jp//ms/chuko/fukuoka/sc_fukuokashichuo/nc_20172796/,渡辺通,地下鉄七隈線,13,2002-03-01,24,20172796
リファレンス天神南,4099,福岡県福岡市中央区清川２,地下鉄七隈線「渡辺通」徒歩13分,65.32,3LDK,2002年3月,https://suumo.jp//ms/chuko/fukuoka/sc_fukuokashichuo/nc_20232459/,渡辺通,地下鉄七隈線,13,2002-03-01,24,20232459
藤崎ロジュマン,4350,福岡県福岡市早良区昭代３-9-5,地下鉄空港線「藤崎」徒歩10分,82.76,4LDK,1988年3月,https://suumo.jp//ms/chuko/fukuoka/sc_fukuokashisawara/nc_78392749/,藤崎,地下鉄空港線,10,1988-03-01,38,78392749
アートウィル赤坂,4380,福岡県福岡市中央区赤坂３-2-35,地下鉄七隈線「桜坂」徒歩11分,65.61,2LDK,1995年10月,https://suumo.jp//ms/chuko/fukuoka/sc_fukuokashichuo/nc_21450341/,桜坂,地下鉄七隈線,11,1995-10-01,31,21450341
≪シルバーウィークも案内可能！≫アートウィル赤坂,4380,福岡県福岡市中央区赤坂３,地下鉄七隈線「桜坂」徒歩11分,65.61,2LDK,1994年10月,https://suumo.jp//ms/chuko/fukuoka/sc_fukuokashichuo/nc_20837855/,桜坂,地下鉄七隈線,11,1994-10-01,32,20837855
ロイヤルマンション西新,4399,福岡県福岡市早良区祖原23-20,地下鉄空港線「西新」徒歩12分,84.48,4LDK,1987年11月,https://suumo.jp//ms/chuko/fukuoka/sc_fukuokashisawara/nc_21242564/,西新,地下鉄空港線,12,1987-11-01,39,21242564
チサンマンション西公園,4480,福岡県福岡市中央区荒戸２,地下鉄空港線「大濠公園」徒歩8分,68.59,3LDK,1984年12月,https://suumo.jp//ms/chuko/fukuoka/sc_fukuokashichuo/nc_21044780/,大濠公園,地下鉄空港線,8,1984-12-01,42,21044780
グランフォーレラグゼ博多,4599,福岡県福岡市博多区奈良屋町,地下鉄空港線「中洲川端」徒歩10分,47.02,2LDK,2013年7月,https://suumo.jp//ms/chuko/fukuoka/sc_fukuokashihakata/nc_21710761/,中洲川端,地下鉄空港線,10,2013-07-01,13,21710761
ロイヤルマンションユトリテ田島,4799,福岡県福岡市城南区田島１-4-18,地下鉄七隈線「別府」徒歩13分,91.98,3LDK+S（納戸）,2005年3月,https://suumo.jp//ms/chuko/fukuoka/sc_fukuokashijonan/nc_21046422/,別府,地下鉄七隈線,13,2005-03-01,21,21046422
オープンレジデンシア天神今泉,4880,福岡県福岡市中央区今泉２,地下鉄七隈線「薬院大通」徒歩6分,46.01,2LDK,2023年9月,https://suumo.jp//ms/chuko/fukuoka/sc_fukuokashichuo/nc_21609930/,薬院大通,地下鉄七隈線,6,2023-09-01,3,21609930
≪大幅価格変更≫ソピア大濠西,4980,福岡県福岡市中央区鳥飼３,地下鉄空港線「西新」徒歩10分,69.57,3LDK,1999年3月,https://suumo.jp//ms/chuko/fukuoka/sc_fukuokashichuo/nc_20835624/,西新,地下鉄空港線,10,1999-03-01,27,20835624
ロイヤルマンション別府,4990,福岡県福岡市城南区別府３-1-11,地下鉄七隈線「別府」徒歩1分,81.0,3LDK,1986年4月,https://suumo.jp//ms/chuko/fukuoka/sc_fukuokashijonan/nc_21182601/,別府,地下鉄七隈線,1,1986-04-01,40,21182601
オープンレジデンシア天神今泉,4999,福岡県福岡市中央区今泉２,地下鉄七隈線「薬院大通」徒歩6分,46.28,2LDK,2023年9月,https://suumo.jp//ms/chuko/fukuoka/sc_fukuokashichuo/nc_20711534/,薬院大通,地下鉄七隈線,6,2023-09-01,3,20711534
大濠公園シティハウス,5300,福岡県福岡市中央区荒戸２,地下鉄空港線「大濠公園」徒歩3分,71.0,3LDK,1997年3月,https://suumo.jp//ms/chuko/fukuoka/sc_fukuokashichuo/nc_21637335/,大濠公園,地下鉄空港線,3,1997-03-01,29,21637335
東峰マンションアーバンスクエア博多駅,5399,福岡県福岡市博多区博多駅南１,ＪＲ鹿児島本線「博多」徒歩8分,61.08,2LDK,2000年11月,https://suumo.jp//ms/chuko/fukuoka/sc_fukuokashihakata/nc_21336150/,博多,ＪＲ鹿児島本線,8,2000-11-01,26,21336150
サントーア薬院,5480,福岡県福岡市中央区薬院２,地下鉄七隈線「薬院大通」徒歩5分,73.35,2LDK,1995年8月,https://suumo.jp//ms/chuko/fukuoka/sc_fukuokashichuo/nc_21618783/,薬院大通,地下鉄七隈線,5,1995-08-01,31,21618783
サントーア薬院,5480,福岡県福岡市中央区薬院２-3-12,地下鉄七隈線「薬院大通」徒歩2分,73.35,2LDK,1995年8月,https://suumo.jp//ms/chuko/fukuoka/sc_fukuokashichuo/nc_21737778/,薬院大通,地下鉄七隈線,2,1995-08-01,31,21737778
パークホームズ室見駅前,5490,福岡県福岡市早良区室見５-7-27,地下鉄空港線「藤崎」徒歩13分,71.47,3LDK,2004年5月,https://suumo.jp//ms/chuko/fukuoka/sc_fukuokashisawara/nc_21259956/,藤崎,地下鉄空港線,13,2004-05-01,22,21259956
デュ・レジア博多レジデンス,5680,福岡県福岡市博多区比恵町,地下鉄空港線「東比恵」徒歩7分,54.21,2LDK,2026年7月,https://suumo.jp//ms/chuko/fukuoka/sc_fukuokashihakata/nc_21715086/,東比恵,地下鉄空港線,7,2026-07-01,0,21715086
百道タワー,5780,福岡県福岡市早良区百道浜１,地下鉄空港線「西新」徒歩9分,57.44,1LDK,2004年2月,https://suumo.jp//ms/chuko/fukuoka/sc_fukuokashisawara/nc_21651274/,西新,地下鉄空港線,9,2004-02-01,22,21651274
ロワールマンション西公園東,5780,福岡県福岡市中央区港２,地下鉄空港線「大濠公園」徒歩7分,70.17,3LDK,1999年1月,https://suumo.jp//ms/chuko/fukuoka/sc_fukuokashichuo/nc_21567415/,大濠公園,地下鉄空港線,7,1999-01-01,27,21567415
ロマネスクルアージュ大手門,5780,福岡県福岡市中央区大手門２,地下鉄空港線「大濠公園」徒歩8分,65.43,3LDK,1994年12月,https://suumo.jp//ms/chuko/fukuoka/sc_fukuokashichuo/nc_21521052/,大濠公園,地下鉄空港線,8,1994-12-01,32,21521052
ソピア天神,5980,福岡県福岡市中央区警固１,地下鉄七隈線「薬院大通」徒歩7分,66.24,3LDK,1999年2月,https://suumo.jp//ms/chuko/fukuoka/sc_fukuokashichuo/nc_20447816/,薬院大通,地下鉄七隈線,7,1999-02-01,27,20447816
コモダスパッソ天神,5980,福岡県福岡市中央区渡辺通５,地下鉄七隈線「天神南」徒歩4分,64.15,2LDK,2000年10月,https://suumo.jp//ms/chuko/fukuoka/sc_fukuokashichuo/nc_21680208/,天神南,地下鉄七隈線,4,2000-10-01,26,21680208
シティライフ呉服町,5990,福岡県福岡市博多区下呉服町10-6,地下鉄空港線「中洲川端」徒歩15分,82.82,4LDK,2000年2月,https://suumo.jp//ms/chuko/fukuoka/sc_fukuokashihakata/nc_21620963/,中洲川端,地下鉄空港線,15,2000-02-01,26,21620963
インプレスト天神オークタワー,5990,福岡県福岡市中央区長浜２,地下鉄空港線「赤坂」徒歩9分,56.79,2LDK,2020年5月,https://suumo.jp//ms/chuko/fukuoka/sc_fukuokashichuo/nc_78973290/,赤坂,地下鉄空港線,9,2020-05-01,6,78973290
グラン・コート薬院,5999,福岡県福岡市中央区薬院１,西鉄天神大牟田線「薬院」徒歩4分,68.04,2LDK+S（納戸）,1998年11月,https://suumo.jp//ms/chuko/fukuoka/sc_fukuokashichuo/nc_21670632/,薬院,西鉄天神大牟田線,4,1998-11-01,28,21670632
アクセス天神Ⅱ,6098,福岡県福岡市中央区今泉１,西鉄天神大牟田線「薬院」徒歩5分,70.3,3LDK,2001年7月,https://suumo.jp//ms/chuko/fukuoka/sc_fukuokashichuo/nc_21621649/,薬院,西鉄天神大牟田線,5,2001-07-01,25,21621649
グランディア百道浜通り,6180,福岡県福岡市早良区西新２-23-12,地下鉄空港線「西新」徒歩10分,68.66,3LDK,2006年4月,https://suumo.jp//ms/chuko/fukuoka/sc_fukuokashisawara/nc_21737367/,西新,地下鉄空港線,10,2006-04-01,20,21737367
ロワール赤坂けやき通り,6180,福岡県福岡市中央区赤坂３,地下鉄七隈線「桜坂」徒歩9分,83.6,4LDK,2005年12月,https://suumo.jp//ms/chuko/fukuoka/sc_fukuokashichuo/nc_21096471/,桜坂,地下鉄七隈線,9,2005-12-01,21,21096471
シーサイドももちヴェルデコート６番館,6198,福岡県福岡市早良区百道浜３,地下鉄空港線「藤崎」徒歩10分,94.47,3LDK,1991年7月,https://suumo.jp//ms/chuko/fukuoka/sc_fukuokashisawara/nc_20970626/,藤崎,地下鉄空港線,10,1991-07-01,35,20970626
エステートマンション大濠・ＪＦＲＥＩ．ＢＬＤＧ,6380,福岡県福岡市中央区大濠１,地下鉄七隈線「六本松」徒歩9分,102.26,3LDK,1986年7月,https://suumo.jp//ms/chuko/fukuoka/sc_fukuokashichuo/nc_21116549/,六本松,地下鉄七隈線,9,1986-07-01,40,21116549
サーパス城南,6499,福岡県福岡市城南区田島１-4-17,地下鉄七隈線「別府」徒歩14分,94.85,4LDK,2006年11月,https://suumo.jp//ms/chuko/fukuoka/sc_fukuokashijonan/nc_20943175/,別府,地下鉄七隈線,14,2006-11-01,20,20943175
大濠公園グランドヒルズ,6680,福岡県福岡市中央区荒戸２-3-49,地下鉄空港線「大濠公園」徒歩4分,79.08,2LDK+S（納戸）,1990年9月,https://suumo.jp//ms/chuko/fukuoka/sc_fukuokashichuo/nc_20268504/,大濠公園,地下鉄空港線,4,1990-09-01,36,20268504
グランドメゾン平尾,6690,福岡県福岡市中央区平尾２-11-11,西鉄天神大牟田線「薬院」徒歩12分,75.34,3LDK,1998年5月,https://suumo.jp//ms/chuko/fukuoka/sc_fukuokashichuo/nc_21485977/,薬院,西鉄天神大牟田線,12,1998-05-01,28,21485977
アメックス博多ベルテックステージ,6690,福岡県福岡市博多区下川端町10-16,地下鉄空港線「中洲川端」徒歩5分,53.59,2LDK,2010年1月,https://suumo.jp//ms/chuko/fukuoka/sc_fukuokashihakata/nc_21470877/,中洲川端,地下鉄空港線,5,2010-01-01,16,21470877
東峰マンションアーバンスクエア博多駅,6980,福岡県福岡市博多区博多駅南１-15-6,ＪＲ鹿児島本線「博多」徒歩9分,73.32,3LDK,2000年11月,https://suumo.jp//ms/chuko/fukuoka/sc_fukuokashihakata/nc_21748812/,博多,ＪＲ鹿児島本線,9,2000-11-01,26,21748812
デュ・レジア薬院テラス,6980,福岡県福岡市中央区高砂２,地下鉄七隈線「薬院」徒歩11分,63.0,2LDK,2022年3月,https://suumo.jp//ms/chuko/fukuoka/sc_fukuokashichuo/nc_79108337/,薬院,地下鉄七隈線,11,2022-03-01,4,79108337
サークコート大濠公園駅,6980,福岡県福岡市中央区荒戸２,地下鉄空港線「大濠公園」徒歩3分,77.35,4LDK,2001年2月,https://suumo.jp//ms/chuko/fukuoka/sc_fukuokashichuo/nc_21325473/,大濠公園,地下鉄空港線,3,2001-02-01,25,21325473
クリオラベルヴィ西新グランクラス,7100,福岡県福岡市早良区西新１,地下鉄空港線「西新」徒歩1分,52.2,2LDK,2025年8月,https://suumo.jp//ms/chuko/fukuoka/sc_fukuokashisawara/nc_21320121/,西新,地下鉄空港線,1,2025-08-01,1,21320121
アクタス渡辺通パークシティ,7180,福岡県福岡市中央区清川２-5-33,地下鉄七隈線「渡辺通」徒歩9分,78.47,3LDK,2010年2月,https://suumo.jp//ms/chuko/fukuoka/sc_fukuokashichuo/nc_21522078/,渡辺通,地下鉄七隈線,9,2010-02-01,16,21522078
Asobi＋　アーティックス大濠,7490,福岡県福岡市中央区鳥飼１,地下鉄七隈線「六本松」徒歩12分,85.8,3LDK,2004年2月,https://suumo.jp//ms/chuko/fukuoka/sc_fukuokashichuo/nc_20929098/,六本松,地下鉄七隈線,12,2004-02-01,22,20929098
ザ・パークハウス桜坂サンリヤン,7990,福岡県福岡市中央区桜坂３,地下鉄七隈線「桜坂」徒歩3分,70.74,3LDK,2018年9月,https://suumo.jp//ms/chuko/fukuoka/sc_fukuokashichuo/nc_20452057/,桜坂,地下鉄七隈線,3,2018-09-01,8,20452057
ダイアパレス赤坂けやき通り,7999,福岡県福岡市中央区赤坂３,地下鉄空港線「赤坂」徒歩11分,78.63,3LDK,2000年9月,https://suumo.jp//ms/chuko/fukuoka/sc_fukuokashichuo/nc_21373737/,赤坂,地下鉄空港線,11,2000-09-01,26,21373737
ネクサス薬院二丁目,8299,福岡県福岡市中央区薬院２,地下鉄七隈線「薬院大通」徒歩3分,73.0,3LDK,2016年2月,https://suumo.jp//ms/chuko/fukuoka/sc_fukuokashichuo/nc_21403407/,薬院大通,地下鉄七隈線,3,2016-02-01,10,21403407
百道タワー,8580,福岡県福岡市早良区百道浜１,地下鉄空港線「西新」徒歩10分,81.73,2LDK,2004年2月,https://suumo.jp//ms/chuko/fukuoka/sc_fukuokashisawara/nc_79098275/,西新,地下鉄空港線,10,2004-02-01,22,79098275
グランドメゾン大濠ブルクレール,8780,福岡県福岡市中央区草香江２,地下鉄七隈線「六本松」徒歩9分,85.42,3LDK,2006年3月,https://suumo.jp//ms/chuko/fukuoka/sc_fukuokashichuo/nc_79094486/,六本松,地下鉄七隈線,9,2006-03-01,20,79094486
ザ・パークハウス福岡タワーズ　EAST,8780,福岡県福岡市中央区地行浜２,地下鉄空港線「唐人町」徒歩12分,82.52,2LDK,2020年12月,https://suumo.jp//ms/chuko/fukuoka/sc_fukuokashichuo/nc_20595838/,唐人町,地下鉄空港線,12,2020-12-01,6,20595838
ザ・パークハウス福岡タワーズWEST,8820,福岡県福岡市中央区地行浜２,地下鉄空港線「唐人町」徒歩12分,61.74,2LDK,2019年12月,https://suumo.jp//ms/chuko/fukuoka/sc_fukuokashichuo/nc_21184932/,唐人町,地下鉄空港線,12,2019-12-01,7,21184932
ジョイナス地行浜東【最上階ワンフロア１邸】,8880,福岡県福岡市中央区伊崎,地下鉄空港線「唐人町」徒歩12分,92.52,3LDK,2006年3月,https://suumo.jp//ms/chuko/fukuoka/sc_fukuokashichuo/nc_21640331/,唐人町,地下鉄空港線,12,2006-03-01,20,21640331
ザ・パークハウス 福岡タワーズ EAST,8999,福岡県福岡市中央区地行浜２-2-5,地下鉄空港線「唐人町」徒歩13分,71.77,3LDK,2020年12月,https://suumo.jp//ms/chuko/fukuoka/sc_fukuokashichuo/nc_21648208/,唐人町,地下鉄空港線,13,2020-12-01,6,21648208
ザ・パークハウス福岡タワーズ　EAST,9600,福岡県福岡市中央区地行浜２-2-5,地下鉄空港線「唐人町」徒歩13分,83.96,3LDK,2020年12月,https://suumo.jp//ms/chuko/fukuoka/sc_fukuokashichuo/nc_21652297/,唐人町,地下鉄空港線,13,2020-12-01,6,21652297
パークコート赤坂ヒルトップレジデンス,9800,福岡県福岡市中央区赤坂３,地下鉄七隈線「桜坂」徒歩9分,88.76,3LDK,2010年2月,https://suumo.jp//ms/chuko/fukuoka/sc_fukuokashichuo/nc_78598929/,桜坂,地下鉄七隈線,9,2010-02-01,16,78598929
アクタス大手門パークシティ,9980,福岡県福岡市中央区大手門１,地下鉄空港線「赤坂」徒歩6分,93.92,3LDK,2005年2月,https://suumo.jp//ms/chuko/fukuoka/sc_fukuokashichuo/nc_77427348/,赤坂,地下鉄空港線,6,2005-02-01,21,77427348
グランドメゾン西新ステージ,11500,福岡県福岡市早良区西新５,地下鉄空港線「西新」徒歩9分,93.92,3LDK,2012年2月,https://suumo.jp//ms/chuko/fukuoka/sc_fukuokashisawara/nc_21318619/,西新,地下鉄空港線,9,2012-02-01,14,21318619
ＪＧＭロイヤルガーデン薬院,11500,福岡県福岡市中央区薬院２,地下鉄七隈線「薬院大通」徒歩2分,104.94,4LDK,2004年3月,https://suumo.jp//ms/chuko/fukuoka/sc_fukuokashichuo/nc_21698611/,薬院大通,地下鉄七隈線,2,2004-03-01,22,21698611
グランフォーレ百道三丁目レジデンス,11600,福岡県福岡市早良区百道３,地下鉄空港線「藤崎」徒歩9分,84.93,3LDK,2024年12月,https://suumo.jp//ms/chuko/fukuoka/sc_fukuokashisawara/nc_21724444/,藤崎,地下鉄空港線,9,2024-12-01,2,21724444
グランドメゾン赤坂弐番館,12000,福岡県福岡市中央区赤坂２,地下鉄空港線「赤坂」徒歩11分,110.0,3LDK,2004年9月,https://suumo.jp//ms/chuko/fukuoka/sc_fukuokashichuo/nc_20491491/,赤坂,地下鉄空港線,11,2004-09-01,22,20491491
サークコート大濠公園駅,12000,福岡県福岡市中央区荒戸２,地下鉄空港線「大濠公園」徒歩3分,100.78,4LDK,2001年2月,https://suumo.jp//ms/chuko/fukuoka/sc_fukuokashichuo/nc_21175402/,大濠公園,地下鉄空港線,3,2001-02-01,25,21175402
グランドメゾン大手門ザ・レジデンス,12180,福岡県福岡市中央区大手門２,地下鉄空港線「大濠公園」徒歩6分,79.2,3LDK,2024年1月,https://suumo.jp//ms/chuko/fukuoka/sc_fukuokashichuo/nc_21601543/,大濠公園,地下鉄空港線,6,2024-01-01,2,21601543
CLUB THE.大濠二丁目,12480,福岡県福岡市中央区大濠２,地下鉄空港線「唐人町」徒歩7分,91.07,2LDK,2019年6月,https://suumo.jp//ms/chuko/fukuoka/sc_fukuokashichuo/nc_20032764/,唐人町,地下鉄空港線,7,2019-06-01,7,20032764
オーヴィジョン六本松レジデンス,13800,福岡県福岡市中央区六本松３-11-58,地下鉄七隈線「六本松」徒歩8分,93.43,3LDK,2023年2月,https://suumo.jp//ms/chuko/fukuoka/sc_fukuokashichuo/nc_21295922/,六本松,地下鉄七隈線,8,2023-02-01,3,21295922
ＭＪＲ赤坂タワー,13900,福岡県福岡市中央区赤坂１,地下鉄空港線「赤坂」徒歩1分,69.03,2LDK,2017年10月,https://suumo.jp//ms/chuko/fukuoka/sc_fukuokashichuo/nc_21704406/,赤坂,地下鉄空港線,1,2017-10-01,9,21704406
ザ・パークハウス福岡タワーズＷＥＳＴ,14800,福岡県福岡市中央区地行浜２,地下鉄空港線「唐人町」徒歩12分,92.49,2LDK,2019年12月,https://suumo.jp//ms/chuko/fukuoka/sc_fukuokashichuo/nc_20651837/,唐人町,地下鉄空港線,12,2019-12-01,7,20651837
Brillia　Tower西新・PRALIVA,16000,福岡県福岡市早良区西新４,地下鉄空港線「西新」徒歩1分,73.72,2LDK,2021年1月,https://suumo.jp//ms/chuko/fukuoka/sc_fukuokashisawara/nc_21284739/,西新,地下鉄空港線,1,2021-01-01,5,21284739
グランドメゾン大濠公園PREMIUM,17800,福岡県福岡市中央区黒門,地下鉄空港線「唐人町」徒歩4分,73.68,1LDK,2026年5月,https://suumo.jp//ms/chuko/fukuoka/sc_fukuokashichuo/nc_21680209/,唐人町,地下鉄空港線,4,2026-05-01,0,21680209
プレミスト大濠公園,20000,福岡県福岡市中央区荒戸３,地下鉄空港線「唐人町」徒歩3分,120.71,3LDK,2025年6月,https://suumo.jp//ms/chuko/fukuoka/sc_fukuokashichuo/nc_79003032/,唐人町,地下鉄空港線,3,2025-06-01,1,79003032
グランドメゾン福岡THE Central Luxe,25000,福岡県福岡市中央区渡辺通２,西鉄天神大牟田線「薬院」徒歩4分,110.97,3LDK,2025年7月,https://suumo.jp//ms/chuko/fukuoka/sc_fukuokashichuo/nc_20844164/,薬院,西鉄天神大牟田線,4,2025-07-01,1,20844164
Ｂｒｉｌｌｉａ　Ｔｏｗｅｒ西新・ＰＲＡＬＩＶＡ,31000,福岡県福岡市早良区西新４,地下鉄空港線「西新」徒歩1分,101.13,2LDK,2021年1月,https://suumo.jp//ms/chuko/fukuoka/sc_fukuokashisawara/nc_78550441/,西新,地下鉄空港線,1,2021-01-01,5,78550441
パソナール博多,800,福岡県福岡市博多区神屋町9‐20,地下鉄空港線「中洲川端」徒歩15分,25.97,ワンルーム,1973年10月,https://suumo.jp//ms/chuko/fukuoka/sc_fukuokashihakata/nc_21562733/,中洲川端,地下鉄空港線,15,1973-10-01,53,21562733
朝日プラザ天神,960,福岡県福岡市中央区舞鶴１-9-3,地下鉄空港線「天神」徒歩7分,18.68,1K,1986年5月,https://suumo.jp//ms/chuko/fukuoka/sc_fukuokashichuo/nc_21687429/,天神,地下鉄空港線,7,1986-05-01,40,21687429
日商岩井弥生マンション,1390,福岡県福岡市早良区原１,地下鉄空港線「藤崎」徒歩14分,87.49,4LDK,1979年4月,https://suumo.jp//ms/chuko/fukuoka/sc_fukuokashisawara/nc_21511929/,藤崎,地下鉄空港線,14,1979-04-01,47,21511929
ゾンネンハイム大手門,1569,福岡県福岡市中央区大手門２,地下鉄空港線「大濠公園」徒歩8分,33.0,1K,1973年8月,https://suumo.jp//ms/chuko/fukuoka/sc_fukuokashichuo/nc_21389336/,大濠公園,地下鉄空港線,8,1973-08-01,53,21389336
ゾンネンハイム大手門,1569,福岡県福岡市中央区大手門２-5-10,地下鉄空港線「大濠公園」徒歩7分,33.0,1K,1973年8月,https://suumo.jp//ms/chuko/fukuoka/sc_fukuokashichuo/nc_20904816/,大濠公園,地下鉄空港線,7,1973-08-01,53,20904816
ゾンネンハイム大手門,1569,福岡県福岡市中央区大手門２-5-10,地下鉄空港線「大濠公園」徒歩12分,33.0,1K,1973年8月,https://suumo.jp//ms/chuko/fukuoka/sc_fukuokashichuo/nc_21693069/,大濠公園,地下鉄空港線,12,1973-08-01,53,21693069
ゾンネンハイム大手門,1569,福岡県福岡市中央区大手門２,地下鉄空港線「大濠公園」徒歩7分,33.0,1K,1973年8月,https://suumo.jp//ms/chuko/fukuoka/sc_fukuokashichuo/nc_21376557/,大濠公園,地下鉄空港線,7,1973-08-01,53,21376557
シャンボール大濠,1690,福岡県福岡市中央区鳥飼３,地下鉄空港線「西新」徒歩9分,74.88,3LDK,1978年8月,https://suumo.jp//ms/chuko/fukuoka/sc_fukuokashichuo/nc_21556414/,西新,地下鉄空港線,9,1978-08-01,48,21556414
シャンボール大濠,1750,福岡県福岡市中央区鳥飼３,地下鉄空港線「西新」徒歩10分,74.88,3DKK,1978年8月,https://suumo.jp//ms/chuko/fukuoka/sc_fukuokashichuo/nc_21683954/,西新,地下鉄空港線,10,1978-08-01,48,21683954
皐月マンション奈良屋,1980,福岡県福岡市博多区奈良屋町12‐18,地下鉄空港線「中洲川端」徒歩11分,53.28,2LDK,1980年7月,https://suumo.jp//ms/chuko/fukuoka/sc_fukuokashihakata/nc_78566794/,中洲川端,地下鉄空港線,11,1980-07-01,46,78566794
ファミール輝国,1980,福岡県福岡市中央区輝国２,地下鉄七隈線「六本松」徒歩15分,81.6,2LDK+S（納戸）,1984年3月,https://suumo.jp//ms/chuko/fukuoka/sc_fukuokashichuo/nc_21511756/,六本松,地下鉄七隈線,15,1984-03-01,42,21511756
プレイスポットしんばしビル本館,2148,福岡県福岡市博多区中洲２-1-11,地下鉄七隈線「櫛田神社前」徒歩5分,40.63,1DK,1975年2月,https://suumo.jp//ms/chuko/fukuoka/sc_fukuokashihakata/nc_20351680/,櫛田神社前,地下鉄七隈線,5,1975-02-01,51,20351680
プレイスポットしんばしビル本館,2148,福岡県福岡市博多区中洲２,地下鉄七隈線「櫛田神社前」徒歩2分,40.63,1DK,1975年2月,https://suumo.jp//ms/chuko/fukuoka/sc_fukuokashihakata/nc_20310107/,櫛田神社前,地下鉄七隈線,2,1975-02-01,51,20310107
西新ビル,2180,福岡県福岡市早良区高取１,地下鉄空港線「藤崎」徒歩5分,60.8,2LDK,1972年7月,https://suumo.jp//ms/chuko/fukuoka/sc_fukuokashisawara/nc_20458331/,藤崎,地下鉄空港線,5,1972-07-01,54,20458331
ロワールマンション東福岡,2190,福岡県福岡市博多区半道橋１,地下鉄空港線「東比恵」徒歩13分,53.55,1LDK,1984年1月,https://suumo.jp//ms/chuko/fukuoka/sc_fukuokashihakata/nc_21754306/,東比恵,地下鉄空港線,13,1984-01-01,42,21754306
カーサ第弐博多,2280,福岡県福岡市博多区住吉２,地下鉄七隈線「櫛田神社前」徒歩9分,55.27,1LDK,1981年11月,https://suumo.jp//ms/chuko/fukuoka/sc_fukuokashihakata/nc_21185132/,櫛田神社前,地下鉄七隈線,9,1981-11-01,45,21185132
グリーンハイツ輝国,2370,福岡県福岡市中央区輝国２-24-55,地下鉄七隈線「六本松」徒歩13分,73.32,3LDK,1980年5月,https://suumo.jp//ms/chuko/fukuoka/sc_fukuokashichuo/nc_20962151/,六本松,地下鉄七隈線,13,1980-05-01,46,20962151
グリーンハイツ輝国【担当：中尾】までお気軽にお問合せ…,2370,福岡県福岡市中央区輝国２,地下鉄七隈線「六本松」徒歩14分,73.32,3LDK,1980年1月,https://suumo.jp//ms/chuko/fukuoka/sc_fukuokashichuo/nc_20965244/,六本松,地下鉄七隈線,14,1980-01-01,46,20965244
グリーンハイツ輝国,2370,福岡県福岡市中央区輝国２,地下鉄七隈線「六本松」徒歩14分,73.32,3LDK,1980年1月,https://suumo.jp//ms/chuko/fukuoka/sc_fukuokashichuo/nc_21683724/,六本松,地下鉄七隈線,14,1980-01-01,46,21683724
ライオンズマンション高砂第２,2380,福岡県福岡市中央区高砂２,西鉄天神大牟田線「薬院」徒歩15分,58.71,2LDK,1979年10月,https://suumo.jp//ms/chuko/fukuoka/sc_fukuokashichuo/nc_21523861/,薬院,西鉄天神大牟田線,15,1979-10-01,47,21523861
ユーハイム大濠西　中古マンション,2398,福岡県福岡市中央区黒門,地下鉄空港線「唐人町」徒歩2分,48.09,1DK,1985年8月,https://suumo.jp//ms/chuko/fukuoka/sc_fukuokashichuo/nc_21301609/,唐人町,地下鉄空港線,2,1985-08-01,41,21301609
ユーハイム大濠西,2398,福岡県福岡市中央区黒門,地下鉄空港線「唐人町」徒歩2分,48.09,1LDK,1985年8月,https://suumo.jp//ms/chuko/fukuoka/sc_fukuokashichuo/nc_21749866/,唐人町,地下鉄空港線,2,1985-08-01,41,21749866
GSハイム博多　中古マンション,2400,福岡県福岡市博多区博多駅東２,地下鉄空港線「東比恵」徒歩7分,66.15,3DK,1980年10月,https://suumo.jp//ms/chuko/fukuoka/sc_fukuokashihakata/nc_21295900/,東比恵,地下鉄空港線,7,1980-10-01,46,21295900
藤崎センタービル,2450,福岡県福岡市早良区高取２,地下鉄空港線「藤崎」徒歩1分,42.55,1LDK,1979年11月,https://suumo.jp//ms/chuko/fukuoka/sc_fukuokashisawara/nc_20825678/,藤崎,地下鉄空港線,1,1979-11-01,47,20825678
大濠ハウス,2480,福岡県福岡市中央区草香江２,地下鉄七隈線「六本松」徒歩12分,76.18,3LDK,1978年8月,https://suumo.jp//ms/chuko/fukuoka/sc_fukuokashichuo/nc_21019572/,六本松,地下鉄七隈線,12,1978-08-01,48,21019572
東峰マンション西公園,2480,福岡県福岡市中央区荒戸３,地下鉄空港線「大濠公園」徒歩6分,54.7,3DK,1978年9月,https://suumo.jp//ms/chuko/fukuoka/sc_fukuokashichuo/nc_21654309/,大濠公園,地下鉄空港線,6,1978-09-01,48,21654309
大濠ハウス　中古マンション,2498,福岡県福岡市中央区草香江２,地下鉄七隈線「六本松」徒歩12分,76.18,2LDK+S（納戸）,1978年8月,https://suumo.jp//ms/chuko/fukuoka/sc_fukuokashichuo/nc_21167419/,六本松,地下鉄七隈線,12,1978-08-01,48,21167419
ゾンネンハイム大手門　中古マンション,2598,福岡県福岡市中央区大手門２,地下鉄空港線「大濠公園」徒歩8分,66.0,1LDK,1973年8月,https://suumo.jp//ms/chuko/fukuoka/sc_fukuokashichuo/nc_21277485/,大濠公園,地下鉄空港線,8,1973-08-01,53,21277485
ライオンズマンション西新,2680,福岡県福岡市早良区西新７,地下鉄空港線「藤崎」徒歩5分,45.97,2DK,1982年2月,https://suumo.jp//ms/chuko/fukuoka/sc_fukuokashisawara/nc_20084916/,藤崎,地下鉄空港線,5,1982-02-01,44,20084916
ライオンズマンション大手門,2680,福岡県福岡市中央区大手門２,地下鉄空港線「赤坂」徒歩9分,56.7,2LDK,1984年6月,https://suumo.jp//ms/chuko/fukuoka/sc_fukuokashichuo/nc_21752310/,赤坂,地下鉄空港線,9,1984-06-01,42,21752310
サンポートハイツ,2690,福岡県福岡市中央区港２-5-32,地下鉄空港線「大濠公園」徒歩8分,60.69,2LDK,1974年9月,https://suumo.jp//ms/chuko/fukuoka/sc_fukuokashichuo/nc_21420201/,大濠公園,地下鉄空港線,8,1974-09-01,52,21420201
サンポートハイツ,2690,福岡県福岡市中央区港２,地下鉄空港線「大濠公園」徒歩8分,60.69,2LDK,1974年9月,https://suumo.jp//ms/chuko/fukuoka/sc_fukuokashichuo/nc_21576030/,大濠公園,地下鉄空港線,8,1974-09-01,52,21576030
サンポートハイツ　中古マンション,2690,福岡県福岡市中央区港２,地下鉄空港線「大濠公園」徒歩8分,60.69,2LDK,1974年9月,https://suumo.jp//ms/chuko/fukuoka/sc_fukuokashichuo/nc_21263257/,大濠公園,地下鉄空港線,8,1974-09-01,52,21263257
サンポートハイツ,2690,福岡県福岡市中央区港２,地下鉄空港線「大濠公園」徒歩7分,60.69,2LDK,1974年9月,https://suumo.jp//ms/chuko/fukuoka/sc_fukuokashichuo/nc_21277952/,大濠公園,地下鉄空港線,7,1974-09-01,52,21277952
サンポートハイツ,2690,福岡県福岡市中央区港２,地下鉄空港線「大濠公園」徒歩7分,60.69,2LDK,1974年9月,https://suumo.jp//ms/chuko/fukuoka/sc_fukuokashichuo/nc_21273339/,大濠公園,地下鉄空港線,7,1974-09-01,52,21273339
サンポートハイツ304,2690,福岡県福岡市中央区港２,地下鉄空港線「大濠公園」徒歩8分,60.69,2LDK,1974年9月,https://suumo.jp//ms/chuko/fukuoka/sc_fukuokashichuo/nc_20812912/,大濠公園,地下鉄空港線,8,1974-09-01,52,20812912
サンポートハイツ,2690,福岡県福岡市中央区港２,地下鉄空港線「大濠公園」徒歩7分,60.69,2LDK,1974年9月,https://suumo.jp//ms/chuko/fukuoka/sc_fukuokashichuo/nc_21364074/,大濠公園,地下鉄空港線,7,1974-09-01,52,21364074
サンポートハイツ,2690,福岡県福岡市中央区港２,地下鉄空港線「大濠公園」徒歩8分,60.69,2LDK,1974年9月,https://suumo.jp//ms/chuko/fukuoka/sc_fukuokashichuo/nc_21409767/,大濠公園,地下鉄空港線,8,1974-09-01,52,21409767
東カングランドマンション大濠パークサイド,2780,福岡県福岡市中央区鳥飼１,地下鉄七隈線「六本松」徒歩12分,55.0,2LDK,1974年8月,https://suumo.jp//ms/chuko/fukuoka/sc_fukuokashichuo/nc_21466439/,六本松,地下鉄七隈線,12,1974-08-01,52,21466439
東カングランドマンション大濠パークサイド,2780,福岡県福岡市中央区鳥飼１,地下鉄空港線「唐人町」徒歩12分,55.0,2LDK,1974年8月,https://suumo.jp//ms/chuko/fukuoka/sc_fukuokashichuo/nc_21405586/,唐人町,地下鉄空港線,12,1974-08-01,52,21405586
東カングランドマンション大濠パークサイド,2780,福岡県福岡市中央区鳥飼１,地下鉄七隈線「六本松」徒歩13分,55.0,2LDK,1974年8月,https://suumo.jp//ms/chuko/fukuoka/sc_fukuokashichuo/nc_21450578/,六本松,地下鉄七隈線,13,1974-08-01,52,21450578
東カングランドマンション大濠パークサイド,2780,福岡県福岡市中央区鳥飼１-4-58,地下鉄空港線「唐人町」徒歩12分,55.0,2LDK,1974年8月,https://suumo.jp//ms/chuko/fukuoka/sc_fukuokashichuo/nc_21617067/,唐人町,地下鉄空港線,12,1974-08-01,52,21617067
グランフォーレラグゼ博多駅南,2799,福岡県福岡市博多区博多駅南４-2-26,地下鉄空港線「東比恵」徒歩14分,33.41,1LDK,2016年7月,https://suumo.jp//ms/chuko/fukuoka/sc_fukuokashihakata/nc_21325164/,東比恵,地下鉄空港線,14,2016-07-01,10,21325164
グランフォーレラグゼ博多駅南,2799,福岡県福岡市博多区博多駅南４,地下鉄空港線「東比恵」徒歩15分,33.41,1LDK,2016年7月,https://suumo.jp//ms/chuko/fukuoka/sc_fukuokashihakata/nc_21616831/,東比恵,地下鉄空港線,15,2016-07-01,10,21616831
東カングランドマンション大濠パークサイド,2880,福岡県福岡市中央区鳥飼１-4-58,地下鉄空港線「唐人町」徒歩12分,55.0,2LDK,1974年8月,https://suumo.jp//ms/chuko/fukuoka/sc_fukuokashichuo/nc_21730622/,唐人町,地下鉄空港線,12,1974-08-01,52,21730622
ふよう港ハイツ,2890,福岡県福岡市博多区築港本町,地下鉄空港線「中洲川端」徒歩14分,69.43,3LDK,1982年4月,https://suumo.jp//ms/chuko/fukuoka/sc_fukuokashihakata/nc_20873029/,中洲川端,地下鉄空港線,14,1982-04-01,44,20873029
ふよう港ハイツ　中古マンション,2890,福岡県福岡市博多区築港本町,地下鉄空港線「中洲川端」徒歩15分,69.43,3LDK,1982年4月,https://suumo.jp//ms/chuko/fukuoka/sc_fukuokashihakata/nc_20966201/,中洲川端,地下鉄空港線,15,1982-04-01,44,20966201
ロータリープラザ博多駅東,2890,福岡県福岡市博多区比恵町10-1,地下鉄空港線「東比恵」徒歩8分,56.0,2LDK,1985年3月,https://suumo.jp//ms/chuko/fukuoka/sc_fukuokashihakata/nc_21648819/,東比恵,地下鉄空港線,8,1985-03-01,41,21648819
警固ハウス,2899,福岡県福岡市中央区警固１-15-15,地下鉄七隈線「薬院大通」徒歩8分,66.0,2LDK,1980年3月,https://suumo.jp//ms/chuko/fukuoka/sc_fukuokashichuo/nc_21637729/,薬院大通,地下鉄七隈線,8,1980-03-01,46,21637729
警固ハウス【担当：中尾】までお気軽にお問合せください…,2899,福岡県福岡市中央区警固１,地下鉄七隈線「薬院大通」徒歩9分,66.0,2LDK,1980年3月,https://suumo.jp//ms/chuko/fukuoka/sc_fukuokashichuo/nc_21105417/,薬院大通,地下鉄七隈線,9,1980-03-01,46,21105417
グリーンコープ西公園,2980,福岡県福岡市中央区唐人町３,地下鉄空港線「唐人町」徒歩7分,70.74,2LDK,1978年6月,https://suumo.jp//ms/chuko/fukuoka/sc_fukuokashichuo/nc_21293851/,唐人町,地下鉄空港線,7,1978-06-01,48,21293851
警固ハウス,2990,福岡県福岡市中央区警固１-15-15,地下鉄七隈線「薬院大通」徒歩8分,66.0,3LDK,1980年3月,https://suumo.jp//ms/chuko/fukuoka/sc_fukuokashichuo/nc_21130902/,薬院大通,地下鉄七隈線,8,1980-03-01,46,21130902
警固ハウス,2990,福岡県福岡市中央区警固１,地下鉄七隈線「薬院大通」徒歩10分,66.0,3LDK,1955年3月,https://suumo.jp//ms/chuko/fukuoka/sc_fukuokashichuo/nc_21425293/,薬院大通,地下鉄七隈線,10,1955-03-01,71,21425293
警固ハウス,2990,福岡県福岡市中央区警固１,地下鉄七隈線「薬院大通」徒歩9分,66.0,3LDK,1980年2月,https://suumo.jp//ms/chuko/fukuoka/sc_fukuokashichuo/nc_20995706/,薬院大通,地下鉄七隈線,9,1980-02-01,46,20995706
ファミール輝国　中古マンション,2990,福岡県福岡市中央区輝国２,地下鉄七隈線「六本松」徒歩15分,81.6,3LDK+S（納戸）,1984年3月,https://suumo.jp//ms/chuko/fukuoka/sc_fukuokashichuo/nc_21104942/,六本松,地下鉄七隈線,15,1984-03-01,42,21104942
警固ハウス,2990,福岡県福岡市中央区警固１,地下鉄七隈線「薬院大通」徒歩9分,66.0,3LDK,1980年3月,https://suumo.jp//ms/chuko/fukuoka/sc_fukuokashichuo/nc_20911506/,薬院大通,地下鉄七隈線,9,1980-03-01,46,20911506
ファミール輝国,2990,福岡県福岡市中央区輝国２,地下鉄七隈線「六本松」徒歩15分,81.6,3LDK+S（納戸）,1984年3月,https://suumo.jp//ms/chuko/fukuoka/sc_fukuokashichuo/nc_21120021/,六本松,地下鉄七隈線,15,1984-03-01,42,21120021
ファミール輝国,2990,福岡県福岡市中央区輝国２,地下鉄七隈線「六本松」徒歩15分,81.6,3LDK+S（納戸）,1984年3月,https://suumo.jp//ms/chuko/fukuoka/sc_fukuokashichuo/nc_21132891/,六本松,地下鉄七隈線,15,1984-03-01,42,21132891
警固ハウス,2990,福岡県福岡市中央区警固１,地下鉄七隈線「薬院大通」徒歩8分,66.0,3LDK,1980年3月,https://suumo.jp//ms/chuko/fukuoka/sc_fukuokashichuo/nc_20800032/,薬院大通,地下鉄七隈線,8,1980-03-01,46,20800032
警固ハウス,2990,福岡県福岡市中央区警固１,地下鉄空港線「赤坂」徒歩10分,66.0,3LDK,1980年3月,https://suumo.jp//ms/chuko/fukuoka/sc_fukuokashichuo/nc_21437178/,赤坂,地下鉄空港線,10,1980-03-01,46,21437178
警固ハウス　中古マンション,2990,福岡県福岡市中央区警固１,地下鉄七隈線「薬院大通」徒歩9分,66.0,3LDK,1980年3月,https://suumo.jp//ms/chuko/fukuoka/sc_fukuokashichuo/nc_21005838/,薬院大通,地下鉄七隈線,9,1980-03-01,46,21005838
朝日プラザ博多,2990,福岡県福岡市博多区博多駅前４-33-11,ＪＲ鹿児島本線「博多」徒歩12分,54.18,2LDK,1985年6月,https://suumo.jp//ms/chuko/fukuoka/sc_fukuokashihakata/nc_21584256/,博多,ＪＲ鹿児島本線,12,1985-06-01,41,21584256
警固ハウス,2990,福岡県福岡市中央区警固１,地下鉄七隈線「薬院大通」徒歩9分,66.0,3LDK,1980年3月,https://suumo.jp//ms/chuko/fukuoka/sc_fukuokashichuo/nc_20802447/,薬院大通,地下鉄七隈線,9,1980-03-01,46,20802447
ロワールマンション西公園２,2990,福岡県福岡市中央区港３-11-5,地下鉄空港線「大濠公園」徒歩15分,55.04,2LDK,1984年1月,https://suumo.jp//ms/chuko/fukuoka/sc_fukuokashichuo/nc_21484784/,大濠公園,地下鉄空港線,15,1984-01-01,42,21484784
大濠藤和コーポ,2998,福岡県福岡市中央区赤坂３,地下鉄七隈線「六本松」徒歩11分,66.6,2LDK,1971年10月,https://suumo.jp//ms/chuko/fukuoka/sc_fukuokashichuo/nc_21530060/,六本松,地下鉄七隈線,11,1971-10-01,55,21530060
クリオラベルヴィ呉服町ウエスト,3080,福岡県福岡市博多区下呉服町,地下鉄空港線「中洲川端」徒歩11分,34.4,1LDK,2020年11月,https://suumo.jp//ms/chuko/fukuoka/sc_fukuokashihakata/nc_21186021/,中洲川端,地下鉄空港線,11,2020-11-01,6,21186021
警固ハウス,3090,福岡県福岡市中央区警固１,地下鉄七隈線「薬院大通」徒歩9分,66.0,3LDK,1980年3月,https://suumo.jp//ms/chuko/fukuoka/sc_fukuokashichuo/nc_21544518/,薬院大通,地下鉄七隈線,9,1980-03-01,46,21544518
クリオラベルヴィ呉服町ウエスト,3130,福岡県福岡市博多区下呉服町,地下鉄空港線「中洲川端」徒歩14分,34.4,1LDK,2020年11月,https://suumo.jp//ms/chuko/fukuoka/sc_fukuokashihakata/nc_21560798/,中洲川端,地下鉄空港線,14,2020-11-01,6,21560798
GSハイム博多,3150,福岡県福岡市博多区博多駅東２,地下鉄空港線「東比恵」徒歩5分,66.15,3LDK,1980年10月,https://suumo.jp//ms/chuko/fukuoka/sc_fukuokashihakata/nc_21616824/,東比恵,地下鉄空港線,5,1980-10-01,46,21616824
クリオラベルヴィ呉服町,3199,福岡県福岡市博多区下呉服町3-19,地下鉄空港線「中洲川端」徒歩12分,34.4,1LDK,2018年1月,https://suumo.jp//ms/chuko/fukuoka/sc_fukuokashihakata/nc_79076927/,中洲川端,地下鉄空港線,12,2018-01-01,8,79076927
クリオラベルヴィ呉服町,3199,福岡県福岡市博多区下呉服町,地下鉄箱崎線「中洲川端」徒歩11分,34.4,1LDK,2018年1月,https://suumo.jp//ms/chuko/fukuoka/sc_fukuokashihakata/nc_79057012/,中洲川端,地下鉄箱崎線,11,2018-01-01,8,79057012
オーセントスクエア室見アーバンコンフォート,3200,福岡県福岡市早良区室見４,地下鉄空港線「藤崎」徒歩15分,60.03,2LDK,2004年1月,https://suumo.jp//ms/chuko/fukuoka/sc_fukuokashisawara/nc_74991725/,藤崎,地下鉄空港線,15,2004-01-01,22,74991725
クレアランドマーク,3280,福岡県福岡市博多区冷泉町,地下鉄七隈線「櫛田神社前」徒歩4分,40.43,1LDK,2001年1月,https://suumo.jp//ms/chuko/fukuoka/sc_fukuokashihakata/nc_21017734/,櫛田神社前,地下鉄七隈線,4,2001-01-01,25,21017734
ライオンズマンション舞鶴第2,3280,福岡県福岡市中央区舞鶴３,地下鉄空港線「赤坂」徒歩6分,52.72,2DK+S（納戸）,1982年9月,https://suumo.jp//ms/chuko/fukuoka/sc_fukuokashichuo/nc_20591721/,赤坂,地下鉄空港線,6,1982-09-01,44,20591721
ライオンズマンション薬院第3,3290,福岡県福岡市中央区薬院３-11-16,地下鉄七隈線「薬院大通」徒歩5分,56.1,2LDK,1980年11月,https://suumo.jp//ms/chuko/fukuoka/sc_fukuokashichuo/nc_21477405/,薬院大通,地下鉄七隈線,5,1980-11-01,46,21477405
ライフピア舞鶴,3299,福岡県福岡市中央区舞鶴３,地下鉄空港線「赤坂」徒歩7分,72.3,2LDK,1982年4月,https://suumo.jp//ms/chuko/fukuoka/sc_fukuokashichuo/nc_21383627/,赤坂,地下鉄空港線,7,1982-04-01,44,21383627
サーパス大博通り,3299,福岡県福岡市博多区大博町,地下鉄空港線「中洲川端」徒歩15分,48.39,1LDK,1990年3月,https://suumo.jp//ms/chuko/fukuoka/sc_fukuokashihakata/nc_21341127/,中洲川端,地下鉄空港線,15,1990-03-01,36,21341127
ライフピア舞鶴,3299,福岡県福岡市中央区舞鶴３-3-4,地下鉄空港線「赤坂」徒歩6分,72.3,2LDK,1982年4月,https://suumo.jp//ms/chuko/fukuoka/sc_fukuokashichuo/nc_21637733/,赤坂,地下鉄空港線,6,1982-04-01,44,21637733
サーパス大博通り,3299,福岡県福岡市博多区大博町,地下鉄空港線「中洲川端」徒歩15分,48.39,1LDK,1990年3月,https://suumo.jp//ms/chuko/fukuoka/sc_fukuokashihakata/nc_21190896/,中洲川端,地下鉄空港線,15,1990-03-01,36,21190896
ライフピア舞鶴　301,3299,福岡県福岡市中央区舞鶴３-3-4,地下鉄空港線「赤坂」徒歩7分,72.3,2LDK,1982年4月,https://suumo.jp//ms/chuko/fukuoka/sc_fukuokashichuo/nc_21699728/,赤坂,地下鉄空港線,7,1982-04-01,44,21699728
サーパス大博通り,3299,福岡県福岡市博多区大博町,地下鉄箱崎線「中洲川端」徒歩15分,48.39,1LDK,1990年3月,https://suumo.jp//ms/chuko/fukuoka/sc_fukuokashihakata/nc_21118621/,中洲川端,地下鉄箱崎線,15,1990-03-01,36,21118621
ライフピア舞鶴【担当：中尾】　までお気軽にお問合せく…,3299,福岡県福岡市中央区舞鶴３,地下鉄空港線「赤坂」徒歩6分,72.3,2LDK,1982年4月,https://suumo.jp//ms/chuko/fukuoka/sc_fukuokashichuo/nc_21375222/,赤坂,地下鉄空港線,6,1982-04-01,44,21375222
サーパス大博通り,3299,福岡県福岡市博多区大博町5-27,地下鉄箱崎線「中洲川端」徒歩15分,48.39,1LDK,1990年3月,https://suumo.jp//ms/chuko/fukuoka/sc_fukuokashihakata/nc_20984761/,中洲川端,地下鉄箱崎線,15,1990-03-01,36,20984761
アムール山王公園南,3380,福岡県福岡市博多区半道橋１,地下鉄空港線「東比恵」徒歩15分,64.89,3LDK,1998年7月,https://suumo.jp//ms/chuko/fukuoka/sc_fukuokashihakata/nc_21633842/,東比恵,地下鉄空港線,15,1998-07-01,28,21633842
東峰マンション第二西公園,3398,福岡県福岡市中央区荒戸３,地下鉄空港線「唐人町」徒歩9分,73.55,3LDK,1982年2月,https://suumo.jp//ms/chuko/fukuoka/sc_fukuokashichuo/nc_21495745/,唐人町,地下鉄空港線,9,1982-02-01,44,21495745
東峰マンション第二西公園,3398,福岡県福岡市中央区荒戸３-3-48,地下鉄空港線「唐人町」徒歩9分,73.55,3LDK,1982年2月,https://suumo.jp//ms/chuko/fukuoka/sc_fukuokashichuo/nc_21507425/,唐人町,地下鉄空港線,9,1982-02-01,44,21507425
ラフィネスシャトードゥ赤坂,3399,福岡県福岡市中央区大手門１,地下鉄空港線「赤坂」徒歩7分,32.81,1LDK,2002年6月,https://suumo.jp//ms/chuko/fukuoka/sc_fukuokashichuo/nc_21079957/,赤坂,地下鉄空港線,7,2002-06-01,24,21079957
星和今泉コーポラス,3480,福岡県福岡市中央区今泉２,地下鉄七隈線「薬院大通」徒歩7分,88.0,3LDK,1982年2月,https://suumo.jp//ms/chuko/fukuoka/sc_fukuokashichuo/nc_78533278/,薬院大通,地下鉄七隈線,7,1982-02-01,44,78533278
日商岩井今泉マンション,3490,福岡県福岡市中央区今泉２,西鉄天神大牟田線「薬院」徒歩8分,78.75,3LDK,1974年7月,https://suumo.jp//ms/chuko/fukuoka/sc_fukuokashichuo/nc_21351575/,薬院,西鉄天神大牟田線,8,1974-07-01,52,21351575
藤和コープソシエ大名,3490,福岡県福岡市中央区大名１,地下鉄七隈線「天神南」徒歩8分,67.0,2LDK,1979年11月,https://suumo.jp//ms/chuko/fukuoka/sc_fukuokashichuo/nc_20919736/,天神南,地下鉄七隈線,8,1979-11-01,47,20919736
グランフォーレ西新,3499,福岡県福岡市早良区城西１,地下鉄空港線「西新」徒歩5分,40.05,1LDK,2006年9月,https://suumo.jp//ms/chuko/fukuoka/sc_fukuokashisawara/nc_20965679/,西新,地下鉄空港線,5,2006-09-01,20,20965679
グランフォーレ西新,3499,福岡県福岡市早良区城西１,地下鉄空港線「西新」徒歩5分,40.05,1LDK,2006年9月,https://suumo.jp//ms/chuko/fukuoka/sc_fukuokashisawara/nc_21535908/,西新,地下鉄空港線,5,2006-09-01,20,21535908
ロマネスク西公園第7,3500,福岡県福岡市中央区港３,地下鉄空港線「大濠公園」徒歩15分,69.3,3LDK,1991年11月,https://suumo.jp//ms/chuko/fukuoka/sc_fukuokashichuo/nc_21742042/,大濠公園,地下鉄空港線,15,1991-11-01,35,21742042
朝日プラザ薬院,3790,福岡県福岡市中央区薬院２-11-10,地下鉄七隈線「薬院大通」徒歩5分,63.32,2LDK,1984年11月,https://suumo.jp//ms/chuko/fukuoka/sc_fukuokashichuo/nc_21733129/,薬院大通,地下鉄七隈線,5,1984-11-01,42,21733129
エステートマンション赤坂けやき通り,3790,福岡県福岡市中央区赤坂３-6-32,地下鉄七隈線「桜坂」徒歩11分,68.53,3LDK,1995年3月,https://suumo.jp//ms/chuko/fukuoka/sc_fukuokashichuo/nc_21733126/,桜坂,地下鉄七隈線,11,1995-03-01,31,21733126
ライオンズマンション警固南,3800,福岡県福岡市中央区薬院２,地下鉄七隈線「薬院大通」徒歩6分,67.43,2LDK,1983年7月,https://suumo.jp//ms/chuko/fukuoka/sc_fukuokashichuo/nc_21045538/,薬院大通,地下鉄七隈線,6,1983-07-01,43,21045538
赤坂パインマンション,3899,福岡県福岡市中央区赤坂１,地下鉄空港線「赤坂」徒歩7分,72.0,2LDK,1981年5月,https://suumo.jp//ms/chuko/fukuoka/sc_fukuokashichuo/nc_21578930/,赤坂,地下鉄空港線,7,1981-05-01,45,21578930
赤坂パインマンション　中古マンション,3899,福岡県福岡市中央区赤坂１,地下鉄空港線「赤坂」徒歩7分,72.0,2LDK,1981年5月,https://suumo.jp//ms/chuko/fukuoka/sc_fukuokashichuo/nc_21531937/,赤坂,地下鉄空港線,7,1981-05-01,45,21531937
赤坂パインマンション,3899,福岡県福岡市中央区赤坂１,地下鉄空港線「赤坂」徒歩7分,72.0,2LDK,1981年5月,https://suumo.jp//ms/chuko/fukuoka/sc_fukuokashichuo/nc_21527843/,赤坂,地下鉄空港線,7,1981-05-01,45,21527843
赤坂パインマンション,3899,福岡県福岡市中央区赤坂１,地下鉄空港線「赤坂」徒歩7分,72.0,2LDK,1981年5月,https://suumo.jp//ms/chuko/fukuoka/sc_fukuokashichuo/nc_21541412/,赤坂,地下鉄空港線,7,1981-05-01,45,21541412
赤坂パインマンション,3899,福岡県福岡市中央区赤坂１,地下鉄空港線「赤坂」徒歩7分,72.0,2LDK,1981年5月,https://suumo.jp//ms/chuko/fukuoka/sc_fukuokashichuo/nc_21535366/,赤坂,地下鉄空港線,7,1981-05-01,45,21535366
赤坂パインマンション,3899,福岡県福岡市中央区赤坂１,地下鉄空港線「赤坂」徒歩7分,72.0,2LDK,1981年5月,https://suumo.jp//ms/chuko/fukuoka/sc_fukuokashichuo/nc_21747916/,赤坂,地下鉄空港線,7,1981-05-01,45,21747916
赤坂パインマンション,3899,福岡県福岡市中央区赤坂１,地下鉄空港線「赤坂」徒歩7分,72.0,2LDK,1981年5月,https://suumo.jp//ms/chuko/fukuoka/sc_fukuokashichuo/nc_21535055/,赤坂,地下鉄空港線,7,1981-05-01,45,21535055
赤坂パインマンション,3899,福岡県福岡市中央区赤坂１,地下鉄空港線「赤坂」徒歩7分,72.0,2LDK,1981年5月,https://suumo.jp//ms/chuko/fukuoka/sc_fukuokashichuo/nc_21590182/,赤坂,地下鉄空港線,7,1981-05-01,45,21590182
ヒューマインド博多駅東ネクスタイル,3899,福岡県福岡市博多区東比恵３,地下鉄空港線「東比恵」徒歩4分,58.3,2LDK,2005年4月,https://suumo.jp//ms/chuko/fukuoka/sc_fukuokashihakata/nc_21466839/,東比恵,地下鉄空港線,4,2005-04-01,21,21466839
朝日プラザ天神,3980,福岡県福岡市中央区舞鶴１-9‐3,地下鉄空港線「天神」徒歩7分,63.0,1LDK,1986年5月,https://suumo.jp//ms/chuko/fukuoka/sc_fukuokashichuo/nc_21562160/,天神,地下鉄空港線,7,1986-05-01,40,21562160
リファレンス天神南,4099,福岡県福岡市中央区清川２,地下鉄七隈線「渡辺通」徒歩14分,65.32,3LDK,2002年3月,https://suumo.jp//ms/chuko/fukuoka/sc_fukuokashichuo/nc_21351500/,渡辺通,地下鉄七隈線,14,2002-03-01,24,21351500
リファレンス天神南,4099,福岡県福岡市中央区清川２,地下鉄七隈線「渡辺通」徒歩13分,65.32,3LDK,2002年3月,https://suumo.jp//ms/chuko/fukuoka/sc_fukuokashichuo/nc_20056310/,渡辺通,地下鉄七隈線,13,2002-03-01,24,20056310
リファレンス天神南,4099,福岡県福岡市中央区清川２,地下鉄七隈線「渡辺通」徒歩13分,65.32,3LDK,2002年3月,https://suumo.jp//ms/chuko/fukuoka/sc_fukuokashichuo/nc_21199655/,渡辺通,地下鉄七隈線,13,2002-03-01,24,21199655
モントーレ東比恵クレア,4099,福岡県福岡市博多区東比恵３,地下鉄空港線「東比恵」徒歩3分,42.77,1LDK,2019年2月,https://suumo.jp//ms/chuko/fukuoka/sc_fukuokashihakata/nc_79172819/,東比恵,地下鉄空港線,3,2019-02-01,7,79172819
モントーレ東比恵クレア,4099,福岡県福岡市博多区東比恵３,地下鉄空港線「東比恵」徒歩5分,42.77,1LDK+S（納戸）,1988年5月,https://suumo.jp//ms/chuko/fukuoka/sc_fukuokashihakata/nc_21551621/,東比恵,地下鉄空港線,5,1988-05-01,38,21551621
モントーレ東比恵クレア,4099,福岡県福岡市博多区東比恵３,地下鉄空港線「東比恵」徒歩3分,42.77,1LDK,2019年2月,https://suumo.jp//ms/chuko/fukuoka/sc_fukuokashihakata/nc_21546071/,東比恵,地下鉄空港線,3,2019-02-01,7,21546071
リファレンス天神南,4099,福岡県福岡市中央区清川２,地下鉄七隈線「渡辺通」徒歩12分,65.32,3LDK,2002年3月,https://suumo.jp//ms/chuko/fukuoka/sc_fukuokashichuo/nc_20589194/,渡辺通,地下鉄七隈線,12,2002-03-01,24,20589194
リファレンス天神南,4099,福岡県福岡市中央区清川２,地下鉄七隈線「渡辺通」徒歩13分,65.32,3LDK,2002年3月,https://suumo.jp//ms/chuko/fukuoka/sc_fukuokashichuo/nc_20401158/,渡辺通,地下鉄七隈線,13,2002-03-01,24,20401158
モントーレ東比恵クレア,4099,福岡県福岡市博多区東比恵３,地下鉄空港線「東比恵」徒歩3分,42.77,1LDK+S（納戸）,2019年2月,https://suumo.jp//ms/chuko/fukuoka/sc_fukuokashihakata/nc_21616827/,東比恵,地下鉄空港線,3,2019-02-01,7,21616827
ジョイナス天神タワー,4100,福岡県福岡市博多区対馬小路,地下鉄空港線「中洲川端」徒歩11分,56.14,2LDK,1997年1月,https://suumo.jp//ms/chuko/fukuoka/sc_fukuokashihakata/nc_21646228/,中洲川端,地下鉄空港線,11,1997-01-01,29,21646228
ロマネスク室見,4180,福岡県福岡市早良区室見１,地下鉄空港線「藤崎」徒歩7分,67.67,3LDK,1985年7月,https://suumo.jp//ms/chuko/fukuoka/sc_fukuokashisawara/nc_20707189/,藤崎,地下鉄空港線,7,1985-07-01,41,20707189
アンピール百年橋,4190,福岡県福岡市中央区清川３,地下鉄七隈線「渡辺通」徒歩15分,70.11,3LDK,1995年8月,https://suumo.jp//ms/chuko/fukuoka/sc_fukuokashichuo/nc_21514350/,渡辺通,地下鉄七隈線,15,1995-08-01,31,21514350
アンピール百年橋,4190,福岡県福岡市中央区清川３,地下鉄七隈線「渡辺通」徒歩15分,70.11,3LDK,1995年8月,https://suumo.jp//ms/chuko/fukuoka/sc_fukuokashichuo/nc_21476300/,渡辺通,地下鉄七隈線,15,1995-08-01,31,21476300
アンピール百年橋,4190,福岡県福岡市中央区清川３,地下鉄七隈線「渡辺通」徒歩15分,70.11,3LDK,1995年8月,https://suumo.jp//ms/chuko/fukuoka/sc_fukuokashichuo/nc_21467812/,渡辺通,地下鉄七隈線,15,1995-08-01,31,21467812
アンピール百年橋,4190,福岡県福岡市中央区清川３-9-23,地下鉄七隈線「渡辺通」徒歩15分,70.11,3LDK,1995年8月,https://suumo.jp//ms/chuko/fukuoka/sc_fukuokashichuo/nc_21456527/,渡辺通,地下鉄七隈線,15,1995-08-01,31,21456527
ライオンズマンション西新第２,4198,福岡県福岡市早良区西新７-1-41,地下鉄空港線「藤崎」徒歩5分,68.04,3LDK,1987年7月,https://suumo.jp//ms/chuko/fukuoka/sc_fukuokashisawara/nc_21664842/,藤崎,地下鉄空港線,5,1987-07-01,39,21664842
エバーライフ赤坂,4280,福岡県福岡市中央区赤坂３,地下鉄七隈線「桜坂」徒歩14分,63.63,1LDK,1988年12月,https://suumo.jp//ms/chuko/fukuoka/sc_fukuokashichuo/nc_20426588/,桜坂,地下鉄七隈線,14,1988-12-01,38,20426588
ロマネスク西新,4299,福岡県福岡市早良区祖原14-13,地下鉄空港線「西新」徒歩8分,65.96,2LDK,1984年6月,https://suumo.jp//ms/chuko/fukuoka/sc_fukuokashisawara/nc_21697746/,西新,地下鉄空港線,8,1984-06-01,42,21697746
藤崎ロジュマン,4350,福岡県福岡市早良区昭代３,地下鉄空港線「藤崎」徒歩13分,82.76,4LDK,1988年3月,https://suumo.jp//ms/chuko/fukuoka/sc_fukuokashisawara/nc_20187670/,藤崎,地下鉄空港線,13,1988-03-01,38,20187670
藤崎ロジュマン,4350,福岡県福岡市早良区昭代３,地下鉄空港線「藤崎」徒歩10分,82.76,4LDK,1988年3月,https://suumo.jp//ms/chuko/fukuoka/sc_fukuokashisawara/nc_21199643/,藤崎,地下鉄空港線,10,1988-03-01,38,21199643
藤崎ロジュマン,4350,福岡県福岡市早良区昭代３-9-5,地下鉄空港線「藤崎」徒歩13分,82.76,4LDK,1988年3月,https://suumo.jp//ms/chuko/fukuoka/sc_fukuokashisawara/nc_21539151/,藤崎,地下鉄空港線,13,1988-03-01,38,21539151
藤崎ロジュマン,4350,福岡県福岡市早良区昭代３,地下鉄空港線「藤崎」徒歩13分,82.76,4LDK,1988年3月,https://suumo.jp//ms/chuko/fukuoka/sc_fukuokashisawara/nc_20214981/,藤崎,地下鉄空港線,13,1988-03-01,38,20214981
藤崎ロジュマン,4350,福岡県福岡市早良区昭代３,地下鉄空港線「藤崎」徒歩11分,82.76,4LDK,1988年3月,https://suumo.jp//ms/chuko/fukuoka/sc_fukuokashisawara/nc_78705032/,藤崎,地下鉄空港線,11,1988-03-01,38,78705032
藤崎ロジュマン,4350,福岡県福岡市早良区昭代３,地下鉄空港線「藤崎」徒歩11分,82.76,4LDK,1988年3月,https://suumo.jp//ms/chuko/fukuoka/sc_fukuokashisawara/nc_20812024/,藤崎,地下鉄空港線,11,1988-03-01,38,20812024
アートウィル赤坂,4380,福岡県福岡市中央区赤坂３-2-35,地下鉄七隈線「桜坂」徒歩11分,65.61,2LDK,1995年10月,https://suumo.jp//ms/chuko/fukuoka/sc_fukuokashichuo/nc_21721248/,桜坂,地下鉄七隈線,11,1995-10-01,31,21721248
アートウィル赤坂,4380,福岡県福岡市中央区赤坂３-2-35,地下鉄七隈線「桜坂」徒歩10分,65.61,2LDK,1995年10月,https://suumo.jp//ms/chuko/fukuoka/sc_fukuokashichuo/nc_21687061/,桜坂,地下鉄七隈線,10,1995-10-01,31,21687061
三井薬院ハイツ,4380,福岡県福岡市中央区薬院２,地下鉄七隈線「薬院大通」徒歩5分,92.86,4LDK,1982年10月,https://suumo.jp//ms/chuko/fukuoka/sc_fukuokashichuo/nc_21663708/,薬院大通,地下鉄七隈線,5,1982-10-01,44,21663708
アートウィル赤坂,4380,福岡県福岡市中央区赤坂３,地下鉄七隈線「桜坂」徒歩11分,65.61,2LDK,1995年10月,https://suumo.jp//ms/chuko/fukuoka/sc_fukuokashichuo/nc_21448134/,桜坂,地下鉄七隈線,11,1995-10-01,31,21448134
ラ・ミリオーレ室見河畔,4399,福岡県福岡市早良区室見５,地下鉄空港線「藤崎」徒歩15分,54.79,1LDK+S（納戸）,2005年5月,https://suumo.jp//ms/chuko/fukuoka/sc_fukuokashisawara/nc_21179636/,藤崎,地下鉄空港線,15,2005-05-01,21,21179636
アンピール空港通り２,4399,福岡県福岡市博多区豊２,地下鉄空港線「東比恵」徒歩11分,77.26,3LDK,2009年3月,https://suumo.jp//ms/chuko/fukuoka/sc_fukuokashihakata/nc_21404214/,東比恵,地下鉄空港線,11,2009-03-01,17,21404214
ロイヤルマンション西新,4399,福岡県福岡市早良区祖原,地下鉄空港線「西新」徒歩12分,84.48,4LDK,1987年11月,https://suumo.jp//ms/chuko/fukuoka/sc_fukuokashisawara/nc_20516591/,西新,地下鉄空港線,12,1987-11-01,39,20516591
ロイヤルマンション西新,4399,福岡県福岡市早良区祖原,地下鉄空港線「西新」徒歩12分,84.48,4LDK,1987年11月,https://suumo.jp//ms/chuko/fukuoka/sc_fukuokashisawara/nc_21011970/,西新,地下鉄空港線,12,1987-11-01,39,21011970
ロイヤルマンション西新,4399,福岡県福岡市早良区祖原23‐20,地下鉄空港線「西新」徒歩12分,84.48,4LDK,1987年11月,https://suumo.jp//ms/chuko/fukuoka/sc_fukuokashisawara/nc_21744770/,西新,地下鉄空港線,12,1987-11-01,39,21744770
ロイヤルマンション西新,4399,福岡県福岡市早良区祖原,地下鉄空港線「西新」徒歩8分,84.48,4LDK,1987年11月,https://suumo.jp//ms/chuko/fukuoka/sc_fukuokashisawara/nc_20588692/,西新,地下鉄空港線,8,1987-11-01,39,20588692
ロイヤルマンション西新,4399,福岡県福岡市早良区祖原,地下鉄空港線「西新」徒歩10分,84.48,4LDK,1987年11月,https://suumo.jp//ms/chuko/fukuoka/sc_fukuokashisawara/nc_20617864/,西新,地下鉄空港線,10,1987-11-01,39,20617864
南薬院パークマンション,4480,福岡県福岡市中央区薬院２,地下鉄七隈線「薬院大通」徒歩6分,72.08,3LDK,1985年5月,https://suumo.jp//ms/chuko/fukuoka/sc_fukuokashichuo/nc_21335925/,薬院大通,地下鉄七隈線,6,1985-05-01,41,21335925
南薬院パーク・マンション【担当：中尾】　までお気軽に…,4480,福岡県福岡市中央区薬院２,地下鉄七隈線「薬院大通」徒歩6分,72.08,3LDK,1985年5月,https://suumo.jp//ms/chuko/fukuoka/sc_fukuokashichuo/nc_21354346/,薬院大通,地下鉄七隈線,6,1985-05-01,41,21354346
トーカンマンション浄水通り,4480,福岡県福岡市中央区薬院４,地下鉄七隈線「薬院大通」徒歩4分,70.76,2LDK,1987年2月,https://suumo.jp//ms/chuko/fukuoka/sc_fukuokashichuo/nc_21474828/,薬院大通,地下鉄七隈線,4,1987-02-01,39,21474828
アルファライフ博多,4499,福岡県福岡市博多区住吉５,ＪＲ鹿児島本線「博多」徒歩14分,53.04,1LDK,2011年3月,https://suumo.jp//ms/chuko/fukuoka/sc_fukuokashihakata/nc_21617310/,博多,ＪＲ鹿児島本線,14,2011-03-01,15,21617310
朝日プラザ天神,4499,福岡県福岡市中央区舞鶴１-9-3,地下鉄空港線「天神」徒歩4分,55.5,3DK,1986年5月,https://suumo.jp//ms/chuko/fukuoka/sc_fukuokashichuo/nc_20822755/,天神,地下鉄空港線,4,1986-05-01,40,20822755
アートウィル赤坂,4580,福岡県福岡市中央区赤坂３,地下鉄七隈線「桜坂」徒歩10分,65.61,2LDK,1994年10月,https://suumo.jp//ms/chuko/fukuoka/sc_fukuokashichuo/nc_21578906/,桜坂,地下鉄七隈線,10,1994-10-01,32,21578906
インペリアル大濠,4599,福岡県福岡市中央区今川１,地下鉄空港線「唐人町」徒歩5分,60.58,2LDK,1990年2月,https://suumo.jp//ms/chuko/fukuoka/sc_fukuokashichuo/nc_21729495/,唐人町,地下鉄空港線,5,1990-02-01,36,21729495
ロイヤルマンションユトリテ田島,4799,福岡県福岡市城南区田島１-4-18,地下鉄七隈線「別府」徒歩13分,91.98,3LDK+S（納戸）,2005年3月,https://suumo.jp//ms/chuko/fukuoka/sc_fukuokashijonan/nc_21602009/,別府,地下鉄七隈線,13,2005-03-01,21,21602009
エステートマンション大濠グランディール,4880,福岡県福岡市中央区今川２,地下鉄空港線「西新」徒歩9分,68.37,3LDK,1991年3月,https://suumo.jp//ms/chuko/fukuoka/sc_fukuokashichuo/nc_21246756/,西新,地下鉄空港線,9,1991-03-01,35,21246756
エステートマンション大濠グランディール,4880,福岡県福岡市中央区今川２-7-52,地下鉄空港線「唐人町」徒歩8分,68.37,3LDK,1991年3月,https://suumo.jp//ms/chuko/fukuoka/sc_fukuokashichuo/nc_21216421/,唐人町,地下鉄空港線,8,1991-03-01,35,21216421
パーク・エステート博多503号室,4899,福岡県福岡市博多区店屋町,地下鉄空港線「祇園」徒歩6分,60.81,2LDK,1997年2月,https://suumo.jp//ms/chuko/fukuoka/sc_fukuokashihakata/nc_20387762/,祇園,地下鉄空港線,6,1997-02-01,29,20387762
パーク・エステート博多,4899,福岡県福岡市博多区店屋町,地下鉄空港線「祇園」徒歩7分,60.81,2LDK,1997年3月,https://suumo.jp//ms/chuko/fukuoka/sc_fukuokashihakata/nc_20612025/,祇園,地下鉄空港線,7,1997-03-01,29,20612025
パーク・エステート博多,4899,福岡県福岡市博多区店屋町,地下鉄空港線「祇園」徒歩7分,60.81,2LDK,1997年3月,https://suumo.jp//ms/chuko/fukuoka/sc_fukuokashihakata/nc_20768276/,祇園,地下鉄空港線,7,1997-03-01,29,20768276
ロイヤルマンションユトリテ田島,4980,福岡県福岡市城南区田島１,地下鉄七隈線「別府」徒歩15分,91.98,3LDK+S（納戸）,2005年3月,https://suumo.jp//ms/chuko/fukuoka/sc_fukuokashijonan/nc_21051303/,別府,地下鉄七隈線,15,2005-03-01,21,21051303
アンピール博多駅,4990,福岡県福岡市博多区堅粕３-15-23,地下鉄空港線「博多」徒歩12分,84.77,4LDK,1997年10月,https://suumo.jp//ms/chuko/fukuoka/sc_fukuokashihakata/nc_21750411/,博多,地下鉄空港線,12,1997-10-01,29,21750411
ソピア大濠西,5280,福岡県福岡市中央区鳥飼３,地下鉄空港線「西新」徒歩10分,69.57,3LDK,1999年3月,https://suumo.jp//ms/chuko/fukuoka/sc_fukuokashichuo/nc_21533580/,西新,地下鉄空港線,10,1999-03-01,27,21533580
第３３プリンスマンション城南,5380,福岡県福岡市城南区別府１,地下鉄七隈線「別府」徒歩4分,85.4,3LDK,1986年8月,https://suumo.jp//ms/chuko/fukuoka/sc_fukuokashijonan/nc_21205678/,別府,地下鉄七隈線,4,1986-08-01,40,21205678
浄水通りパーク・ホームズ,5399,福岡県福岡市中央区薬院４-6-7,地下鉄七隈線「薬院大通」徒歩4分,61.48,3LDK,1994年3月,https://suumo.jp//ms/chuko/fukuoka/sc_fukuokashichuo/nc_21690527/,薬院大通,地下鉄七隈線,4,1994-03-01,32,21690527
エンゼル西新サウスコート,5400,福岡県福岡市早良区曙２,地下鉄七隈線「別府」徒歩13分,78.06,3LDK,2003年3月,https://suumo.jp//ms/chuko/fukuoka/sc_fukuokashisawara/nc_21614911/,別府,地下鉄七隈線,13,2003-03-01,23,21614911
サントーア薬院【担当：中尾】までお気軽にお問合せくだ…,5480,福岡県福岡市中央区薬院２,地下鉄七隈線「薬院大通」徒歩5分,73.35,2LDK,1995年8月,https://suumo.jp//ms/chuko/fukuoka/sc_fukuokashichuo/nc_21611974/,薬院大通,地下鉄七隈線,5,1995-08-01,31,21611974
パークホームズ室見駅前,5490,福岡県福岡市早良区室見５,地下鉄空港線「藤崎」徒歩12分,71.47,3LDK,2004年5月,https://suumo.jp//ms/chuko/fukuoka/sc_fukuokashisawara/nc_21227568/,藤崎,地下鉄空港線,12,2004-05-01,22,21227568
パークホームズ室見駅前,5490,福岡県福岡市早良区室見５,地下鉄空港線「藤崎」徒歩13分,71.47,3LDK,2004年5月,https://suumo.jp//ms/chuko/fukuoka/sc_fukuokashisawara/nc_21251965/,藤崎,地下鉄空港線,13,2004-05-01,22,21251965
ライオンズプラザ平尾,5498,福岡県福岡市中央区平尾１,地下鉄七隈線「薬院」徒歩9分,73.76,3LDK,1996年2月,https://suumo.jp//ms/chuko/fukuoka/sc_fukuokashichuo/nc_21456616/,薬院,地下鉄七隈線,9,1996-02-01,30,21456616
ロイヤルアーク藤崎,5498,福岡県福岡市早良区昭代３,地下鉄空港線「藤崎」徒歩12分,75.28,3LDK,2002年6月,https://suumo.jp//ms/chuko/fukuoka/sc_fukuokashisawara/nc_21714096/,藤崎,地下鉄空港線,12,2002-06-01,24,21714096
三井薬院ハイツ,5500,福岡県福岡市中央区薬院２,地下鉄七隈線「薬院大通」徒歩6分,98.7,4LDK,1982年10月,https://suumo.jp//ms/chuko/fukuoka/sc_fukuokashichuo/nc_21185449/,薬院大通,地下鉄七隈線,6,1982-10-01,44,21185449
クラブエイリック藤崎南ザ・テラス,5690,福岡県福岡市早良区原１,地下鉄空港線「藤崎」徒歩12分,93.55,4LDK,2013年5月,https://suumo.jp//ms/chuko/fukuoka/sc_fukuokashisawara/nc_21509242/,藤崎,地下鉄空港線,12,2013-05-01,13,21509242
クラブエイリック藤崎南ザ・テラス,5690,福岡県福岡市早良区原１,地下鉄空港線「藤崎」徒歩12分,93.55,4LDK,2013年4月,https://suumo.jp//ms/chuko/fukuoka/sc_fukuokashisawara/nc_21704536/,藤崎,地下鉄空港線,12,2013-04-01,13,21704536
ダイアパレス大濠公園Ⅱ,5699,福岡県福岡市中央区荒戸２-2-32,地下鉄空港線「大濠公園」徒歩6分,70.92,3LDK,1996年3月,https://suumo.jp//ms/chuko/fukuoka/sc_fukuokashichuo/nc_21107656/,大濠公園,地下鉄空港線,6,1996-03-01,30,21107656
ロワールマンション西公園東,5780,福岡県福岡市中央区港２-5-3,地下鉄空港線「大濠公園」徒歩8分,70.17,3LDK,1999年1月,https://suumo.jp//ms/chuko/fukuoka/sc_fukuokashichuo/nc_21721251/,大濠公園,地下鉄空港線,8,1999-01-01,27,21721251
アーバンパレスアルカディア博多駅東,5780,福岡県福岡市博多区東比恵４,地下鉄空港線「東比恵」徒歩2分,86.5,3LDK,1997年1月,https://suumo.jp//ms/chuko/fukuoka/sc_fukuokashihakata/nc_21457348/,東比恵,地下鉄空港線,2,1997-01-01,29,21457348
ヒューマインド博多駅東ネクスタイル,5799,福岡県福岡市博多区東比恵３-24-24,地下鉄空港線「東比恵」徒歩6分,80.11,3LDK,2005年4月,https://suumo.jp//ms/chuko/fukuoka/sc_fukuokashihakata/nc_21752902/,東比恵,地下鉄空港線,6,2005-04-01,21,21752902
ヒューマインド博多駅東ネクスタイル,5799,福岡県福岡市博多区東比恵３,地下鉄空港線「東比恵」徒歩5分,80.11,3LDK,2005年4月,https://suumo.jp//ms/chuko/fukuoka/sc_fukuokashihakata/nc_21381889/,東比恵,地下鉄空港線,5,2005-04-01,21,21381889
ヒューマインド博多駅東ネクスタイル,5799,福岡県福岡市博多区東比恵３,地下鉄空港線「東比恵」徒歩5分,80.11,3LDK,2005年4月,https://suumo.jp//ms/chuko/fukuoka/sc_fukuokashihakata/nc_21117161/,東比恵,地下鉄空港線,5,2005-04-01,21,21117161
ヒューマインド博多駅東ネクスタイル,5799,福岡県福岡市博多区東比恵３,地下鉄空港線「東比恵」徒歩7分,80.11,3LDK,2005年4月,https://suumo.jp//ms/chuko/fukuoka/sc_fukuokashihakata/nc_21137414/,東比恵,地下鉄空港線,7,2005-04-01,21,21137414
ヒューマインド博多駅東ネクスタイル,5799,福岡県福岡市博多区東比恵３,地下鉄空港線「東比恵」徒歩7分,80.11,3LDK,2005年4月,https://suumo.jp//ms/chuko/fukuoka/sc_fukuokashihakata/nc_21601995/,東比恵,地下鉄空港線,7,2005-04-01,21,21601995
ヒューマインド博多駅東ネクスタイル,5799,福岡県福岡市博多区東比恵３-24-24,地下鉄空港線「東比恵」徒歩5分,80.11,3LDK,2005年4月,https://suumo.jp//ms/chuko/fukuoka/sc_fukuokashihakata/nc_21654634/,東比恵,地下鉄空港線,5,2005-04-01,21,21654634
ヒューマインド博多駅東ネクスタイル,5799,福岡県福岡市博多区東比恵３-24-24,地下鉄空港線「東比恵」徒歩6分,80.11,3LDK,2005年4月,https://suumo.jp//ms/chuko/fukuoka/sc_fukuokashihakata/nc_21637730/,東比恵,地下鉄空港線,6,2005-04-01,21,21637730
ヒューマインド博多駅東ネクスタイル,5799,福岡県福岡市博多区東比恵３,地下鉄空港線「東比恵」徒歩7分,80.11,3LDK,2005年4月,https://suumo.jp//ms/chuko/fukuoka/sc_fukuokashihakata/nc_21475943/,東比恵,地下鉄空港線,7,2005-04-01,21,21475943
ヒューマインド博多駅東ネクスタイル,5799,福岡県福岡市博多区東比恵３,地下鉄空港線「東比恵」徒歩7分,80.11,3LDK,2005年4月,https://suumo.jp//ms/chuko/fukuoka/sc_fukuokashihakata/nc_21346885/,東比恵,地下鉄空港線,7,2005-04-01,21,21346885
サントーア地行,5799,福岡県福岡市中央区地行１,地下鉄空港線「唐人町」徒歩4分,72.0,3LDK,1995年10月,https://suumo.jp//ms/chuko/fukuoka/sc_fukuokashichuo/nc_20890373/,唐人町,地下鉄空港線,4,1995-10-01,31,20890373
アドリーム天神,5980,福岡県福岡市中央区今泉２-3-4,地下鉄七隈線「薬院大通」徒歩6分,72.06,3LDK,1999年6月,https://suumo.jp//ms/chuko/fukuoka/sc_fukuokashichuo/nc_21626143/,薬院大通,地下鉄七隈線,6,1999-06-01,27,21626143
アンピール六本松,5980,福岡県福岡市中央区六本松４,地下鉄七隈線「六本松」徒歩6分,71.23,3LDK,1994年9月,https://suumo.jp//ms/chuko/fukuoka/sc_fukuokashichuo/nc_20605017/,六本松,地下鉄七隈線,6,1994-09-01,32,20605017
シティライフ呉服町,5990,福岡県福岡市博多区下呉服町10-4,地下鉄空港線「中洲川端」徒歩14分,82.82,4LDK,2000年2月,https://suumo.jp//ms/chuko/fukuoka/sc_fukuokashihakata/nc_21520955/,中洲川端,地下鉄空港線,14,2000-02-01,26,21520955
デュ・レジア博多住吉,5998,福岡県福岡市博多区住吉４,ＪＲ鹿児島本線「博多」徒歩15分,60.03,2LDK,2018年2月,https://suumo.jp//ms/chuko/fukuoka/sc_fukuokashihakata/nc_21714097/,博多,ＪＲ鹿児島本線,15,2018-02-01,8,21714097
ペルル奈良屋,5999,福岡県福岡市博多区奈良屋町,地下鉄空港線「中洲川端」徒歩11分,79.96,3LDK,1999年8月,https://suumo.jp//ms/chuko/fukuoka/sc_fukuokashihakata/nc_21603196/,中洲川端,地下鉄空港線,11,1999-08-01,27,21603196
シーサイドももちヴェルデコート5番館,5999,福岡県福岡市早良区百道浜３,地下鉄空港線「藤崎」徒歩12分,80.88,3LDK,1991年2月,https://suumo.jp//ms/chuko/fukuoka/sc_fukuokashisawara/nc_21311119/,藤崎,地下鉄空港線,12,1991-02-01,35,21311119
グリーンマンション薬院,5999,福岡県福岡市中央区薬院２,地下鉄七隈線「薬院大通」徒歩5分,88.26,3LDK,1986年8月,https://suumo.jp//ms/chuko/fukuoka/sc_fukuokashichuo/nc_21336648/,薬院大通,地下鉄七隈線,5,1986-08-01,40,21336648
シーサイドももちヴェルデコート　5番館,5999,福岡県福岡市早良区百道浜３-3-5,地下鉄空港線「藤崎」徒歩12分,80.88,3LDK,1991年2月,https://suumo.jp//ms/chuko/fukuoka/sc_fukuokashisawara/nc_21690528/,藤崎,地下鉄空港線,12,1991-02-01,35,21690528
ペルル奈良屋,5999,福岡県福岡市博多区奈良屋町,地下鉄空港線「中洲川端」徒歩10分,79.96,3LDK,1999年8月,https://suumo.jp//ms/chuko/fukuoka/sc_fukuokashihakata/nc_21391802/,中洲川端,地下鉄空港線,10,1999-08-01,27,21391802
ペルル奈良屋,5999,福岡県福岡市博多区奈良屋町7-21,地下鉄空港線「中洲川端」徒歩11分,79.96,3LDK,1999年8月,https://suumo.jp//ms/chuko/fukuoka/sc_fukuokashihakata/nc_21637732/,中洲川端,地下鉄空港線,11,1999-08-01,27,21637732
ロマネスク浄水通り第2,5999,福岡県福岡市中央区薬院４-21-15,地下鉄七隈線「薬院大通」徒歩6分,84.47,4LDK,1987年12月,https://suumo.jp//ms/chuko/fukuoka/sc_fukuokashichuo/nc_21413515/,薬院大通,地下鉄七隈線,6,1987-12-01,39,21413515
デュオヴェール西新corso,6000,福岡県福岡市早良区西新５,地下鉄空港線「藤崎」徒歩8分,44.27,2LDK,2024年12月,https://suumo.jp//ms/chuko/fukuoka/sc_fukuokashisawara/nc_21672470/,藤崎,地下鉄空港線,8,2024-12-01,2,21672470
インプレスト天神オークタワー,6080,福岡県福岡市中央区長浜２,地下鉄空港線「赤坂」徒歩9分,61.28,2LDK,2020年5月,https://suumo.jp//ms/chuko/fukuoka/sc_fukuokashichuo/nc_21464547/,赤坂,地下鉄空港線,9,2020-05-01,6,21464547
グランディア百道浜通り,6180,福岡県福岡市早良区西新２-23-12,地下鉄空港線「西新」徒歩9分,68.66,3LDK,2006年4月,https://suumo.jp//ms/chuko/fukuoka/sc_fukuokashisawara/nc_21694571/,西新,地下鉄空港線,9,2006-04-01,20,21694571
グランディア百道浜通り,6180,福岡県福岡市早良区西新２-23-12,地下鉄空港線「西新」徒歩9分,68.66,3LDK,2006年4月,https://suumo.jp//ms/chuko/fukuoka/sc_fukuokashisawara/nc_21615842/,西新,地下鉄空港線,9,2006-04-01,20,21615842
グランディア百道浜通り,6180,福岡県福岡市早良区西新２,地下鉄空港線「西新」徒歩9分,68.66,3LDK,2006年4月,https://suumo.jp//ms/chuko/fukuoka/sc_fukuokashisawara/nc_21467015/,西新,地下鉄空港線,9,2006-04-01,20,21467015
グランディア百道浜通り,6180,福岡県福岡市早良区西新２,地下鉄空港線「西新」徒歩9分,68.66,3LDK,2006年4月,https://suumo.jp//ms/chuko/fukuoka/sc_fukuokashisawara/nc_21107580/,西新,地下鉄空港線,9,2006-04-01,20,21107580
グランディア百道浜通り,6180,福岡県福岡市早良区西新２,地下鉄空港線「西新」徒歩10分,68.66,3LDK,2006年4月,https://suumo.jp//ms/chuko/fukuoka/sc_fukuokashisawara/nc_21421313/,西新,地下鉄空港線,10,2006-04-01,20,21421313
ライオンズタワー城南別府,6198,福岡県福岡市城南区別府５,地下鉄七隈線「別府」徒歩5分,75.72,3LDK,2002年11月,https://suumo.jp//ms/chuko/fukuoka/sc_fukuokashijonan/nc_21429306/,別府,地下鉄七隈線,5,2002-11-01,24,21429306
アダージュ薬院弐番館,6198,福岡県福岡市中央区薬院２,地下鉄七隈線「薬院大通」徒歩3分,65.11,2LDK,2003年3月,https://suumo.jp//ms/chuko/fukuoka/sc_fukuokashichuo/nc_21323946/,薬院大通,地下鉄七隈線,3,2003-03-01,23,21323946
シティハウス室見ステーションコート,6280,福岡県福岡市早良区室見１,地下鉄空港線「藤崎」徒歩9分,66.12,3LDK,2018年1月,https://suumo.jp//ms/chuko/fukuoka/sc_fukuokashisawara/nc_21411020/,藤崎,地下鉄空港線,9,2018-01-01,8,21411020
コモダスパッソ天神,6390,福岡県福岡市中央区渡辺通５-6-18,地下鉄七隈線「天神南」徒歩4分,64.15,2LDK,2000年10月,https://suumo.jp//ms/chuko/fukuoka/sc_fukuokashichuo/nc_21274206/,天神南,地下鉄七隈線,4,2000-10-01,26,21274206
アメックス大濠,6480,福岡県福岡市中央区今川２,地下鉄空港線「西新」徒歩9分,79.73,3LDK,2004年3月,https://suumo.jp//ms/chuko/fukuoka/sc_fukuokashichuo/nc_21376978/,西新,地下鉄空港線,9,2004-03-01,22,21376978
ジョイナス地行浜東　内装リフォーム,6490,福岡県福岡市中央区伊崎17-11,地下鉄空港線「唐人町」徒歩12分,85.47,4LDK,2006年3月,https://suumo.jp//ms/chuko/fukuoka/sc_fukuokashichuo/nc_20588156/,唐人町,地下鉄空港線,12,2006-03-01,20,20588156
エステートマンション大濠グランディール,6499,福岡県福岡市中央区今川２,地下鉄空港線「西新」徒歩9分,85.23,3LDK,1991年3月,https://suumo.jp//ms/chuko/fukuoka/sc_fukuokashichuo/nc_21756589/,西新,地下鉄空港線,9,1991-03-01,35,21756589
エステートマンション大濠グランディール,6499,福岡県福岡市中央区今川２-7-52,地下鉄空港線「西新」徒歩12分,85.23,3LDK,1991年3月,https://suumo.jp//ms/chuko/fukuoka/sc_fukuokashichuo/nc_21150902/,西新,地下鉄空港線,12,1991-03-01,35,21150902
コアマンションルネス呉服町,6500,福岡県福岡市博多区上呉服町,地下鉄空港線「祇園」徒歩8分,86.5,4LDK,2003年4月,https://suumo.jp//ms/chuko/fukuoka/sc_fukuokashihakata/nc_21695715/,祇園,地下鉄空港線,8,2003-04-01,23,21695715
グランドメゾン平尾,6690,福岡県福岡市中央区平尾２-11-11,西鉄天神大牟田線「薬院」徒歩11分,75.34,3LDK,1998年5月,https://suumo.jp//ms/chuko/fukuoka/sc_fukuokashichuo/nc_21671581/,薬院,西鉄天神大牟田線,11,1998-05-01,28,21671581
ライオンズ大濠公園グランゲイト,6780,福岡県福岡市中央区大手門２,地下鉄空港線「大濠公園」徒歩7分,67.03,3LDK,2015年2月,https://suumo.jp//ms/chuko/fukuoka/sc_fukuokashichuo/nc_20572204/,大濠公園,地下鉄空港線,7,2015-02-01,11,20572204
アクロス天神Vタワー,6799,福岡県福岡市中央区舞鶴１-3-47,地下鉄空港線「赤坂」徒歩8分,61.45,2LDK,2005年3月,https://suumo.jp//ms/chuko/fukuoka/sc_fukuokashichuo/nc_21283884/,赤坂,地下鉄空港線,8,2005-03-01,21,21283884
コスモ六本松シティフォルム,6999,福岡県福岡市中央区草香江２,地下鉄七隈線「六本松」徒歩5分,70.58,3LDK,2000年2月,https://suumo.jp//ms/chuko/fukuoka/sc_fukuokashichuo/nc_20597892/,六本松,地下鉄七隈線,5,2000-02-01,26,20597892
コスモ六本松シティフォルム,6999,福岡県福岡市中央区草香江２,地下鉄七隈線「六本松」徒歩4分,70.58,3LDK,2000年2月,https://suumo.jp//ms/chuko/fukuoka/sc_fukuokashichuo/nc_21190414/,六本松,地下鉄七隈線,4,2000-02-01,26,21190414
コスモ六本松シティフォルム,6999,福岡県福岡市中央区草香江２-1-13,地下鉄七隈線「六本松」徒歩4分,70.58,3LDK,2000年2月,https://suumo.jp//ms/chuko/fukuoka/sc_fukuokashichuo/nc_21539155/,六本松,地下鉄七隈線,4,2000-02-01,26,21539155
クリスタージュ壱番館,6999,福岡県福岡市早良区百道浜４-2-1,地下鉄空港線「藤崎」徒歩11分,95.53,3LDK,1992年5月,https://suumo.jp//ms/chuko/fukuoka/sc_fukuokashisawara/nc_21690529/,藤崎,地下鉄空港線,11,1992-05-01,34,21690529
アンピール西新,7200,福岡県福岡市早良区城西３-12－27,地下鉄空港線「西新」徒歩10分,93.58,4LDK,2004年5月,https://suumo.jp//ms/chuko/fukuoka/sc_fukuokashisawara/nc_20721532/,西新,地下鉄空港線,10,2004-05-01,22,20721532
サングレート薬院駅ロイヤルウィン,7980,福岡県福岡市中央区平尾１,西鉄天神大牟田線「薬院」徒歩4分,72.67,2LDK,2003年11月,https://suumo.jp//ms/chuko/fukuoka/sc_fukuokashichuo/nc_21714098/,薬院,西鉄天神大牟田線,4,2003-11-01,23,21714098
グリーンマンション平尾,7999,福岡県福岡市中央区平尾２-8-13,地下鉄七隈線「薬院」徒歩15分,85.9,3LDK+S（納戸）,1996年4月,https://suumo.jp//ms/chuko/fukuoka/sc_fukuokashichuo/nc_21539167/,薬院,地下鉄七隈線,15,1996-04-01,30,21539167
コアマンション百道プレジオ,8100,福岡県福岡市早良区百道１,地下鉄空港線「藤崎」徒歩10分,92.92,3LDK+S（納戸）,2006年2月,https://suumo.jp//ms/chuko/fukuoka/sc_fukuokashisawara/nc_21053033/,藤崎,地下鉄空港線,10,2006-02-01,20,21053033
グランドステイツ大濠公園南,8280,福岡県福岡市中央区六本松３,地下鉄七隈線「六本松」徒歩3分,80.69,3LDK,2004年6月,https://suumo.jp//ms/chuko/fukuoka/sc_fukuokashichuo/nc_77539723/,六本松,地下鉄七隈線,3,2004-06-01,22,77539723
ライオンズガーデンシティ鳥飼２番館,8290,福岡県福岡市城南区鳥飼４,地下鉄七隈線「別府」徒歩9分,94.25,4LDK,1998年3月,https://suumo.jp//ms/chuko/fukuoka/sc_fukuokashijonan/nc_21625980/,別府,地下鉄七隈線,9,1998-03-01,28,21625980
ダイアパレス赤坂,8299,福岡県福岡市中央区赤坂２-1-33,地下鉄空港線「赤坂」徒歩10分,88.58,4LDK,2001年9月,https://suumo.jp//ms/chuko/fukuoka/sc_fukuokashichuo/nc_21690522/,赤坂,地下鉄空港線,10,2001-09-01,25,21690522
ザ・パークハウス福岡タワーズEAST,8999,福岡県福岡市中央区地行浜２,地下鉄空港線「唐人町」徒歩11分,71.77,3LDK,2020年12月,https://suumo.jp//ms/chuko/fukuoka/sc_fukuokashichuo/nc_21712499/,唐人町,地下鉄空港線,11,2020-12-01,6,21712499
百道タワー,9200,福岡県福岡市早良区百道浜１,地下鉄空港線「西新」徒歩9分,88.62,2LDK,2004年2月,https://suumo.jp//ms/chuko/fukuoka/sc_fukuokashisawara/nc_21224471/,西新,地下鉄空港線,9,2004-02-01,22,21224471
グランフォーレ西新レジデンス,9995,福岡県福岡市早良区西新２-4-40,地下鉄空港線「西新」徒歩5分,90.01,3LDK,2017年3月,https://suumo.jp//ms/chuko/fukuoka/sc_fukuokashisawara/nc_21746123/,西新,地下鉄空港線,5,2017-03-01,9,21746123
プレミスト天神赤坂タワー,11000,福岡県福岡市中央区大名２,地下鉄空港線「赤坂」徒歩3分,67.73,1LDK,2019年1月,https://suumo.jp//ms/chuko/fukuoka/sc_fukuokashichuo/nc_21579196/,赤坂,地下鉄空港線,3,2019-01-01,7,21579196
デュ・レジア薬院ザ シティ,11300,福岡県福岡市中央区平尾１-7-以下未詳,地下鉄七隈線「薬院」徒歩6分,71.79,3LDK,2026年8月,https://suumo.jp//ms/chuko/fukuoka/sc_fukuokashichuo/nc_21742876/,薬院,地下鉄七隈線,6,2026-08-01,0,21742876
グランドメゾン浄水ガーデンシティサウスフォレスト,11750,福岡県福岡市中央区薬院４,地下鉄七隈線「薬院大通」徒歩7分,82.49,2LDK,2015年7月,https://suumo.jp//ms/chuko/fukuoka/sc_fukuokashichuo/nc_21238190/,薬院大通,地下鉄七隈線,7,2015-07-01,11,21238190
MJR赤坂タワー,12500,福岡県福岡市中央区赤坂１,地下鉄空港線「赤坂」徒歩1分,64.8,2LDK,2017年10月,https://suumo.jp//ms/chuko/fukuoka/sc_fukuokashichuo/nc_79200862/,赤坂,地下鉄空港線,1,2017-10-01,9,79200862
ザ・パークハウス桜坂サンリヤン,13980,福岡県福岡市中央区桜坂３,地下鉄七隈線「桜坂」徒歩3分,84.98,3LDK+S（納戸）,2018年9月,https://suumo.jp//ms/chuko/fukuoka/sc_fukuokashichuo/nc_20546042/,桜坂,地下鉄七隈線,3,2018-09-01,8,20546042
ブリリアタワー西新,15800,福岡県福岡市早良区西新４,地下鉄空港線「西新」徒歩1分,79.93,2LDK,2021年1月,https://suumo.jp//ms/chuko/fukuoka/sc_fukuokashisawara/nc_79220468/,西新,地下鉄空港線,1,2021-01-01,5,79220468
レーベン福岡天神　ＯＮＥ　ＴＯＷＥＲ,19800,福岡県福岡市中央区天神５,地下鉄空港線「天神」徒歩6分,102.74,2LDK,2024年1月,https://suumo.jp//ms/chuko/fukuoka/sc_fukuokashichuo/nc_21571314/,天神,地下鉄空港線,6,2024-01-01,2,21571314
グランドメゾン薬院レジデンス,20000,福岡県福岡市中央区薬院２,地下鉄七隈線「薬院大通」徒歩5分,105.5,4LDK,2017年7月,https://suumo.jp//ms/chuko/fukuoka/sc_fukuokashichuo/nc_21174631/,薬院大通,地下鉄七隈線,5,2017-07-01,9,21174631
グランドメゾン赤坂LUXE,23500,福岡県福岡市中央区赤坂２,地下鉄空港線「赤坂」徒歩8分,142.11,3LDK,2016年9月,https://suumo.jp//ms/chuko/fukuoka/sc_fukuokashichuo/nc_20673715/,赤坂,地下鉄空港線,8,2016-09-01,10,20673715
ＣＬＵＢ　ＴＨＥ．薬院ステーションタワー,46000,福岡県福岡市中央区白金１,地下鉄七隈線「薬院」徒歩2分,138.16,2LDK+S（納戸）,2020年4月,https://suumo.jp//ms/chuko/fukuoka/sc_fukuokashichuo/nc_21015987/,薬院,地下鉄七隈線,2,2020-04-01,6,21015987
プチメゾン薬院,450,福岡県福岡市中央区白金１-13-11,西鉄天神大牟田線「薬院」徒歩7分,15.0,ワンルーム,1984年9月,https://suumo.jp//ms/chuko/fukuoka/sc_fukuokashichuo/nc_20708382/,薬院,西鉄天神大牟田線,7,1984-09-01,42,20708382
第７プリンスマンション,590,福岡県福岡市中央区高砂１-15-23,地下鉄七隈線「渡辺通」徒歩9分,25.2,1DK,1987年12月,https://suumo.jp//ms/chuko/fukuoka/sc_fukuokashichuo/nc_20979544/,渡辺通,地下鉄七隈線,9,1987-12-01,39,20979544
ルネス・ロワール東公園,640,福岡県福岡市博多区千代２,地下鉄空港線「祇園」徒歩13分,21.6,ワンルーム,1991年8月,https://suumo.jp//ms/chuko/fukuoka/sc_fukuokashihakata/nc_21559356/,祇園,地下鉄空港線,13,1991-08-01,35,21559356
エスポワール大濠公園,650,福岡県福岡市中央区黒門6-4,地下鉄空港線「唐人町」徒歩2分,16.54,ワンルーム,1987年5月,https://suumo.jp//ms/chuko/fukuoka/sc_fukuokashichuo/nc_21352289/,唐人町,地下鉄空港線,2,1987-05-01,39,21352289
スカイ・クリエート天神南,690,福岡県福岡市中央区春吉２,地下鉄七隈線「渡辺通」徒歩7分,19.71,ワンルーム,1991年3月,https://suumo.jp//ms/chuko/fukuoka/sc_fukuokashichuo/nc_20665914/,渡辺通,地下鉄七隈線,7,1991-03-01,35,20665914
スカイ・クリエート天神南,730,福岡県福岡市中央区春吉２-19-17,地下鉄七隈線「渡辺通」徒歩7分,19.71,ワンルーム,1991年3月,https://suumo.jp//ms/chuko/fukuoka/sc_fukuokashichuo/nc_79200824/,渡辺通,地下鉄七隈線,7,1991-03-01,35,79200824
カーサ大濠,780,福岡県福岡市中央区六本松３,地下鉄七隈線「六本松」徒歩8分,25.36,ワンルーム,1974年4月,https://suumo.jp//ms/chuko/fukuoka/sc_fukuokashichuo/nc_21665215/,六本松,地下鉄七隈線,8,1974-04-01,52,21665215
ライオンズステーションプラザ博多,790,福岡県福岡市博多区博多駅前４-14-20,ＪＲ鹿児島本線「博多」徒歩5分,22.0,ワンルーム,1984年2月,https://suumo.jp//ms/chuko/fukuoka/sc_fukuokashihakata/nc_21442810/,博多,ＪＲ鹿児島本線,5,1984-02-01,42,21442810
朝日プラザ博多Ｖターミナルスクエア,880,福岡県福岡市博多区堅粕４,ＪＲ鹿児島本線「博多」徒歩10分,16.8,ワンルーム,1991年2月,https://suumo.jp//ms/chuko/fukuoka/sc_fukuokashihakata/nc_21391671/,博多,ＪＲ鹿児島本線,10,1991-02-01,35,21391671
東峰マンション博多駅東,1190,福岡県福岡市博多区比恵町7-27,地下鉄空港線「東比恵」徒歩8分,23.17,1K,1985年4月,https://suumo.jp//ms/chuko/fukuoka/sc_fukuokashihakata/nc_20770211/,東比恵,地下鉄空港線,8,1985-04-01,41,20770211
グリーンハイツ輝国,1280,福岡県福岡市中央区輝国２,地下鉄七隈線「六本松」徒歩14分,62.04,2DK,1980年5月,https://suumo.jp//ms/chuko/fukuoka/sc_fukuokashichuo/nc_21208962/,六本松,地下鉄七隈線,14,1980-05-01,46,21208962
西公園下住宅　3階,1280,福岡県福岡市中央区福浜２,地下鉄空港線「唐人町」徒歩13分,63.22,3LDK,1971年11月,https://suumo.jp//ms/chuko/fukuoka/sc_fukuokashichuo/nc_21265957/,唐人町,地下鉄空港線,13,1971-11-01,55,21265957
エステート・モア・薬院倶楽部,1280,福岡県福岡市中央区薬院２,地下鉄七隈線「薬院大通」徒歩5分,24.93,1K,2000年7月,https://suumo.jp//ms/chuko/fukuoka/sc_fukuokashichuo/nc_21307794/,薬院大通,地下鉄七隈線,5,2000-07-01,26,21307794
ハイライフ平尾,1280,福岡県福岡市中央区平尾４,地下鉄七隈線「薬院」徒歩15分,40.38,1LDK,1977年9月,https://suumo.jp//ms/chuko/fukuoka/sc_fukuokashichuo/nc_21733044/,薬院,地下鉄七隈線,15,1977-09-01,49,21733044
輝国住宅1号棟,1280,福岡県福岡市中央区輝国２,地下鉄七隈線「六本松」徒歩13分,65.68,3LDK,1974年3月,https://suumo.jp//ms/chuko/fukuoka/sc_fukuokashichuo/nc_20845382/,六本松,地下鉄七隈線,13,1974-03-01,52,20845382
西公園下住宅4号棟　3階,1280,福岡県福岡市中央区福浜２-５－４,地下鉄空港線「唐人町」徒歩12分,63.22,3LDK,1971年11月,https://suumo.jp//ms/chuko/fukuoka/sc_fukuokashichuo/nc_21713074/,唐人町,地下鉄空港線,12,1971-11-01,55,21713074
◆☆グランバッソ博多☆◆,1290,福岡県福岡市博多区博多駅南２,地下鉄空港線「東比恵」徒歩10分,24.94,ワンルーム,2004年3月,https://suumo.jp//ms/chuko/fukuoka/sc_fukuokashihakata/nc_21434589/,東比恵,地下鉄空港線,10,2004-03-01,22,21434589
日商岩井弥生マンション,1390,福岡県福岡市早良区原１,地下鉄空港線「藤崎」徒歩12分,87.49,4LDK,1979年4月,https://suumo.jp//ms/chuko/fukuoka/sc_fukuokashisawara/nc_21460353/,藤崎,地下鉄空港線,12,1979-04-01,47,21460353
じゅうグランドモア渡辺通南,1400,福岡県福岡市中央区高砂２,地下鉄七隈線「渡辺通」徒歩10分,35.19,1DK,1990年9月,https://suumo.jp//ms/chuko/fukuoka/sc_fukuokashichuo/nc_21478020/,渡辺通,地下鉄七隈線,10,1990-09-01,36,21478020
第二プリンスビル,1450,福岡県福岡市中央区大名２-９－２９,地下鉄空港線「赤坂」徒歩7分,24.77,ワンルーム,1974年11月,https://suumo.jp//ms/chuko/fukuoka/sc_fukuokashichuo/nc_21426917/,赤坂,地下鉄空港線,7,1974-11-01,52,21426917
サニークレスト荒江,1480,福岡県福岡市城南区荒江１,地下鉄七隈線「別府」徒歩14分,81.47,3LDK,1982年7月,https://suumo.jp//ms/chuko/fukuoka/sc_fukuokashijonan/nc_21013233/,別府,地下鉄七隈線,14,1982-07-01,44,21013233
シティハウス博多,1480,福岡県福岡市博多区博多駅前４,ＪＲ鹿児島本線「博多」徒歩11分,63.18,3LDK,1980年12月,https://suumo.jp//ms/chuko/fukuoka/sc_fukuokashihakata/nc_21642203/,博多,ＪＲ鹿児島本線,11,1980-12-01,46,21642203
西公園下住宅2号棟2階,1490,福岡県福岡市中央区福浜２-５－２,地下鉄空港線「唐人町」徒歩11分,63.22,3LDK,1972年6月,https://suumo.jp//ms/chuko/fukuoka/sc_fukuokashichuo/nc_21444701/,唐人町,地下鉄空港線,11,1972-06-01,54,21444701
ドミール鳥飼,1500,福岡県福岡市中央区鳥飼３,地下鉄空港線「西新」徒歩7分,54.96,1LDK,1974年7月,https://suumo.jp//ms/chuko/fukuoka/sc_fukuokashichuo/nc_21193526/,西新,地下鉄空港線,7,1974-07-01,52,21193526
ゾンネンハイム大手門,1569,福岡県福岡市中央区大手門２-５－１０,地下鉄空港線「大濠公園」徒歩7分,33.0,1K,1973年8月,https://suumo.jp//ms/chuko/fukuoka/sc_fukuokashichuo/nc_21562854/,大濠公園,地下鉄空港線,7,1973-08-01,53,21562854
ゾンネンハイム大手門,1569,福岡県福岡市中央区大手門２-5-10,地下鉄空港線「大濠公園」徒歩8分,33.0,1K,1973年8月,https://suumo.jp//ms/chuko/fukuoka/sc_fukuokashichuo/nc_21637734/,大濠公園,地下鉄空港線,8,1973-08-01,53,21637734
ゾンネンハイム大手門,1569,福岡県福岡市中央区大手門２-5-10,地下鉄空港線「大濠公園」徒歩7分,33.0,1K,1973年8月,https://suumo.jp//ms/chuko/fukuoka/sc_fukuokashichuo/nc_21449159/,大濠公園,地下鉄空港線,7,1973-08-01,53,21449159
ゾンネンハイム大手門,1569,福岡県福岡市中央区大手門２-5-10,地下鉄空港線「大濠公園」徒歩6分,33.0,1K,1973年8月,https://suumo.jp//ms/chuko/fukuoka/sc_fukuokashichuo/nc_21752139/,大濠公園,地下鉄空港線,6,1973-08-01,53,21752139
ゾンネンハイム大手門,1569,福岡県福岡市中央区大手門２-5-10,地下鉄空港線「大濠公園」徒歩7分,33.0,1K,1973年8月,https://suumo.jp//ms/chuko/fukuoka/sc_fukuokashichuo/nc_21488188/,大濠公園,地下鉄空港線,7,1973-08-01,53,21488188
ゾンネンハイム大手門,1569,福岡県福岡市中央区大手門２,地下鉄空港線「大濠公園」徒歩8分,33.0,1K,1973年8月,https://suumo.jp//ms/chuko/fukuoka/sc_fukuokashichuo/nc_21611757/,大濠公園,地下鉄空港線,8,1973-08-01,53,21611757
ゾンネンハイム大手門　203号,1569,福岡県福岡市中央区大手門２,地下鉄空港線「大濠公園」徒歩6分,33.0,1K,1973年8月,https://suumo.jp//ms/chuko/fukuoka/sc_fukuokashichuo/nc_21448315/,大濠公園,地下鉄空港線,6,1973-08-01,53,21448315
ゾンネンハイム大手門,1569,福岡県福岡市中央区大手門２,地下鉄空港線「大濠公園」徒歩7分,33.0,1K,1973年8月,https://suumo.jp//ms/chuko/fukuoka/sc_fukuokashichuo/nc_21626036/,大濠公園,地下鉄空港線,7,1973-08-01,53,21626036
ゾンネンハイム大手門,1569,福岡県福岡市中央区大手門２,地下鉄空港線「大濠公園」徒歩8分,33.0,1K,1973年8月,https://suumo.jp//ms/chuko/fukuoka/sc_fukuokashichuo/nc_21467105/,大濠公園,地下鉄空港線,8,1973-08-01,53,21467105
サニークレスト荒江,1580,福岡県福岡市城南区荒江１,地下鉄七隈線「別府」徒歩14分,81.47,4LDK,1982年7月,https://suumo.jp//ms/chuko/fukuoka/sc_fukuokashijonan/nc_78393758/,別府,地下鉄七隈線,14,1982-07-01,44,78393758
古河平丘台マンション,1598,福岡県福岡市中央区平尾３-25-1,地下鉄七隈線「薬院大通」徒歩13分,56.35,2DK,1971年12月,https://suumo.jp//ms/chuko/fukuoka/sc_fukuokashichuo/nc_21710583/,薬院大通,地下鉄七隈線,13,1971-12-01,55,21710583
第二プリンスビル,1620,福岡県福岡市中央区大名２-９－２９,地下鉄空港線「赤坂」徒歩7分,28.94,ワンルーム,1974年11月,https://suumo.jp//ms/chuko/fukuoka/sc_fukuokashichuo/nc_21426890/,赤坂,地下鉄空港線,7,1974-11-01,52,21426890
グレイス祇園,1680,福岡県福岡市博多区御供所町,地下鉄空港線「祇園」徒歩4分,45.6,2DK,1979年11月,https://suumo.jp//ms/chuko/fukuoka/sc_fukuokashihakata/nc_21314819/,祇園,地下鉄空港線,4,1979-11-01,47,21314819
第2住吉ハイツ,1680,福岡県福岡市博多区住吉３,地下鉄七隈線「渡辺通」徒歩10分,55.55,1LDK,1979年10月,https://suumo.jp//ms/chuko/fukuoka/sc_fukuokashihakata/nc_20367370/,渡辺通,地下鉄七隈線,10,1979-10-01,47,20367370
シャンボール大濠,1690,福岡県福岡市中央区鳥飼３,地下鉄空港線「西新」徒歩9分,74.88,3LDK,1978年8月,https://suumo.jp//ms/chuko/fukuoka/sc_fukuokashichuo/nc_21615040/,西新,地下鉄空港線,9,1978-08-01,48,21615040
シャンボール大濠,1690,福岡県福岡市中央区鳥飼３-16-6,地下鉄空港線「西新」徒歩9分,74.88,3LDK,1978年8月,https://suumo.jp//ms/chuko/fukuoka/sc_fukuokashichuo/nc_21672194/,西新,地下鉄空港線,9,1978-08-01,48,21672194
シャンボール大濠,1690,福岡県福岡市中央区鳥飼３,地下鉄空港線「西新」徒歩9分,74.88,3LDK,1978年8月,https://suumo.jp//ms/chuko/fukuoka/sc_fukuokashichuo/nc_21553251/,西新,地下鉄空港線,9,1978-08-01,48,21553251
ダイアパレス西新,1700,福岡県福岡市早良区祖原,地下鉄空港線「西新」徒歩9分,40.77,1LDK,1984年2月,https://suumo.jp//ms/chuko/fukuoka/sc_fukuokashisawara/nc_20696773/,西新,地下鉄空港線,9,1984-02-01,42,20696773
グリーンハイツ輝国,1750,福岡県福岡市中央区輝国２,地下鉄七隈線「六本松」徒歩14分,76.3,3LDK,1980年5月,https://suumo.jp//ms/chuko/fukuoka/sc_fukuokashichuo/nc_21237014/,六本松,地下鉄七隈線,14,1980-05-01,46,21237014
西新中央マンション,1780,福岡県福岡市早良区西新７,地下鉄空港線「藤崎」徒歩7分,44.79,1LDK,1983年3月,https://suumo.jp//ms/chuko/fukuoka/sc_fukuokashisawara/nc_21357254/,藤崎,地下鉄空港線,7,1983-03-01,43,21357254
西新中央マンション,1780,福岡県福岡市早良区西新７-1番7号,地下鉄空港線「藤崎」徒歩5分,44.79,1LDK,1983年3月,https://suumo.jp//ms/chuko/fukuoka/sc_fukuokashisawara/nc_21490892/,藤崎,地下鉄空港線,5,1983-03-01,43,21490892
サヴォイ　ザ・セントラルガーデン,1780,福岡県福岡市博多区住吉３,地下鉄七隈線「渡辺通」徒歩10分,24.63,1K,2007年2月,https://suumo.jp//ms/chuko/fukuoka/sc_fukuokashihakata/nc_21174285/,渡辺通,地下鉄七隈線,10,2007-02-01,19,21174285
シャンボール警固,1800,福岡県福岡市中央区警固２-２－１１,地下鉄七隈線「薬院大通」徒歩8分,34.56,1DK,1982年5月,https://suumo.jp//ms/chuko/fukuoka/sc_fukuokashichuo/nc_21434452/,薬院大通,地下鉄七隈線,8,1982-05-01,44,21434452
コープ野村平尾山荘,1800,福岡県福岡市中央区山荘通３,地下鉄七隈線「薬院大通」徒歩13分,73.65,3LDK,1978年7月,https://suumo.jp//ms/chuko/fukuoka/sc_fukuokashichuo/nc_21221612/,薬院大通,地下鉄七隈線,13,1978-07-01,48,21221612
コープ野村平尾山荘,1800,福岡県福岡市中央区山荘通３,地下鉄七隈線「薬院大通」徒歩13分,73.65,3LDK,1978年7月,https://suumo.jp//ms/chuko/fukuoka/sc_fukuokashichuo/nc_21265223/,薬院大通,地下鉄七隈線,13,1978-07-01,48,21265223
KBCマンションユーハイム室見,1950,福岡県福岡市早良区室見５,地下鉄空港線「藤崎」徒歩14分,48.41,2DK,1985年3月,https://suumo.jp//ms/chuko/fukuoka/sc_fukuokashisawara/nc_21316536/,藤崎,地下鉄空港線,14,1985-03-01,41,21316536
皐月マンション奈良屋,1980,福岡県福岡市博多区奈良屋町,地下鉄空港線「中洲川端」徒歩10分,53.28,2LDK,1980年7月,https://suumo.jp//ms/chuko/fukuoka/sc_fukuokashihakata/nc_21387925/,中洲川端,地下鉄空港線,10,1980-07-01,46,21387925
ライオンズマンションマキシム浄水通り,1980,福岡県福岡市中央区薬院４-18-15,地下鉄七隈線「薬院大通」徒歩3分,36.55,ワンルーム,1981年3月,https://suumo.jp//ms/chuko/fukuoka/sc_fukuokashichuo/nc_78092052/,薬院大通,地下鉄七隈線,3,1981-03-01,45,78092052
ライオンズマンション南薬院,1980,福岡県福岡市中央区薬院３,西鉄天神大牟田線「薬院」徒歩5分,47.79,1LDK,1983年1月,https://suumo.jp//ms/chuko/fukuoka/sc_fukuokashichuo/nc_20354638/,薬院,西鉄天神大牟田線,5,1983-01-01,43,20354638
コアマンション植物園,1980,福岡県福岡市中央区小笹５,地下鉄七隈線「桜坂」徒歩12分,71.28,3LDK,1994年8月,https://suumo.jp//ms/chuko/fukuoka/sc_fukuokashichuo/nc_21730980/,桜坂,地下鉄七隈線,12,1994-08-01,32,21730980
ファミール輝国,1980,福岡県福岡市中央区輝国２,地下鉄七隈線「六本松」徒歩15分,81.6,2LDK,1984年3月,https://suumo.jp//ms/chuko/fukuoka/sc_fukuokashichuo/nc_21550310/,六本松,地下鉄七隈線,15,1984-03-01,42,21550310
皐月マンション博多,1999,福岡県福岡市博多区博多駅前３,ＪＲ鹿児島本線「博多」徒歩6分,34.65,1DK,1979年2月,https://suumo.jp//ms/chuko/fukuoka/sc_fukuokashihakata/nc_21438137/,博多,ＪＲ鹿児島本線,6,1979-02-01,47,21438137
朝日プラザ天神,1999,福岡県福岡市中央区舞鶴１-9-3,地下鉄空港線「天神」徒歩7分,31.32,ワンルーム,1986年5月,https://suumo.jp//ms/chuko/fukuoka/sc_fukuokashichuo/nc_21406206/,天神,地下鉄空港線,7,1986-05-01,40,21406206
103大稲マンション,2080,福岡県福岡市中央区薬院２-4-5,地下鉄七隈線「薬院大通」徒歩1分,55.62,2LDK,1975年4月,https://suumo.jp//ms/chuko/fukuoka/sc_fukuokashichuo/nc_20045528/,薬院大通,地下鉄七隈線,1,1975-04-01,51,20045528
103大稲マンション,2080,福岡県福岡市中央区薬院２-4-5,地下鉄七隈線「薬院大通」徒歩1分,55.68,2LDK,1975年4月,https://suumo.jp//ms/chuko/fukuoka/sc_fukuokashichuo/nc_20052456/,薬院大通,地下鉄七隈線,1,1975-04-01,51,20052456
エクセレンス谷,2080,福岡県福岡市中央区谷１,地下鉄七隈線「六本松」徒歩6分,66.68,3LDK,1979年8月,https://suumo.jp//ms/chuko/fukuoka/sc_fukuokashichuo/nc_21174313/,六本松,地下鉄七隈線,6,1979-08-01,47,21174313
ライオンズマンション六本松第2,2150,福岡県福岡市中央区六本松３,地下鉄七隈線「六本松」徒歩7分,40.74,2DK,1988年9月,https://suumo.jp//ms/chuko/fukuoka/sc_fukuokashichuo/nc_20532937/,六本松,地下鉄七隈線,7,1988-09-01,38,20532937
西新ビル,2180,福岡県福岡市早良区高取１,地下鉄空港線「西新」徒歩5分,60.8,2LDK,1972年7月,https://suumo.jp//ms/chuko/fukuoka/sc_fukuokashisawara/nc_20255236/,西新,地下鉄空港線,5,1972-07-01,54,20255236
西新ビル　中古マンション,2180,福岡県福岡市早良区高取１,地下鉄空港線「藤崎」徒歩6分,60.8,2LDK,1972年7月,https://suumo.jp//ms/chuko/fukuoka/sc_fukuokashisawara/nc_20596775/,藤崎,地下鉄空港線,6,1972-07-01,54,20596775
スワローハイツ山荘通,2180,福岡県福岡市中央区平尾４,地下鉄七隈線「薬院大通」徒歩14分,79.27,3LDK,1986年3月,https://suumo.jp//ms/chuko/fukuoka/sc_fukuokashichuo/nc_71893185/,薬院大通,地下鉄七隈線,14,1986-03-01,40,71893185
ハイツ21,2180,福岡県福岡市早良区城西１,地下鉄空港線「西新」徒歩6分,61.83,2LDK,1977年3月,https://suumo.jp//ms/chuko/fukuoka/sc_fukuokashisawara/nc_78708894/,西新,地下鉄空港線,6,1977-03-01,49,78708894
西新ビル,2180,福岡県福岡市早良区高取１-1 53,地下鉄空港線「藤崎」徒歩6分,60.8,2LDK,1972年7月,https://suumo.jp//ms/chuko/fukuoka/sc_fukuokashisawara/nc_21364670/,藤崎,地下鉄空港線,6,1972-07-01,54,21364670
グレイス博多,2210,福岡県福岡市博多区博多駅東３,地下鉄空港線「東比恵」徒歩10分,63.53,2LDK,1980年8月,https://suumo.jp//ms/chuko/fukuoka/sc_fukuokashihakata/nc_20893718/,東比恵,地下鉄空港線,10,1980-08-01,46,20893718
日商岩井新福陵マンション,2280,福岡県福岡市早良区荒江３,地下鉄空港線「藤崎」徒歩14分,92.26,4LDK,1978年3月,https://suumo.jp//ms/chuko/fukuoka/sc_fukuokashisawara/nc_78371177/,藤崎,地下鉄空港線,14,1978-03-01,48,78371177
カーサ第２博多,2280,福岡県福岡市博多区住吉２,地下鉄七隈線「渡辺通」徒歩10分,55.27,1LDK,1981年11月,https://suumo.jp//ms/chuko/fukuoka/sc_fukuokashihakata/nc_21105486/,渡辺通,地下鉄七隈線,10,1981-11-01,45,21105486
カーサ第弐博多,2280,福岡県福岡市博多区住吉２,地下鉄七隈線「櫛田神社前」徒歩9分,55.27,1LDK,1981年1月,https://suumo.jp//ms/chuko/fukuoka/sc_fukuokashihakata/nc_21069711/,櫛田神社前,地下鉄七隈線,9,1981-01-01,45,21069711
日商岩井新福陵マンション3号棟,2280,福岡県福岡市早良区荒江３,地下鉄空港線「藤崎」徒歩14分,92.26,4LDK,1978年3月,https://suumo.jp//ms/chuko/fukuoka/sc_fukuokashisawara/nc_21165863/,藤崎,地下鉄空港線,14,1978-03-01,48,21165863
ライオンズマンション薬院,2280,福岡県福岡市中央区薬院３,地下鉄七隈線「薬院大通」徒歩7分,40.87,1LDK,1979年9月,https://suumo.jp//ms/chuko/fukuoka/sc_fukuokashichuo/nc_20863777/,薬院大通,地下鉄七隈線,7,1979-09-01,47,20863777
サンライフ西公園,2280,福岡県福岡市中央区荒戸３,地下鉄空港線「唐人町」徒歩6分,61.92,2LDK,1977年1月,https://suumo.jp//ms/chuko/fukuoka/sc_fukuokashichuo/nc_21481655/,唐人町,地下鉄空港線,6,1977-01-01,49,21481655
グリーンハイツ輝国,2370,福岡県福岡市中央区輝国２-24-55,地下鉄七隈線「六本松」徒歩13分,73.32,3LDK,1980年1月,https://suumo.jp//ms/chuko/fukuoka/sc_fukuokashichuo/nc_21756106/,六本松,地下鉄七隈線,13,1980-01-01,46,21756106
グリーンハイツ輝国,2370,福岡県福岡市中央区輝国２-24-55,地下鉄七隈線「六本松」徒歩13分,73.32,3LDK,1980年1月,https://suumo.jp//ms/chuko/fukuoka/sc_fukuokashichuo/nc_21586112/,六本松,地下鉄七隈線,13,1980-01-01,46,21586112
グリーンハイツ輝国,2370,福岡県福岡市中央区輝国２-24-55,地下鉄七隈線「六本松」徒歩13分,73.32,3LDK,1980年5月,https://suumo.jp//ms/chuko/fukuoka/sc_fukuokashichuo/nc_20675253/,六本松,地下鉄七隈線,13,1980-05-01,46,20675253
グリーンハイツ輝国,2370,福岡県福岡市中央区輝国２,地下鉄七隈線「六本松」徒歩13分,73.32,3LDK,1980年5月,https://suumo.jp//ms/chuko/fukuoka/sc_fukuokashichuo/nc_21029226/,六本松,地下鉄七隈線,13,1980-05-01,46,21029226
ライオンズマンション高砂第2,2380,福岡県福岡市中央区高砂２,地下鉄七隈線「薬院」徒歩14分,58.71,2LDK,1979年10月,https://suumo.jp//ms/chuko/fukuoka/sc_fukuokashichuo/nc_21507119/,薬院,地下鉄七隈線,14,1979-10-01,47,21507119
西公園ハウス,2380,福岡県福岡市中央区西公園11-10,地下鉄空港線「大濠公園」徒歩14分,71.7,2LDK,1986年5月,https://suumo.jp//ms/chuko/fukuoka/sc_fukuokashichuo/nc_77529888/,大濠公園,地下鉄空港線,14,1986-05-01,40,77529888
ダイアパレス薬院,2380,福岡県福岡市中央区薬院２-2-26,地下鉄七隈線「薬院大通」徒歩4分,36.37,1LDK,1984年5月,https://suumo.jp//ms/chuko/fukuoka/sc_fukuokashichuo/nc_20582551/,薬院大通,地下鉄七隈線,4,1984-05-01,42,20582551
チサンマンション天神Ⅲ,2380,福岡県福岡市中央区大名２-4-38,地下鉄空港線「赤坂」徒歩3分,47.25,3DK,1980年1月,https://suumo.jp//ms/chuko/fukuoka/sc_fukuokashichuo/nc_21013053/,赤坂,地下鉄空港線,3,1980-01-01,46,21013053
博多ニッコーハイツ,2380,福岡県福岡市博多区博多駅東３,地下鉄空港線「福岡空港」徒歩10分,70.2,2LDK,1979年11月,https://suumo.jp//ms/chuko/fukuoka/sc_fukuokashihakata/nc_21461259/,福岡空港,地下鉄空港線,10,1979-11-01,47,21461259
ユーハイム大濠西,2395,福岡県福岡市中央区黒門6-40,地下鉄空港線「唐人町」徒歩1分,48.09,1LDK,1985年8月,https://suumo.jp//ms/chuko/fukuoka/sc_fukuokashichuo/nc_20247920/,唐人町,地下鉄空港線,1,1985-08-01,41,20247920
エクセレンス谷,2398,福岡県福岡市中央区谷１-16-58,地下鉄七隈線「六本松」徒歩7分,76.28,3LDK,1979年8月,https://suumo.jp//ms/chuko/fukuoka/sc_fukuokashichuo/nc_21674350/,六本松,地下鉄七隈線,7,1979-08-01,47,21674350
グランピア住吉,2399,福岡県福岡市博多区住吉３,地下鉄七隈線「渡辺通」徒歩9分,51.68,2LDK,1983年1月,https://suumo.jp//ms/chuko/fukuoka/sc_fukuokashihakata/nc_20558546/,渡辺通,地下鉄七隈線,9,1983-01-01,43,20558546
ホワイティ薬院,2400,福岡県福岡市中央区薬院１,西鉄天神大牟田線「薬院」徒歩3分,65.03,3LDK,1975年5月,https://suumo.jp//ms/chuko/fukuoka/sc_fukuokashichuo/nc_21214048/,薬院,西鉄天神大牟田線,3,1975-05-01,51,21214048
グリーンハイツ輝国,2430,福岡県福岡市中央区輝国２,地下鉄七隈線「六本松」徒歩13分,73.32,3LDK,1980年5月,https://suumo.jp//ms/chuko/fukuoka/sc_fukuokashichuo/nc_20910067/,六本松,地下鉄七隈線,13,1980-05-01,46,20910067
グリーンハイツ輝国,2430,福岡県福岡市中央区輝国２,地下鉄七隈線「六本松」徒歩13分,73.32,3LDK,1980年5月,https://suumo.jp//ms/chuko/fukuoka/sc_fukuokashichuo/nc_79174995/,六本松,地下鉄七隈線,13,1980-05-01,46,79174995
藤崎センタービル,2450,福岡県福岡市早良区高取２,地下鉄空港線「藤崎」徒歩1分,42.55,1LDK,1979年11月,https://suumo.jp//ms/chuko/fukuoka/sc_fukuokashisawara/nc_20751441/,藤崎,地下鉄空港線,1,1979-11-01,47,20751441
藤崎センタービル,2450,福岡県福岡市早良区高取２,地下鉄空港線「藤崎」徒歩1分,42.55,1LDK,1979年11月,https://suumo.jp//ms/chuko/fukuoka/sc_fukuokashisawara/nc_21202027/,藤崎,地下鉄空港線,1,1979-11-01,47,21202027
藤崎センタービル,2450,福岡県福岡市早良区高取２-18-6,地下鉄空港線「藤崎」徒歩3分,42.55,1LDK,1979年11月,https://suumo.jp//ms/chuko/fukuoka/sc_fukuokashisawara/nc_21135595/,藤崎,地下鉄空港線,3,1979-11-01,47,21135595
藤崎センタービル,2450,福岡県福岡市早良区高取２-18-6,地下鉄空港線「藤崎」徒歩1分,42.55,1LDK,1979年11月,https://suumo.jp//ms/chuko/fukuoka/sc_fukuokashisawara/nc_20547675/,藤崎,地下鉄空港線,1,1979-11-01,47,20547675
GSハイム博多,2460,福岡県福岡市博多区博多駅東２,地下鉄空港線「東比恵」徒歩7分,66.15,4DK,1980年10月,https://suumo.jp//ms/chuko/fukuoka/sc_fukuokashihakata/nc_20337474/,東比恵,地下鉄空港線,7,1980-10-01,46,20337474
大濠ハウス,2480,福岡県福岡市中央区草香江２,地下鉄七隈線「六本松」徒歩10分,76.18,2LDK+S（納戸）,1978年8月,https://suumo.jp//ms/chuko/fukuoka/sc_fukuokashichuo/nc_20824198/,六本松,地下鉄七隈線,10,1978-08-01,48,20824198
朝日プラザ博多◆☆簡易事務所可能☆◆,2480,福岡県福岡市博多区博多駅前４,ＪＲ鹿児島本線「博多」徒歩12分,40.88,1LDK,1985年6月,https://suumo.jp//ms/chuko/fukuoka/sc_fukuokashihakata/nc_21313814/,博多,ＪＲ鹿児島本線,12,1985-06-01,41,21313814
大濠ハウス,2480,福岡県福岡市中央区草香江２-18-1,地下鉄七隈線「六本松」徒歩12分,76.18,2LDK+S（納戸）,1978年8月,https://suumo.jp//ms/chuko/fukuoka/sc_fukuokashichuo/nc_20949136/,六本松,地下鉄七隈線,12,1978-08-01,48,20949136
大濠ハウス,2480,福岡県福岡市中央区草香江２-18-1,地下鉄七隈線「六本松」徒歩11分,76.18,2LDK+S（納戸）,1978年8月,https://suumo.jp//ms/chuko/fukuoka/sc_fukuokashichuo/nc_20935252/,六本松,地下鉄七隈線,11,1978-08-01,48,20935252
大濠ハウス,2480,福岡県福岡市中央区草香江２,地下鉄七隈線「六本松」徒歩12分,76.18,2LDK+S（納戸）,1978年8月,https://suumo.jp//ms/chuko/fukuoka/sc_fukuokashichuo/nc_20949898/,六本松,地下鉄七隈線,12,1978-08-01,48,20949898
大濠ハウス,2480,福岡県福岡市中央区草香江２,地下鉄七隈線「六本松」徒歩10分,76.18,2LDK+S（納戸）,1978年8月,https://suumo.jp//ms/chuko/fukuoka/sc_fukuokashichuo/nc_20956552/,六本松,地下鉄七隈線,10,1978-08-01,48,20956552
ハイムニュー桜坂,2480,福岡県福岡市中央区桜坂３,地下鉄七隈線「桜坂」徒歩4分,70.33,2LDK+S（納戸）,1975年4月,https://suumo.jp//ms/chuko/fukuoka/sc_fukuokashichuo/nc_21444845/,桜坂,地下鉄七隈線,4,1975-04-01,51,21444845
大濠ハウス,2480,福岡県福岡市中央区草香江２-18-1,地下鉄七隈線「六本松」徒歩11分,76.18,2LDK+S（納戸）,1978年8月,https://suumo.jp//ms/chuko/fukuoka/sc_fukuokashichuo/nc_20946031/,六本松,地下鉄七隈線,11,1978-08-01,48,20946031
東峰マンション西公園,2480,福岡県福岡市中央区荒戸３,地下鉄空港線「大濠公園」徒歩7分,54.7,3DK,1978年9月,https://suumo.jp//ms/chuko/fukuoka/sc_fukuokashichuo/nc_21541516/,大濠公園,地下鉄空港線,7,1978-09-01,48,21541516
大濠ハウス,2498,福岡県福岡市中央区草香江２-18-1,地下鉄七隈線「六本松」徒歩11分,76.18,2LDK+S（納戸）,1978年8月,https://suumo.jp//ms/chuko/fukuoka/sc_fukuokashichuo/nc_21370905/,六本松,地下鉄七隈線,11,1978-08-01,48,21370905
ニューライフ西公園,2500,福岡県福岡市中央区荒戸３,地下鉄空港線「唐人町」徒歩10分,61.97,3DK,1982年3月,https://suumo.jp//ms/chuko/fukuoka/sc_fukuokashichuo/nc_21649366/,唐人町,地下鉄空港線,10,1982-03-01,44,21649366
ゾンネンハイム大手門,2530,福岡県福岡市中央区大手門２-5-10,地下鉄空港線「大濠公園」徒歩9分,66.0,3LDK,1973年8月,https://suumo.jp//ms/chuko/fukuoka/sc_fukuokashichuo/nc_21724872/,大濠公園,地下鉄空港線,9,1973-08-01,53,21724872
第三住吉ハイツ,2569,福岡県福岡市博多区住吉１-10-7,ＪＲ鹿児島本線「博多」徒歩13分,67.2,2LDK,1980年5月,https://suumo.jp//ms/chuko/fukuoka/sc_fukuokashihakata/nc_21006189/,博多,ＪＲ鹿児島本線,13,1980-05-01,46,21006189
第三住吉ハイツ,2569,福岡県福岡市博多区住吉５,地下鉄空港線「博多」徒歩13分,67.2,2LDK,1980年5月,https://suumo.jp//ms/chuko/fukuoka/sc_fukuokashihakata/nc_20636529/,博多,地下鉄空港線,13,1980-05-01,46,20636529
第三住吉ハイツ,2569,福岡県福岡市博多区住吉５,ＪＲ鹿児島本線「博多」徒歩14分,67.2,2LDK,1980年5月,https://suumo.jp//ms/chuko/fukuoka/sc_fukuokashihakata/nc_20766547/,博多,ＪＲ鹿児島本線,14,1980-05-01,46,20766547
第三住吉ハイツ,2569,福岡県福岡市博多区住吉５,ＪＲ鹿児島本線「博多」徒歩13分,67.2,2LDK,1980年5月,https://suumo.jp//ms/chuko/fukuoka/sc_fukuokashihakata/nc_20599370/,博多,ＪＲ鹿児島本線,13,1980-05-01,46,20599370
第三住吉ハイツ,2569,福岡県福岡市博多区住吉５,ＪＲ鹿児島本線「博多」徒歩12分,67.2,2LDK,1980年5月,https://suumo.jp//ms/chuko/fukuoka/sc_fukuokashihakata/nc_20491495/,博多,ＪＲ鹿児島本線,12,1980-05-01,46,20491495
朝日プラザ赤坂,2580,福岡県福岡市中央区警固２,地下鉄空港線「赤坂」徒歩10分,39.26,ワンルーム,1982年3月,https://suumo.jp//ms/chuko/fukuoka/sc_fukuokashichuo/nc_20884866/,赤坂,地下鉄空港線,10,1982-03-01,44,20884866
ゾンネンハイム大手門,2598,福岡県福岡市中央区大手門２-5,地下鉄空港線「大濠公園」徒歩9分,66.0,1LDK,1973年8月,https://suumo.jp//ms/chuko/fukuoka/sc_fukuokashichuo/nc_20761464/,大濠公園,地下鉄空港線,9,1973-08-01,53,20761464
ビレッタ百道,2598,福岡県福岡市早良区百道１-33-22,地下鉄空港線「藤崎」徒歩12分,55.39,2LDK,1975年4月,https://suumo.jp//ms/chuko/fukuoka/sc_fukuokashisawara/nc_21567445/,藤崎,地下鉄空港線,12,1975-04-01,51,21567445
エバーライフすのこ小前,2670,福岡県福岡市中央区港２-1-9,地下鉄空港線「大濠公園」徒歩8分,45.1,ワンルーム,1983年11月,https://suumo.jp//ms/chuko/fukuoka/sc_fukuokashichuo/nc_21209087/,大濠公園,地下鉄空港線,8,1983-11-01,43,21209087
古河平丘台マンション,2680,福岡県福岡市中央区平尾３,地下鉄七隈線「薬院大通」徒歩13分,91.64,3LDK,1971年12月,https://suumo.jp//ms/chuko/fukuoka/sc_fukuokashichuo/nc_21659834/,薬院大通,地下鉄七隈線,13,1971-12-01,55,21659834
コープ野村博多東,2680,福岡県福岡市博多区比恵町4-27,地下鉄空港線「東比恵」徒歩5分,69.36,2LDK,1980年3月,https://suumo.jp//ms/chuko/fukuoka/sc_fukuokashihakata/nc_77951272/,東比恵,地下鉄空港線,5,1980-03-01,46,77951272
ビレッタ百道,2680,福岡県福岡市早良区百道１,地下鉄空港線「藤崎」徒歩11分,55.39,2LDK,1975年4月,https://suumo.jp//ms/chuko/fukuoka/sc_fukuokashisawara/nc_79060704/,藤崎,地下鉄空港線,11,1975-04-01,51,79060704
ローラン赤坂南,2680,福岡県福岡市中央区桜坂１,地下鉄七隈線「桜坂」徒歩4分,60.52,2LDK,1983年10月,https://suumo.jp//ms/chuko/fukuoka/sc_fukuokashichuo/nc_21619113/,桜坂,地下鉄七隈線,4,1983-10-01,43,21619113
サンポートハイツ,2690,福岡県福岡市中央区港２,地下鉄空港線「大濠公園」徒歩7分,60.69,2LDK,1974年9月,https://suumo.jp//ms/chuko/fukuoka/sc_fukuokashichuo/nc_21379024/,大濠公園,地下鉄空港線,7,1974-09-01,52,21379024
サンポートハイツ,2690,福岡県福岡市中央区港２-5-32,地下鉄空港線「大濠公園」徒歩8分,60.69,2LDK,1974年9月,https://suumo.jp//ms/chuko/fukuoka/sc_fukuokashichuo/nc_21304550/,大濠公園,地下鉄空港線,8,1974-09-01,52,21304550
サンポートハイツ,2690,福岡県福岡市中央区港２,地下鉄空港線「大濠公園」徒歩8分,60.69,2LDK,1974年9月,https://suumo.jp//ms/chuko/fukuoka/sc_fukuokashichuo/nc_21410495/,大濠公園,地下鉄空港線,8,1974-09-01,52,21410495
サンポートハイツ,2690,福岡県福岡市中央区港２,地下鉄空港線「大濠公園」徒歩7分,60.69,2LDK+S（納戸）,1974年9月,https://suumo.jp//ms/chuko/fukuoka/sc_fukuokashichuo/nc_21437179/,大濠公園,地下鉄空港線,7,1974-09-01,52,21437179
サンポートハイツ,2690,福岡県福岡市中央区港２-5-32,地下鉄空港線「大濠公園」徒歩8分,60.69,2LDK,1974年9月,https://suumo.jp//ms/chuko/fukuoka/sc_fukuokashichuo/nc_21527331/,大濠公園,地下鉄空港線,8,1974-09-01,52,21527331
サンポートハイツ,2690,福岡県福岡市中央区港２,地下鉄空港線「大濠公園」徒歩6分,60.69,2LDK,1974年9月,https://suumo.jp//ms/chuko/fukuoka/sc_fukuokashichuo/nc_21711633/,大濠公園,地下鉄空港線,6,1974-09-01,52,21711633
サンポートハイツ,2690,福岡県福岡市中央区港２,地下鉄空港線「大濠公園」徒歩8分,60.69,2LDK,1974年9月,https://suumo.jp//ms/chuko/fukuoka/sc_fukuokashichuo/nc_21589525/,大濠公園,地下鉄空港線,8,1974-09-01,52,21589525
サンポートハイツ,2690,福岡県福岡市中央区港２-５－３２,地下鉄空港線「大濠公園」徒歩8分,60.69,2LDK,1974年9月,https://suumo.jp//ms/chuko/fukuoka/sc_fukuokashichuo/nc_21344961/,大濠公園,地下鉄空港線,8,1974-09-01,52,21344961
サンポートハイツ,2690,福岡県福岡市中央区港２-5-32,地下鉄空港線「大濠公園」徒歩8分,60.69,2LDK,1974年9月,https://suumo.jp//ms/chuko/fukuoka/sc_fukuokashichuo/nc_21289527/,大濠公園,地下鉄空港線,8,1974-09-01,52,21289527
サンポートハイツ,2690,福岡県福岡市中央区港２-5-32,地下鉄空港線「大濠公園」徒歩6分,60.69,2LDK,1974年9月,https://suumo.jp//ms/chuko/fukuoka/sc_fukuokashichuo/nc_21317556/,大濠公園,地下鉄空港線,6,1974-09-01,52,21317556
サンポートハイツ　304号,2690,福岡県福岡市中央区港２,地下鉄空港線「大濠公園」徒歩6分,60.69,2LDK,1974年9月,https://suumo.jp//ms/chuko/fukuoka/sc_fukuokashichuo/nc_21753376/,大濠公園,地下鉄空港線,6,1974-09-01,52,21753376
チサンマンション西公園,2690,福岡県福岡市中央区荒戸２,地下鉄空港線「大濠公園」徒歩8分,41.68,1LDK,1984年12月,https://suumo.jp//ms/chuko/fukuoka/sc_fukuokashichuo/nc_21427035/,大濠公園,地下鉄空港線,8,1984-12-01,42,21427035
サンポートハイツ,2690,福岡県福岡市中央区港２-5-32,地下鉄空港線「大濠公園」徒歩7分,60.69,2LDK,1974年9月,https://suumo.jp//ms/chuko/fukuoka/sc_fukuokashichuo/nc_21268183/,大濠公園,地下鉄空港線,7,1974-09-01,52,21268183
サンポートハイツ,2690,福岡県福岡市中央区港２,地下鉄空港線「大濠公園」徒歩8分,60.69,2LDK,1974年9月,https://suumo.jp//ms/chuko/fukuoka/sc_fukuokashichuo/nc_21274074/,大濠公園,地下鉄空港線,8,1974-09-01,52,21274074
チサンマンション西公園,2690,福岡県福岡市中央区荒戸２,地下鉄空港線「大濠公園」徒歩8分,41.68,1LDK,1984年12月,https://suumo.jp//ms/chuko/fukuoka/sc_fukuokashichuo/nc_21406298/,大濠公園,地下鉄空港線,8,1984-12-01,42,21406298
ハイライフ平尾,2690,福岡県福岡市中央区平尾４-7-17,地下鉄七隈線「薬院大通」徒歩14分,57.13,1LDK,1977年9月,https://suumo.jp//ms/chuko/fukuoka/sc_fukuokashichuo/nc_77821582/,薬院大通,地下鉄七隈線,14,1977-09-01,49,77821582
グランフォーレラグゼ平尾,2699,福岡県福岡市南区市崎１-17-25,地下鉄七隈線「薬院大通」徒歩15分,30.18,1LDK,2011年6月,https://suumo.jp//ms/chuko/fukuoka/sc_fukuokashiminami/nc_20801795/,薬院大通,地下鉄七隈線,15,2011-06-01,15,20801795
グランフォーレラグゼ平尾,2699,福岡県福岡市南区市崎１,地下鉄七隈線「薬院大通」徒歩15分,30.18,1LDK,2011年6月,https://suumo.jp//ms/chuko/fukuoka/sc_fukuokashiminami/nc_21067437/,薬院大通,地下鉄七隈線,15,2011-06-01,15,21067437
グランフォーレラグゼ平尾,2699,福岡県福岡市南区市崎１-17,地下鉄七隈線「薬院」徒歩13分,30.18,1LDK,2011年6月,https://suumo.jp//ms/chuko/fukuoka/sc_fukuokashiminami/nc_21710070/,薬院,地下鉄七隈線,13,2011-06-01,15,21710070
グランフォーレラグゼ平尾,2699,福岡県福岡市南区市崎１,地下鉄七隈線「薬院」徒歩15分,30.18,1LDK,2011年6月,https://suumo.jp//ms/chuko/fukuoka/sc_fukuokashiminami/nc_21507334/,薬院,地下鉄七隈線,15,2011-06-01,15,21507334
ローズマンション川端,2700,福岡県福岡市博多区上川端町,地下鉄空港線「中洲川端」徒歩2分,45.46,ワンルーム,1974年8月,https://suumo.jp//ms/chuko/fukuoka/sc_fukuokashihakata/nc_21392140/,中洲川端,地下鉄空港線,2,1974-08-01,52,21392140
ローズマンション川端,2700,福岡県福岡市博多区上川端町,地下鉄空港線「中洲川端」徒歩2分,45.46,ワンルーム,1974年8月,https://suumo.jp//ms/chuko/fukuoka/sc_fukuokashihakata/nc_21428865/,中洲川端,地下鉄空港線,2,1974-08-01,52,21428865
ローズマンション川端,2700,福岡県福岡市博多区上川端町,地下鉄空港線「中洲川端」徒歩3分,45.46,ワンルーム,1974年8月,https://suumo.jp//ms/chuko/fukuoka/sc_fukuokashihakata/nc_21456420/,中洲川端,地下鉄空港線,3,1974-08-01,52,21456420
駅徒歩約4分♪ シティマンション薬院Ⅱ　【担当：大石…,2700,福岡県福岡市中央区大宮１,西鉄天神大牟田線「薬院」徒歩4分,48.8,2LDK,1985年5月,https://suumo.jp//ms/chuko/fukuoka/sc_fukuokashichuo/nc_20680872/,薬院,西鉄天神大牟田線,4,1985-05-01,41,20680872
ローズマンション川端,2700,福岡県福岡市博多区上川端町,地下鉄空港線「中洲川端」徒歩3分,45.46,ワンルーム,1974年8月,https://suumo.jp//ms/chuko/fukuoka/sc_fukuokashihakata/nc_21410630/,中洲川端,地下鉄空港線,3,1974-08-01,52,21410630
東カングランドマンション大濠パークサイド,2780,福岡県福岡市中央区鳥飼１,地下鉄七隈線「六本松」徒歩12分,55.0,2LDK,1974年8月,https://suumo.jp//ms/chuko/fukuoka/sc_fukuokashichuo/nc_21122262/,六本松,地下鉄七隈線,12,1974-08-01,52,21122262
東カングランドマンション大濠パークサイド,2780,福岡県福岡市中央区鳥飼１-4-58,地下鉄空港線「唐人町」徒歩12分,55.0,2LDK,1974年8月,https://suumo.jp//ms/chuko/fukuoka/sc_fukuokashichuo/nc_21563571/,唐人町,地下鉄空港線,12,1974-08-01,52,21563571
東カングランドマンション大濠パークサイド,2780,福岡県福岡市中央区鳥飼１,地下鉄空港線「唐人町」徒歩14分,55.0,2LDK,1974年8月,https://suumo.jp//ms/chuko/fukuoka/sc_fukuokashichuo/nc_21146325/,唐人町,地下鉄空港線,14,1974-08-01,52,21146325
東カングランドマンション大濠パークサイド,2780,福岡県福岡市中央区鳥飼１-4-58,地下鉄七隈線「六本松」徒歩13分,55.0,2LDK,1974年8月,https://suumo.jp//ms/chuko/fukuoka/sc_fukuokashichuo/nc_21085719/,六本松,地下鉄七隈線,13,1974-08-01,52,21085719
東カングランドマンション大濠パークサイド,2780,福岡県福岡市中央区鳥飼１-4-58,地下鉄七隈線「六本松」徒歩12分,55.0,2LDK,1974年8月,https://suumo.jp//ms/chuko/fukuoka/sc_fukuokashichuo/nc_21107659/,六本松,地下鉄七隈線,12,1974-08-01,52,21107659
東カングランドマンション大濠パークサイド,2780,福岡県福岡市中央区鳥飼１,地下鉄七隈線「六本松」徒歩12分,55.0,2LDK,1974年8月,https://suumo.jp//ms/chuko/fukuoka/sc_fukuokashichuo/nc_21513534/,六本松,地下鉄七隈線,12,1974-08-01,52,21513534
ダイアパレス平尾II,2790,福岡県福岡市中央区大宮２,地下鉄七隈線「薬院」徒歩13分,55.62,1LDK+S（納戸）,1983年3月,https://suumo.jp//ms/chuko/fukuoka/sc_fukuokashichuo/nc_21696439/,薬院,地下鉄七隈線,13,1983-03-01,43,21696439
ダイアパレス平尾Ⅱ,2790,福岡県福岡市中央区大宮２,西鉄天神大牟田線「薬院」徒歩11分,55.62,1LDK+S（納戸）,1983年3月,https://suumo.jp//ms/chuko/fukuoka/sc_fukuokashichuo/nc_20635589/,薬院,西鉄天神大牟田線,11,1983-03-01,43,20635589
大濠ハウス,2798,福岡県福岡市中央区草香江１,地下鉄七隈線「六本松」徒歩12分,76.18,2LDK+S（納戸）,1978年8月,https://suumo.jp//ms/chuko/fukuoka/sc_fukuokashichuo/nc_20931984/,六本松,地下鉄七隈線,12,1978-08-01,48,20931984
グランフォーレラグゼ博多駅南,2799,福岡県福岡市博多区博多駅南４,地下鉄空港線「東比恵」徒歩15分,33.41,1LDK,2016年7月,https://suumo.jp//ms/chuko/fukuoka/sc_fukuokashihakata/nc_20152980/,東比恵,地下鉄空港線,15,2016-07-01,10,20152980
ダイナコート赤坂南,2828,福岡県福岡市中央区桜坂２,地下鉄七隈線「桜坂」徒歩6分,63.27,3LDK,1988年7月,https://suumo.jp//ms/chuko/fukuoka/sc_fukuokashichuo/nc_21187914/,桜坂,地下鉄七隈線,6,1988-07-01,38,21187914
エステートマンション西公園,2850,福岡県福岡市中央区荒戸２,地下鉄空港線「大濠公園」徒歩5分,51.22,1LDK,1987年1月,https://suumo.jp//ms/chuko/fukuoka/sc_fukuokashichuo/nc_21530294/,大濠公園,地下鉄空港線,5,1987-01-01,39,21530294
ふよう港ハイツ,2890,福岡県福岡市博多区築港本町,地下鉄空港線「中洲川端」徒歩14分,69.43,3LDK,1982年4月,https://suumo.jp//ms/chuko/fukuoka/sc_fukuokashihakata/nc_21289350/,中洲川端,地下鉄空港線,14,1982-04-01,44,21289350
ふよう港ハイツ,2890,福岡県福岡市博多区築港本町2-3,地下鉄箱崎線「中洲川端」徒歩15分,69.43,3LDK,1982年4月,https://suumo.jp//ms/chuko/fukuoka/sc_fukuokashihakata/nc_21558598/,中洲川端,地下鉄箱崎線,15,1982-04-01,44,21558598
ふよう港ハイツ,2890,福岡県福岡市博多区築港本町2-3,地下鉄空港線「中洲川端」徒歩15分,69.43,3LDK,1982年4月,https://suumo.jp//ms/chuko/fukuoka/sc_fukuokashihakata/nc_20913735/,中洲川端,地下鉄空港線,15,1982-04-01,44,20913735
エバーライフ住吉,2890,福岡県福岡市博多区住吉４-4-21,地下鉄七隈線「渡辺通」徒歩14分,52.48,2LDK+S（納戸）,1985年9月,https://suumo.jp//ms/chuko/fukuoka/sc_fukuokashihakata/nc_20753447/,渡辺通,地下鉄七隈線,14,1985-09-01,41,20753447
ふよう港ハイツ,2890,福岡県福岡市博多区築港本町2-3,地下鉄箱崎線「中洲川端」徒歩15分,69.43,3LDK,1982年4月,https://suumo.jp//ms/chuko/fukuoka/sc_fukuokashihakata/nc_20977290/,中洲川端,地下鉄箱崎線,15,1982-04-01,44,20977290
ふよう港ハイツ,2890,福岡県福岡市博多区築港本町,地下鉄空港線「中洲川端」徒歩14分,69.43,3LDK,1982年4月,https://suumo.jp//ms/chuko/fukuoka/sc_fukuokashihakata/nc_20878226/,中洲川端,地下鉄空港線,14,1982-04-01,44,20878226
ロータリープラザ博多駅東,2890,福岡県福岡市博多区比恵町,地下鉄空港線「東比恵」徒歩8分,56.0,2LDK,1985年3月,https://suumo.jp//ms/chuko/fukuoka/sc_fukuokashihakata/nc_21571949/,東比恵,地下鉄空港線,8,1985-03-01,41,21571949
ダイナコート六本松,2899,福岡県福岡市中央区谷１-16-5,地下鉄七隈線「六本松」徒歩8分,59.9,2LDK,1987年3月,https://suumo.jp//ms/chuko/fukuoka/sc_fukuokashichuo/nc_21458498/,六本松,地下鉄七隈線,8,1987-03-01,39,21458498
警固ハウス,2899,福岡県福岡市中央区警固１,地下鉄七隈線「薬院大通」徒歩8分,66.0,2LDK,1980年3月,https://suumo.jp//ms/chuko/fukuoka/sc_fukuokashichuo/nc_79225116/,薬院大通,地下鉄七隈線,8,1980-03-01,46,79225116
ダイナコート六本松,2899,福岡県福岡市中央区谷１,地下鉄七隈線「六本松」徒歩8分,59.9,2LDK,1987年3月,https://suumo.jp//ms/chuko/fukuoka/sc_fukuokashichuo/nc_21368381/,六本松,地下鉄七隈線,8,1987-03-01,39,21368381
ダイナコート六本松,2899,福岡県福岡市中央区谷１,地下鉄七隈線「桜坂」徒歩6分,59.9,2LDK,1987年3月,https://suumo.jp//ms/chuko/fukuoka/sc_fukuokashichuo/nc_20460207/,桜坂,地下鉄七隈線,6,1987-03-01,39,20460207
ライオンズマンション薬院第５,2930,福岡県福岡市中央区薬院２,地下鉄七隈線「薬院大通」徒歩2分,46.35,1LDK,1982年7月,https://suumo.jp//ms/chuko/fukuoka/sc_fukuokashichuo/nc_20962483/,薬院大通,地下鉄七隈線,2,1982-07-01,44,20962483
ライオンズマンション西新,2980,福岡県福岡市早良区西新７,地下鉄空港線「藤崎」徒歩4分,66.36,2LDK,1982年2月,https://suumo.jp//ms/chuko/fukuoka/sc_fukuokashisawara/nc_77788575/,藤崎,地下鉄空港線,4,1982-02-01,44,77788575
ライオンズマンション西新,2980,福岡県福岡市早良区西新７,地下鉄空港線「藤崎」徒歩5分,66.36,2LDK,1982年2月,https://suumo.jp//ms/chuko/fukuoka/sc_fukuokashisawara/nc_20435512/,藤崎,地下鉄空港線,5,1982-02-01,44,20435512
ビバライフ奈良屋,2980,福岡県福岡市博多区奈良屋町,地下鉄空港線「中洲川端」徒歩8分,52.65,2LDK,1979年10月,https://suumo.jp//ms/chuko/fukuoka/sc_fukuokashihakata/nc_21343472/,中洲川端,地下鉄空港線,8,1979-10-01,47,21343472
◆☆ビバライフ奈良屋☆◆,2980,福岡県福岡市博多区奈良屋町,地下鉄空港線「中洲川端」徒歩10分,52.65,2LDK,1979年10月,https://suumo.jp//ms/chuko/fukuoka/sc_fukuokashihakata/nc_21367017/,中洲川端,地下鉄空港線,10,1979-10-01,47,21367017
ビバライフ奈良屋【担当：中尾】　までお気軽にお問合せ…,2980,福岡県福岡市博多区奈良屋町,地下鉄空港線「中洲川端」徒歩9分,52.65,2LDK,1979年10月,https://suumo.jp//ms/chuko/fukuoka/sc_fukuokashihakata/nc_21401162/,中洲川端,地下鉄空港線,9,1979-10-01,47,21401162
警固ハウス,2990,福岡県福岡市中央区警固１,地下鉄七隈線「薬院大通」徒歩10分,66.0,3LDK,1980年3月,https://suumo.jp//ms/chuko/fukuoka/sc_fukuokashichuo/nc_20828263/,薬院大通,地下鉄七隈線,10,1980-03-01,46,20828263
フアミール輝国,2990,福岡県福岡市中央区輝国２,地下鉄七隈線「六本松」徒歩14分,81.6,4LDK,1984年3月,https://suumo.jp//ms/chuko/fukuoka/sc_fukuokashichuo/nc_21711632/,六本松,地下鉄七隈線,14,1984-03-01,42,21711632
警固ハウス,2990,福岡県福岡市中央区警固１-15-15,地下鉄七隈線「薬院大通」徒歩8分,66.0,3LDK,1980年3月,https://suumo.jp//ms/chuko/fukuoka/sc_fukuokashichuo/nc_21637727/,薬院大通,地下鉄七隈線,8,1980-03-01,46,21637727
ロワールマンション西公園2,2990,福岡県福岡市中央区港３,地下鉄空港線「大濠公園」徒歩15分,55.04,2LDK,1984年1月,https://suumo.jp//ms/chuko/fukuoka/sc_fukuokashichuo/nc_21432617/,大濠公園,地下鉄空港線,15,1984-01-01,42,21432617
ファミール輝国,2990,福岡県福岡市中央区輝国２,地下鉄七隈線「六本松」徒歩15分,81.6,3LDK+S（納戸）,1984年3月,https://suumo.jp//ms/chuko/fukuoka/sc_fukuokashichuo/nc_21512457/,六本松,地下鉄七隈線,15,1984-03-01,42,21512457
警固ハウス,2990,福岡県福岡市中央区警固１,地下鉄七隈線「薬院大通」徒歩8分,66.0,3LDK,1980年3月,https://suumo.jp//ms/chuko/fukuoka/sc_fukuokashichuo/nc_20889105/,薬院大通,地下鉄七隈線,8,1980-03-01,46,20889105
警固ハウス,2990,福岡県福岡市中央区警固１-15-15,地下鉄七隈線「薬院大通」徒歩9分,66.0,3LDK,1980年3月,https://suumo.jp//ms/chuko/fukuoka/sc_fukuokashichuo/nc_20434666/,薬院大通,地下鉄七隈線,9,1980-03-01,46,20434666
警固ハウス,2990,福岡県福岡市中央区警固１,地下鉄七隈線「薬院大通」徒歩8分,66.0,3LDK,1980年3月,https://suumo.jp//ms/chuko/fukuoka/sc_fukuokashichuo/nc_20896321/,薬院大通,地下鉄七隈線,8,1980-03-01,46,20896321
警固ハウス,2990,福岡県福岡市中央区警固１-15-15,地下鉄七隈線「薬院大通」徒歩10分,66.0,3LDK,1980年3月,https://suumo.jp//ms/chuko/fukuoka/sc_fukuokashichuo/nc_20863666/,薬院大通,地下鉄七隈線,10,1980-03-01,46,20863666
ファミール輝国,2990,福岡県福岡市中央区輝国２-8-20,地下鉄七隈線「六本松」徒歩15分,81.6,3LDK+S（納戸）,1984年3月,https://suumo.jp//ms/chuko/fukuoka/sc_fukuokashichuo/nc_21744774/,六本松,地下鉄七隈線,15,1984-03-01,42,21744774
警固ハウス,2990,福岡県福岡市中央区警固１-１５－１５,地下鉄七隈線「薬院大通」徒歩8分,66.0,3LDK,1955年3月,https://suumo.jp//ms/chuko/fukuoka/sc_fukuokashichuo/nc_20829059/,薬院大通,地下鉄七隈線,8,1955-03-01,71,20829059
ファミール輝国,2990,福岡県福岡市中央区輝国２,地下鉄七隈線「六本松」徒歩15分,91.6,3LDK+S（納戸）,1984年3月,https://suumo.jp//ms/chuko/fukuoka/sc_fukuokashichuo/nc_21552684/,六本松,地下鉄七隈線,15,1984-03-01,42,21552684
ファミール輝国,2990,福岡県福岡市中央区輝国２,地下鉄七隈線「六本松」徒歩15分,81.6,3LDK+S（納戸）,1984年3月,https://suumo.jp//ms/chuko/fukuoka/sc_fukuokashichuo/nc_21172244/,六本松,地下鉄七隈線,15,1984-03-01,42,21172244
朝日プラザ博多,2990,福岡県福岡市博多区博多駅前４,ＪＲ鹿児島本線「博多」徒歩13分,54.18,2LDK,1985年6月,https://suumo.jp//ms/chuko/fukuoka/sc_fukuokashihakata/nc_21469830/,博多,ＪＲ鹿児島本線,13,1985-06-01,41,21469830
ロワールマンション西公園2,2990,福岡県福岡市中央区港３,地下鉄空港線「大濠公園」徒歩15分,55.04,2LDK,1984年1月,https://suumo.jp//ms/chuko/fukuoka/sc_fukuokashichuo/nc_21607020/,大濠公園,地下鉄空港線,15,1984-01-01,42,21607020
シャンボール大名C棟1105号室,2990,福岡県福岡市中央区大名２-10-1,地下鉄空港線「赤坂」徒歩2分,41.92,1LDK,1982年1月,https://suumo.jp//ms/chuko/fukuoka/sc_fukuokashichuo/nc_21741289/,赤坂,地下鉄空港線,2,1982-01-01,44,21741289
ファミール輝国,2990,福岡県福岡市中央区輝国２,地下鉄七隈線「六本松」徒歩15分,81.6,3LDK+S（納戸）,1984年3月,https://suumo.jp//ms/chuko/fukuoka/sc_fukuokashichuo/nc_21507126/,六本松,地下鉄七隈線,15,1984-03-01,42,21507126
警固ハウス,2990,福岡県福岡市中央区警固１,地下鉄空港線「赤坂」徒歩10分,66.0,3LDK,1980年3月,https://suumo.jp//ms/chuko/fukuoka/sc_fukuokashichuo/nc_20863593/,赤坂,地下鉄空港線,10,1980-03-01,46,20863593
警固ハウス,2990,福岡県福岡市中央区警固１,地下鉄七隈線「薬院大通」徒歩9分,66.0,3LDK,1980年3月,https://suumo.jp//ms/chuko/fukuoka/sc_fukuokashichuo/nc_20869192/,薬院大通,地下鉄七隈線,9,1980-03-01,46,20869192
ファミール輝国,2990,福岡県福岡市中央区輝国２,地下鉄七隈線「六本松」徒歩15分,81.6,3LDK,1984年3月,https://suumo.jp//ms/chuko/fukuoka/sc_fukuokashichuo/nc_21195416/,六本松,地下鉄七隈線,15,1984-03-01,42,21195416
警固ハウス,2990,福岡県福岡市中央区警固１-15-15,地下鉄七隈線「薬院大通」徒歩8分,66.0,3LDK,1955年3月,https://suumo.jp//ms/chuko/fukuoka/sc_fukuokashichuo/nc_20808256/,薬院大通,地下鉄七隈線,8,1955-03-01,71,20808256
ファミール輝国,2990,福岡県福岡市中央区輝国２,地下鉄七隈線「六本松」徒歩15分,81.6,3LDK,1984年3月,https://suumo.jp//ms/chuko/fukuoka/sc_fukuokashichuo/nc_21089973/,六本松,地下鉄七隈線,15,1984-03-01,42,21089973
大濠藤和コーポ,2998,福岡県福岡市中央区赤坂３-4-6,地下鉄七隈線「六本松」徒歩10分,66.6,2LDK,1971年10月,https://suumo.jp//ms/chuko/fukuoka/sc_fukuokashichuo/nc_21509901/,六本松,地下鉄七隈線,10,1971-10-01,55,21509901
グリーンハイツ赤坂,2998,福岡県福岡市中央区赤坂２-６番２３号,地下鉄七隈線「六本松」徒歩11分,72.57,2LDK,1974年10月,https://suumo.jp//ms/chuko/fukuoka/sc_fukuokashichuo/nc_20098723/,六本松,地下鉄七隈線,11,1974-10-01,52,20098723
藤和大名コープ,3000,福岡県福岡市中央区大名１,地下鉄空港線「赤坂」徒歩5分,52.5,2LDK,1977年3月,https://suumo.jp//ms/chuko/fukuoka/sc_fukuokashichuo/nc_21697799/,赤坂,地下鉄空港線,5,1977-03-01,49,21697799
藤和大名コープ,3000,福岡県福岡市中央区大名１,地下鉄空港線「赤坂」徒歩5分,52.5,2LDK,1977年3月,https://suumo.jp//ms/chuko/fukuoka/sc_fukuokashichuo/nc_21677238/,赤坂,地下鉄空港線,5,1977-03-01,49,21677238
天神スカイマンション,3090,福岡県福岡市中央区長浜１,地下鉄空港線「天神」徒歩10分,63.61,3LDK,1981年2月,https://suumo.jp//ms/chuko/fukuoka/sc_fukuokashichuo/nc_21655955/,天神,地下鉄空港線,10,1981-02-01,45,21655955
モントーレラコルタユニバ通り,3090,福岡県糟屋郡志免町別府西３-13-7,地下鉄空港線「福岡空港」徒歩9分,80.57,3LDK,2013年6月,https://suumo.jp//ms/chuko/fukuoka/sc_kasuyagunshime/nc_21345416/,福岡空港,地下鉄空港線,9,2013-06-01,13,21345416
グレイス博多,3100,福岡県福岡市博多区博多駅東３,地下鉄空港線「東比恵」徒歩5分,95.29,4LDK+S（納戸）,1980年8月,https://suumo.jp//ms/chuko/fukuoka/sc_fukuokashihakata/nc_21515635/,東比恵,地下鉄空港線,5,1980-08-01,46,21515635
東峰マンションハイツ今川,3180,福岡県福岡市中央区今川１,地下鉄空港線「唐人町」徒歩6分,68.35,2LDK,1979年9月,https://suumo.jp//ms/chuko/fukuoka/sc_fukuokashichuo/nc_21505466/,唐人町,地下鉄空港線,6,1979-09-01,47,21505466
ハイライフ大濠,3180,福岡県福岡市中央区草香江２,地下鉄七隈線「六本松」徒歩9分,66.78,2LDK,1982年1月,https://suumo.jp//ms/chuko/fukuoka/sc_fukuokashichuo/nc_21730981/,六本松,地下鉄七隈線,9,1982-01-01,44,21730981
エステートマンション西公園,3180,福岡県福岡市中央区荒戸２,地下鉄空港線「大濠公園」徒歩5分,50.28,1LDK,1987年1月,https://suumo.jp//ms/chuko/fukuoka/sc_fukuokashichuo/nc_21569334/,大濠公園,地下鉄空港線,5,1987-01-01,39,21569334
エステートマンション西公園,3180,福岡県福岡市中央区荒戸２,地下鉄空港線「大濠公園」徒歩5分,50.28,1LDK,1987年1月,https://suumo.jp//ms/chuko/fukuoka/sc_fukuokashichuo/nc_21694598/,大濠公園,地下鉄空港線,5,1987-01-01,39,21694598
エステートマンション西公園,3180,福岡県福岡市中央区荒戸２-４－３,地下鉄空港線「赤坂」徒歩6分,51.22,1LDK,1987年1月,https://suumo.jp//ms/chuko/fukuoka/sc_fukuokashichuo/nc_21404432/,赤坂,地下鉄空港線,6,1987-01-01,39,21404432
グリーンコープ室見川,3190,福岡県福岡市西区愛宕１,地下鉄空港線「藤崎」徒歩15分,84.24,4LDK,1982年6月,https://suumo.jp//ms/chuko/fukuoka/sc_fukuokashinishi/nc_21553434/,藤崎,地下鉄空港線,15,1982-06-01,44,21553434
ロワールマンション博多駅南,3190,福岡県福岡市博多区博多駅南３,ＪＲ鹿児島本線「博多」徒歩13分,69.51,3LDK,1985年9月,https://suumo.jp//ms/chuko/fukuoka/sc_fukuokashihakata/nc_20984952/,博多,ＪＲ鹿児島本線,13,1985-09-01,41,20984952
クリオ ラベルヴィ呉服町,3199,福岡県福岡市博多区下呉服町,地下鉄空港線「中洲川端」徒歩12分,34.4,1LDK,2018年1月,https://suumo.jp//ms/chuko/fukuoka/sc_fukuokashihakata/nc_79035434/,中洲川端,地下鉄空港線,12,2018-01-01,8,79035434
クリオラベルヴィ呉服町,3199,福岡県福岡市博多区下呉服町3-19,地下鉄空港線「中洲川端」徒歩13分,34.4,1LDK,2018年3月,https://suumo.jp//ms/chuko/fukuoka/sc_fukuokashihakata/nc_20582553/,中洲川端,地下鉄空港線,13,2018-03-01,8,20582553
クリオラベルヴィ呉服町,3199,福岡県福岡市博多区下呉服町,地下鉄空港線「中洲川端」徒歩12分,34.4,1LDK,2018年1月,https://suumo.jp//ms/chuko/fukuoka/sc_fukuokashihakata/nc_20938445/,中洲川端,地下鉄空港線,12,2018-01-01,8,20938445
クリオラベルヴィ呉服町,3199,福岡県福岡市博多区中呉服町,地下鉄箱崎線「中洲川端」徒歩12分,34.4,1LDK,2018年1月,https://suumo.jp//ms/chuko/fukuoka/sc_fukuokashihakata/nc_21283680/,中洲川端,地下鉄箱崎線,12,2018-01-01,8,21283680
クリオラベルヴィ呉服町,3199,福岡県福岡市博多区下呉服町3-19,地下鉄空港線「中洲川端」徒歩12分,34.4,1LDK,2018年1月,https://suumo.jp//ms/chuko/fukuoka/sc_fukuokashihakata/nc_79028575/,中洲川端,地下鉄空港線,12,2018-01-01,8,79028575
クリオラベルヴィ呉服町,3199,福岡県福岡市博多区下呉服町,地下鉄空港線「中洲川端」徒歩12分,34.4,1LDK,2018年1月,https://suumo.jp//ms/chuko/fukuoka/sc_fukuokashihakata/nc_20500908/,中洲川端,地下鉄空港線,12,2018-01-01,8,20500908
クリオラベルヴィ呉服町,3199,福岡県福岡市博多区下呉服町,地下鉄空港線「中洲川端」徒歩11分,34.4,1LDK,2018年1月,https://suumo.jp//ms/chuko/fukuoka/sc_fukuokashihakata/nc_20997474/,中洲川端,地下鉄空港線,11,2018-01-01,8,20997474
クリオラベルヴィ呉服町,3199,福岡県福岡市博多区下呉服町,地下鉄空港線「中洲川端」徒歩12分,34.4,1LDK,2018年1月,https://suumo.jp//ms/chuko/fukuoka/sc_fukuokashihakata/nc_20109674/,中洲川端,地下鉄空港線,12,2018-01-01,8,20109674
オープンレジデンシア大濠西,3200,福岡県福岡市中央区今川２,地下鉄空港線「唐人町」徒歩8分,34.31,1LDK,2024年9月,https://suumo.jp//ms/chuko/fukuoka/sc_fukuokashichuo/nc_76105420/,唐人町,地下鉄空港線,8,2024-09-01,2,76105420
藤和大名コープ,3200,福岡県福岡市中央区大名１,地下鉄空港線「赤坂」徒歩5分,57.33,1LDK+S（納戸）,1977年3月,https://suumo.jp//ms/chuko/fukuoka/sc_fukuokashichuo/nc_21697798/,赤坂,地下鉄空港線,5,1977-03-01,49,21697798
藤和大名コープ,3200,福岡県福岡市中央区大名１,地下鉄空港線「赤坂」徒歩5分,57.33,2LDK,1977年3月,https://suumo.jp//ms/chuko/fukuoka/sc_fukuokashichuo/nc_21666802/,赤坂,地下鉄空港線,5,1977-03-01,49,21666802
シャンボール大濠,3245,福岡県福岡市中央区鳥飼３,地下鉄空港線「西新」徒歩10分,74.88,2LDK,1978年8月,https://suumo.jp//ms/chuko/fukuoka/sc_fukuokashichuo/nc_20993568/,西新,地下鉄空港線,10,1978-08-01,48,20993568
クレアランドマーク,3280,福岡県福岡市博多区冷泉町,地下鉄空港線「祇園」徒歩3分,40.43,1LDK,2001年1月,https://suumo.jp//ms/chuko/fukuoka/sc_fukuokashihakata/nc_21168948/,祇園,地下鉄空港線,3,2001-01-01,25,21168948
クレアランドマーク,3280,福岡県福岡市博多区冷泉町,地下鉄七隈線「櫛田神社前」徒歩3分,40.43,1LDK,2001年1月,https://suumo.jp//ms/chuko/fukuoka/sc_fukuokashihakata/nc_21036009/,櫛田神社前,地下鉄七隈線,3,2001-01-01,25,21036009
ステイツ天神,3280,福岡県福岡市中央区警固１-6-41,地下鉄七隈線「薬院大通」徒歩9分,46.8,2LDK,1990年10月,https://suumo.jp//ms/chuko/fukuoka/sc_fukuokashichuo/nc_20458386/,薬院大通,地下鉄七隈線,9,1990-10-01,36,20458386
東峰マンション博多駅・東,3280,福岡県福岡市博多区比恵町,地下鉄空港線「東比恵」徒歩7分,57.06,2LDK,1985年4月,https://suumo.jp//ms/chuko/fukuoka/sc_fukuokashihakata/nc_21745255/,東比恵,地下鉄空港線,7,1985-04-01,41,21745255
クレアランドマーク,3280,福岡県福岡市博多区冷泉町,地下鉄空港線「祇園」徒歩4分,40.43,1LDK,2001年1月,https://suumo.jp//ms/chuko/fukuoka/sc_fukuokashihakata/nc_21020056/,祇園,地下鉄空港線,4,2001-01-01,25,21020056
クレアランドマーク,3280,福岡県福岡市博多区冷泉町2-9,地下鉄七隈線「櫛田神社前」徒歩5分,40.43,1LDK,2001年1月,https://suumo.jp//ms/chuko/fukuoka/sc_fukuokashihakata/nc_20939258/,櫛田神社前,地下鉄七隈線,5,2001-01-01,25,20939258
ライフピア舞鶴301号,3299,福岡県福岡市中央区舞鶴３,地下鉄空港線「赤坂」徒歩7分,72.3,2LDK,1982年4月,https://suumo.jp//ms/chuko/fukuoka/sc_fukuokashichuo/nc_21448317/,赤坂,地下鉄空港線,7,1982-04-01,44,21448317
サーパス大博通り,3299,福岡県福岡市博多区大博町5-27,地下鉄空港線「中洲川端」徒歩10分,48.39,1LDK,1990年3月,https://suumo.jp//ms/chuko/fukuoka/sc_fukuokashihakata/nc_21685134/,中洲川端,地下鉄空港線,10,1990-03-01,36,21685134
ライフピア舞鶴,3299,福岡県福岡市中央区舞鶴３-3-4,地下鉄空港線「赤坂」徒歩7分,72.3,2LDK,1982年4月,https://suumo.jp//ms/chuko/fukuoka/sc_fukuokashichuo/nc_21385331/,赤坂,地下鉄空港線,7,1982-04-01,44,21385331
サーパス大博通り,3299,福岡県福岡市博多区大博町5-27,地下鉄空港線「中洲川端」徒歩15分,48.39,1LDK,1990年3月,https://suumo.jp//ms/chuko/fukuoka/sc_fukuokashihakata/nc_21115626/,中洲川端,地下鉄空港線,15,1990-03-01,36,21115626
ライフピア舞鶴,3299,福岡県福岡市中央区舞鶴３,地下鉄空港線「赤坂」徒歩7分,72.3,2LDK,1982年4月,https://suumo.jp//ms/chuko/fukuoka/sc_fukuokashichuo/nc_21445802/,赤坂,地下鉄空港線,7,1982-04-01,44,21445802
ライフピア舞鶴,3299,福岡県福岡市中央区舞鶴３,地下鉄空港線「赤坂」徒歩7分,72.3,2LDK,1982年4月,https://suumo.jp//ms/chuko/fukuoka/sc_fukuokashichuo/nc_21393826/,赤坂,地下鉄空港線,7,1982-04-01,44,21393826
サーパス大博通り,3299,福岡県福岡市博多区大博町,地下鉄空港線「中洲川端」徒歩15分,48.39,1LDK,1990年3月,https://suumo.jp//ms/chuko/fukuoka/sc_fukuokashihakata/nc_21644888/,中洲川端,地下鉄空港線,15,1990-03-01,36,21644888
ライフピア舞鶴,3299,福岡県福岡市中央区舞鶴３,地下鉄空港線「赤坂」徒歩6分,72.3,2LDK,1982年4月,https://suumo.jp//ms/chuko/fukuoka/sc_fukuokashichuo/nc_21741780/,赤坂,地下鉄空港線,6,1982-04-01,44,21741780
ライフピア舞鶴,3299,福岡県福岡市中央区舞鶴３-3-4,地下鉄空港線「赤坂」徒歩7分,72.3,2LDK,1982年4月,https://suumo.jp//ms/chuko/fukuoka/sc_fukuokashichuo/nc_21405881/,赤坂,地下鉄空港線,7,1982-04-01,44,21405881
ライフピア舞鶴,3299,福岡県福岡市中央区舞鶴３,地下鉄空港線「赤坂」徒歩7分,72.3,2LDK,1982年4月,https://suumo.jp//ms/chuko/fukuoka/sc_fukuokashichuo/nc_21626037/,赤坂,地下鉄空港線,7,1982-04-01,44,21626037
サーパス大博通り,3299,福岡県福岡市博多区大博町,地下鉄空港線「中洲川端」徒歩13分,48.39,1LDK,1990年3月,https://suumo.jp//ms/chuko/fukuoka/sc_fukuokashihakata/nc_20884860/,中洲川端,地下鉄空港線,13,1990-03-01,36,20884860
ライフピア舞鶴,3299,福岡県福岡市中央区舞鶴３-3-4,地下鉄空港線「赤坂」徒歩7分,72.3,2LDK,1982年4月,https://suumo.jp//ms/chuko/fukuoka/sc_fukuokashichuo/nc_21463429/,赤坂,地下鉄空港線,7,1982-04-01,44,21463429
サーパス大博通り,3299,福岡県福岡市博多区大博町5-27,地下鉄箱崎線「中洲川端」徒歩15分,48.39,1LDK,1990年3月,https://suumo.jp//ms/chuko/fukuoka/sc_fukuokashihakata/nc_20870523/,中洲川端,地下鉄箱崎線,15,1990-03-01,36,20870523
ライフピア舞鶴,3299,福岡県福岡市中央区舞鶴３-3-4,地下鉄空港線「赤坂」徒歩6分,72.3,2LDK,1982年4月,https://suumo.jp//ms/chuko/fukuoka/sc_fukuokashichuo/nc_21453062/,赤坂,地下鉄空港線,6,1982-04-01,44,21453062
ライフピア舞鶴,3299,福岡県福岡市中央区舞鶴３,地下鉄空港線「赤坂」徒歩5分,72.3,2LDK,1982年4月,https://suumo.jp//ms/chuko/fukuoka/sc_fukuokashichuo/nc_21382047/,赤坂,地下鉄空港線,5,1982-04-01,44,21382047
◆☆サーパス大博通り☆◆,3299,福岡県福岡市博多区大博町,地下鉄空港線「中洲川端」徒歩15分,49.39,1LDK,1990年3月,https://suumo.jp//ms/chuko/fukuoka/sc_fukuokashihakata/nc_21159531/,中洲川端,地下鉄空港線,15,1990-03-01,36,21159531
ライフピア舞鶴,3299,福岡県福岡市中央区舞鶴３,地下鉄空港線「赤坂」徒歩7分,72.3,2LDK,1982年4月,https://suumo.jp//ms/chuko/fukuoka/sc_fukuokashichuo/nc_21127107/,赤坂,地下鉄空港線,7,1982-04-01,44,21127107
サーパス大博通り,3299,福岡県福岡市博多区大博町5-27,地下鉄空港線「中洲川端」徒歩15分,48.39,1LDK,1990年3月,https://suumo.jp//ms/chuko/fukuoka/sc_fukuokashihakata/nc_21557990/,中洲川端,地下鉄空港線,15,1990-03-01,36,21557990
ライフピア舞鶴,3299,福岡県福岡市中央区舞鶴３,地下鉄空港線「赤坂」徒歩6分,72.3,2LDK,1982年4月,https://suumo.jp//ms/chuko/fukuoka/sc_fukuokashichuo/nc_21489839/,赤坂,地下鉄空港線,6,1982-04-01,44,21489839
ライフピア舞鶴,3299,福岡県福岡市中央区舞鶴３,地下鉄空港線「赤坂」徒歩6分,72.3,2LDK,1982年4月,https://suumo.jp//ms/chuko/fukuoka/sc_fukuokashichuo/nc_21502626/,赤坂,地下鉄空港線,6,1982-04-01,44,21502626
秀和舞鶴レジデンス,3300,福岡県福岡市中央区舞鶴１-6-12,地下鉄空港線「天神」徒歩10分,44.45,1K,1974年5月,https://suumo.jp//ms/chuko/fukuoka/sc_fukuokashichuo/nc_21560114/,天神,地下鉄空港線,10,1974-05-01,52,21560114
オープンレジデンシア渡辺通南,3340,福岡県福岡市中央区清川２-18-10,地下鉄七隈線「渡辺通」徒歩9分,34.3,1LDK,2024年8月,https://suumo.jp//ms/chuko/fukuoka/sc_fukuokashichuo/nc_20817855/,渡辺通,地下鉄七隈線,9,2024-08-01,2,20817855
アムール山王公園南,3380,福岡県福岡市博多区半道橋１,地下鉄空港線「東比恵」徒歩15分,64.89,3LDK,1998年7月,https://suumo.jp//ms/chuko/fukuoka/sc_fukuokashihakata/nc_20642325/,東比恵,地下鉄空港線,15,1998-07-01,28,20642325
リベール博多駅前,3380,福岡県福岡市博多区博多駅前４,ＪＲ鹿児島本線「博多」徒歩9分,32.83,1LDK,2024年7月,https://suumo.jp//ms/chuko/fukuoka/sc_fukuokashihakata/nc_21578637/,博多,ＪＲ鹿児島本線,9,2024-07-01,2,21578637
ダイアパレス輝国,3390,福岡県福岡市中央区輝国２,地下鉄七隈線「六本松」徒歩10分,90.2,3LDK,1981年3月,https://suumo.jp//ms/chuko/fukuoka/sc_fukuokashichuo/nc_21656877/,六本松,地下鉄七隈線,10,1981-03-01,45,21656877
ダイアパレス輝国,3390,福岡県福岡市中央区輝国２,地下鉄七隈線「六本松」徒歩11分,90.2,3LDK,1981年3月,https://suumo.jp//ms/chuko/fukuoka/sc_fukuokashichuo/nc_21349299/,六本松,地下鉄七隈線,11,1981-03-01,45,21349299
東峰マンション第二西公園,3398,福岡県福岡市中央区荒戸３,地下鉄空港線「唐人町」徒歩9分,73.55,3LDK,1982年2月,https://suumo.jp//ms/chuko/fukuoka/sc_fukuokashichuo/nc_21540860/,唐人町,地下鉄空港線,9,1982-02-01,44,21540860
東峰マンション第二西公園,3398,福岡県福岡市中央区荒戸３,地下鉄空港線「唐人町」徒歩7分,73.55,3LDK,1982年2月,https://suumo.jp//ms/chuko/fukuoka/sc_fukuokashichuo/nc_21509028/,唐人町,地下鉄空港線,7,1982-02-01,44,21509028
ラフィネスシャトードゥ赤坂,3399,福岡県福岡市中央区大手門１,地下鉄空港線「赤坂」徒歩7分,32.81,1LDK,2002年6月,https://suumo.jp//ms/chuko/fukuoka/sc_fukuokashichuo/nc_20814457/,赤坂,地下鉄空港線,7,2002-06-01,24,20814457
ラフィネスシャトードゥ赤坂,3399,福岡県福岡市中央区大手門１,地下鉄空港線「大濠公園」徒歩7分,32.81,1LDK,2002年6月,https://suumo.jp//ms/chuko/fukuoka/sc_fukuokashichuo/nc_20917050/,大濠公園,地下鉄空港線,7,2002-06-01,24,20917050
◆☆ラフィネスシャトードゥ赤坂☆◆,3399,福岡県福岡市中央区大手門１,地下鉄空港線「赤坂」徒歩7分,32.81,1LDK,2002年6月,https://suumo.jp//ms/chuko/fukuoka/sc_fukuokashichuo/nc_20853603/,赤坂,地下鉄空港線,7,2002-06-01,24,20853603
ラフィネスシャトードゥ赤坂,3399,福岡県福岡市中央区大手門１,地下鉄空港線「赤坂」徒歩7分,32.81,1LDK,2002年6月,https://suumo.jp//ms/chuko/fukuoka/sc_fukuokashichuo/nc_20946505/,赤坂,地下鉄空港線,7,2002-06-01,24,20946505
ラフィネスシャトードゥ赤坂,3399,福岡県福岡市中央区大手門１,地下鉄空港線「赤坂」徒歩8分,32.81,1LDK,2002年6月,https://suumo.jp//ms/chuko/fukuoka/sc_fukuokashichuo/nc_20726051/,赤坂,地下鉄空港線,8,2002-06-01,24,20726051
ラフィネスシャトードゥ赤坂,3399,福岡県福岡市中央区大手門１-3-31,地下鉄空港線「赤坂」徒歩8分,32.81,1LDK,2002年6月,https://suumo.jp//ms/chuko/fukuoka/sc_fukuokashichuo/nc_20755435/,赤坂,地下鉄空港線,8,2002-06-01,24,20755435
ラフィネスシャトードゥ赤坂,3399,福岡県福岡市中央区大手門１,地下鉄空港線「赤坂」徒歩8分,32.81,1LDK,2002年6月,https://suumo.jp//ms/chuko/fukuoka/sc_fukuokashichuo/nc_20997469/,赤坂,地下鉄空港線,8,2002-06-01,24,20997469
ラフィネスシャトードゥ赤坂,3399,福岡県福岡市中央区大手門１,地下鉄空港線「赤坂」徒歩7分,32.81,1LDK,2002年6月,https://suumo.jp//ms/chuko/fukuoka/sc_fukuokashichuo/nc_20294623/,赤坂,地下鉄空港線,7,2002-06-01,24,20294623
ラフィネスシャトードゥ赤坂,3399,福岡県福岡市中央区大手門１,地下鉄空港線「赤坂」徒歩7分,32.81,1LDK,2002年6月,https://suumo.jp//ms/chuko/fukuoka/sc_fukuokashichuo/nc_20392329/,赤坂,地下鉄空港線,7,2002-06-01,24,20392329
ラフィネスシャトードゥ赤坂,3399,福岡県福岡市中央区大手門１-3-31,地下鉄空港線「赤坂」徒歩7分,32.81,1LDK,2002年6月,https://suumo.jp//ms/chuko/fukuoka/sc_fukuokashichuo/nc_20801769/,赤坂,地下鉄空港線,7,2002-06-01,24,20801769
オープンレジデンシア西新,3400,福岡県福岡市早良区城西１,地下鉄空港線「西新」徒歩5分,31.65,1LDK,2025年9月,https://suumo.jp//ms/chuko/fukuoka/sc_fukuokashisawara/nc_78668157/,西新,地下鉄空港線,5,2025-09-01,1,78668157
ライオンズマンション赤坂,3470,福岡県福岡市中央区赤坂２,地下鉄空港線「赤坂」徒歩8分,58.66,2LDK,1979年11月,https://suumo.jp//ms/chuko/fukuoka/sc_fukuokashichuo/nc_21271723/,赤坂,地下鉄空港線,8,1979-11-01,47,21271723
オープンレジデンシア博多空港通り,3480,福岡県福岡市博多区東光２,地下鉄空港線「東比恵」徒歩10分,34.38,1LDK,2024年9月,https://suumo.jp//ms/chuko/fukuoka/sc_fukuokashihakata/nc_20714459/,東比恵,地下鉄空港線,10,2024-09-01,2,20714459
朝日プラザ大濠,3480,福岡県福岡市中央区草香江２,地下鉄七隈線「六本松」徒歩4分,69.12,3LDK,1983年2月,https://suumo.jp//ms/chuko/fukuoka/sc_fukuokashichuo/nc_21570321/,六本松,地下鉄七隈線,4,1983-02-01,43,21570321
シャンボール舞鶴,3480,福岡県福岡市中央区舞鶴２,地下鉄空港線「赤坂」徒歩3分,56.7,1LDK+S（納戸）,1979年4月,https://suumo.jp//ms/chuko/fukuoka/sc_fukuokashichuo/nc_79039453/,赤坂,地下鉄空港線,3,1979-04-01,47,79039453
日商岩井今泉マンション,3490,福岡県福岡市中央区今泉２-1-28,西鉄天神大牟田線「薬院」徒歩8分,78.75,3LDK,1974年7月,https://suumo.jp//ms/chuko/fukuoka/sc_fukuokashichuo/nc_21600866/,薬院,西鉄天神大牟田線,8,1974-07-01,52,21600866
サンシャイン別府,3490,福岡県福岡市城南区別府４,地下鉄七隈線「別府」徒歩8分,85.62,2LDK+S（納戸）,1979年10月,https://suumo.jp//ms/chuko/fukuoka/sc_fukuokashijonan/nc_21754669/,別府,地下鉄七隈線,8,1979-10-01,47,21754669
サンシャイン別府 ペット飼育可、室内美麗【担当：出田…,3490,福岡県福岡市城南区別府４,地下鉄七隈線「別府」徒歩8分,85.62,2LDK,1979年10月,https://suumo.jp//ms/chuko/fukuoka/sc_fukuokashijonan/nc_20884543/,別府,地下鉄七隈線,8,1979-10-01,47,20884543
日商岩井今泉マンション,3490,福岡県福岡市中央区今泉２,地下鉄七隈線「薬院大通」徒歩7分,78.75,3LDK,1974年7月,https://suumo.jp//ms/chuko/fukuoka/sc_fukuokashichuo/nc_21739782/,薬院大通,地下鉄七隈線,7,1974-07-01,52,21739782
日商岩井今泉マンション,3490,福岡県福岡市中央区今泉２,地下鉄七隈線「薬院大通」徒歩7分,78.75,3LDK,1974年7月,https://suumo.jp//ms/chuko/fukuoka/sc_fukuokashichuo/nc_21369948/,薬院大通,地下鉄七隈線,7,1974-07-01,52,21369948
オープンレジデンシア博多住吉,3490,福岡県福岡市博多区住吉２-7-1,地下鉄七隈線「櫛田神社前」徒歩8分,31.13,1LDK,2023年9月,https://suumo.jp//ms/chuko/fukuoka/sc_fukuokashihakata/nc_75745223/,櫛田神社前,地下鉄七隈線,8,2023-09-01,3,75745223
デュオヴェール平尾,3498,福岡県福岡市中央区平尾２,西鉄天神大牟田線「薬院」徒歩15分,34.05,1LDK,2023年3月,https://suumo.jp//ms/chuko/fukuoka/sc_fukuokashichuo/nc_78252151/,薬院,西鉄天神大牟田線,15,2023-03-01,3,78252151
メゾン高砂,3498,福岡県福岡市中央区高砂２,地下鉄七隈線「渡辺通」徒歩12分,80.13,3LDK,1978年3月,https://suumo.jp//ms/chuko/fukuoka/sc_fukuokashichuo/nc_21711713/,渡辺通,地下鉄七隈線,12,1978-03-01,48,21711713
コアマンションルネス空港東,3498,福岡県糟屋郡志免町別府北１-13-1,地下鉄空港線「福岡空港」徒歩14分,77.19,3LDK,1996年8月,https://suumo.jp//ms/chuko/fukuoka/sc_kasuyagunshime/nc_21536647/,福岡空港,地下鉄空港線,14,1996-08-01,30,21536647
グランフォーレ西新,3499,福岡県福岡市早良区城西１,地下鉄空港線「西新」徒歩6分,40.05,1LDK,2006年9月,https://suumo.jp//ms/chuko/fukuoka/sc_fukuokashisawara/nc_21097552/,西新,地下鉄空港線,6,2006-09-01,20,21097552
グランフォーレ西新,3499,福岡県福岡市早良区城西１-8-14,地下鉄空港線「西新」徒歩5分,40.05,1LDK,2006年9月,https://suumo.jp//ms/chuko/fukuoka/sc_fukuokashisawara/nc_21046332/,西新,地下鉄空港線,5,2006-09-01,20,21046332
グランフォーレ西新,3499,福岡県福岡市早良区城西１-8-14,地下鉄空港線「西新」徒歩7分,40.05,1LDK,2006年9月,https://suumo.jp//ms/chuko/fukuoka/sc_fukuokashisawara/nc_21177479/,西新,地下鉄空港線,7,2006-09-01,20,21177479
グランフォーレ西新,3499,福岡県福岡市早良区城西１,地下鉄空港線「西新」徒歩6分,40.05,1LDK,2006年9月,https://suumo.jp//ms/chuko/fukuoka/sc_fukuokashisawara/nc_21146280/,西新,地下鉄空港線,6,2006-09-01,20,21146280
グランフォーレ西新,3499,福岡県福岡市早良区城西１,地下鉄空港線「西新」徒歩5分,40.05,1LDK,2006年9月,https://suumo.jp//ms/chuko/fukuoka/sc_fukuokashisawara/nc_21249165/,西新,地下鉄空港線,5,2006-09-01,20,21249165
グランフォーレ西新602号室,3499,福岡県福岡市早良区城西１,地下鉄空港線「西新」徒歩6分,40.05,1LDK,2006年9月,https://suumo.jp//ms/chuko/fukuoka/sc_fukuokashisawara/nc_21161920/,西新,地下鉄空港線,6,2006-09-01,20,21161920
グランフォーレ西新602号,3499,福岡県福岡市早良区城西１,地下鉄空港線「西新」徒歩5分,40.05,1LDK,2006年9月,https://suumo.jp//ms/chuko/fukuoka/sc_fukuokashisawara/nc_21668824/,西新,地下鉄空港線,5,2006-09-01,20,21668824
グランフォーレ西新,3499,福岡県福岡市早良区城西１-8-14,地下鉄空港線「西新」徒歩5分,40.05,1LDK,2006年9月,https://suumo.jp//ms/chuko/fukuoka/sc_fukuokashisawara/nc_21400377/,西新,地下鉄空港線,5,2006-09-01,20,21400377
デュオヴェール大濠公園,3499,福岡県福岡市中央区荒戸３,地下鉄空港線「大濠公園」徒歩6分,32.08,1LDK,2019年2月,https://suumo.jp//ms/chuko/fukuoka/sc_fukuokashichuo/nc_21383177/,大濠公園,地下鉄空港線,6,2019-02-01,7,21383177
シャンボール大名 D棟,3500,福岡県福岡市中央区大名２,地下鉄空港線「赤坂」徒歩3分,58.88,3DK,1982年1月,https://suumo.jp//ms/chuko/fukuoka/sc_fukuokashichuo/nc_21099765/,赤坂,地下鉄空港線,3,1982-01-01,44,21099765
サンブリック桜坂,3570,福岡県福岡市中央区谷２,地下鉄七隈線「桜坂」徒歩7分,88.52,3LDK,1981年8月,https://suumo.jp//ms/chuko/fukuoka/sc_fukuokashichuo/nc_21678866/,桜坂,地下鉄七隈線,7,1981-08-01,45,21678866
パークリュクス博多駅前,3580,福岡県福岡市博多区博多駅前４,ＪＲ鹿児島本線「博多」徒歩11分,30.04,1LDK,2024年12月,https://suumo.jp//ms/chuko/fukuoka/sc_fukuokashihakata/nc_20530374/,博多,ＪＲ鹿児島本線,11,2024-12-01,2,20530374
アンピール空港駅前,3580,福岡県糟屋郡志免町別府西３,地下鉄空港線「福岡空港」徒歩13分,113.47,3LDK,2004年7月,https://suumo.jp//ms/chuko/fukuoka/sc_kasuyagunshime/nc_21518572/,福岡空港,地下鉄空港線,13,2004-07-01,22,21518572
朝日プラザ大濠,3580,福岡県福岡市中央区草香江２,地下鉄七隈線「六本松」徒歩4分,69.12,3LDK,1983年3月,https://suumo.jp//ms/chuko/fukuoka/sc_fukuokashichuo/nc_20449512/,六本松,地下鉄七隈線,4,1983-03-01,43,20449512
オープンレジデンシア薬院南,3580,福岡県福岡市中央区平尾３-5-6,西鉄天神大牟田線「薬院」徒歩9分,34.54,1LDK,2022年9月,https://suumo.jp//ms/chuko/fukuoka/sc_fukuokashichuo/nc_20474520/,薬院,西鉄天神大牟田線,9,2022-09-01,4,20474520
コープ野村博多東,3598,福岡県福岡市博多区比恵町4-27,地下鉄空港線「東比恵」徒歩6分,98.41,4LDK,1980年3月,https://suumo.jp//ms/chuko/fukuoka/sc_fukuokashihakata/nc_21553918/,東比恵,地下鉄空港線,6,1980-03-01,46,21553918
コープ野村博多駅東,3598,福岡県福岡市博多区比恵町4-27,地下鉄空港線「東比恵」徒歩8分,98.41,4LDK,1980年3月,https://suumo.jp//ms/chuko/fukuoka/sc_fukuokashihakata/nc_21415113/,東比恵,地下鉄空港線,8,1980-03-01,46,21415113
コープ野村博多東,3598,福岡県福岡市博多区比恵町4-27,地下鉄空港線「東比恵」徒歩6分,98.41,4LDK,1980年3月,https://suumo.jp//ms/chuko/fukuoka/sc_fukuokashihakata/nc_21363469/,東比恵,地下鉄空港線,6,1980-03-01,46,21363469
グランフォーレ西新,3599,福岡県福岡市早良区城西１,地下鉄空港線「西新」徒歩7分,40.05,1LDK,2006年9月,https://suumo.jp//ms/chuko/fukuoka/sc_fukuokashisawara/nc_21412696/,西新,地下鉄空港線,7,2006-09-01,20,21412696
グランフォーレ西新,3599,福岡県福岡市早良区城西１,地下鉄空港線「西新」徒歩7分,40.05,1LDK,2006年9月,https://suumo.jp//ms/chuko/fukuoka/sc_fukuokashisawara/nc_21746436/,西新,地下鉄空港線,7,2006-09-01,20,21746436
ブラントン六本松,3620,福岡県福岡市中央区草香江２,地下鉄七隈線「六本松」徒歩3分,33.61,1LDK,2020年3月,https://suumo.jp//ms/chuko/fukuoka/sc_fukuokashichuo/nc_20737121/,六本松,地下鉄七隈線,3,2020-03-01,6,20737121
オープンレジデンシア渡辺通南,3650,福岡県福岡市中央区清川２,地下鉄七隈線「渡辺通」徒歩10分,38.25,1LDK,2024年8月,https://suumo.jp//ms/chuko/fukuoka/sc_fukuokashichuo/nc_21518027/,渡辺通,地下鉄七隈線,10,2024-08-01,2,21518027
ロマネスク大濠公園,3680,福岡県福岡市中央区大濠２,地下鉄空港線「唐人町」徒歩6分,57.11,2LDK,1985年8月,https://suumo.jp//ms/chuko/fukuoka/sc_fukuokashichuo/nc_21711629/,唐人町,地下鉄空港線,6,1985-08-01,41,21711629
アクロス空港イーストステージ,3680,福岡県糟屋郡志免町別府西３,地下鉄空港線「福岡空港」徒歩11分,91.26,4LDK,2004年2月,https://suumo.jp//ms/chuko/fukuoka/sc_kasuyagunshime/nc_21649367/,福岡空港,地下鉄空港線,11,2004-02-01,22,21649367
ロマネスク西公園,3680,福岡県福岡市中央区荒戸３,地下鉄空港線「唐人町」徒歩6分,87.1,3LDK,1981年4月,https://suumo.jp//ms/chuko/fukuoka/sc_fukuokashichuo/nc_21359955/,唐人町,地下鉄空港線,6,1981-04-01,45,21359955
オープンレジデンシア薬院南,3690,福岡県福岡市中央区平尾３,西鉄天神大牟田線「薬院」徒歩8分,39.99,1LDK,2022年8月,https://suumo.jp//ms/chuko/fukuoka/sc_fukuokashichuo/nc_20586988/,薬院,西鉄天神大牟田線,8,2022-08-01,4,20586988
藤和薬院コープ,3698,福岡県福岡市中央区薬院２-3-3,地下鉄七隈線「薬院大通」徒歩2分,71.18,3LDK,1979年3月,https://suumo.jp//ms/chuko/fukuoka/sc_fukuokashichuo/nc_21008454/,薬院大通,地下鉄七隈線,2,1979-03-01,47,21008454
藤和薬院コープ,3698,福岡県福岡市中央区薬院２,地下鉄七隈線「薬院大通」徒歩3分,71.18,3LDK,1979年3月,https://suumo.jp//ms/chuko/fukuoka/sc_fukuokashichuo/nc_21454496/,薬院大通,地下鉄七隈線,3,1979-03-01,47,21454496
藤和薬院コープ,3698,福岡県福岡市中央区薬院２,地下鉄七隈線「薬院大通」徒歩2分,71.18,3LDK,1979年3月,https://suumo.jp//ms/chuko/fukuoka/sc_fukuokashichuo/nc_20590770/,薬院大通,地下鉄七隈線,2,1979-03-01,47,20590770
シャンピア大濠,3698,福岡県福岡市中央区黒門,地下鉄空港線「唐人町」徒歩2分,66.9,2LDK,1984年5月,https://suumo.jp//ms/chuko/fukuoka/sc_fukuokashichuo/nc_21535436/,唐人町,地下鉄空港線,2,1984-05-01,42,21535436
コープ野村博多東,3698,福岡県福岡市博多区比恵町,地下鉄空港線「東比恵」徒歩4分,98.41,4LDK,1980年3月,https://suumo.jp//ms/chuko/fukuoka/sc_fukuokashihakata/nc_21233451/,東比恵,地下鉄空港線,4,1980-03-01,46,21233451
藤和薬院コープ,3698,福岡県福岡市中央区薬院２,地下鉄七隈線「薬院大通」徒歩2分,73.69,3LDK,1979年3月,https://suumo.jp//ms/chuko/fukuoka/sc_fukuokashichuo/nc_21328632/,薬院大通,地下鉄七隈線,2,1979-03-01,47,21328632
藤和薬院コープ,3698,福岡県福岡市中央区薬院２,地下鉄七隈線「薬院大通」徒歩2分,68.55,3LDK,1979年3月,https://suumo.jp//ms/chuko/fukuoka/sc_fukuokashichuo/nc_21237186/,薬院大通,地下鉄七隈線,2,1979-03-01,47,21237186
シャンピア大濠,3698,福岡県福岡市中央区黒門8-13,地下鉄空港線「唐人町」徒歩3分,66.9,3LDK,1984年5月,https://suumo.jp//ms/chuko/fukuoka/sc_fukuokashichuo/nc_21559557/,唐人町,地下鉄空港線,3,1984-05-01,42,21559557
クリオラベルヴィ赤坂,3700,福岡県福岡市中央区大手門２,地下鉄空港線「赤坂」徒歩7分,34.92,1LDK,2021年4月,https://suumo.jp//ms/chuko/fukuoka/sc_fukuokashichuo/nc_21363161/,赤坂,地下鉄空港線,7,2021-04-01,5,21363161
オープンレジデンシア天神今泉,3750,福岡県福岡市中央区今泉２,地下鉄七隈線「薬院大通」徒歩7分,34.12,1LDK,2023年9月,https://suumo.jp//ms/chuko/fukuoka/sc_fukuokashichuo/nc_75894792/,薬院大通,地下鉄七隈線,7,2023-09-01,3,75894792
ハイツ別府,3780,福岡県福岡市城南区別府２,地下鉄七隈線「別府」徒歩1分,65.57,3LDK,1985年11月,https://suumo.jp//ms/chuko/fukuoka/sc_fukuokashijonan/nc_21713593/,別府,地下鉄七隈線,1,1985-11-01,41,21713593
アンピール百年橋,3780,福岡県福岡市中央区清川３-9-23,地下鉄七隈線「渡辺通」徒歩15分,73.11,3LDK,1995年9月,https://suumo.jp//ms/chuko/fukuoka/sc_fukuokashichuo/nc_20914350/,渡辺通,地下鉄七隈線,15,1995-09-01,31,20914350
ダイアパレス六本松,3780,福岡県福岡市中央区六本松４,地下鉄七隈線「六本松」徒歩2分,66.85,2LDK+S（納戸）,1985年3月,https://suumo.jp//ms/chuko/fukuoka/sc_fukuokashichuo/nc_21315844/,六本松,地下鉄七隈線,2,1985-03-01,41,21315844
ライオンズマンション大名,3780,福岡県福岡市中央区大名１-2-20,地下鉄空港線「赤坂」徒歩10分,56.72,2LDK,1982年2月,https://suumo.jp//ms/chuko/fukuoka/sc_fukuokashichuo/nc_21748293/,赤坂,地下鉄空港線,10,1982-02-01,44,21748293
ライオンズマンション大名,3780,福岡県福岡市中央区大名１,地下鉄空港線「赤坂」徒歩8分,56.72,2LDK,1982年2月,https://suumo.jp//ms/chuko/fukuoka/sc_fukuokashichuo/nc_21523389/,赤坂,地下鉄空港線,8,1982-02-01,44,21523389
ライオンズマンション大名,3780,福岡県福岡市中央区大名１,地下鉄空港線「赤坂」徒歩9分,56.72,2LDK,1982年2月,https://suumo.jp//ms/chuko/fukuoka/sc_fukuokashichuo/nc_21551589/,赤坂,地下鉄空港線,9,1982-02-01,44,21551589
ライオンズマンション大名,3780,福岡県福岡市中央区大名１,地下鉄空港線「赤坂」徒歩8分,56.72,2LDK,1982年2月,https://suumo.jp//ms/chuko/fukuoka/sc_fukuokashichuo/nc_21549988/,赤坂,地下鉄空港線,8,1982-02-01,44,21549988
ロマネスク西公園第6,3790,福岡県福岡市中央区荒戸２,地下鉄空港線「大濠公園」徒歩7分,52.24,2LDK,1991年3月,https://suumo.jp//ms/chuko/fukuoka/sc_fukuokashichuo/nc_21745082/,大濠公園,地下鉄空港線,7,1991-03-01,35,21745082
エステートマンション赤坂けやき通り,3790,福岡県福岡市中央区赤坂３,地下鉄七隈線「桜坂」徒歩11分,68.53,3LDK,1995年3月,https://suumo.jp//ms/chuko/fukuoka/sc_fukuokashichuo/nc_21757952/,桜坂,地下鉄七隈線,11,1995-03-01,31,21757952
サンライフ六本松,3790,福岡県福岡市中央区草香江２,地下鉄七隈線「六本松」徒歩3分,60.02,2LDK,1984年5月,https://suumo.jp//ms/chuko/fukuoka/sc_fukuokashichuo/nc_21427031/,六本松,地下鉄七隈線,3,1984-05-01,42,21427031
朝日プラザ薬院,3790,福岡県福岡市中央区薬院２,地下鉄七隈線「薬院大通」徒歩6分,63.32,2LDK,1984年10月,https://suumo.jp//ms/chuko/fukuoka/sc_fukuokashichuo/nc_21403451/,薬院大通,地下鉄七隈線,6,1984-10-01,42,21403451
朝日プラザ薬院,3790,福岡県福岡市中央区薬院２-１１－１０,地下鉄七隈線「薬院大通」徒歩6分,63.32,2LDK,1984年10月,https://suumo.jp//ms/chuko/fukuoka/sc_fukuokashichuo/nc_21362518/,薬院大通,地下鉄七隈線,6,1984-10-01,42,21362518
ロマネスク西公園第6,3790,福岡県福岡市中央区荒戸２,地下鉄空港線「大濠公園」徒歩7分,52.24,2LDK,1991年3月,https://suumo.jp//ms/chuko/fukuoka/sc_fukuokashichuo/nc_21246960/,大濠公園,地下鉄空港線,7,1991-03-01,35,21246960
朝日プラザ薬院,3790,福岡県福岡市中央区薬院２,地下鉄七隈線「薬院大通」徒歩5分,63.32,2LDK,1984年10月,https://suumo.jp//ms/chuko/fukuoka/sc_fukuokashichuo/nc_21460980/,薬院大通,地下鉄七隈線,5,1984-10-01,42,21460980
ロマネスク西公園第６,3790,福岡県福岡市中央区荒戸２,地下鉄空港線「大濠公園」徒歩7分,52.24,2LDK,1991年3月,https://suumo.jp//ms/chuko/fukuoka/sc_fukuokashichuo/nc_20952543/,大濠公園,地下鉄空港線,7,1991-03-01,35,20952543
エステートマンション赤坂けやき通り,3790,福岡県福岡市中央区赤坂３,地下鉄七隈線「桜坂」徒歩11分,68.53,3LDK,1995年3月,https://suumo.jp//ms/chuko/fukuoka/sc_fukuokashichuo/nc_21471749/,桜坂,地下鉄七隈線,11,1995-03-01,31,21471749
オープンレジデンシア渡辺通南,3800,福岡県福岡市中央区清川２,地下鉄七隈線「渡辺通」徒歩10分,38.25,1LDK,2024年9月,https://suumo.jp//ms/chuko/fukuoka/sc_fukuokashichuo/nc_78135127/,渡辺通,地下鉄七隈線,10,2024-09-01,2,78135127
藤和薬院コープ,3880,福岡県福岡市中央区薬院２,地下鉄七隈線「薬院大通」徒歩1分,73.69,2LDK,1979年3月,https://suumo.jp//ms/chuko/fukuoka/sc_fukuokashichuo/nc_21717720/,薬院大通,地下鉄七隈線,1,1979-03-01,47,21717720
赤坂エクセル,3898,福岡県福岡市中央区赤坂３,地下鉄空港線「赤坂」徒歩12分,99.0,1LDK,1974年11月,https://suumo.jp//ms/chuko/fukuoka/sc_fukuokashichuo/nc_21734439/,赤坂,地下鉄空港線,12,1974-11-01,52,21734439
赤坂パインマンション,3899,福岡県福岡市中央区赤坂１-2-6,地下鉄空港線「赤坂」徒歩7分,72.0,2LDK,1981年5月,https://suumo.jp//ms/chuko/fukuoka/sc_fukuokashichuo/nc_21553543/,赤坂,地下鉄空港線,7,1981-05-01,45,21553543
赤坂パインマンション,3899,福岡県福岡市中央区赤坂１,地下鉄空港線「赤坂」徒歩7分,72.0,2LDK,1981年5月,https://suumo.jp//ms/chuko/fukuoka/sc_fukuokashichuo/nc_21546063/,赤坂,地下鉄空港線,7,1981-05-01,45,21546063
赤坂パインマンション　406号,3899,福岡県福岡市中央区赤坂１,地下鉄空港線「赤坂」徒歩6分,72.0,2LDK,1981年5月,https://suumo.jp//ms/chuko/fukuoka/sc_fukuokashichuo/nc_21597594/,赤坂,地下鉄空港線,6,1981-05-01,45,21597594
赤坂パインマンション406号室◆☆上質なデザイン空間…,3899,福岡県福岡市中央区赤坂１,地下鉄空港線「赤坂」徒歩7分,72.0,2LDK,1981年5月,https://suumo.jp//ms/chuko/fukuoka/sc_fukuokashichuo/nc_21530132/,赤坂,地下鉄空港線,7,1981-05-01,45,21530132
赤坂パインマンション,3899,福岡県福岡市中央区赤坂１-2-6,地下鉄空港線「赤坂」徒歩6分,7.32,2LDK,1981年5月,https://suumo.jp//ms/chuko/fukuoka/sc_fukuokashichuo/nc_21752137/,赤坂,地下鉄空港線,6,1981-05-01,45,21752137
赤坂パインマンション,3899,福岡県福岡市中央区赤坂１,地下鉄空港線「赤坂」徒歩7分,72.0,2LDK,1981年5月,https://suumo.jp//ms/chuko/fukuoka/sc_fukuokashichuo/nc_21563532/,赤坂,地下鉄空港線,7,1981-05-01,45,21563532
赤坂パインマンション,3899,福岡県福岡市中央区赤坂１-2-6,地下鉄空港線「赤坂」徒歩7分,72.0,2LDK,1981年5月,https://suumo.jp//ms/chuko/fukuoka/sc_fukuokashichuo/nc_21611334/,赤坂,地下鉄空港線,7,1981-05-01,45,21611334
赤坂パインマンション,3899,福岡県福岡市中央区赤坂１-2-6,地下鉄空港線「赤坂」徒歩7分,72.0,2LDK,1981年5月,https://suumo.jp//ms/chuko/fukuoka/sc_fukuokashichuo/nc_21559960/,赤坂,地下鉄空港線,7,1981-05-01,45,21559960
赤坂パインマンション,3899,福岡県福岡市中央区赤坂１-2-6,地下鉄空港線「赤坂」徒歩8分,72.0,2LDK,1981年5月,https://suumo.jp//ms/chuko/fukuoka/sc_fukuokashichuo/nc_21744776/,赤坂,地下鉄空港線,8,1981-05-01,45,21744776
赤坂パインマンション,3899,福岡県福岡市中央区赤坂１,地下鉄空港線「赤坂」徒歩7分,72.0,2LDK,1981年5月,https://suumo.jp//ms/chuko/fukuoka/sc_fukuokashichuo/nc_21537045/,赤坂,地下鉄空港線,7,1981-05-01,45,21537045
赤坂パインマンション,3899,福岡県福岡市中央区赤坂１,地下鉄空港線「赤坂」徒歩7分,72.0,2LDK,1981年5月,https://suumo.jp//ms/chuko/fukuoka/sc_fukuokashichuo/nc_21657420/,赤坂,地下鉄空港線,7,1981-05-01,45,21657420
赤坂パインマンション,3899,福岡県福岡市中央区赤坂１,地下鉄空港線「赤坂」徒歩8分,72.0,2LDK,1981年5月,https://suumo.jp//ms/chuko/fukuoka/sc_fukuokashichuo/nc_21581969/,赤坂,地下鉄空港線,8,1981-05-01,45,21581969
赤坂パインマンション,3899,福岡県福岡市中央区赤坂１-2-6,地下鉄空港線「赤坂」徒歩7分,72.0,2LDK,1981年5月,https://suumo.jp//ms/chuko/fukuoka/sc_fukuokashichuo/nc_21548400/,赤坂,地下鉄空港線,7,1981-05-01,45,21548400
赤坂パインマンション,3899,福岡県福岡市中央区赤坂１,地下鉄空港線「赤坂」徒歩7分,72.0,2LDK,1981年5月,https://suumo.jp//ms/chuko/fukuoka/sc_fukuokashichuo/nc_21548623/,赤坂,地下鉄空港線,7,1981-05-01,45,21548623
赤坂パインマンション,3899,福岡県福岡市中央区赤坂１,地下鉄空港線「赤坂」徒歩7分,72.0,2LDK,1981年5月,https://suumo.jp//ms/chuko/fukuoka/sc_fukuokashichuo/nc_21617995/,赤坂,地下鉄空港線,7,1981-05-01,45,21617995
舞鶴パークホームズ,3900,福岡県福岡市中央区舞鶴２,地下鉄空港線「赤坂」徒歩7分,80.05,4LDK,1980年4月,https://suumo.jp//ms/chuko/fukuoka/sc_fukuokashichuo/nc_20520587/,赤坂,地下鉄空港線,7,1980-04-01,46,20520587
ゾンネンハイム大手門,3980,福岡県福岡市中央区大手門２,地下鉄空港線「大濠公園」徒歩7分,76.54,2LDK,1973年8月,https://suumo.jp//ms/chuko/fukuoka/sc_fukuokashichuo/nc_21734083/,大濠公園,地下鉄空港線,7,1973-08-01,53,21734083
グリーンマンション平尾,3980,福岡県福岡市中央区平尾２,地下鉄七隈線「薬院」徒歩13分,71.38,3LDK,1996年4月,https://suumo.jp//ms/chuko/fukuoka/sc_fukuokashichuo/nc_21348261/,薬院,地下鉄七隈線,13,1996-04-01,30,21348261
パーク・サンリヤン博多の森,3980,福岡県糟屋郡志免町別府西２,地下鉄空港線「福岡空港」徒歩14分,99.56,4LDK,2005年12月,https://suumo.jp//ms/chuko/fukuoka/sc_kasuyagunshime/nc_21463293/,福岡空港,地下鉄空港線,14,2005-12-01,21,21463293
ゾンネンハイム大手門,3980,福岡県福岡市中央区大手門２,地下鉄空港線「大濠公園」徒歩7分,76.54,2LDK,1973年8月,https://suumo.jp//ms/chuko/fukuoka/sc_fukuokashichuo/nc_21702808/,大濠公園,地下鉄空港線,7,1973-08-01,53,21702808
オープンレジデンシア博多住吉,3980,福岡県福岡市博多区住吉２,地下鉄空港線「博多」徒歩9分,38.65,1LDK,2023年8月,https://suumo.jp//ms/chuko/fukuoka/sc_fukuokashihakata/nc_78348132/,博多,地下鉄空港線,9,2023-08-01,3,78348132
ハイツ平尾,3980,福岡県福岡市中央区平尾２-19-7,地下鉄七隈線「薬院大通」徒歩12分,80.02,4LDK,1987年7月,https://suumo.jp//ms/chuko/fukuoka/sc_fukuokashichuo/nc_21285036/,薬院大通,地下鉄七隈線,12,1987-07-01,39,21285036
ライオンズミレス西新,3980,福岡県福岡市早良区城西３,地下鉄空港線「西新」徒歩6分,33.71,1LDK,2022年1月,https://suumo.jp//ms/chuko/fukuoka/sc_fukuokashisawara/nc_21528228/,西新,地下鉄空港線,6,2022-01-01,4,21528228
ライオンズマンション室見,3998,福岡県福岡市早良区室見１,地下鉄空港線「藤崎」徒歩4分,72.58,3LDK,1984年7月,https://suumo.jp//ms/chuko/fukuoka/sc_fukuokashisawara/nc_21663328/,藤崎,地下鉄空港線,4,1984-07-01,42,21663328
アンピール・ラトゥール別府,3999,福岡県福岡市城南区別府３,地下鉄七隈線「別府」徒歩3分,67.44,2LDK+S（納戸）,1995年10月,https://suumo.jp//ms/chuko/fukuoka/sc_fukuokashijonan/nc_21418153/,別府,地下鉄七隈線,3,1995-10-01,31,21418153
ガイアコート赤坂浄水壱番館,4000,福岡県福岡市中央区六本松３,地下鉄七隈線「六本松」徒歩10分,60.41,2LDK,1993年9月,https://suumo.jp//ms/chuko/fukuoka/sc_fukuokashichuo/nc_21365320/,六本松,地下鉄七隈線,10,1993-09-01,33,21365320
アーバンパレス天神南ハートランドタワーB棟,4000,福岡県福岡市中央区清川３,地下鉄七隈線「渡辺通」徒歩15分,62.93,1LDK,1998年7月,https://suumo.jp//ms/chuko/fukuoka/sc_fukuokashichuo/nc_21671150/,渡辺通,地下鉄七隈線,15,1998-07-01,28,21671150
西公園ツインタワー,4000,福岡県福岡市中央区荒戸２,地下鉄空港線「大濠公園」徒歩10分,81.69,4LDK,1990年1月,https://suumo.jp//ms/chuko/fukuoka/sc_fukuokashichuo/nc_20666923/,大濠公園,地下鉄空港線,10,1990-01-01,36,20666923
ダイナコートエスパシオ舞鶴,4080,福岡県福岡市中央区舞鶴２,地下鉄空港線「赤坂」徒歩6分,52.92,2LDK,1996年11月,https://suumo.jp//ms/chuko/fukuoka/sc_fukuokashichuo/nc_20152977/,赤坂,地下鉄空港線,6,1996-11-01,30,20152977
リファレンス天神南,4099,福岡県福岡市中央区清川２-4-9,地下鉄七隈線「渡辺通」徒歩13分,65.32,3LDK,2002年3月,https://suumo.jp//ms/chuko/fukuoka/sc_fukuokashichuo/nc_20249542/,渡辺通,地下鉄七隈線,13,2002-03-01,24,20249542
モントーレ東比恵クレア【担当：鍋嶋】　までお気軽にお…,4099,福岡県福岡市博多区東比恵３,地下鉄空港線「東比恵」徒歩2分,42.77,1LDK,2019年2月,https://suumo.jp//ms/chuko/fukuoka/sc_fukuokashihakata/nc_79194902/,東比恵,地下鉄空港線,2,2019-02-01,7,79194902
モントーレ東比恵クレア,4099,福岡県福岡市博多区東比恵３-19-10,地下鉄空港線「東比恵」徒歩2分,42.77,1LDK,2019年2月,https://suumo.jp//ms/chuko/fukuoka/sc_fukuokashihakata/nc_20082171/,東比恵,地下鉄空港線,2,2019-02-01,7,20082171
モントーレ東比恵クレア,4099,福岡県福岡市博多区東比恵３,地下鉄空港線「東比恵」徒歩3分,42.77,1LDK,2019年2月,https://suumo.jp//ms/chuko/fukuoka/sc_fukuokashihakata/nc_79197908/,東比恵,地下鉄空港線,3,2019-02-01,7,79197908
モントーレ東比恵クレア,4099,福岡県福岡市博多区東比恵３,地下鉄空港線「東比恵」徒歩3分,42.77,1LDK,2019年2月,https://suumo.jp//ms/chuko/fukuoka/sc_fukuokashihakata/nc_20590555/,東比恵,地下鉄空港線,3,2019-02-01,7,20590555
モントーレ東比恵クレア,4099,福岡県福岡市博多区東比恵３,地下鉄空港線「東比恵」徒歩2分,42.77,1LDK,2019年2月,https://suumo.jp//ms/chuko/fukuoka/sc_fukuokashihakata/nc_20935569/,東比恵,地下鉄空港線,2,2019-02-01,7,20935569
リファレンス天神南,4099,福岡県福岡市中央区清川２,地下鉄七隈線「渡辺通」徒歩14分,65.32,3LDK,2002年3月,https://suumo.jp//ms/chuko/fukuoka/sc_fukuokashichuo/nc_21292245/,渡辺通,地下鉄七隈線,14,2002-03-01,24,21292245
リファレンス天神南,4099,福岡県福岡市中央区清川２-4-9,地下鉄七隈線「渡辺通」徒歩13分,65.32,3LDK,2002年3月,https://suumo.jp//ms/chuko/fukuoka/sc_fukuokashichuo/nc_21637718/,渡辺通,地下鉄七隈線,13,2002-03-01,24,21637718
リファレンス天神南,4099,福岡県福岡市中央区清川２,地下鉄七隈線「渡辺通」徒歩13分,65.32,3LDK,2002年3月,https://suumo.jp//ms/chuko/fukuoka/sc_fukuokashichuo/nc_21209107/,渡辺通,地下鉄七隈線,13,2002-03-01,24,21209107
モントーレ東比恵クレア,4099,福岡県福岡市博多区東比恵３,地下鉄空港線「東比恵」徒歩4分,42.77,1LDK,2019年2月,https://suumo.jp//ms/chuko/fukuoka/sc_fukuokashihakata/nc_20985954/,東比恵,地下鉄空港線,4,2019-02-01,7,20985954
モントーレ東比恵クレア,4099,福岡県福岡市博多区東比恵３,地下鉄空港線「東比恵」徒歩3分,42.77,1LDK,2019年2月,https://suumo.jp//ms/chuko/fukuoka/sc_fukuokashihakata/nc_20760864/,東比恵,地下鉄空港線,3,2019-02-01,7,20760864
モントーレ東比恵クレア,4099,福岡県福岡市博多区東比恵３,地下鉄空港線「東比恵」徒歩3分,42.77,1LDK,2019年2月,https://suumo.jp//ms/chuko/fukuoka/sc_fukuokashihakata/nc_20106814/,東比恵,地下鉄空港線,3,2019-02-01,7,20106814
リファレンス天神南,4099,福岡県福岡市中央区清川２,地下鉄七隈線「渡辺通」徒歩13分,65.32,3LDK,2002年3月,https://suumo.jp//ms/chuko/fukuoka/sc_fukuokashichuo/nc_20646744/,渡辺通,地下鉄七隈線,13,2002-03-01,24,20646744
モントーレ東比恵クレア205号,4099,福岡県福岡市博多区東比恵３-19-10,地下鉄空港線「東比恵」徒歩3分,42.77,1LDK,2019年2月,https://suumo.jp//ms/chuko/fukuoka/sc_fukuokashihakata/nc_21599114/,東比恵,地下鉄空港線,3,2019-02-01,7,21599114
リファレンス天神南,4099,福岡県福岡市中央区清川２,地下鉄七隈線「渡辺通」徒歩13分,65.32,3LDK,2002年3月,https://suumo.jp//ms/chuko/fukuoka/sc_fukuokashichuo/nc_21097447/,渡辺通,地下鉄七隈線,13,2002-03-01,24,21097447
リファレンス天神南,4099,福岡県福岡市中央区清川２,地下鉄七隈線「渡辺通」徒歩13分,65.32,3LDK,2002年3月,https://suumo.jp//ms/chuko/fukuoka/sc_fukuokashichuo/nc_20096135/,渡辺通,地下鉄七隈線,13,2002-03-01,24,20096135
リファレンス天神南,4099,福岡県福岡市中央区清川２-4-9,地下鉄七隈線「渡辺通」徒歩13分,65.32,3LDK,2002年3月,https://suumo.jp//ms/chuko/fukuoka/sc_fukuokashichuo/nc_20660235/,渡辺通,地下鉄七隈線,13,2002-03-01,24,20660235
モントーレ東比恵クレア,4099,福岡県福岡市博多区東比恵３-19-10,地下鉄空港線「東比恵」徒歩2分,42.77,1LDK,2019年3月,https://suumo.jp//ms/chuko/fukuoka/sc_fukuokashihakata/nc_20956730/,東比恵,地下鉄空港線,2,2019-03-01,7,20956730
モントーレ東比恵クレア,4099,福岡県福岡市博多区東比恵３-19-10,地下鉄空港線「東比恵」徒歩3分,42.77,1LDK,2019年2月,https://suumo.jp//ms/chuko/fukuoka/sc_fukuokashihakata/nc_21685137/,東比恵,地下鉄空港線,3,2019-02-01,7,21685137
リファレンス天神南,4099,福岡県福岡市中央区清川２,地下鉄七隈線「渡辺通」徒歩13分,65.32,3LDK,2002年3月,https://suumo.jp//ms/chuko/fukuoka/sc_fukuokashichuo/nc_20033456/,渡辺通,地下鉄七隈線,13,2002-03-01,24,20033456
リファレンス天神南,4099,福岡県福岡市中央区清川２,地下鉄七隈線「渡辺通」徒歩13分,65.32,3LDK,2002年3月,https://suumo.jp//ms/chuko/fukuoka/sc_fukuokashichuo/nc_21740329/,渡辺通,地下鉄七隈線,13,2002-03-01,24,21740329
オープンレジデンシア薬院白金,4100,福岡県福岡市中央区白金２,西鉄天神大牟田線「薬院」徒歩8分,33.05,1LDK,2023年9月,https://suumo.jp//ms/chuko/fukuoka/sc_fukuokashichuo/nc_20865211/,薬院,西鉄天神大牟田線,8,2023-09-01,3,20865211
藤崎パーク・ホームズ,4120,福岡県福岡市早良区昭代３,地下鉄空港線「藤崎」徒歩9分,72.35,3LDK,1996年2月,https://suumo.jp//ms/chuko/fukuoka/sc_fukuokashisawara/nc_21719382/,藤崎,地下鉄空港線,9,1996-02-01,30,21719382
アクロス大濠公園グランビュー,4180,福岡県福岡市中央区黒門,地下鉄空港線「唐人町」徒歩3分,37.11,1LDK,2025年2月,https://suumo.jp//ms/chuko/fukuoka/sc_fukuokashichuo/nc_20401004/,唐人町,地下鉄空港線,3,2025-02-01,1,20401004
ロイヤルアーク空港前,4180,福岡県福岡市博多区空港前３,地下鉄空港線「福岡空港」徒歩8分,90.13,4LDK,2008年3月,https://suumo.jp//ms/chuko/fukuoka/sc_fukuokashihakata/nc_21469826/,福岡空港,地下鉄空港線,8,2008-03-01,18,21469826
アンピール百年橋,4190,福岡県福岡市中央区清川３,地下鉄七隈線「渡辺通」徒歩14分,70.11,3LDK,1995年8月,https://suumo.jp//ms/chuko/fukuoka/sc_fukuokashichuo/nc_21473933/,渡辺通,地下鉄七隈線,14,1995-08-01,31,21473933
アンピール百年橋,4190,福岡県福岡市中央区清川３,地下鉄七隈線「渡辺通」徒歩14分,70.11,3LDK,1995年8月,https://suumo.jp//ms/chuko/fukuoka/sc_fukuokashichuo/nc_21588625/,渡辺通,地下鉄七隈線,14,1995-08-01,31,21588625
アンピール百年橋,4190,福岡県福岡市中央区清川３-9-23,地下鉄七隈線「渡辺通」徒歩4分,70.11,3LDK,1995年8月,https://suumo.jp//ms/chuko/fukuoka/sc_fukuokashichuo/nc_21527134/,渡辺通,地下鉄七隈線,4,1995-08-01,31,21527134
アンピール百年橋,4190,福岡県福岡市中央区清川３-9-23,地下鉄七隈線「渡辺通」徒歩15分,70.11,3LDK,1995年8月,https://suumo.jp//ms/chuko/fukuoka/sc_fukuokashichuo/nc_21552680/,渡辺通,地下鉄七隈線,15,1995-08-01,31,21552680
アンピール百年橋,4190,福岡県福岡市中央区清川３-9-23,地下鉄七隈線「渡辺通」徒歩15分,70.11,3LDK,1995年8月,https://suumo.jp//ms/chuko/fukuoka/sc_fukuokashichuo/nc_21464318/,渡辺通,地下鉄七隈線,15,1995-08-01,31,21464318
アンピール百年橋,4190,福岡県福岡市中央区清川３,地下鉄七隈線「渡辺通」徒歩15分,70.11,3LDK,1995年8月,https://suumo.jp//ms/chuko/fukuoka/sc_fukuokashichuo/nc_21489300/,渡辺通,地下鉄七隈線,15,1995-08-01,31,21489300
リファレンス天神南,4199,福岡県福岡市中央区清川２,地下鉄七隈線「渡辺通」徒歩13分,65.32,3LDK,2002年3月,https://suumo.jp//ms/chuko/fukuoka/sc_fukuokashichuo/nc_20997466/,渡辺通,地下鉄七隈線,13,2002-03-01,24,20997466
リファレンス天神南,4199,福岡県福岡市中央区清川２,地下鉄七隈線「渡辺通」徒歩12分,65.32,3LDK,2002年3月,https://suumo.jp//ms/chuko/fukuoka/sc_fukuokashichuo/nc_79226606/,渡辺通,地下鉄七隈線,12,2002-03-01,24,79226606
リファレンス天神南,4199,福岡県福岡市中央区清川２-4-9,地下鉄七隈線「渡辺通」徒歩13分,65.32,3LDK,2002年3月,https://suumo.jp//ms/chuko/fukuoka/sc_fukuokashichuo/nc_20213313/,渡辺通,地下鉄七隈線,13,2002-03-01,24,20213313
ネオグランデ六本松ヒルズ,4200,福岡県福岡市中央区六本松３-11-12,地下鉄七隈線「六本松」徒歩6分,78.14,3LDK,1999年9月,https://suumo.jp//ms/chuko/fukuoka/sc_fukuokashichuo/nc_78147889/,六本松,地下鉄七隈線,6,1999-09-01,27,78147889
オープンレジデンシア大濠公園,4250,福岡県福岡市中央区大手門２,地下鉄空港線「大濠公園」徒歩5分,34.78,1LDK,2023年4月,https://suumo.jp//ms/chuko/fukuoka/sc_fukuokashichuo/nc_20576519/,大濠公園,地下鉄空港線,5,2023-04-01,3,20576519
西公園ツインタワー,4280,福岡県福岡市中央区荒戸２-4-33,地下鉄空港線「大濠公園」徒歩10分,83.05,3LDK,1990年1月,https://suumo.jp//ms/chuko/fukuoka/sc_fukuokashichuo/nc_21708563/,大濠公園,地下鉄空港線,10,1990-01-01,36,21708563
ニューライフ西公園,4280,福岡県福岡市中央区荒戸３,地下鉄空港線「唐人町」徒歩10分,87.56,3LDK,1982年3月,https://suumo.jp//ms/chuko/fukuoka/sc_fukuokashichuo/nc_21458221/,唐人町,地下鉄空港線,10,1982-03-01,44,21458221
西公園ツインタワー,4280,福岡県福岡市中央区荒戸２,地下鉄空港線「大濠公園」徒歩8分,83.05,3LDK,1990年1月,https://suumo.jp//ms/chuko/fukuoka/sc_fukuokashichuo/nc_20650003/,大濠公園,地下鉄空港線,8,1990-01-01,36,20650003
アートウィル赤坂,4280,福岡県福岡市中央区赤坂３,地下鉄七隈線「桜坂」徒歩9分,65.61,3LDK,1994年10月,https://suumo.jp//ms/chuko/fukuoka/sc_fukuokashichuo/nc_79112729/,桜坂,地下鉄七隈線,9,1994-10-01,32,79112729
西公園ツインタワー,4280,福岡県福岡市中央区荒戸２,地下鉄空港線「大濠公園」徒歩7分,83.05,3LDK,1990年1月,https://suumo.jp//ms/chuko/fukuoka/sc_fukuokashichuo/nc_20052926/,大濠公園,地下鉄空港線,7,1990-01-01,36,20052926
ハイツ大手門,4298,福岡県福岡市中央区大手門２,地下鉄空港線「大濠公園」徒歩5分,67.63,3LDK,1982年5月,https://suumo.jp//ms/chuko/fukuoka/sc_fukuokashichuo/nc_21147524/,大濠公園,地下鉄空港線,5,1982-05-01,44,21147524
藤崎ロジュマン,4350,福岡県福岡市早良区昭代３,地下鉄空港線「藤崎」徒歩11分,82.76,4LDK,1988年3月,https://suumo.jp//ms/chuko/fukuoka/sc_fukuokashisawara/nc_79053877/,藤崎,地下鉄空港線,11,1988-03-01,38,79053877
藤崎ロジュマン,4350,福岡県福岡市早良区昭代３,地下鉄空港線「藤崎」徒歩12分,82.76,4LDK,1988年3月,https://suumo.jp//ms/chuko/fukuoka/sc_fukuokashisawara/nc_21090386/,藤崎,地下鉄空港線,12,1988-03-01,38,21090386
藤崎ロジュマン,4350,福岡県福岡市早良区昭代３,地下鉄空港線「藤崎」徒歩11分,82.76,4LDK,1988年3月,https://suumo.jp//ms/chuko/fukuoka/sc_fukuokashisawara/nc_21283560/,藤崎,地下鉄空港線,11,1988-03-01,38,21283560
オープンレジデンシア薬院二丁目,4350,福岡県福岡市中央区薬院２,西鉄天神大牟田線「薬院」徒歩9分,34.21,1LDK,2023年1月,https://suumo.jp//ms/chuko/fukuoka/sc_fukuokashichuo/nc_20642323/,薬院,西鉄天神大牟田線,9,2023-01-01,3,20642323
藤崎ロジュマン,4350,福岡県福岡市早良区昭代３-9-5,地下鉄空港線「藤崎」徒歩10分,82.76,4LDK,1988年3月,https://suumo.jp//ms/chuko/fukuoka/sc_fukuokashisawara/nc_21463466/,藤崎,地下鉄空港線,10,1988-03-01,38,21463466
藤崎ロジュマン,4350,福岡県福岡市早良区昭代３,地下鉄空港線「藤崎」徒歩13分,82.76,4LDK,1988年3月,https://suumo.jp//ms/chuko/fukuoka/sc_fukuokashisawara/nc_21468855/,藤崎,地下鉄空港線,13,1988-03-01,38,21468855
藤崎ロジュマン,4350,福岡県福岡市早良区昭代３,地下鉄空港線「藤崎」徒歩12分,82.76,4LDK,1988年3月,https://suumo.jp//ms/chuko/fukuoka/sc_fukuokashisawara/nc_21008385/,藤崎,地下鉄空港線,12,1988-03-01,38,21008385
藤崎ロジュマン,4350,福岡県福岡市早良区昭代３,地下鉄空港線「藤崎」徒歩10分,82.76,4LDK,1988年3月,https://suumo.jp//ms/chuko/fukuoka/sc_fukuokashisawara/nc_78457540/,藤崎,地下鉄空港線,10,1988-03-01,38,78457540
藤崎ロジュマン,4350,福岡県福岡市早良区昭代３-9-5,地下鉄空港線「藤崎」徒歩11分,82.76,4LDK,1988年3月,https://suumo.jp//ms/chuko/fukuoka/sc_fukuokashisawara/nc_21486584/,藤崎,地下鉄空港線,11,1988-03-01,38,21486584
ブラントン薬院,4350,福岡県福岡市中央区薬院３,西鉄天神大牟田線「薬院」徒歩3分,34.31,1LDK,2023年1月,https://suumo.jp//ms/chuko/fukuoka/sc_fukuokashichuo/nc_21245602/,薬院,西鉄天神大牟田線,3,2023-01-01,3,21245602
アートウィル赤坂,4380,福岡県福岡市中央区赤坂３,地下鉄七隈線「桜坂」徒歩11分,65.61,2LDK,1994年10月,https://suumo.jp//ms/chuko/fukuoka/sc_fukuokashichuo/nc_21576558/,桜坂,地下鉄七隈線,11,1994-10-01,32,21576558
南薬院パークマンション,4380,福岡県福岡市中央区薬院２,地下鉄七隈線「薬院大通」徒歩6分,71.5,3LDK,1985年5月,https://suumo.jp//ms/chuko/fukuoka/sc_fukuokashichuo/nc_21404036/,薬院大通,地下鉄七隈線,6,1985-05-01,41,21404036
三井薬院ハイツ,4380,福岡県福岡市中央区薬院２,地下鉄七隈線「薬院大通」徒歩6分,92.86,4LDK,1982年10月,https://suumo.jp//ms/chuko/fukuoka/sc_fukuokashichuo/nc_21610110/,薬院大通,地下鉄七隈線,6,1982-10-01,44,21610110
アートウィル赤坂,4380,福岡県福岡市中央区赤坂３,地下鉄七隈線「桜坂」徒歩11分,65.61,2LDK,1995年10月,https://suumo.jp//ms/chuko/fukuoka/sc_fukuokashichuo/nc_21650387/,桜坂,地下鉄七隈線,11,1995-10-01,31,21650387
アーバンパレス大濠,4380,福岡県福岡市中央区荒戸２,地下鉄空港線「大濠公園」徒歩4分,53.88,2DK,1992年6月,https://suumo.jp//ms/chuko/fukuoka/sc_fukuokashichuo/nc_21187898/,大濠公園,地下鉄空港線,4,1992-06-01,34,21187898
アートウィル赤坂,4380,福岡県福岡市中央区赤坂３-2-35,地下鉄七隈線「桜坂」徒歩10分,65.61,2LDK,1995年10月,https://suumo.jp//ms/chuko/fukuoka/sc_fukuokashichuo/nc_21672198/,桜坂,地下鉄七隈線,10,1995-10-01,31,21672198
アートウィル赤坂,4380,福岡県福岡市中央区赤坂３,地下鉄七隈線「桜坂」徒歩10分,65.61,2LDK,1994年9月,https://suumo.jp//ms/chuko/fukuoka/sc_fukuokashichuo/nc_21714570/,桜坂,地下鉄七隈線,10,1994-09-01,32,21714570
三井薬院ハイツ,4380,福岡県福岡市中央区薬院２,地下鉄七隈線「薬院大通」徒歩6分,92.86,4LDK,1982年10月,https://suumo.jp//ms/chuko/fukuoka/sc_fukuokashichuo/nc_21664182/,薬院大通,地下鉄七隈線,6,1982-10-01,44,21664182
アートウィル赤坂,4380,福岡県福岡市中央区赤坂３,地下鉄七隈線「桜坂」徒歩10分,65.61,2LDK,1995年10月,https://suumo.jp//ms/chuko/fukuoka/sc_fukuokashichuo/nc_21695872/,桜坂,地下鉄七隈線,10,1995-10-01,31,21695872
三井薬院ハイツ,4380,福岡県福岡市中央区薬院２-11-33,地下鉄七隈線「薬院大通」徒歩6分,92.86,4LDK,1982年10月,https://suumo.jp//ms/chuko/fukuoka/sc_fukuokashichuo/nc_21668314/,薬院大通,地下鉄七隈線,6,1982-10-01,44,21668314
ペルル奈良屋,4390,福岡県福岡市博多区奈良屋町,地下鉄空港線「中洲川端」徒歩10分,60.2,2LDK,1999年8月,https://suumo.jp//ms/chuko/fukuoka/sc_fukuokashihakata/nc_21482232/,中洲川端,地下鉄空港線,10,1999-08-01,27,21482232
ロイヤルマンション西新,4399,福岡県福岡市早良区祖原,地下鉄空港線「西新」徒歩10分,84.48,4LDK,1987年11月,https://suumo.jp//ms/chuko/fukuoka/sc_fukuokashisawara/nc_21097448/,西新,地下鉄空港線,10,1987-11-01,39,21097448
ロイヤルマンション西新,4399,福岡県福岡市早良区祖原,地下鉄空港線「西新」徒歩12分,84.48,4LDK,1987年11月,https://suumo.jp//ms/chuko/fukuoka/sc_fukuokashisawara/nc_21742193/,西新,地下鉄空港線,12,1987-11-01,39,21742193
◆☆ ロイヤルマンション西新☆◆,4399,福岡県福岡市早良区祖原,地下鉄空港線「西新」徒歩8分,84.48,4LDK,1987年11月,https://suumo.jp//ms/chuko/fukuoka/sc_fukuokashisawara/nc_20854622/,西新,地下鉄空港線,8,1987-11-01,39,20854622
ロイヤルマンション西新,4399,福岡県福岡市早良区祖原,地下鉄空港線「西新」徒歩11分,84.48,4LDK,1987年11月,https://suumo.jp//ms/chuko/fukuoka/sc_fukuokashisawara/nc_21283174/,西新,地下鉄空港線,11,1987-11-01,39,21283174
ロイヤルマンション西新,4399,福岡県福岡市早良区祖原23-20,地下鉄空港線「西新」徒歩12分,84.48,4LDK,1987年11月,https://suumo.jp//ms/chuko/fukuoka/sc_fukuokashisawara/nc_21410487/,西新,地下鉄空港線,12,1987-11-01,39,21410487
ロイヤルマンション西新,4399,福岡県福岡市早良区祖原,地下鉄空港線「西新」徒歩8分,84.48,4LDK,1987年11月,https://suumo.jp//ms/chuko/fukuoka/sc_fukuokashisawara/nc_20544576/,西新,地下鉄空港線,8,1987-11-01,39,20544576
ロイヤルマンション西新,4399,福岡県福岡市早良区祖原,地下鉄空港線「西新」徒歩9分,84.48,4LDK,1987年11月,https://suumo.jp//ms/chuko/fukuoka/sc_fukuokashisawara/nc_20596774/,西新,地下鉄空港線,9,1987-11-01,39,20596774
ロイヤルマンション西新,4399,福岡県福岡市早良区祖原,地下鉄空港線「西新」徒歩10分,84.48,4LDK,1987年11月,https://suumo.jp//ms/chuko/fukuoka/sc_fukuokashisawara/nc_20798870/,西新,地下鉄空港線,10,1987-11-01,39,20798870
エクセルハイツ大濠第２,4399,福岡県福岡市中央区今川１,地下鉄空港線「唐人町」徒歩6分,73.56,3LDK,1983年2月,https://suumo.jp//ms/chuko/fukuoka/sc_fukuokashichuo/nc_21389732/,唐人町,地下鉄空港線,6,1983-02-01,43,21389732
ロイヤルマンション西新,4399,福岡県福岡市早良区祖原,地下鉄空港線「西新」徒歩12分,84.48,4LDK,1987年11月,https://suumo.jp//ms/chuko/fukuoka/sc_fukuokashisawara/nc_20846078/,西新,地下鉄空港線,12,1987-11-01,39,20846078
オープンレジデンシア博多空港通り(未入居),4448,福岡県福岡市博多区東光２-6-12,ＪＲ鹿児島本線「博多」徒歩14分,48.97,2LDK,2024年8月,https://suumo.jp//ms/chuko/fukuoka/sc_fukuokashihakata/nc_78334003/,博多,ＪＲ鹿児島本線,14,2024-08-01,2,78334003
皐月マンション南薬院,4450,福岡県福岡市中央区警固３-１－３,地下鉄七隈線「薬院大通」徒歩5分,83.87,3LDK,1982年5月,https://suumo.jp//ms/chuko/fukuoka/sc_fukuokashichuo/nc_21628302/,薬院大通,地下鉄七隈線,5,1982-05-01,44,21628302
南薬院パーク・マンション,4480,福岡県福岡市中央区薬院２,地下鉄七隈線「薬院大通」徒歩4分,72.08,3LDK,1985年5月,https://suumo.jp//ms/chuko/fukuoka/sc_fukuokashichuo/nc_21366476/,薬院大通,地下鉄七隈線,4,1985-05-01,41,21366476
平尾フェニックスマンション,4480,福岡県福岡市中央区平尾１,西鉄天神大牟田線「薬院」徒歩6分,61.29,3LDK,1991年10月,https://suumo.jp//ms/chuko/fukuoka/sc_fukuokashichuo/nc_20577801/,薬院,西鉄天神大牟田線,6,1991-10-01,35,20577801
アンピール天神東,4480,福岡県福岡市中央区春吉２,地下鉄七隈線「天神南」徒歩9分,59.67,2LDK,2004年2月,https://suumo.jp//ms/chuko/fukuoka/sc_fukuokashichuo/nc_21328629/,天神南,地下鉄七隈線,9,2004-02-01,22,21328629
南薬院パークマンション,4480,福岡県福岡市中央区薬院２,地下鉄七隈線「薬院大通」徒歩4分,72.08,3LDK,1985年5月,https://suumo.jp//ms/chuko/fukuoka/sc_fukuokashichuo/nc_21127815/,薬院大通,地下鉄七隈線,4,1985-05-01,41,21127815
南薬院パーク・マンション,4480,福岡県福岡市中央区薬院２-12-3,地下鉄七隈線「薬院大通」徒歩5分,72.08,3LDK,1985年5月,https://suumo.jp//ms/chuko/fukuoka/sc_fukuokashichuo/nc_21270731/,薬院大通,地下鉄七隈線,5,1985-05-01,41,21270731
高取パークファミリア,4480,福岡県福岡市早良区高取１,地下鉄空港線「藤崎」徒歩3分,83.36,3LDK,1982年2月,https://suumo.jp//ms/chuko/fukuoka/sc_fukuokashisawara/nc_21623380/,藤崎,地下鉄空港線,3,1982-02-01,44,21623380
南薬院パークマンション,4480,福岡県福岡市中央区薬院２,地下鉄七隈線「薬院大通」徒歩6分,72.08,3LDK,1985年5月,https://suumo.jp//ms/chuko/fukuoka/sc_fukuokashichuo/nc_21472976/,薬院大通,地下鉄七隈線,6,1985-05-01,41,21472976
エグゼ博多コンドミニアム,4480,福岡県福岡市博多区博多駅前１,地下鉄空港線「祇園」徒歩3分,42.04,1LDK,2015年2月,https://suumo.jp//ms/chuko/fukuoka/sc_fukuokashihakata/nc_21296020/,祇園,地下鉄空港線,3,2015-02-01,11,21296020
南薬院パークマンション,4480,福岡県福岡市中央区薬院２,地下鉄七隈線「薬院大通」徒歩4分,72.08,3LDK,1985年5月,https://suumo.jp//ms/chuko/fukuoka/sc_fukuokashichuo/nc_21364544/,薬院大通,地下鉄七隈線,4,1985-05-01,41,21364544
南薬院パークマンション,4480,福岡県福岡市中央区薬院２-12-3,地下鉄七隈線「薬院大通」徒歩4分,72.08,3LDK,1985年5月,https://suumo.jp//ms/chuko/fukuoka/sc_fukuokashichuo/nc_20739587/,薬院大通,地下鉄七隈線,4,1985-05-01,41,20739587
サーパス原一丁目,4480,福岡県福岡市早良区原１,地下鉄空港線「藤崎」徒歩14分,74.41,3LDK,2008年4月,https://suumo.jp//ms/chuko/fukuoka/sc_fukuokashisawara/nc_21452699/,藤崎,地下鉄空港線,14,2008-04-01,18,21452699
南薬院パーク・マンション,4480,福岡県福岡市中央区薬院２-12-3,地下鉄七隈線「薬院大通」徒歩6分,72.08,3LDK,1985年5月,https://suumo.jp//ms/chuko/fukuoka/sc_fukuokashichuo/nc_21078649/,薬院大通,地下鉄七隈線,6,1985-05-01,41,21078649
パロス・リバーコート博多壱番館,4490,福岡県福岡市博多区美野島４,地下鉄空港線「博多」徒歩15分,78.46,3LDK,1998年2月,https://suumo.jp//ms/chuko/fukuoka/sc_fukuokashihakata/nc_21642397/,博多,地下鉄空港線,15,1998-02-01,28,21642397
オリエントハイツ別府,4490,福岡県福岡市城南区別府１,地下鉄七隈線「別府」徒歩1分,84.0,3LDK,1990年5月,https://suumo.jp//ms/chuko/fukuoka/sc_fukuokashijonan/nc_20199429/,別府,地下鉄七隈線,1,1990-05-01,36,20199429
パーク・サンリヤン博多の森Ⅰ・Ⅱ番館,4490,福岡県糟屋郡志免町別府西２,地下鉄空港線「福岡空港」徒歩10分,96.27,4LDK,2003年3月,https://suumo.jp//ms/chuko/fukuoka/sc_kasuyagunshime/nc_21414595/,福岡空港,地下鉄空港線,10,2003-03-01,23,21414595
アルデ別府,4490,福岡県福岡市城南区別府１-16-28,地下鉄七隈線「別府」徒歩6分,107.96,4LDK,2006年1月,https://suumo.jp//ms/chuko/fukuoka/sc_fukuokashijonan/nc_77889490/,別府,地下鉄七隈線,6,2006-01-01,20,77889490
クリオ渡辺通アーバンマークス,4498,福岡県福岡市中央区清川２,地下鉄七隈線「渡辺通」徒歩10分,44.58,2LDK,2023年2月,https://suumo.jp//ms/chuko/fukuoka/sc_fukuokashichuo/nc_21530274/,渡辺通,地下鉄七隈線,10,2023-02-01,3,21530274
アルファライフ博多,4499,福岡県福岡市博多区住吉５-5-22,ＪＲ博多南線「博多」徒歩11分,53.04,1LDK,2011年3月,https://suumo.jp//ms/chuko/fukuoka/sc_fukuokashihakata/nc_21685132/,博多,ＪＲ博多南線,11,2011-03-01,15,21685132
アルファライフ博多,4499,福岡県福岡市博多区住吉５,地下鉄七隈線「博多」徒歩13分,53.04,1LDK,2011年3月,https://suumo.jp//ms/chuko/fukuoka/sc_fukuokashihakata/nc_20155224/,博多,地下鉄七隈線,13,2011-03-01,15,20155224
アルファライフ博多プレシャス,4499,福岡県福岡市博多区住吉５,ＪＲ篠栗線「博多」徒歩14分,53.04,1LDK,2011年3月,https://suumo.jp//ms/chuko/fukuoka/sc_fukuokashihakata/nc_21468214/,博多,ＪＲ篠栗線,14,2011-03-01,15,21468214
アルファライフ博多,4499,福岡県福岡市博多区住吉５,ＪＲ鹿児島本線「博多」徒歩14分,53.04,1LDK,2011年3月,https://suumo.jp//ms/chuko/fukuoka/sc_fukuokashihakata/nc_20564572/,博多,ＪＲ鹿児島本線,14,2011-03-01,15,20564572
アルファライフ博多,4499,福岡県福岡市博多区住吉５-5-22,ＪＲ篠栗線「博多」徒歩14分,53.04,1LDK,2011年3月,https://suumo.jp//ms/chuko/fukuoka/sc_fukuokashihakata/nc_20733990/,博多,ＪＲ篠栗線,14,2011-03-01,15,20733990
アルファライフ博多プレシャス,4499,福岡県福岡市博多区住吉５,地下鉄七隈線「博多」徒歩15分,53.04,1LDK,2011年3月,https://suumo.jp//ms/chuko/fukuoka/sc_fukuokashihakata/nc_20590548/,博多,地下鉄七隈線,15,2011-03-01,15,20590548
アルファライフ博多,4499,福岡県福岡市博多区住吉５,ＪＲ鹿児島本線「博多」徒歩13分,53.04,1LDK,2011年3月,https://suumo.jp//ms/chuko/fukuoka/sc_fukuokashihakata/nc_20823573/,博多,ＪＲ鹿児島本線,13,2011-03-01,15,20823573
アルファライフ博多プレシャス,4499,福岡県福岡市博多区住吉５-5-22,ＪＲ鹿児島本線「博多」徒歩14分,53.04,1LDK,2011年3月,https://suumo.jp//ms/chuko/fukuoka/sc_fukuokashihakata/nc_20956727/,博多,ＪＲ鹿児島本線,14,2011-03-01,15,20956727
アルファライフ博多,4499,福岡県福岡市博多区住吉５-5-22,ＪＲ篠栗線「博多」徒歩14分,53.04,1LDK,2011年3月,https://suumo.jp//ms/chuko/fukuoka/sc_fukuokashihakata/nc_21511557/,博多,ＪＲ篠栗線,14,2011-03-01,15,21511557
アルファライフ博多,4499,福岡県福岡市博多区住吉５,ＪＲ鹿児島本線「博多」徒歩13分,53.04,1LDK,2011年3月,https://suumo.jp//ms/chuko/fukuoka/sc_fukuokashihakata/nc_20610221/,博多,ＪＲ鹿児島本線,13,2011-03-01,15,20610221
アルファライフ博多,4499,福岡県福岡市博多区住吉５,ＪＲ鹿児島本線「博多」徒歩14分,53.04,1LDK,2011年3月,https://suumo.jp//ms/chuko/fukuoka/sc_fukuokashihakata/nc_20875883/,博多,ＪＲ鹿児島本線,14,2011-03-01,15,20875883
アルファライフ博多,4499,福岡県福岡市博多区住吉５,ＪＲ鹿児島本線「博多」徒歩14分,53.04,1LDK,2011年3月,https://suumo.jp//ms/chuko/fukuoka/sc_fukuokashihakata/nc_21086949/,博多,ＪＲ鹿児島本線,14,2011-03-01,15,21086949
アルファライフ博多,4499,福岡県福岡市博多区住吉５,地下鉄空港線「博多」徒歩13分,53.04,1LDK,2011年3月,https://suumo.jp//ms/chuko/fukuoka/sc_fukuokashihakata/nc_20997471/,博多,地下鉄空港線,13,2011-03-01,15,20997471
アルファライフ博多,4499,福岡県福岡市博多区住吉５-5-22,ＪＲ篠栗線「博多」徒歩14分,53.04,1LDK,2011年3月,https://suumo.jp//ms/chuko/fukuoka/sc_fukuokashihakata/nc_20163293/,博多,ＪＲ篠栗線,14,2011-03-01,15,20163293
アルファライフ博多,4499,福岡県福岡市博多区住吉５,ＪＲ鹿児島本線「博多」徒歩14分,53.04,1LDK,2011年3月,https://suumo.jp//ms/chuko/fukuoka/sc_fukuokashihakata/nc_79167310/,博多,ＪＲ鹿児島本線,14,2011-03-01,15,79167310
アルファライフ博多プレシャス,4499,福岡県福岡市博多区住吉５,地下鉄七隈線「博多」徒歩15分,53.04,1LDK,2011年3月,https://suumo.jp//ms/chuko/fukuoka/sc_fukuokashihakata/nc_21209105/,博多,地下鉄七隈線,15,2011-03-01,15,21209105
アルファライフ博多,4499,福岡県福岡市博多区住吉５-5-22,ＪＲ鹿児島本線「博多」徒歩14分,53.04,1LDK,2011年3月,https://suumo.jp//ms/chuko/fukuoka/sc_fukuokashihakata/nc_20201860/,博多,ＪＲ鹿児島本線,14,2011-03-01,15,20201860
アルファライフ博多,4499,福岡県福岡市博多区住吉５,ＪＲ鹿児島本線「博多」徒歩14分,53.04,1LDK,2011年3月,https://suumo.jp//ms/chuko/fukuoka/sc_fukuokashihakata/nc_21737232/,博多,ＪＲ鹿児島本線,14,2011-03-01,15,21737232
アーバンパレスラガール城南,4580,福岡県福岡市城南区別府４,地下鉄七隈線「別府」徒歩6分,74.43,3LDK,2005年2月,https://suumo.jp//ms/chuko/fukuoka/sc_fukuokashijonan/nc_21473111/,別府,地下鉄七隈線,6,2005-02-01,21,21473111
ライオンズマンション大濠第二,4580,福岡県福岡市中央区黒門,地下鉄空港線「唐人町」徒歩3分,72.5,3LDK,1983年2月,https://suumo.jp//ms/chuko/fukuoka/sc_fukuokashichuo/nc_20623163/,唐人町,地下鉄空港線,3,1983-02-01,43,20623163
アルデ別府,4580,福岡県福岡市城南区別府１-16-28,地下鉄七隈線「別府」徒歩3分,112.19,3LDK,2006年1月,https://suumo.jp//ms/chuko/fukuoka/sc_fukuokashijonan/nc_21260915/,別府,地下鉄七隈線,3,2006-01-01,20,21260915
アートウィル赤坂,4580,福岡県福岡市中央区赤坂３,地下鉄七隈線「桜坂」徒歩9分,65.61,2LDK,1994年10月,https://suumo.jp//ms/chuko/fukuoka/sc_fukuokashichuo/nc_20964533/,桜坂,地下鉄七隈線,9,1994-10-01,32,20964533
渡辺通カステリア,4580,福岡県福岡市中央区渡辺通２,地下鉄七隈線「薬院」徒歩4分,69.76,3LDK,1980年4月,https://suumo.jp//ms/chuko/fukuoka/sc_fukuokashichuo/nc_21365550/,薬院,地下鉄七隈線,4,1980-04-01,46,21365550
ティアラ薬院,4580,福岡県福岡市中央区薬院２,地下鉄七隈線「薬院大通」徒歩3分,87.4,2LDK,1991年12月,https://suumo.jp//ms/chuko/fukuoka/sc_fukuokashichuo/nc_74671558/,薬院大通,地下鉄七隈線,3,1991-12-01,35,74671558
コーポ大濠,4580,福岡県福岡市中央区荒戸１,地下鉄空港線「大濠公園」徒歩2分,149.22,3LDK,1985年3月,https://suumo.jp//ms/chuko/fukuoka/sc_fukuokashichuo/nc_21149220/,大濠公園,地下鉄空港線,2,1985-03-01,41,21149220
ロマネスク六本松第２　Ａ棟,4590,福岡県福岡市中央区谷１,地下鉄七隈線「六本松」徒歩4分,78.12,3LDK,1987年8月,https://suumo.jp//ms/chuko/fukuoka/sc_fukuokashichuo/nc_21029230/,六本松,地下鉄七隈線,4,1987-08-01,39,21029230
アルファライフ博多,4599,福岡県福岡市博多区住吉５-5-22,地下鉄七隈線「博多」徒歩13分,53.04,1LDK,2011年3月,https://suumo.jp//ms/chuko/fukuoka/sc_fukuokashihakata/nc_21637723/,博多,地下鉄七隈線,13,2011-03-01,15,21637723
アルファライフ博多,4599,福岡県福岡市博多区住吉５,地下鉄空港線「博多」徒歩13分,53.04,1LDK,2011年3月,https://suumo.jp//ms/chuko/fukuoka/sc_fukuokashihakata/nc_20997475/,博多,地下鉄空港線,13,2011-03-01,15,20997475
東急ドエル・アルス博多・古門戸町,4690,福岡県福岡市博多区古門戸町,地下鉄箱崎線「中洲川端」徒歩6分,55.39,2LDK,1997年2月,https://suumo.jp//ms/chuko/fukuoka/sc_fukuokashihakata/nc_20667143/,中洲川端,地下鉄箱崎線,6,1997-02-01,29,20667143
朝日プラザ天神,4690,福岡県福岡市中央区舞鶴１,地下鉄空港線「天神」徒歩4分,69.3,3LDK+S（納戸）,1986年5月,https://suumo.jp//ms/chuko/fukuoka/sc_fukuokashichuo/nc_21676819/,天神,地下鉄空港線,4,1986-05-01,40,21676819
大濠パーク・ホームズ,4780,福岡県福岡市中央区大濠２,地下鉄空港線「唐人町」徒歩7分,90.82,2LDK,1979年3月,https://suumo.jp//ms/chuko/fukuoka/sc_fukuokashichuo/nc_21623845/,唐人町,地下鉄空港線,7,1979-03-01,47,21623845
シティハウス室見リバーサイドコート,4780,福岡県福岡市早良区室見２,地下鉄空港線「藤崎」徒歩8分,77.69,3LDK,2005年1月,https://suumo.jp//ms/chuko/fukuoka/sc_fukuokashisawara/nc_21377305/,藤崎,地下鉄空港線,8,2005-01-01,21,21377305
デュ・レジア大濠,4780,福岡県福岡市中央区黒門,地下鉄空港線「唐人町」徒歩2分,35.56,1LDK,2020年11月,https://suumo.jp//ms/chuko/fukuoka/sc_fukuokashichuo/nc_21692515/,唐人町,地下鉄空港線,2,2020-11-01,6,21692515
ロマネスク浄水通り,4790,福岡県福岡市中央区薬院４,地下鉄七隈線「薬院大通」徒歩5分,91.98,3LDK,1986年7月,https://suumo.jp//ms/chuko/fukuoka/sc_fukuokashichuo/nc_21120042/,薬院大通,地下鉄七隈線,5,1986-07-01,40,21120042
モントーレヴェルキューブシティ福岡空港駅,4790,福岡県糟屋郡志免町別府西３,地下鉄空港線「福岡空港」徒歩11分,79.29,4LDK,2010年2月,https://suumo.jp//ms/chuko/fukuoka/sc_kasuyagunshime/nc_21587513/,福岡空港,地下鉄空港線,11,2010-02-01,16,21587513
ロイヤルマンションユトリテ田島,4799,福岡県福岡市城南区田島１,地下鉄七隈線「別府」徒歩15分,91.98,3LDK+S（納戸）,2005年3月,https://suumo.jp//ms/chuko/fukuoka/sc_fukuokashijonan/nc_21086708/,別府,地下鉄七隈線,15,2005-03-01,21,21086708
ロイヤルマンションユトリテ田島,4799,福岡県福岡市城南区田島１-4-18,地下鉄七隈線「別府」徒歩13分,91.98,3LDK+S（納戸）,2005年3月,https://suumo.jp//ms/chuko/fukuoka/sc_fukuokashijonan/nc_20646788/,別府,地下鉄七隈線,13,2005-03-01,21,20646788
ウェルリバービュー天神,4800,福岡県福岡市博多区中洲中島町,地下鉄空港線「中洲川端」徒歩6分,55.54,2LDK,2006年3月,https://suumo.jp//ms/chuko/fukuoka/sc_fukuokashihakata/nc_21485294/,中洲川端,地下鉄空港線,6,2006-03-01,20,21485294
エステートマンション大濠グランディール,4880,福岡県福岡市中央区今川２-7-52,地下鉄空港線「唐人町」徒歩8分,68.37,3LDK,1991年3月,https://suumo.jp//ms/chuko/fukuoka/sc_fukuokashichuo/nc_21240480/,唐人町,地下鉄空港線,8,1991-03-01,35,21240480
エンゼルハイム鳥飼中央,4880,福岡県福岡市中央区鳥飼１,地下鉄空港線「唐人町」徒歩15分,75.68,3LDK,2001年3月,https://suumo.jp//ms/chuko/fukuoka/sc_fukuokashichuo/nc_20842992/,唐人町,地下鉄空港線,15,2001-03-01,25,20842992
エステートマンション大濠グランディール,4880,福岡県福岡市中央区今川２,地下鉄空港線「唐人町」徒歩8分,68.37,3LDK,1991年3月,https://suumo.jp//ms/chuko/fukuoka/sc_fukuokashichuo/nc_21322623/,唐人町,地下鉄空港線,8,1991-03-01,35,21322623
コモダス奈良屋,4880,福岡県福岡市博多区奈良屋町,地下鉄空港線「中洲川端」徒歩12分,56.3,2LDK,2001年10月,https://suumo.jp//ms/chuko/fukuoka/sc_fukuokashihakata/nc_20902271/,中洲川端,地下鉄空港線,12,2001-10-01,25,20902271
ライオンズタワー城南別府,4880,福岡県福岡市城南区別府５,地下鉄七隈線「別府」徒歩5分,75.72,3LDK,2002年11月,https://suumo.jp//ms/chuko/fukuoka/sc_fukuokashijonan/nc_21642398/,別府,地下鉄七隈線,5,2002-11-01,24,21642398
東峰マンション六本松,4890,福岡県福岡市中央区輝国２,地下鉄七隈線「六本松」徒歩8分,78.87,2LDK,1989年5月,https://suumo.jp//ms/chuko/fukuoka/sc_fukuokashichuo/nc_21221610/,六本松,地下鉄七隈線,8,1989-05-01,37,21221610
アーバンパレスアクス大濠Ⅱ,4890,福岡県福岡市中央区荒戸３-3-15,地下鉄空港線「唐人町」徒歩5分,74.2,3LDK,1999年3月,https://suumo.jp//ms/chuko/fukuoka/sc_fukuokashichuo/nc_76431436/,唐人町,地下鉄空港線,5,1999-03-01,27,76431436
ソレイユ赤坂南,4898,福岡県福岡市中央区六本松３,地下鉄七隈線「桜坂」徒歩6分,75.03,3LDK,1989年10月,https://suumo.jp//ms/chuko/fukuoka/sc_fukuokashichuo/nc_21187884/,桜坂,地下鉄七隈線,6,1989-10-01,37,21187884
ソレイユ赤坂南,4898,福岡県福岡市中央区六本松３,地下鉄七隈線「桜坂」徒歩7分,75.03,3LDK,1989年10月,https://suumo.jp//ms/chuko/fukuoka/sc_fukuokashichuo/nc_20975360/,桜坂,地下鉄七隈線,7,1989-10-01,37,20975360
ソレイユ赤坂南,4898,福岡県福岡市中央区六本松３,地下鉄七隈線「桜坂」徒歩7分,75.03,3LDK,1989年10月,https://suumo.jp//ms/chuko/fukuoka/sc_fukuokashichuo/nc_20932015/,桜坂,地下鉄七隈線,7,1989-10-01,37,20932015
ソレイユ赤坂南,4898,福岡県福岡市中央区六本松３,地下鉄七隈線「桜坂」徒歩7分,75.03,3LDK,1989年10月,https://suumo.jp//ms/chuko/fukuoka/sc_fukuokashichuo/nc_21454848/,桜坂,地下鉄七隈線,7,1989-10-01,37,21454848
ソレイユ赤坂南,4898,福岡県福岡市中央区六本松３,地下鉄七隈線「桜坂」徒歩6分,75.03,3LDK,1989年10月,https://suumo.jp//ms/chuko/fukuoka/sc_fukuokashichuo/nc_21230346/,桜坂,地下鉄七隈線,6,1989-10-01,37,21230346
パーク・エステート博多,4899,福岡県福岡市博多区店屋町,地下鉄空港線「中洲川端」徒歩6分,60.81,2LDK,1997年2月,https://suumo.jp//ms/chuko/fukuoka/sc_fukuokashihakata/nc_21677241/,中洲川端,地下鉄空港線,6,1997-02-01,29,21677241
アクロス天神ファーストステージ,4980,福岡県福岡市中央区清川２,地下鉄七隈線「渡辺通」徒歩10分,80.8,3LDK,2001年11月,https://suumo.jp//ms/chuko/fukuoka/sc_fukuokashichuo/nc_20456602/,渡辺通,地下鉄七隈線,10,2001-11-01,25,20456602
エンゼルハイム鳥飼中央,4980,福岡県福岡市中央区鳥飼１,地下鉄七隈線「六本松」徒歩15分,75.68,3LDK,2001年3月,https://suumo.jp//ms/chuko/fukuoka/sc_fukuokashichuo/nc_21431595/,六本松,地下鉄七隈線,15,2001-03-01,25,21431595
ソピア大濠西,4980,福岡県福岡市中央区鳥飼３-16-3,地下鉄空港線「西新」徒歩9分,69.57,3LDK,1999年3月,https://suumo.jp//ms/chuko/fukuoka/sc_fukuokashichuo/nc_21744771/,西新,地下鉄空港線,9,1999-03-01,27,21744771
ソピア大濠西,4980,福岡県福岡市中央区鳥飼３,地下鉄空港線「西新」徒歩10分,69.57,3LDK,1999年3月,https://suumo.jp//ms/chuko/fukuoka/sc_fukuokashichuo/nc_21756763/,西新,地下鉄空港線,10,1999-03-01,27,21756763
ソピア大濠西,4980,福岡県福岡市中央区鳥飼３-１６－９,地下鉄空港線「西新」徒歩10分,69.57,3LDK,1999年3月,https://suumo.jp//ms/chuko/fukuoka/sc_fukuokashichuo/nc_21649047/,西新,地下鉄空港線,10,1999-03-01,27,21649047
デュオヴェール博多駅,4980,福岡県福岡市博多区博多駅東１,地下鉄空港線「博多」徒歩7分,48.76,2LDK,2023年6月,https://suumo.jp//ms/chuko/fukuoka/sc_fukuokashihakata/nc_20780394/,博多,地下鉄空港線,7,2023-06-01,3,20780394
オーセントスクエア弥生,4980,福岡県福岡市早良区弥生２,地下鉄空港線「藤崎」徒歩10分,70.3,2LDK,2005年2月,https://suumo.jp//ms/chuko/fukuoka/sc_fukuokashisawara/nc_21392051/,藤崎,地下鉄空港線,10,2005-02-01,21,21392051
ライオンズマンシヨン赤坂,4980,福岡県福岡市中央区赤坂２,地下鉄空港線「赤坂」徒歩8分,78.98,2LDK+S（納戸）,1979年11月,https://suumo.jp//ms/chuko/fukuoka/sc_fukuokashichuo/nc_21666801/,赤坂,地下鉄空港線,8,1979-11-01,47,21666801
ロイヤルアーク西新,4980,福岡県福岡市早良区城西２,地下鉄空港線「西新」徒歩9分,69.46,3LDK,1994年3月,https://suumo.jp//ms/chuko/fukuoka/sc_fukuokashisawara/nc_21646819/,西新,地下鉄空港線,9,1994-03-01,32,21646819
ソピア大濠西,4980,福岡県福岡市中央区鳥飼３,地下鉄空港線「西新」徒歩10分,69.57,3LDK,1999年3月,https://suumo.jp//ms/chuko/fukuoka/sc_fukuokashichuo/nc_21653448/,西新,地下鉄空港線,10,1999-03-01,27,21653448
デュオヴェール薬院,4980,福岡県福岡市中央区高砂１,西鉄天神大牟田線「薬院」徒歩7分,45.23,2LDK,2019年8月,https://suumo.jp//ms/chuko/fukuoka/sc_fukuokashichuo/nc_21528637/,薬院,西鉄天神大牟田線,7,2019-08-01,7,21528637
ライオンズマンション天神南,4980,福岡県福岡市中央区今泉２,地下鉄七隈線「薬院大通」徒歩7分,86.02,1LDK,1992年3月,https://suumo.jp//ms/chuko/fukuoka/sc_fukuokashichuo/nc_20435722/,薬院大通,地下鉄七隈線,7,1992-03-01,34,20435722
ソピア大濠西　601,4980,福岡県福岡市中央区鳥飼３-16-9,地下鉄空港線「西新」徒歩10分,69.57,3LDK,1999年3月,https://suumo.jp//ms/chuko/fukuoka/sc_fukuokashichuo/nc_21644409/,西新,地下鉄空港線,10,1999-03-01,27,21644409
ロイヤルマンション別府,4990,福岡県福岡市城南区別府３,地下鉄七隈線「別府」徒歩4分,81.0,3LDK,1986年4月,https://suumo.jp//ms/chuko/fukuoka/sc_fukuokashijonan/nc_21168976/,別府,地下鉄七隈線,4,1986-04-01,40,21168976
別府駅徒歩1分♪ ロイヤルマンション別府　【担当：出…,4990,福岡県福岡市城南区別府３-1-11,地下鉄七隈線「別府」徒歩1分,81.0,3LDK,1986年4月,https://suumo.jp//ms/chuko/fukuoka/sc_fukuokashijonan/nc_21172909/,別府,地下鉄七隈線,1,1986-04-01,40,21172909
ロイヤルマンション別府,4990,福岡県福岡市城南区別府３,地下鉄七隈線「別府」徒歩1分,81.0,3LDK,1986年4月,https://suumo.jp//ms/chuko/fukuoka/sc_fukuokashijonan/nc_21175231/,別府,地下鉄七隈線,1,1986-04-01,40,21175231
クリスタージュ２番館,4990,福岡県福岡市早良区百道浜４,地下鉄空港線「藤崎」徒歩11分,102.28,4LDK,1992年5月,https://suumo.jp//ms/chuko/fukuoka/sc_fukuokashisawara/nc_78014368/,藤崎,地下鉄空港線,11,1992-05-01,34,78014368
アンピール博多駅,4990,福岡県福岡市博多区堅粕３,ＪＲ鹿児島本線「博多」徒歩13分,84.77,4LDK,1997年10月,https://suumo.jp//ms/chuko/fukuoka/sc_fukuokashihakata/nc_21672232/,博多,ＪＲ鹿児島本線,13,1997-10-01,29,21672232
アーバンパレス大濠,4999,福岡県福岡市中央区荒戸２,地下鉄空港線「大濠公園」徒歩4分,53.88,2LDK,1992年6月,https://suumo.jp//ms/chuko/fukuoka/sc_fukuokashichuo/nc_21602083/,大濠公園,地下鉄空港線,4,1992-06-01,34,21602083
平尾フェニックスマンション,5080,福岡県福岡市中央区平尾１,西鉄天神大牟田線「薬院」徒歩6分,79.07,3LDK,1991年10月,https://suumo.jp//ms/chuko/fukuoka/sc_fukuokashichuo/nc_20451513/,薬院,西鉄天神大牟田線,6,1991-10-01,35,20451513
●ライオンズマンション薬院第5　【担当：高橋】　まで…,5080,福岡県福岡市中央区薬院２,地下鉄七隈線「薬院大通」徒歩4分,80.06,2LDK,1982年7月,https://suumo.jp//ms/chuko/fukuoka/sc_fukuokashichuo/nc_21494266/,薬院大通,地下鉄七隈線,4,1982-07-01,44,21494266
皐月マンション冷泉公園,5100,福岡県福岡市博多区上川端町,地下鉄空港線「中洲川端」徒歩4分,100.38,4LDK,1986年3月,https://suumo.jp//ms/chuko/fukuoka/sc_fukuokashihakata/nc_21659051/,中洲川端,地下鉄空港線,4,1986-03-01,40,21659051
サングレート博多駅南センターステージ,5180,福岡県福岡市博多区博多駅南２,ＪＲ鹿児島本線「博多」徒歩10分,60.91,2LDK,2000年9月,https://suumo.jp//ms/chuko/fukuoka/sc_fukuokashihakata/nc_21654160/,博多,ＪＲ鹿児島本線,10,2000-09-01,26,21654160
サングレート博多駅南センターステージ,5180,福岡県福岡市博多区博多駅南２,ＪＲ鹿児島本線「博多」徒歩13分,60.91,2LDK,2000年9月,https://suumo.jp//ms/chuko/fukuoka/sc_fukuokashihakata/nc_21126548/,博多,ＪＲ鹿児島本線,13,2000-09-01,26,21126548
サングレート博多駅南センターステージ,5180,福岡県福岡市博多区博多駅南２,地下鉄空港線「博多」徒歩10分,60.91,2LDK,2000年9月,https://suumo.jp//ms/chuko/fukuoka/sc_fukuokashihakata/nc_21588626/,博多,地下鉄空港線,10,2000-09-01,26,21588626
ダイアパレスグランデージ博多駅前,5180,福岡県福岡市博多区博多駅前４-23-12,地下鉄七隈線「博多」徒歩9分,64.64,3LDK,1998年7月,https://suumo.jp//ms/chuko/fukuoka/sc_fukuokashihakata/nc_21181989/,博多,地下鉄七隈線,9,1998-07-01,28,21181989
グランドメゾン鳥飼,5180,福岡県福岡市城南区鳥飼６,地下鉄七隈線「別府」徒歩8分,72.93,3LDK,2000年1月,https://suumo.jp//ms/chuko/fukuoka/sc_fukuokashijonan/nc_20727247/,別府,地下鉄七隈線,8,2000-01-01,26,20727247
リーベスト祖原公園アソシア,5180,福岡県福岡市早良区昭代１,地下鉄空港線「西新」徒歩12分,88.35,4LDK,1999年3月,https://suumo.jp//ms/chuko/fukuoka/sc_fukuokashisawara/nc_21305469/,西新,地下鉄空港線,12,1999-03-01,27,21305469
ファミール平尾,5280,福岡県福岡市中央区那の川２,地下鉄七隈線「薬院」徒歩15分,70.4,2LDK,1996年1月,https://suumo.jp//ms/chuko/fukuoka/sc_fukuokashichuo/nc_21469823/,薬院,地下鉄七隈線,15,1996-01-01,30,21469823
コアマンション神屋町,5280,福岡県福岡市博多区神屋町,地下鉄空港線「中洲川端」徒歩10分,71.85,3LDK,1996年7月,https://suumo.jp//ms/chuko/fukuoka/sc_fukuokashihakata/nc_21187880/,中洲川端,地下鉄空港線,10,1996-07-01,30,21187880
トラスト福岡空港駅レジデンス,5280,福岡県糟屋郡志免町別府北４,地下鉄空港線「福岡空港」徒歩12分,79.35,4LDK,2024年5月,https://suumo.jp//ms/chuko/fukuoka/sc_kasuyagunshime/nc_21418129/,福岡空港,地下鉄空港線,12,2024-05-01,2,21418129
グランドメゾン鳥飼,5280,福岡県福岡市城南区鳥飼６,地下鉄七隈線「別府」徒歩7分,85.21,3LDK,2000年1月,https://suumo.jp//ms/chuko/fukuoka/sc_fukuokashijonan/nc_21542569/,別府,地下鉄七隈線,7,2000-01-01,26,21542569
ソピア大濠西,5280,福岡県福岡市中央区鳥飼３,地下鉄空港線「西新」徒歩10分,69.57,3LDK,1999年3月,https://suumo.jp//ms/chuko/fukuoka/sc_fukuokashichuo/nc_20977249/,西新,地下鉄空港線,10,1999-03-01,27,20977249
ＭＪＲ博多ザ・レジデンス,5290,福岡県福岡市博多区美野島１,ＪＲ鹿児島本線「博多」徒歩13分,52.78,1LDK,2025年1月,https://suumo.jp//ms/chuko/fukuoka/sc_fukuokashihakata/nc_21194212/,博多,ＪＲ鹿児島本線,13,2025-01-01,1,21194212
ＭＪＲ博多ザ・レジデンス,5290,福岡県福岡市博多区美野島１,ＪＲ鹿児島本線「博多」徒歩13分,52.78,1LDK,2025年1月,https://suumo.jp//ms/chuko/fukuoka/sc_fukuokashihakata/nc_21206795/,博多,ＪＲ鹿児島本線,13,2025-01-01,1,21206795
サーパス別府四丁目,5300,福岡県福岡市城南区別府４-１３－４０,地下鉄七隈線「別府」徒歩9分,77.42,3LDK,2005年2月,https://suumo.jp//ms/chuko/fukuoka/sc_fukuokashijonan/nc_21389319/,別府,地下鉄七隈線,9,2005-02-01,21,21389319
アーバンパレス天神南ハートランドタワー,5370,福岡県福岡市中央区清川３,地下鉄七隈線「渡辺通」徒歩14分,80.98,4LDK,1998年7月,https://suumo.jp//ms/chuko/fukuoka/sc_fukuokashichuo/nc_21586267/,渡辺通,地下鉄七隈線,14,1998-07-01,28,21586267
シャトレ平尾　リ ノ ベ,5380,福岡県福岡市中央区平尾１-12-6,西鉄天神大牟田線「薬院」徒歩8分,88.92,3LDK,1985年7月,https://suumo.jp//ms/chuko/fukuoka/sc_fukuokashichuo/nc_20985236/,薬院,西鉄天神大牟田線,8,1985-07-01,41,20985236
東峰マンションアーバンスクエア博多駅,5380,福岡県福岡市博多区博多駅南１,地下鉄空港線「博多」徒歩9分,70.37,2LDK,2000年11月,https://suumo.jp//ms/chuko/fukuoka/sc_fukuokashihakata/nc_21345811/,博多,地下鉄空港線,9,2000-11-01,26,21345811
東急ドエルアルス桜坂,5390,福岡県福岡市中央区桜坂１,地下鉄七隈線「桜坂」徒歩7分,77.6,3LDK,1996年3月,https://suumo.jp//ms/chuko/fukuoka/sc_fukuokashichuo/nc_21381109/,桜坂,地下鉄七隈線,7,1996-03-01,30,21381109
浄水通りパーク・ホームズ,5399,福岡県福岡市中央区薬院４,地下鉄七隈線「薬院大通」徒歩4分,61.48,3LDK,1994年3月,https://suumo.jp//ms/chuko/fukuoka/sc_fukuokashichuo/nc_21118149/,薬院大通,地下鉄七隈線,4,1994-03-01,32,21118149
エンゼル西新サウスコート,5400,福岡県福岡市早良区曙２,地下鉄空港線「西新」徒歩13分,78.06,2LDK,2003年3月,https://suumo.jp//ms/chuko/fukuoka/sc_fukuokashisawara/nc_21610999/,西新,地下鉄空港線,13,2003-03-01,23,21610999
ライオンズプラザ大濠公園,5480,福岡県福岡市中央区荒戸３,地下鉄空港線「唐人町」徒歩6分,66.63,3LDK,1995年11月,https://suumo.jp//ms/chuko/fukuoka/sc_fukuokashichuo/nc_79107636/,唐人町,地下鉄空港線,6,1995-11-01,31,79107636
クリオラベルヴィ博多,5480,福岡県福岡市博多区比恵町,地下鉄空港線「東比恵」徒歩4分,54.01,2LDK,2019年10月,https://suumo.jp//ms/chuko/fukuoka/sc_fukuokashihakata/nc_20577788/,東比恵,地下鉄空港線,4,2019-10-01,7,20577788
サントーア薬院,5480,福岡県福岡市中央区薬院２-5-33,地下鉄七隈線「薬院大通」徒歩3分,73.35,2LDK,1995年8月,https://suumo.jp//ms/chuko/fukuoka/sc_fukuokashichuo/nc_21662106/,薬院大通,地下鉄七隈線,3,1995-08-01,31,21662106
ライオンズプラザ大濠公園,5480,福岡県福岡市中央区荒戸３-2-41,地下鉄空港線「唐人町」徒歩6分,66.63,3LDK,1995年11月,https://suumo.jp//ms/chuko/fukuoka/sc_fukuokashichuo/nc_21104833/,唐人町,地下鉄空港線,6,1995-11-01,31,21104833
オープンレジデンシア博多住吉,5480,福岡県福岡市博多区住吉２,地下鉄七隈線「櫛田神社前」徒歩5分,51.18,1LDK,2023年9月,https://suumo.jp//ms/chuko/fukuoka/sc_fukuokashihakata/nc_21740549/,櫛田神社前,地下鉄七隈線,5,2023-09-01,3,21740549
オープンレジデンシア渡辺通南,5480,福岡県福岡市中央区清川２,地下鉄七隈線「渡辺通」徒歩11分,52.27,2LDK,2024年8月,https://suumo.jp//ms/chuko/fukuoka/sc_fukuokashichuo/nc_21405715/,渡辺通,地下鉄七隈線,11,2024-08-01,2,21405715
クリスタージュ２番館,5480,福岡県福岡市早良区百道浜４,地下鉄空港線「藤崎」徒歩11分,102.28,4LDK,1992年5月,https://suumo.jp//ms/chuko/fukuoka/sc_fukuokashisawara/nc_78722109/,藤崎,地下鉄空港線,11,1992-05-01,34,78722109
パークホームズ室見駅前,5490,福岡県福岡市早良区室見５,地下鉄空港線「藤崎」徒歩13分,71.47,3LDK,2004年5月,https://suumo.jp//ms/chuko/fukuoka/sc_fukuokashisawara/nc_21215024/,藤崎,地下鉄空港線,13,2004-05-01,22,21215024
パークホームズ室見駅前,5490,福岡県福岡市早良区室見５,地下鉄空港線「藤崎」徒歩13分,71.47,3LDK,2004年5月,https://suumo.jp//ms/chuko/fukuoka/sc_fukuokashisawara/nc_21656275/,藤崎,地下鉄空港線,13,2004-05-01,22,21656275
三井薬院ハイツ,5500,福岡県福岡市中央区薬院２-11-33,地下鉄七隈線「薬院大通」徒歩6分,98.7,4LDK,1982年10月,https://suumo.jp//ms/chuko/fukuoka/sc_fukuokashichuo/nc_21718665/,薬院大通,地下鉄七隈線,6,1982-10-01,44,21718665
グランフォーレ大濠西,5500,福岡県福岡市中央区鳥飼３,地下鉄空港線「西新」徒歩10分,60.08,2LDK,2018年10月,https://suumo.jp//ms/chuko/fukuoka/sc_fukuokashichuo/nc_21698749/,西新,地下鉄空港線,10,2018-10-01,8,21698749
ライオンズシティ高砂,5590,福岡県福岡市中央区高砂１,地下鉄七隈線「薬院」徒歩7分,88.06,4LDK,2002年7月,https://suumo.jp//ms/chuko/fukuoka/sc_fukuokashichuo/nc_21312064/,薬院,地下鉄七隈線,7,2002-07-01,24,21312064
サングレート薬院駅ロイヤルウィン,5680,福岡県福岡市中央区平尾１,西鉄天神大牟田線「薬院」徒歩4分,55.72,1LDK,2003年12月,https://suumo.jp//ms/chuko/fukuoka/sc_fukuokashichuo/nc_73662868/,薬院,西鉄天神大牟田線,4,2003-12-01,23,73662868
サングレート薬院駅ロイヤルウィン,5680,福岡県福岡市中央区平尾１,西鉄天神大牟田線「薬院」徒歩4分,55.72,1LDK,2003年11月,https://suumo.jp//ms/chuko/fukuoka/sc_fukuokashichuo/nc_21687596/,薬院,西鉄天神大牟田線,4,2003-11-01,23,21687596
サングレート薬院駅ロイヤルウィン,5680,福岡県福岡市中央区平尾１,西鉄天神大牟田線「薬院」徒歩4分,55.72,1LDK,2003年11月,https://suumo.jp//ms/chuko/fukuoka/sc_fukuokashichuo/nc_21694599/,薬院,西鉄天神大牟田線,4,2003-11-01,23,21694599
サングレート薬院駅ロイヤルウィン,5680,福岡県福岡市中央区平尾１,西鉄天神大牟田線「薬院」徒歩4分,55.72,1LDK,2003年11月,https://suumo.jp//ms/chuko/fukuoka/sc_fukuokashichuo/nc_21656104/,薬院,西鉄天神大牟田線,4,2003-11-01,23,21656104
クラブエイリック藤崎南ザ・テラス,5690,福岡県福岡市早良区原１,地下鉄空港線「藤崎」徒歩12分,93.55,4LDK,2013年5月,https://suumo.jp//ms/chuko/fukuoka/sc_fukuokashisawara/nc_21554129/,藤崎,地下鉄空港線,12,2013-05-01,13,21554129
ジェネラスマンション百道,5700,福岡県福岡市早良区西新７,地下鉄空港線「藤崎」徒歩9分,92.0,4LDK,2004年1月,https://suumo.jp//ms/chuko/fukuoka/sc_fukuokashisawara/nc_20704171/,藤崎,地下鉄空港線,9,2004-01-01,22,20704171
コモダス天神,5780,福岡県福岡市中央区今泉２,地下鉄七隈線「薬院大通」徒歩6分,72.24,2LDK,1997年5月,https://suumo.jp//ms/chuko/fukuoka/sc_fukuokashichuo/nc_21528545/,薬院大通,地下鉄七隈線,6,1997-05-01,29,21528545
コモダス天神,5780,福岡県福岡市中央区今泉２,地下鉄七隈線「薬院大通」徒歩7分,72.24,2LDK,1997年5月,https://suumo.jp//ms/chuko/fukuoka/sc_fukuokashichuo/nc_21393844/,薬院大通,地下鉄七隈線,7,1997-05-01,29,21393844
コモダス天神,5780,福岡県福岡市中央区今泉２,地下鉄七隈線「薬院大通」徒歩5分,72.24,2LDK,1997年5月,https://suumo.jp//ms/chuko/fukuoka/sc_fukuokashichuo/nc_21418220/,薬院大通,地下鉄七隈線,5,1997-05-01,29,21418220
パストラルハイム六本松,5780,福岡県福岡市中央区谷１,地下鉄七隈線「六本松」徒歩6分,93.85,4LDK,1991年7月,https://suumo.jp//ms/chuko/fukuoka/sc_fukuokashichuo/nc_20676273/,六本松,地下鉄七隈線,6,1991-07-01,35,20676273
ロワールマンション西公園東,5780,福岡県福岡市中央区港２,地下鉄空港線「大濠公園」徒歩7分,70.17,3LDK,1999年1月,https://suumo.jp//ms/chuko/fukuoka/sc_fukuokashichuo/nc_21739781/,大濠公園,地下鉄空港線,7,1999-01-01,27,21739781
パストラルハイム六本松,5780,福岡県福岡市中央区谷１,地下鉄七隈線「六本松」徒歩7分,93.85,4LDK,1991年7月,https://suumo.jp//ms/chuko/fukuoka/sc_fukuokashichuo/nc_20683145/,六本松,地下鉄七隈線,7,1991-07-01,35,20683145
コモダス天神,5780,福岡県福岡市中央区今泉２,地下鉄七隈線「薬院大通」徒歩5分,72.24,2LDK,1997年5月,https://suumo.jp//ms/chuko/fukuoka/sc_fukuokashichuo/nc_21413363/,薬院大通,地下鉄七隈線,5,1997-05-01,29,21413363
パストラルハイム六本松,5780,福岡県福岡市中央区谷１,地下鉄七隈線「六本松」徒歩6分,93.85,4LDK,1991年7月,https://suumo.jp//ms/chuko/fukuoka/sc_fukuokashichuo/nc_21260831/,六本松,地下鉄七隈線,6,1991-07-01,35,21260831
ソピア天神,5780,福岡県福岡市中央区警固１,地下鉄空港線「赤坂」徒歩10分,74.0,2LDK+S（納戸）,1999年2月,https://suumo.jp//ms/chuko/fukuoka/sc_fukuokashichuo/nc_21642436/,赤坂,地下鉄空港線,10,1999-02-01,27,21642436
ロワールマンション西公園東,5780,福岡県福岡市中央区港２,地下鉄空港線「大濠公園」徒歩6分,70.17,3LDK,1999年1月,https://suumo.jp//ms/chuko/fukuoka/sc_fukuokashichuo/nc_21085176/,大濠公園,地下鉄空港線,6,1999-01-01,27,21085176
ネクサス百道　Ｓ棟,5780,福岡県福岡市早良区百道浜４,地下鉄空港線「藤崎」徒歩10分,89.1,3LDK,1989年11月,https://suumo.jp//ms/chuko/fukuoka/sc_fukuokashisawara/nc_21182813/,藤崎,地下鉄空港線,10,1989-11-01,37,21182813
天神スカイマンション,5790,福岡県福岡市中央区長浜１,地下鉄空港線「天神」徒歩10分,100.94,3LDK,1981年2月,https://suumo.jp//ms/chuko/fukuoka/sc_fukuokashichuo/nc_20503717/,天神,地下鉄空港線,10,1981-02-01,45,20503717
ヒューマインド博多駅東ネクスタイル,5799,福岡県福岡市博多区東比恵３-24,地下鉄空港線「東比恵」徒歩4分,80.11,3LDK,2005年4月,https://suumo.jp//ms/chuko/fukuoka/sc_fukuokashihakata/nc_21685131/,東比恵,地下鉄空港線,4,2005-04-01,21,21685131
ヒューマインド博多駅東ネクスタイル,5799,福岡県福岡市博多区東比恵３,地下鉄空港線「東比恵」徒歩5分,80.11,3LDK,2005年4月,https://suumo.jp//ms/chuko/fukuoka/sc_fukuokashihakata/nc_21199676/,東比恵,地下鉄空港線,5,2005-04-01,21,21199676
ヒューマインド博多駅東ネクスタイル,5799,福岡県福岡市博多区東比恵３,地下鉄空港線「東比恵」徒歩5分,80.11,3LDK,2005年4月,https://suumo.jp//ms/chuko/fukuoka/sc_fukuokashihakata/nc_21507120/,東比恵,地下鉄空港線,5,2005-04-01,21,21507120
ヒューマインド博多駅東ネクスタイル,5799,福岡県福岡市博多区東比恵３,地下鉄空港線「東比恵」徒歩5分,80.11,3LDK,2005年4月,https://suumo.jp//ms/chuko/fukuoka/sc_fukuokashihakata/nc_21221614/,東比恵,地下鉄空港線,5,2005-04-01,21,21221614
ヒューマインド博多駅東ネクスタイル,5799,福岡県福岡市博多区東比恵３-24,地下鉄空港線「東比恵」徒歩5分,80.11,3LDK,2005年4月,https://suumo.jp//ms/chuko/fukuoka/sc_fukuokashihakata/nc_21155962/,東比恵,地下鉄空港線,5,2005-04-01,21,21155962
ヒューマインド博多駅東ネクスタイル,5799,福岡県福岡市博多区東比恵３,地下鉄空港線「東比恵」徒歩7分,80.11,3LDK,2005年4月,https://suumo.jp//ms/chuko/fukuoka/sc_fukuokashihakata/nc_21667661/,東比恵,地下鉄空港線,7,2005-04-01,21,21667661
ヒューマインド博多駅東ネクスタイル,5799,福岡県福岡市博多区東比恵３-24-24,地下鉄空港線「東比恵」徒歩7分,80.11,3LDK,2005年4月,https://suumo.jp//ms/chuko/fukuoka/sc_fukuokashihakata/nc_21399271/,東比恵,地下鉄空港線,7,2005-04-01,21,21399271
ヒューマインド博多駅東ネクスタイル,5799,福岡県福岡市博多区東比恵３-24-24,地下鉄空港線「東比恵」徒歩7分,80.11,3LDK,2005年4月,https://suumo.jp//ms/chuko/fukuoka/sc_fukuokashihakata/nc_21600190/,東比恵,地下鉄空港線,7,2005-04-01,21,21600190
ヒューマインド博多駅東ネクスタイル,5799,福岡県福岡市博多区東比恵３-24-24,地下鉄空港線「東比恵」徒歩5分,80.11,3LDK,2005年4月,https://suumo.jp//ms/chuko/fukuoka/sc_fukuokashihakata/nc_21240893/,東比恵,地下鉄空港線,5,2005-04-01,21,21240893
ヒューマインド博多駅東ネクスタイル,5799,福岡県福岡市博多区東比恵３,地下鉄空港線「東比恵」徒歩5分,80.11,3LDK,2005年4月,https://suumo.jp//ms/chuko/fukuoka/sc_fukuokashihakata/nc_21116231/,東比恵,地下鉄空港線,5,2005-04-01,21,21116231
ヒューマインド博多駅東ネクスタイル,5799,福岡県福岡市博多区東比恵３-24-24,地下鉄空港線「東比恵」徒歩4分,80.11,3LDK,2005年4月,https://suumo.jp//ms/chuko/fukuoka/sc_fukuokashihakata/nc_21135834/,東比恵,地下鉄空港線,4,2005-04-01,21,21135834
ティアラ薬院,5800,福岡県福岡市中央区薬院２,地下鉄七隈線「薬院大通」徒歩4分,100.84,3LDK,1991年6月,https://suumo.jp//ms/chuko/fukuoka/sc_fukuokashichuo/nc_20504005/,薬院大通,地下鉄七隈線,4,1991-06-01,35,20504005
オープンレジデンシア薬院二丁目,5800,福岡県福岡市中央区薬院２,地下鉄七隈線「薬院大通」徒歩3分,42.54,2LDK,2023年2月,https://suumo.jp//ms/chuko/fukuoka/sc_fukuokashichuo/nc_20469143/,薬院大通,地下鉄七隈線,3,2023-02-01,3,20469143
薬院中央パーク・ホームズ　イーストコート,5820,福岡県福岡市中央区薬院２,地下鉄七隈線「薬院大通」徒歩3分,68.07,3LDK,1997年3月,https://suumo.jp//ms/chuko/fukuoka/sc_fukuokashichuo/nc_21056078/,薬院大通,地下鉄七隈線,3,1997-03-01,29,21056078
シーサイドももちイーストステージ　１号棟,5880,福岡県福岡市早良区百道浜１,地下鉄空港線「西新」徒歩14分,90.76,3LDK,1990年3月,https://suumo.jp//ms/chuko/fukuoka/sc_fukuokashisawara/nc_21144719/,西新,地下鉄空港線,14,1990-03-01,36,21144719
インプレスト天神オークタワー,5880,福岡県福岡市中央区長浜２,地下鉄空港線「赤坂」徒歩9分,56.79,2LDK,2020年5月,https://suumo.jp//ms/chuko/fukuoka/sc_fukuokashichuo/nc_20764595/,赤坂,地下鉄空港線,9,2020-05-01,6,20764595
オープンレジデンシア大濠西,5950,福岡県福岡市中央区今川２,地下鉄空港線「唐人町」徒歩10分,53.62,2LDK,2024年8月,https://suumo.jp//ms/chuko/fukuoka/sc_fukuokashichuo/nc_20690267/,唐人町,地下鉄空港線,10,2024-08-01,2,20690267
グランドパレス百道,5960,福岡県福岡市早良区百道３,地下鉄空港線「藤崎」徒歩8分,62.61,2LDK,2022年1月,https://suumo.jp//ms/chuko/fukuoka/sc_fukuokashisawara/nc_21281673/,藤崎,地下鉄空港線,8,2022-01-01,4,21281673
西新百道パークホームズ,5980,福岡県福岡市早良区西新７,地下鉄空港線「西新」徒歩12分,76.83,3LDK,2001年3月,https://suumo.jp//ms/chuko/fukuoka/sc_fukuokashisawara/nc_20745034/,西新,地下鉄空港線,12,2001-03-01,25,20745034
アクタス渡辺通パークシティ,5980,福岡県福岡市中央区清川２,地下鉄七隈線「渡辺通」徒歩9分,84.74,2LDK,2010年2月,https://suumo.jp//ms/chuko/fukuoka/sc_fukuokashichuo/nc_21388429/,渡辺通,地下鉄七隈線,9,2010-02-01,16,21388429
インプレスト天神オークタワー,5980,福岡県福岡市中央区長浜２,地下鉄空港線「赤坂」徒歩8分,61.28,2LDK,2020年5月,https://suumo.jp//ms/chuko/fukuoka/sc_fukuokashichuo/nc_21188010/,赤坂,地下鉄空港線,8,2020-05-01,6,21188010
クラブエイリック藤崎南ザ・テラス,5980,福岡県福岡市早良区原１,地下鉄空港線「藤崎」徒歩12分,84.62,2LDK,2013年4月,https://suumo.jp//ms/chuko/fukuoka/sc_fukuokashisawara/nc_20952827/,藤崎,地下鉄空港線,12,2013-04-01,13,20952827
シティライフ博多駅南,5980,福岡県福岡市博多区博多駅南３,ＪＲ鹿児島本線「博多」徒歩15分,80.18,3LDK,2000年8月,https://suumo.jp//ms/chuko/fukuoka/sc_fukuokashihakata/nc_21730984/,博多,ＪＲ鹿児島本線,15,2000-08-01,26,21730984
コスモ西新七丁目　【担当：中見】　までお気軽にお問合…,5980,福岡県福岡市早良区西新７-1-17,地下鉄空港線「藤崎」徒歩4分,70.01,2LDK+S（納戸）,2000年9月,https://suumo.jp//ms/chuko/fukuoka/sc_fukuokashisawara/nc_20292711/,藤崎,地下鉄空港線,4,2000-09-01,26,20292711
アクロス薬院レジーナガーデン,5980,福岡県福岡市中央区高砂２,西鉄天神大牟田線「薬院」徒歩9分,60.65,2LDK,2019年8月,https://suumo.jp//ms/chuko/fukuoka/sc_fukuokashichuo/nc_20826822/,薬院,西鉄天神大牟田線,9,2019-08-01,7,20826822
コモダス天神,5980,福岡県福岡市中央区今泉２,地下鉄七隈線「薬院大通」徒歩6分,71.02,3LDK,1997年5月,https://suumo.jp//ms/chuko/fukuoka/sc_fukuokashichuo/nc_21675899/,薬院大通,地下鉄七隈線,6,1997-05-01,29,21675899
赤坂けやき通りシティハウス,5980,福岡県福岡市中央区赤坂３,地下鉄空港線「赤坂」徒歩9分,75.08,3LDK,1997年2月,https://suumo.jp//ms/chuko/fukuoka/sc_fukuokashichuo/nc_21694716/,赤坂,地下鉄空港線,9,1997-02-01,29,21694716
パストラルハイム六本松,5980,福岡県福岡市中央区谷１-１６－５３,地下鉄七隈線「六本松」徒歩7分,93.85,4LDK,1991年7月,https://suumo.jp//ms/chuko/fukuoka/sc_fukuokashichuo/nc_21057054/,六本松,地下鉄七隈線,7,1991-07-01,35,21057054
アソシアビュー博多アドレス,5990,福岡県福岡市博多区豊１,地下鉄空港線「東比恵」徒歩11分,90.64,3LDK,2015年2月,https://suumo.jp//ms/chuko/fukuoka/sc_fukuokashihakata/nc_21530296/,東比恵,地下鉄空港線,11,2015-02-01,11,21530296
シティライフ呉服町,5990,福岡県福岡市博多区下呉服町,地下鉄空港線「中洲川端」徒歩15分,82.82,4LDK,2000年2月,https://suumo.jp//ms/chuko/fukuoka/sc_fukuokashihakata/nc_21375206/,中洲川端,地下鉄空港線,15,2000-02-01,26,21375206
ダイアパレスグランデージ大名,5990,福岡県福岡市中央区大名１,地下鉄空港線「赤坂」徒歩7分,70.69,2LDK,1998年3月,https://suumo.jp//ms/chuko/fukuoka/sc_fukuokashichuo/nc_20864651/,赤坂,地下鉄空港線,7,1998-03-01,28,20864651
ダイアパレスグランデージ大名,5990,福岡県福岡市中央区大名１,地下鉄空港線「赤坂」徒歩6分,70.69,2LDK+S（納戸）,1998年3月,https://suumo.jp//ms/chuko/fukuoka/sc_fukuokashichuo/nc_20408984/,赤坂,地下鉄空港線,6,1998-03-01,28,20408984
インプレスト天神オークタワー,5990,福岡県福岡市中央区長浜２,地下鉄空港線「赤坂」徒歩9分,56.79,2LDK,2020年5月,https://suumo.jp//ms/chuko/fukuoka/sc_fukuokashichuo/nc_78957814/,赤坂,地下鉄空港線,9,2020-05-01,6,78957814
インプレスト天神オークタワー,5990,福岡県福岡市中央区長浜２,地下鉄空港線「赤坂」徒歩10分,56.79,2LDK,2020年5月,https://suumo.jp//ms/chuko/fukuoka/sc_fukuokashichuo/nc_79072559/,赤坂,地下鉄空港線,10,2020-05-01,6,79072559
シティライフ呉服町,5990,福岡県福岡市博多区下呉服町,地下鉄空港線「中洲川端」徒歩15分,82.82,4LDK,2000年2月,https://suumo.jp//ms/chuko/fukuoka/sc_fukuokashihakata/nc_21422822/,中洲川端,地下鉄空港線,15,2000-02-01,26,21422822
アースコート渡辺通り,5990,福岡県福岡市中央区清川１,地下鉄七隈線「渡辺通」徒歩7分,71.66,2LDK,1999年11月,https://suumo.jp//ms/chuko/fukuoka/sc_fukuokashichuo/nc_21721652/,渡辺通,地下鉄七隈線,7,1999-11-01,27,21721652
ペルル奈良屋,5999,福岡県福岡市博多区奈良屋町,地下鉄空港線「中洲川端」徒歩11分,79.96,3LDK,1999年8月,https://suumo.jp//ms/chuko/fukuoka/sc_fukuokashihakata/nc_21637604/,中洲川端,地下鉄空港線,11,1999-08-01,27,21637604
東急ドエルアルス桜坂,5999,福岡県福岡市中央区桜坂１,地下鉄七隈線「桜坂」徒歩6分,84.11,3LDK,1996年3月,https://suumo.jp//ms/chuko/fukuoka/sc_fukuokashichuo/nc_21394085/,桜坂,地下鉄七隈線,6,1996-03-01,30,21394085
ペルル奈良屋,5999,福岡県福岡市博多区奈良屋町,地下鉄空港線「中洲川端」徒歩10分,79.96,3LDK,1999年8月,https://suumo.jp//ms/chuko/fukuoka/sc_fukuokashihakata/nc_21636486/,中洲川端,地下鉄空港線,10,1999-08-01,27,21636486
グリーンマンション薬院,5999,福岡県福岡市中央区薬院２,地下鉄七隈線「薬院大通」徒歩5分,88.26,3LDK,1986年8月,https://suumo.jp//ms/chuko/fukuoka/sc_fukuokashichuo/nc_21307795/,薬院大通,地下鉄七隈線,5,1986-08-01,40,21307795
グリーンマンション薬院,5999,福岡県福岡市中央区薬院２-６－１９,地下鉄七隈線「薬院大通」徒歩5分,88.26,3LDK,1986年8月,https://suumo.jp//ms/chuko/fukuoka/sc_fukuokashichuo/nc_21569168/,薬院大通,地下鉄七隈線,5,1986-08-01,40,21569168
ペルル奈良屋,5999,福岡県福岡市博多区奈良屋町,地下鉄空港線「中洲川端」徒歩11分,79.96,3LDK,1999年8月,https://suumo.jp//ms/chuko/fukuoka/sc_fukuokashihakata/nc_21605437/,中洲川端,地下鉄空港線,11,1999-08-01,27,21605437
ペルル奈良屋,5999,福岡県福岡市博多区奈良屋町,地下鉄空港線「中洲川端」徒歩10分,79.96,3LDK,1999年8月,https://suumo.jp//ms/chuko/fukuoka/sc_fukuokashihakata/nc_21563505/,中洲川端,地下鉄空港線,10,1999-08-01,27,21563505
グリーンマンション薬院,5999,福岡県福岡市中央区薬院２,地下鉄七隈線「薬院大通」徒歩5分,88.26,3LDK,1986年8月,https://suumo.jp//ms/chuko/fukuoka/sc_fukuokashichuo/nc_21694600/,薬院大通,地下鉄七隈線,5,1986-08-01,40,21694600
ペルル奈良屋,5999,福岡県福岡市博多区奈良屋町7-21,地下鉄空港線「中洲川端」徒歩7分,79.96,3LDK,1999年8月,https://suumo.jp//ms/chuko/fukuoka/sc_fukuokashihakata/nc_21685133/,中洲川端,地下鉄空港線,7,1999-08-01,27,21685133
ロマネスク浄水通り第２,5999,福岡県福岡市中央区薬院４,地下鉄七隈線「薬院大通」徒歩7分,84.47,3LDK,1987年12月,https://suumo.jp//ms/chuko/fukuoka/sc_fukuokashichuo/nc_21708617/,薬院大通,地下鉄七隈線,7,1987-12-01,39,21708617
ヒューマンインド博多駅東ネクスタイル,5999,福岡県福岡市博多区東比恵３,地下鉄空港線「東比恵」徒歩6分,80.11,3LDK,2005年4月,https://suumo.jp//ms/chuko/fukuoka/sc_fukuokashihakata/nc_21134993/,東比恵,地下鉄空港線,6,2005-04-01,21,21134993
リーベスト祖原公園アソシア,5999,福岡県福岡市早良区昭代１,地下鉄空港線「西新」徒歩12分,74.67,3LDK,1999年3月,https://suumo.jp//ms/chuko/fukuoka/sc_fukuokashisawara/nc_21567991/,西新,地下鉄空港線,12,1999-03-01,27,21567991
ダイアパレス大濠公園Ⅱ,5999,福岡県福岡市中央区荒戸２,地下鉄空港線「大濠公園」徒歩7分,70.92,3LDK,1996年3月,https://suumo.jp//ms/chuko/fukuoka/sc_fukuokashichuo/nc_21117643/,大濠公園,地下鉄空港線,7,1996-03-01,30,21117643
グランアルト天神タワー,6080,福岡県福岡市中央区今泉２,地下鉄空港線「天神」徒歩9分,55.68,1LDK,2004年9月,https://suumo.jp//ms/chuko/fukuoka/sc_fukuokashichuo/nc_21595197/,天神,地下鉄空港線,9,2004-09-01,22,21595197
シティライフ呉服町,6080,福岡県福岡市博多区下呉服町,地下鉄空港線「中洲川端」徒歩13分,82.82,3LDK,2000年2月,https://suumo.jp//ms/chuko/fukuoka/sc_fukuokashihakata/nc_21734084/,中洲川端,地下鉄空港線,13,2000-02-01,26,21734084
デュオヴェール大濠公園,6080,福岡県福岡市中央区荒戸３,地下鉄空港線「大濠公園」徒歩8分,49.42,2LDK,2019年2月,https://suumo.jp//ms/chuko/fukuoka/sc_fukuokashichuo/nc_20598684/,大濠公園,地下鉄空港線,8,2019-02-01,7,20598684
グランアルト天神タワー,6080,福岡県福岡市中央区今泉２,地下鉄七隈線「天神南」徒歩9分,55.68,1LDK,2004年9月,https://suumo.jp//ms/chuko/fukuoka/sc_fukuokashichuo/nc_21657728/,天神南,地下鉄七隈線,9,2004-09-01,22,21657728
グランディア百道浜通り,6180,福岡県福岡市早良区西新２,地下鉄空港線「西新」徒歩10分,68.66,3LDK,2006年4月,https://suumo.jp//ms/chuko/fukuoka/sc_fukuokashisawara/nc_21277287/,西新,地下鉄空港線,10,2006-04-01,20,21277287
ネストピア渡辺通,6180,福岡県福岡市中央区清川１,地下鉄七隈線「渡辺通」徒歩6分,53.87,2LDK,2023年2月,https://suumo.jp//ms/chuko/fukuoka/sc_fukuokashichuo/nc_21464546/,渡辺通,地下鉄七隈線,6,2023-02-01,3,21464546
グランディア百道浜通り,6180,福岡県福岡市早良区西新２,地下鉄空港線「西新」徒歩9分,68.66,3LDK,2006年4月,https://suumo.jp//ms/chuko/fukuoka/sc_fukuokashisawara/nc_21129688/,西新,地下鉄空港線,9,2006-04-01,20,21129688
グランディア百道浜通り,6180,福岡県福岡市早良区西新２-23-12,地下鉄空港線「西新」徒歩9分,68.66,3LDK,2006年4月,https://suumo.jp//ms/chuko/fukuoka/sc_fukuokashisawara/nc_21085228/,西新,地下鉄空港線,9,2006-04-01,20,21085228
グランディア百道浜通り,6180,福岡県福岡市早良区西新２-23-12,地下鉄空港線「西新」徒歩9分,68.66,3LDK,2006年4月,https://suumo.jp//ms/chuko/fukuoka/sc_fukuokashisawara/nc_21563572/,西新,地下鉄空港線,9,2006-04-01,20,21563572
グランディア百道浜通り,6180,福岡県福岡市早良区西新２-23-12,地下鉄空港線「西新」徒歩8分,68.66,3LDK,2006年4月,https://suumo.jp//ms/chuko/fukuoka/sc_fukuokashisawara/nc_21453046/,西新,地下鉄空港線,8,2006-04-01,20,21453046
グランディア百道浜通り,6180,福岡県福岡市早良区西新２,地下鉄空港線「西新」徒歩9分,68.66,3LDK,2006年4月,https://suumo.jp//ms/chuko/fukuoka/sc_fukuokashisawara/nc_21146283/,西新,地下鉄空港線,9,2006-04-01,20,21146283
プレミスト赤坂けやき通り,6180,福岡県福岡市中央区赤坂２,地下鉄空港線「赤坂」徒歩10分,47.69,2LDK,2023年8月,https://suumo.jp//ms/chuko/fukuoka/sc_fukuokashichuo/nc_21023626/,赤坂,地下鉄空港線,10,2023-08-01,3,21023626
グランディア百道浜通り,6180,福岡県福岡市早良区西新２,地下鉄空港線「西新」徒歩9分,68.66,3LDK,2006年4月,https://suumo.jp//ms/chuko/fukuoka/sc_fukuokashisawara/nc_21623207/,西新,地下鉄空港線,9,2006-04-01,20,21623207
クリオ渡辺通アーバンマークス,6200,福岡県福岡市中央区清川２,地下鉄七隈線「渡辺通」徒歩10分,53.94,2LDK,2023年2月,https://suumo.jp//ms/chuko/fukuoka/sc_fukuokashichuo/nc_21322482/,渡辺通,地下鉄七隈線,10,2023-02-01,3,21322482
アルバガーデングランデージ大濠西,6200,福岡県福岡市中央区今川２-5-23,地下鉄空港線「西新」徒歩7分,72.84,3LDK,2011年8月,https://suumo.jp//ms/chuko/fukuoka/sc_fukuokashichuo/nc_21567153/,西新,地下鉄空港線,7,2011-08-01,15,21567153
ミスモ薬院ネクスト,6200,福岡県福岡市中央区高砂１,地下鉄七隈線「渡辺通」徒歩7分,52.7,1LDK,2026年4月,https://suumo.jp//ms/chuko/fukuoka/sc_fukuokashichuo/nc_21664770/,渡辺通,地下鉄七隈線,7,2026-04-01,0,21664770
サンリヤン薬院公園,6280,福岡県福岡市中央区薬院３-10-42,地下鉄七隈線「薬院」徒歩5分,62.84,2LDK,2002年3月,https://suumo.jp//ms/chuko/fukuoka/sc_fukuokashichuo/nc_21294623/,薬院,地下鉄七隈線,5,2002-03-01,24,21294623
西新二丁目パーク・ホームズ,6280,福岡県福岡市早良区西新２,地下鉄空港線「西新」徒歩7分,76.8,3LDK,2001年5月,https://suumo.jp//ms/chuko/fukuoka/sc_fukuokashisawara/nc_21603761/,西新,地下鉄空港線,7,2001-05-01,25,21603761
シティハウス室見ステーションコート,6280,福岡県福岡市早良区室見１,地下鉄空港線「藤崎」徒歩8分,66.12,3LDK,2018年1月,https://suumo.jp//ms/chuko/fukuoka/sc_fukuokashisawara/nc_21701746/,藤崎,地下鉄空港線,8,2018-01-01,8,21701746
シティハウス室見ステーションコート,6280,福岡県福岡市早良区室見１-4-1,地下鉄空港線「藤崎」徒歩9分,66.12,3LDK,2018年1月,https://suumo.jp//ms/chuko/fukuoka/sc_fukuokashisawara/nc_21413587/,藤崎,地下鉄空港線,9,2018-01-01,8,21413587
グランドメゾン福岡　Ｔｈｅ　Ｃｅｎｔｒａｌ　Ｌｕｘｅ,6300,福岡県福岡市中央区渡辺通２,西鉄天神大牟田線「薬院」徒歩3分,44.25,1LDK,2025年6月,https://suumo.jp//ms/chuko/fukuoka/sc_fukuokashichuo/nc_21312147/,薬院,西鉄天神大牟田線,3,2025-06-01,1,21312147
ダイアパレス唐人町,6380,福岡県福岡市中央区唐人町１,地下鉄空港線「唐人町」徒歩3分,69.83,1LDK+S（納戸）,2000年11月,https://suumo.jp//ms/chuko/fukuoka/sc_fukuokashichuo/nc_21480660/,唐人町,地下鉄空港線,3,2000-11-01,26,21480660
ロイヤルマンション六本松,6380,福岡県福岡市中央区梅光園１,地下鉄七隈線「六本松」徒歩6分,88.81,3LDK,1989年1月,https://suumo.jp//ms/chuko/fukuoka/sc_fukuokashichuo/nc_21757950/,六本松,地下鉄七隈線,6,1989-01-01,37,21757950
コモダスパッソ天神,6390,福岡県福岡市中央区渡辺通５-6-18,地下鉄七隈線「天神南」徒歩4分,64.15,2LDK,2000年10月,https://suumo.jp//ms/chuko/fukuoka/sc_fukuokashichuo/nc_21274553/,天神南,地下鉄七隈線,4,2000-10-01,26,21274553
コスモシティ地行,6400,福岡県福岡市中央区地行４,地下鉄空港線「唐人町」徒歩5分,84.04,3LDK,2002年3月,https://suumo.jp//ms/chuko/fukuoka/sc_fukuokashichuo/nc_21093790/,唐人町,地下鉄空港線,5,2002-03-01,24,21093790
パークヒルズ櫻坂ステージI,6480,福岡県福岡市中央区桜坂３,地下鉄七隈線「桜坂」徒歩5分,131.34,3LDK,1993年8月,https://suumo.jp//ms/chuko/fukuoka/sc_fukuokashichuo/nc_20602025/,桜坂,地下鉄七隈線,5,1993-08-01,33,20602025
ブライト・サンリヤン藤崎二丁目,6480,福岡県福岡市早良区藤崎２,地下鉄空港線「藤崎」徒歩9分,91.8,4LDK,2012年2月,https://suumo.jp//ms/chuko/fukuoka/sc_fukuokashisawara/nc_20763545/,藤崎,地下鉄空港線,9,2012-02-01,14,20763545
アーサー大濠倶楽部スカイコート,6480,福岡県福岡市中央区荒戸３-２－１６,地下鉄空港線「唐人町」徒歩4分,72.6,3LDK,1996年2月,https://suumo.jp//ms/chuko/fukuoka/sc_fukuokashichuo/nc_21664825/,唐人町,地下鉄空港線,4,1996-02-01,30,21664825
サークコート大濠公園駅,6480,福岡県福岡市中央区荒戸２,地下鉄空港線「大濠公園」徒歩3分,77.73,4LDK,2001年2月,https://suumo.jp//ms/chuko/fukuoka/sc_fukuokashichuo/nc_21677237/,大濠公園,地下鉄空港線,3,2001-02-01,25,21677237
アーバンパレスアルカディア博多駅東,6480,福岡県福岡市博多区東比恵４,地下鉄空港線「東比恵」徒歩1分,86.5,4LDK,1997年1月,https://suumo.jp//ms/chuko/fukuoka/sc_fukuokashihakata/nc_21275515/,東比恵,地下鉄空港線,1,1997-01-01,29,21275515
モントーレセントラルベイコート,6480,福岡県福岡市中央区長浜３,地下鉄空港線「大濠公園」徒歩10分,68.07,2LDK+S（納戸）,2014年1月,https://suumo.jp//ms/chuko/fukuoka/sc_fukuokashichuo/nc_21054604/,大濠公園,地下鉄空港線,10,2014-01-01,12,21054604
ロワールガーデン西公園東２,6480,福岡県福岡市中央区港１,地下鉄空港線「大濠公園」徒歩7分,73.15,3LDK,2000年6月,https://suumo.jp//ms/chuko/fukuoka/sc_fukuokashichuo/nc_21460978/,大濠公園,地下鉄空港線,7,2000-06-01,26,21460978
アーバンパレスアルカディア博多駅東,6480,福岡県福岡市博多区東比恵４,地下鉄空港線「東比恵」徒歩3分,86.5,4LDK,1997年1月,https://suumo.jp//ms/chuko/fukuoka/sc_fukuokashihakata/nc_21385084/,東比恵,地下鉄空港線,3,1997-01-01,29,21385084
大濠公園パーク・ホームズ,6480,福岡県福岡市中央区今川１,地下鉄空港線「唐人町」徒歩8分,71.19,3LDK,2000年11月,https://suumo.jp//ms/chuko/fukuoka/sc_fukuokashichuo/nc_21126561/,唐人町,地下鉄空港線,8,2000-11-01,26,21126561
トーカンマンション天神南,6490,福岡県福岡市中央区今泉１,西鉄天神大牟田線「薬院」徒歩6分,75.33,3LDK,1996年1月,https://suumo.jp//ms/chuko/fukuoka/sc_fukuokashichuo/nc_21435349/,薬院,西鉄天神大牟田線,6,1996-01-01,30,21435349
アドリーム西新二丁目,6490,福岡県福岡市早良区西新２,地下鉄空港線「西新」徒歩6分,72.59,3LDK,1997年4月,https://suumo.jp//ms/chuko/fukuoka/sc_fukuokashisawara/nc_21006243/,西新,地下鉄空港線,6,1997-04-01,29,21006243
サーパス城南,6499,福岡県福岡市城南区田島１,地下鉄七隈線「別府」徒歩13分,94.85,4LDK,2007年1月,https://suumo.jp//ms/chuko/fukuoka/sc_fukuokashijonan/nc_21427034/,別府,地下鉄七隈線,13,2007-01-01,19,21427034
エステートマンション大濠グランディール,6499,福岡県福岡市中央区今川２-7-52,地下鉄空港線「唐人町」徒歩9分,85.23,3LDK,1991年3月,https://suumo.jp//ms/chuko/fukuoka/sc_fukuokashichuo/nc_21614174/,唐人町,地下鉄空港線,9,1991-03-01,35,21614174
エステートマンション大濠グランディール,6499,福岡県福岡市中央区今川２,地下鉄空港線「唐人町」徒歩9分,85.23,3LDK,1991年3月,https://suumo.jp//ms/chuko/fukuoka/sc_fukuokashichuo/nc_21640545/,唐人町,地下鉄空港線,9,1991-03-01,35,21640545
エステートマンション大濠グランディール,6499,福岡県福岡市中央区今川２-7-52,地下鉄空港線「西新」徒歩11分,85.23,3LDK,1991年3月,https://suumo.jp//ms/chuko/fukuoka/sc_fukuokashichuo/nc_21672108/,西新,地下鉄空港線,11,1991-03-01,35,21672108
ロイヤルマンション六本松,6500,福岡県福岡市中央区梅光園１,地下鉄七隈線「六本松」徒歩6分,87.12,2LDK,1989年1月,https://suumo.jp//ms/chuko/fukuoka/sc_fukuokashichuo/nc_20127824/,六本松,地下鉄七隈線,6,1989-01-01,37,20127824
ロイヤルマンション六本松,6500,福岡県福岡市中央区梅光園１,地下鉄七隈線「六本松」徒歩6分,87.12,2LDK,1989年1月,https://suumo.jp//ms/chuko/fukuoka/sc_fukuokashichuo/nc_20869936/,六本松,地下鉄七隈線,6,1989-01-01,37,20869936
ロイヤルマンション六本松,6500,福岡県福岡市中央区梅光園１-1-5,地下鉄七隈線「六本松」徒歩6分,87.12,2LDK,1989年1月,https://suumo.jp//ms/chuko/fukuoka/sc_fukuokashichuo/nc_20752967/,六本松,地下鉄七隈線,6,1989-01-01,37,20752967
コアマンションルネス呉服町,6500,福岡県福岡市博多区上呉服町,地下鉄空港線「祇園」徒歩9分,86.5,4LDK,2003年4月,https://suumo.jp//ms/chuko/fukuoka/sc_fukuokashihakata/nc_21615027/,祇園,地下鉄空港線,9,2003-04-01,23,21615027
ロイヤルマンション六本松,6500,福岡県福岡市中央区梅光園１,地下鉄七隈線「六本松」徒歩6分,87.12,2LDK,1989年1月,https://suumo.jp//ms/chuko/fukuoka/sc_fukuokashichuo/nc_21108936/,六本松,地下鉄七隈線,6,1989-01-01,37,21108936
アンピールマキシム高取,6500,福岡県福岡市早良区高取１-26-11,地下鉄空港線「藤崎」徒歩8分,102.71,4LDK,1990年2月,https://suumo.jp//ms/chuko/fukuoka/sc_fukuokashisawara/nc_21606622/,藤崎,地下鉄空港線,8,1990-02-01,36,21606622
シティタワー西新,6580,福岡県福岡市早良区城西３,地下鉄空港線「西新」徒歩3分,57.37,2LDK,2012年10月,https://suumo.jp//ms/chuko/fukuoka/sc_fukuokashisawara/nc_21085432/,西新,地下鉄空港線,3,2012-10-01,14,21085432
シーサイドももちヴェルデコート　６番館,6590,福岡県福岡市早良区百道浜３,地下鉄空港線「藤崎」徒歩11分,94.47,3LDK,1991年7月,https://suumo.jp//ms/chuko/fukuoka/sc_fukuokashisawara/nc_21478021/,藤崎,地下鉄空港線,11,1991-07-01,35,21478021
シーサイドももちヴェルデコート6番館,6590,福岡県福岡市早良区百道浜３,地下鉄空港線「藤崎」徒歩11分,94.47,3LDK,1991年7月,https://suumo.jp//ms/chuko/fukuoka/sc_fukuokashisawara/nc_21466296/,藤崎,地下鉄空港線,11,1991-07-01,35,21466296
アドリーム天神,6590,福岡県福岡市中央区今泉２,地下鉄七隈線「薬院大通」徒歩5分,76.53,2LDK+S（納戸）,1999年6月,https://suumo.jp//ms/chuko/fukuoka/sc_fukuokashichuo/nc_21543377/,薬院大通,地下鉄七隈線,5,1999-06-01,27,21543377
シーサイドももちヴェルデコート６番館,6590,福岡県福岡市早良区百道浜３,地下鉄空港線「藤崎」徒歩10分,94.47,3LDK,1991年7月,https://suumo.jp//ms/chuko/fukuoka/sc_fukuokashisawara/nc_21477075/,藤崎,地下鉄空港線,10,1991-07-01,35,21477075
ソレイユ赤坂南,6599,福岡県福岡市中央区六本松３,地下鉄七隈線「桜坂」徒歩6分,96.95,4LDK,1989年10月,https://suumo.jp//ms/chuko/fukuoka/sc_fukuokashichuo/nc_20926886/,桜坂,地下鉄七隈線,6,1989-10-01,37,20926886
デュレジア薬院スタンス,6620,福岡県福岡市中央区薬院３,地下鉄七隈線「薬院」徒歩7分,53.14,2LDK,2023年2月,https://suumo.jp//ms/chuko/fukuoka/sc_fukuokashichuo/nc_21657523/,薬院,地下鉄七隈線,7,2023-02-01,3,21657523
デュレジア薬院スタンス,6620,福岡県福岡市中央区薬院３,西鉄天神大牟田線「薬院」徒歩7分,53.14,2LDK,2023年2月,https://suumo.jp//ms/chuko/fukuoka/sc_fukuokashichuo/nc_21598045/,薬院,西鉄天神大牟田線,7,2023-02-01,3,21598045
グランドメゾン平尾,6690,福岡県福岡市中央区平尾２,地下鉄七隈線「薬院」徒歩12分,75.34,3LDK,1998年5月,https://suumo.jp//ms/chuko/fukuoka/sc_fukuokashichuo/nc_21607021/,薬院,地下鉄七隈線,12,1998-05-01,28,21607021
藤和シティコープ西新,6690,福岡県福岡市早良区西新１,地下鉄空港線「西新」徒歩3分,69.6,3LDK,1995年9月,https://suumo.jp//ms/chuko/fukuoka/sc_fukuokashisawara/nc_21677230/,西新,地下鉄空港線,3,1995-09-01,31,21677230
ネオヒューマインド別府駅前,6700,福岡県福岡市城南区別府２,地下鉄七隈線「別府」徒歩3分,79.56,2LDK,2009年6月,https://suumo.jp//ms/chuko/fukuoka/sc_fukuokashijonan/nc_21188017/,別府,地下鉄七隈線,3,2009-06-01,17,21188017
サングレート別府アカデミニアム,6730,福岡県福岡市城南区別府４,地下鉄七隈線「別府」徒歩3分,81.56,3LDK,2007年4月,https://suumo.jp//ms/chuko/fukuoka/sc_fukuokashijonan/nc_21104109/,別府,地下鉄七隈線,3,2007-04-01,19,21104109
アクロス天神センタープラザ,6780,福岡県福岡市中央区渡辺通３,地下鉄七隈線「渡辺通」徒歩6分,71.11,2LDK,2005年7月,https://suumo.jp//ms/chuko/fukuoka/sc_fukuokashichuo/nc_78982914/,渡辺通,地下鉄七隈線,6,2005-07-01,21,78982914
ロイヤルマンション大濠セーヌ,6780,福岡県福岡市中央区草香江２,地下鉄七隈線「六本松」徒歩7分,71.25,2LDK+S（納戸）,2003年10月,https://suumo.jp//ms/chuko/fukuoka/sc_fukuokashichuo/nc_20780549/,六本松,地下鉄七隈線,7,2003-10-01,23,20780549
レーベン福岡天神　ＯＮＥ　ＴＯＷＥＲ,6880,福岡県福岡市中央区天神５-4-1,地下鉄空港線「天神」徒歩9分,43.7,1LDK,2024年1月,https://suumo.jp//ms/chuko/fukuoka/sc_fukuokashichuo/nc_20689977/,天神,地下鉄空港線,9,2024-01-01,2,20689977
ブランシエラ赤坂はなみずき通り,6880,福岡県福岡市中央区桜坂１,地下鉄七隈線「桜坂」徒歩5分,60.26,2LDK,2020年8月,https://suumo.jp//ms/chuko/fukuoka/sc_fukuokashichuo/nc_21314557/,桜坂,地下鉄七隈線,5,2020-08-01,6,21314557
パークホームズ西新トラッドマークス,6940,福岡県福岡市早良区西新２,地下鉄空港線「西新」徒歩3分,67.72,2LDK,2018年5月,https://suumo.jp//ms/chuko/fukuoka/sc_fukuokashisawara/nc_20601934/,西新,地下鉄空港線,3,2018-05-01,8,20601934
アソシアビュー博多アドレス,6980,福岡県福岡市博多区豊１,地下鉄空港線「博多」徒歩14分,84.28,4LDK,2015年2月,https://suumo.jp//ms/chuko/fukuoka/sc_fukuokashihakata/nc_20594449/,博多,地下鉄空港線,14,2015-02-01,11,20594449
デュ・レジア薬院テラス,6980,福岡県福岡市中央区高砂２-１８－１０,地下鉄七隈線「渡辺通」徒歩12分,63.0,2LDK,2022年3月,https://suumo.jp//ms/chuko/fukuoka/sc_fukuokashichuo/nc_21240342/,渡辺通,地下鉄七隈線,12,2022-03-01,4,21240342
アンピール空港通りⅡ,6980,福岡県福岡市博多区豊２,地下鉄空港線「東比恵」徒歩12分,105.28,4LDK,2009年3月,https://suumo.jp//ms/chuko/fukuoka/sc_fukuokashihakata/nc_79015072/,東比恵,地下鉄空港線,12,2009-03-01,17,79015072
東峰マンションアーバンスクエア博多駅,6980,福岡県福岡市博多区博多駅南１,ＪＲ鹿児島本線「博多」徒歩9分,73.32,3LDK,2000年11月,https://suumo.jp//ms/chuko/fukuoka/sc_fukuokashihakata/nc_21731591/,博多,ＪＲ鹿児島本線,9,2000-11-01,26,21731591
ロワールマンション西公園東,6980,福岡県福岡市中央区港２,地下鉄空港線「大濠公園」徒歩6分,79.89,3LDK,1999年1月,https://suumo.jp//ms/chuko/fukuoka/sc_fukuokashichuo/nc_21105484/,大濠公園,地下鉄空港線,6,1999-01-01,27,21105484
東峰マンションアーバンスクエア博多駅,6980,福岡県福岡市博多区博多駅南１,ＪＲ鹿児島本線「博多」徒歩8分,73.32,3LDK,2000年11月,https://suumo.jp//ms/chuko/fukuoka/sc_fukuokashihakata/nc_21255250/,博多,ＪＲ鹿児島本線,8,2000-11-01,26,21255250
ＭＪＲ百道二丁目,6980,福岡県福岡市早良区百道２,地下鉄空港線「藤崎」徒歩5分,91.74,3LDK,2007年1月,https://suumo.jp//ms/chuko/fukuoka/sc_fukuokashisawara/nc_21077565/,藤崎,地下鉄空港線,5,2007-01-01,19,21077565
ロワールマンション西公園東,6980,福岡県福岡市中央区港２,地下鉄空港線「大濠公園」徒歩6分,79.89,3LDK,1999年1月,https://suumo.jp//ms/chuko/fukuoka/sc_fukuokashichuo/nc_21035179/,大濠公園,地下鉄空港線,6,1999-01-01,27,21035179
ジオ・イニシア博多駅前,6980,福岡県福岡市博多区博多駅前４,地下鉄空港線「博多」徒歩11分,75.35,3LDK,2009年8月,https://suumo.jp//ms/chuko/fukuoka/sc_fukuokashihakata/nc_21143214/,博多,地下鉄空港線,11,2009-08-01,17,21143214
ＪＱ浄水東通り,6980,福岡県福岡市中央区薬院４,地下鉄七隈線「薬院大通」徒歩5分,67.58,1LDK,2006年9月,https://suumo.jp//ms/chuko/fukuoka/sc_fukuokashichuo/nc_21468612/,薬院大通,地下鉄七隈線,5,2006-09-01,20,21468612
コスモシティ地行,6980,福岡県福岡市中央区地行４,地下鉄空港線「唐人町」徒歩5分,91.01,4LDK,2002年3月,https://suumo.jp//ms/chuko/fukuoka/sc_fukuokashichuo/nc_20737937/,唐人町,地下鉄空港線,5,2002-03-01,24,20737937
モントーレ西公園アヴァンティ,6990,福岡県福岡市中央区荒戸２,地下鉄空港線「大濠公園」徒歩7分,84.76,4LDK,2013年3月,https://suumo.jp//ms/chuko/fukuoka/sc_fukuokashichuo/nc_21195846/,大濠公園,地下鉄空港線,7,2013-03-01,13,21195846
アクロス天神センタープラザ,6990,福岡県福岡市中央区渡辺通３,地下鉄七隈線「渡辺通」徒歩5分,82.26,4LDK,2005年7月,https://suumo.jp//ms/chuko/fukuoka/sc_fukuokashichuo/nc_21019427/,渡辺通,地下鉄七隈線,5,2005-07-01,21,21019427
ヴェルビュ警固,6990,福岡県福岡市中央区警固３,地下鉄七隈線「薬院大通」徒歩9分,88.56,4LDK,1996年3月,https://suumo.jp//ms/chuko/fukuoka/sc_fukuokashichuo/nc_21484087/,薬院大通,地下鉄七隈線,9,1996-03-01,30,21484087
コスモ六本松シティフォルム,6999,福岡県福岡市中央区草香江２,地下鉄七隈線「六本松」徒歩4分,70.58,3LDK,2000年2月,https://suumo.jp//ms/chuko/fukuoka/sc_fukuokashichuo/nc_21241587/,六本松,地下鉄七隈線,4,2000-02-01,26,21241587
コスモ六本松シティフォルム,6999,福岡県福岡市中央区草香江２,地下鉄七隈線「六本松」徒歩5分,70.58,3LDK,2000年2月,https://suumo.jp//ms/chuko/fukuoka/sc_fukuokashichuo/nc_21594829/,六本松,地下鉄七隈線,5,2000-02-01,26,21594829
コスモ六本松シティフォルム,6999,福岡県福岡市中央区草香江２,地下鉄七隈線「六本松」徒歩4分,70.58,3LDK,2000年2月,https://suumo.jp//ms/chuko/fukuoka/sc_fukuokashichuo/nc_20628876/,六本松,地下鉄七隈線,4,2000-02-01,26,20628876
コスモ六本松シティフォルム,6999,福岡県福岡市中央区草香江２,地下鉄七隈線「六本松」徒歩4分,70.58,3LDK,2000年2月,https://suumo.jp//ms/chuko/fukuoka/sc_fukuokashichuo/nc_20577275/,六本松,地下鉄七隈線,4,2000-02-01,26,20577275
コスモ六本松シティフォルム,6999,福岡県福岡市中央区草香江２-1-13,地下鉄七隈線「六本松」徒歩3分,70.58,3LDK,2000年2月,https://suumo.jp//ms/chuko/fukuoka/sc_fukuokashichuo/nc_21089885/,六本松,地下鉄七隈線,3,2000-02-01,26,21089885
コスモ六本松シティフォルム,6999,福岡県福岡市中央区草香江２-1-13,地下鉄七隈線「六本松」徒歩4分,70.58,3LDK,2000年2月,https://suumo.jp//ms/chuko/fukuoka/sc_fukuokashichuo/nc_20723653/,六本松,地下鉄七隈線,4,2000-02-01,26,20723653
シーサイドももちクリスタージュ壱番館,6999,福岡県福岡市早良区百道浜４,地下鉄空港線「藤崎」徒歩11分,107.81,4LDK,1992年5月,https://suumo.jp//ms/chuko/fukuoka/sc_fukuokashisawara/nc_21187986/,藤崎,地下鉄空港線,11,1992-05-01,34,21187986
コスモ六本松シティフォルム,6999,福岡県福岡市中央区草香江２-1-13,地下鉄七隈線「六本松」徒歩4分,70.58,3LDK,2000年2月,https://suumo.jp//ms/chuko/fukuoka/sc_fukuokashichuo/nc_21042545/,六本松,地下鉄七隈線,4,2000-02-01,26,21042545
コスモ六本松シティフォルム,6999,福岡県福岡市中央区草香江２,地下鉄七隈線「六本松」徒歩5分,70.58,3LDK,2000年2月,https://suumo.jp//ms/chuko/fukuoka/sc_fukuokashichuo/nc_21183807/,六本松,地下鉄七隈線,5,2000-02-01,26,21183807
コスモ六本松シティフォルム,6999,福岡県福岡市中央区草香江２-1-13,地下鉄七隈線「六本松」徒歩5分,70.58,3LDK,2000年2月,https://suumo.jp//ms/chuko/fukuoka/sc_fukuokashichuo/nc_21621504/,六本松,地下鉄七隈線,5,2000-02-01,26,21621504
コスモ六本松シティフォルム,6999,福岡県福岡市中央区草香江２,地下鉄七隈線「六本松」徒歩4分,70.58,3LDK,2000年2月,https://suumo.jp//ms/chuko/fukuoka/sc_fukuokashichuo/nc_21605921/,六本松,地下鉄七隈線,4,2000-02-01,26,21605921
コスモ六本松シティフォルム,6999,福岡県福岡市中央区草香江２,地下鉄七隈線「六本松」徒歩3分,70.58,3LDK,2000年2月,https://suumo.jp//ms/chuko/fukuoka/sc_fukuokashichuo/nc_20704735/,六本松,地下鉄七隈線,3,2000-02-01,26,20704735
コスモ六本松シティフォルム,6999,福岡県福岡市中央区草香江２-1-13,地下鉄七隈線「六本松」徒歩5分,70.58,3LDK,2000年2月,https://suumo.jp//ms/chuko/fukuoka/sc_fukuokashichuo/nc_21392123/,六本松,地下鉄七隈線,5,2000-02-01,26,21392123
クリスタージュ壱番館,6999,福岡県福岡市早良区百道浜４,地下鉄空港線「藤崎」徒歩11分,95.53,3LDK,1992年5月,https://suumo.jp//ms/chuko/fukuoka/sc_fukuokashisawara/nc_21750629/,藤崎,地下鉄空港線,11,1992-05-01,34,21750629
コスモ六本松シティフォルム　1004号室,6999,福岡県福岡市中央区草香江２,地下鉄七隈線「六本松」徒歩3分,70.58,3LDK,2000年2月,https://suumo.jp//ms/chuko/fukuoka/sc_fukuokashichuo/nc_21753374/,六本松,地下鉄七隈線,3,2000-02-01,26,21753374
コスモ六本松シティフォルム,6999,福岡県福岡市中央区草香江２,地下鉄七隈線「六本松」徒歩4分,70.58,3LDK,2000年2月,https://suumo.jp//ms/chuko/fukuoka/sc_fukuokashichuo/nc_20703963/,六本松,地下鉄七隈線,4,2000-02-01,26,20703963
コスモ六本松シティフォルム,6999,福岡県福岡市中央区草香江２,地下鉄七隈線「六本松」徒歩4分,70.58,3LDK,2000年2月,https://suumo.jp//ms/chuko/fukuoka/sc_fukuokashichuo/nc_20595839/,六本松,地下鉄七隈線,4,2000-02-01,26,20595839
コスモ警固ロイヤルフォルム,7080,福岡県福岡市中央区警固１,地下鉄空港線「赤坂」徒歩6分,66.18,3LDK,2001年8月,https://suumo.jp//ms/chuko/fukuoka/sc_fukuokashichuo/nc_21283566/,赤坂,地下鉄空港線,6,2001-08-01,25,21283566
コスモ警固ロイヤルフォルム,7080,福岡県福岡市中央区警固１,地下鉄空港線「赤坂」徒歩8分,66.18,3LDK,2001年8月,https://suumo.jp//ms/chuko/fukuoka/sc_fukuokashichuo/nc_20648503/,赤坂,地下鉄空港線,8,2001-08-01,25,20648503
クリオラベルヴィ西新グランクラス,7100,福岡県福岡市早良区西新１,地下鉄空港線「西新」徒歩1分,52.2,2LDK,2025年8月,https://suumo.jp//ms/chuko/fukuoka/sc_fukuokashisawara/nc_21749273/,西新,地下鉄空港線,1,2025-08-01,1,21749273
クリオラベルヴィ西新グランクラス,7100,福岡県福岡市早良区西新１,地下鉄空港線「西新」徒歩1分,52.2,2LDK,2025年8月,https://suumo.jp//ms/chuko/fukuoka/sc_fukuokashisawara/nc_21427028/,西新,地下鉄空港線,1,2025-08-01,1,21427028
クリオラベルヴィ西新グランクラス,7100,福岡県福岡市早良区西新１,地下鉄空港線「西新」徒歩1分,52.2,2LDK,2025年8月,https://suumo.jp//ms/chuko/fukuoka/sc_fukuokashisawara/nc_21358535/,西新,地下鉄空港線,1,2025-08-01,1,21358535
グランドメゾン薬院ザ・タワーレジデンス,7150,福岡県福岡市中央区薬院３,西鉄天神大牟田線「薬院」徒歩8分,53.67,1LDK,2022年6月,https://suumo.jp//ms/chuko/fukuoka/sc_fukuokashichuo/nc_21254834/,薬院,西鉄天神大牟田線,8,2022-06-01,4,21254834
グランドメゾン薬院ザ・タワーレジデンス,7150,福岡県福岡市中央区薬院３,地下鉄七隈線「薬院大通」徒歩5分,53.67,1LDK,2022年6月,https://suumo.jp//ms/chuko/fukuoka/sc_fukuokashichuo/nc_21029231/,薬院大通,地下鉄七隈線,5,2022-06-01,4,21029231
グランドメゾン薬院ザ・タワーレジデンス,7150,福岡県福岡市中央区薬院３,地下鉄七隈線「薬院大通」徒歩5分,53.67,1LDK,2022年6月,https://suumo.jp//ms/chuko/fukuoka/sc_fukuokashichuo/nc_21664297/,薬院大通,地下鉄七隈線,5,2022-06-01,4,21664297
アクタス渡辺通パークシティ,7180,福岡県福岡市中央区清川２,地下鉄七隈線「渡辺通」徒歩9分,78.47,3LDK,2010年2月,https://suumo.jp//ms/chuko/fukuoka/sc_fukuokashichuo/nc_21572474/,渡辺通,地下鉄七隈線,9,2010-02-01,16,21572474
アクタス渡辺通パークシティ,7180,福岡県福岡市中央区清川２,地下鉄七隈線「渡辺通」徒歩9分,78.47,3LDK,2010年2月,https://suumo.jp//ms/chuko/fukuoka/sc_fukuokashichuo/nc_21520889/,渡辺通,地下鉄七隈線,9,2010-02-01,16,21520889
アクタス渡辺通パークシティ,7180,福岡県福岡市中央区清川２,地下鉄七隈線「渡辺通」徒歩9分,78.47,3LDK,2010年3月,https://suumo.jp//ms/chuko/fukuoka/sc_fukuokashichuo/nc_20946419/,渡辺通,地下鉄七隈線,9,2010-03-01,16,20946419
ザ・パークハウス福岡タワーズ　EAST,7180,福岡県福岡市中央区地行浜２,地下鉄空港線「唐人町」徒歩12分,61.74,1LDK,2020年12月,https://suumo.jp//ms/chuko/fukuoka/sc_fukuokashichuo/nc_21742741/,唐人町,地下鉄空港線,12,2020-12-01,6,21742741
ザ・パークハウス福岡タワーズ　EAST,7180,福岡県福岡市中央区地行浜２,地下鉄空港線「唐人町」徒歩13分,61.74,1LDK,2019年12月,https://suumo.jp//ms/chuko/fukuoka/sc_fukuokashichuo/nc_21640803/,唐人町,地下鉄空港線,13,2019-12-01,7,21640803
アンピール大濠公園,7200,福岡県福岡市中央区荒戸２-2番25号,地下鉄空港線「大濠公園」徒歩7分,80.68,2LDK,2006年6月,https://suumo.jp//ms/chuko/fukuoka/sc_fukuokashichuo/nc_21586036/,大濠公園,地下鉄空港線,7,2006-06-01,20,21586036
アンピール西新,7200,福岡県福岡市早良区城西３,地下鉄空港線「西新」徒歩8分,93.58,4LDK,2004年5月,https://suumo.jp//ms/chuko/fukuoka/sc_fukuokashisawara/nc_21450802/,西新,地下鉄空港線,8,2004-05-01,22,21450802
ザ・パークハウス福岡タワーズ　EAST,7200,福岡県福岡市中央区地行浜２,地下鉄空港線「唐人町」徒歩12分,61.74,1LDK,2020年12月,https://suumo.jp//ms/chuko/fukuoka/sc_fukuokashichuo/nc_21404251/,唐人町,地下鉄空港線,12,2020-12-01,6,21404251
アンピール西新,7200,福岡県福岡市早良区城西３-12-27,地下鉄空港線「西新」徒歩9分,93.58,4LDK,2004年5月,https://suumo.jp//ms/chuko/fukuoka/sc_fukuokashisawara/nc_20986251/,西新,地下鉄空港線,9,2004-05-01,22,20986251
パークホームズ六本松フォレストクロス,7280,福岡県福岡市中央区輝国２,地下鉄七隈線「六本松」徒歩11分,69.1,3LDK,2022年11月,https://suumo.jp//ms/chuko/fukuoka/sc_fukuokashichuo/nc_21355223/,六本松,地下鉄七隈線,11,2022-11-01,4,21355223
サーパス平尾駅前　6階,7280,福岡県福岡市中央区平尾２,地下鉄七隈線「薬院大通」徒歩15分,81.97,4LDK,2000年1月,https://suumo.jp//ms/chuko/fukuoka/sc_fukuokashichuo/nc_21211448/,薬院大通,地下鉄七隈線,15,2000-01-01,26,21211448
モントーレ地行スクエア,7300,福岡県福岡市中央区地行３,地下鉄空港線「唐人町」徒歩8分,92.76,4LDK,2000年2月,https://suumo.jp//ms/chuko/fukuoka/sc_fukuokashichuo/nc_21314765/,唐人町,地下鉄空港線,8,2000-02-01,26,21314765
アルテマインド室見,7380,福岡県福岡市早良区室見２,地下鉄空港線「藤崎」徒歩7分,83.52,3LDK,2012年3月,https://suumo.jp//ms/chuko/fukuoka/sc_fukuokashisawara/nc_21757951/,藤崎,地下鉄空港線,7,2012-03-01,14,21757951
グランドメゾン赤坂けやきレジデンス,7380,福岡県福岡市中央区赤坂２,地下鉄空港線「赤坂」徒歩8分,63.59,ワンルーム,2018年6月,https://suumo.jp//ms/chuko/fukuoka/sc_fukuokashichuo/nc_21416982/,赤坂,地下鉄空港線,8,2018-06-01,8,21416982
パークハウスセンシア,7380,福岡県福岡市中央区地行３,地下鉄空港線「唐人町」徒歩8分,73.32,3LDK,2002年2月,https://suumo.jp//ms/chuko/fukuoka/sc_fukuokashichuo/nc_21749128/,唐人町,地下鉄空港線,8,2002-02-01,24,21749128
ザ・パークハウス桜坂サンリヤン,7480,福岡県福岡市中央区桜坂３,地下鉄七隈線「桜坂」徒歩3分,62.55,2LDK,2018年9月,https://suumo.jp//ms/chuko/fukuoka/sc_fukuokashichuo/nc_21120571/,桜坂,地下鉄七隈線,3,2018-09-01,8,21120571
アーバンパレスアクス大濠,7480,福岡県福岡市中央区荒戸３,地下鉄空港線「唐人町」徒歩6分,95.62,3LDK,1995年10月,https://suumo.jp//ms/chuko/fukuoka/sc_fukuokashichuo/nc_21045223/,唐人町,地下鉄空港線,6,1995-10-01,31,21045223
グランフォーレ西公園ザ・パークサイド,7499,福岡県福岡市中央区西公園,地下鉄空港線「大濠公園」徒歩10分,75.03,3LDK,2012年7月,https://suumo.jp//ms/chuko/fukuoka/sc_fukuokashichuo/nc_20974195/,大濠公園,地下鉄空港線,10,2012-07-01,14,20974195
シティタワー大濠,7499,福岡県福岡市中央区六本松３,地下鉄七隈線「六本松」徒歩8分,76.68,3LDK,2000年3月,https://suumo.jp//ms/chuko/fukuoka/sc_fukuokashichuo/nc_21410414/,六本松,地下鉄七隈線,8,2000-03-01,26,21410414
ミスモ薬院ネクスト,7500,福岡県福岡市中央区高砂１,地下鉄七隈線「薬院」徒歩6分,52.7,2LDK,2026年4月,https://suumo.jp//ms/chuko/fukuoka/sc_fukuokashichuo/nc_20952167/,薬院,地下鉄七隈線,6,2026-04-01,0,20952167
ネオグランデ赤坂,7600,福岡県福岡市中央区赤坂２,地下鉄空港線「赤坂」徒歩10分,90.53,2LDK,2001年3月,https://suumo.jp//ms/chuko/fukuoka/sc_fukuokashichuo/nc_21450691/,赤坂,地下鉄空港線,10,2001-03-01,25,21450691
薬院中央パーク・ホームズ　ウエストコート,7620,福岡県福岡市中央区薬院２,地下鉄七隈線「薬院大通」徒歩2分,84.58,4LDK,1998年8月,https://suumo.jp//ms/chuko/fukuoka/sc_fukuokashichuo/nc_21056077/,薬院大通,地下鉄七隈線,2,1998-08-01,28,21056077
室見二丁目パーク・マンション,7650,福岡県福岡市早良区室見２,地下鉄空港線「藤崎」徒歩7分,137.36,4LDK,1995年3月,https://suumo.jp//ms/chuko/fukuoka/sc_fukuokashisawara/nc_20577787/,藤崎,地下鉄空港線,7,1995-03-01,31,20577787
パークホームズ大濠公園フロント,7680,福岡県福岡市中央区荒戸１,地下鉄空港線「大濠公園」徒歩2分,53.61,2LDK,2025年3月,https://suumo.jp//ms/chuko/fukuoka/sc_fukuokashichuo/nc_21078519/,大濠公園,地下鉄空港線,2,2025-03-01,1,21078519
JGMロイヤルガーデン御所ケ谷,7680,福岡県福岡市中央区御所ヶ谷5-21,地下鉄七隈線「薬院大通」徒歩11分,96.41,4LDK,2005年7月,https://suumo.jp//ms/chuko/fukuoka/sc_fukuokashichuo/nc_21212537/,薬院大通,地下鉄七隈線,11,2005-07-01,21,21212537
グランドメゾン赤坂門,7680,福岡県福岡市中央区赤坂１,地下鉄空港線「赤坂」徒歩5分,53.19,1LDK,2005年6月,https://suumo.jp//ms/chuko/fukuoka/sc_fukuokashichuo/nc_21137025/,赤坂,地下鉄空港線,5,2005-06-01,21,21137025
アダージュ薬院壱番館,7700,福岡県福岡市中央区薬院２-5-42,地下鉄七隈線「薬院大通」徒歩2分,77.11,2LDK,2002年3月,https://suumo.jp//ms/chuko/fukuoka/sc_fukuokashichuo/nc_21357823/,薬院大通,地下鉄七隈線,2,2002-03-01,24,21357823
グランドメゾン大濠南,7730,福岡県福岡市中央区草香江２,地下鉄七隈線「六本松」徒歩3分,98.79,4LDK,2001年11月,https://suumo.jp//ms/chuko/fukuoka/sc_fukuokashichuo/nc_21579501/,六本松,地下鉄七隈線,3,2001-11-01,25,21579501
コアマンション桜坂プレジオ弐番館,7780,福岡県福岡市中央区六本松３,地下鉄七隈線「桜坂」徒歩4分,103.4,3LDK+S（納戸）,2001年1月,https://suumo.jp//ms/chuko/fukuoka/sc_fukuokashichuo/nc_20059581/,桜坂,地下鉄七隈線,4,2001-01-01,25,20059581
コアマンション桜坂プレジオ弐番館,7780,福岡県福岡市中央区六本松３,地下鉄七隈線「桜坂」徒歩5分,103.4,4LDK,2001年1月,https://suumo.jp//ms/chuko/fukuoka/sc_fukuokashichuo/nc_20874952/,桜坂,地下鉄七隈線,5,2001-01-01,25,20874952
コアマンション桜坂プレジオ弐番館,7780,福岡県福岡市中央区六本松３,地下鉄七隈線「桜坂」徒歩4分,103.4,3LDK+S（納戸）,2001年1月,https://suumo.jp//ms/chuko/fukuoka/sc_fukuokashichuo/nc_20091541/,桜坂,地下鉄七隈線,4,2001-01-01,25,20091541
ウェリス大濠公園Ｚ－Ｓｔａｇｅ,7790,福岡県福岡市中央区黒門,地下鉄空港線「唐人町」徒歩2分,65.0,2LDK,2013年9月,https://suumo.jp//ms/chuko/fukuoka/sc_fukuokashichuo/nc_21558812/,唐人町,地下鉄空港線,2,2013-09-01,13,21558812
グランド・サンリヤン大濠二丁目,7800,福岡県福岡市中央区大濠２-11-5,地下鉄空港線「唐人町」徒歩7分,82.71,2LDK,2002年3月,https://suumo.jp//ms/chuko/fukuoka/sc_fukuokashichuo/nc_21240464/,唐人町,地下鉄空港線,7,2002-03-01,24,21240464
ブライトパークサンリヤン地行,7830,福岡県福岡市中央区地行２,地下鉄空港線「西新」徒歩6分,73.59,3LDK,2012年3月,https://suumo.jp//ms/chuko/fukuoka/sc_fukuokashichuo/nc_21460982/,西新,地下鉄空港線,6,2012-03-01,14,21460982
マークネクスト鳥飼,7880,福岡県福岡市城南区鳥飼７,地下鉄七隈線「別府」徒歩6分,66.18,3LDK,2023年8月,https://suumo.jp//ms/chuko/fukuoka/sc_fukuokashijonan/nc_21258396/,別府,地下鉄七隈線,6,2023-08-01,3,21258396
コアマンション桜坂プレジオ弐番館,7890,福岡県福岡市中央区六本松３,地下鉄七隈線「桜坂」徒歩4分,103.4,3LDK+S（納戸）,2001年1月,https://suumo.jp//ms/chuko/fukuoka/sc_fukuokashichuo/nc_20207719/,桜坂,地下鉄七隈線,4,2001-01-01,25,20207719
ＭＪＲ博多ザ・レジデンス,7900,福岡県福岡市博多区美野島１,ＪＲ鹿児島本線「博多」徒歩13分,70.1,2LDK,2025年1月,https://suumo.jp//ms/chuko/fukuoka/sc_fukuokashihakata/nc_21677240/,博多,ＪＲ鹿児島本線,13,2025-01-01,1,21677240
六本松パークホームズ,7980,福岡県福岡市中央区梅光園１,地下鉄七隈線「六本松」徒歩5分,141.91,4LDK+S（納戸）,1991年8月,https://suumo.jp//ms/chuko/fukuoka/sc_fukuokashichuo/nc_20956553/,六本松,地下鉄七隈線,5,1991-08-01,35,20956553
ザ・パークハウス藤崎紅葉山,7980,福岡県福岡市早良区昭代３,地下鉄空港線「藤崎」徒歩10分,70.44,3LDK,2021年12月,https://suumo.jp//ms/chuko/fukuoka/sc_fukuokashisawara/nc_21462299/,藤崎,地下鉄空港線,10,2021-12-01,5,21462299
プレサンスロジェ薬院二丁目,7980,福岡県福岡市中央区薬院２,地下鉄七隈線「薬院大通」徒歩3分,65.57,2LDK+S（納戸）,2020年10月,https://suumo.jp//ms/chuko/fukuoka/sc_fukuokashichuo/nc_21113400/,薬院大通,地下鉄七隈線,3,2020-10-01,6,21113400
グリーンマンション平尾,7999,福岡県福岡市中央区平尾２,西鉄天神大牟田線「薬院」徒歩14分,85.9,3LDK,1996年4月,https://suumo.jp//ms/chuko/fukuoka/sc_fukuokashichuo/nc_21540468/,薬院,西鉄天神大牟田線,14,1996-04-01,30,21540468
コアマンション百道プレジオ,8100,福岡県福岡市早良区百道１-25-42,地下鉄空港線「藤崎」徒歩10分,92.92,3LDK+S（納戸）,2006年2月,https://suumo.jp//ms/chuko/fukuoka/sc_fukuokashisawara/nc_21155960/,藤崎,地下鉄空港線,10,2006-02-01,20,21155960
コアマンション百道プレジオ,8100,福岡県福岡市早良区百道１,地下鉄空港線「藤崎」徒歩9分,92.92,3LDK+S（納戸）,2006年2月,https://suumo.jp//ms/chuko/fukuoka/sc_fukuokashisawara/nc_21195610/,藤崎,地下鉄空港線,9,2006-02-01,20,21195610
デュ・レジア薬院スタンス,8180,福岡県福岡市中央区薬院３,地下鉄七隈線「薬院大通」徒歩7分,60.22,3LDK,2023年2月,https://suumo.jp//ms/chuko/fukuoka/sc_fukuokashichuo/nc_21750638/,薬院大通,地下鉄七隈線,7,2023-02-01,3,21750638
グランド・サンリヤン西新,8200,福岡県福岡市早良区城西１,地下鉄空港線「西新」徒歩5分,68.73,3LDK,2024年11月,https://suumo.jp//ms/chuko/fukuoka/sc_fukuokashisawara/nc_78823570/,西新,地下鉄空港線,5,2024-11-01,2,78823570
ザ・パークハウス福岡タワーズWEST,8220,福岡県福岡市中央区地行浜２,地下鉄空港線「唐人町」徒歩14分,61.74,2LDK,2019年12月,https://suumo.jp//ms/chuko/fukuoka/sc_fukuokashichuo/nc_21350441/,唐人町,地下鉄空港線,14,2019-12-01,7,21350441
グランドサンリヤン大濠２丁目,8280,福岡県福岡市中央区大濠２,地下鉄空港線「唐人町」徒歩7分,69.4,2LDK,2002年3月,https://suumo.jp//ms/chuko/fukuoka/sc_fukuokashichuo/nc_21469825/,唐人町,地下鉄空港線,7,2002-03-01,24,21469825
グランドメゾン福岡Ｔｈｅ　Ｃｅｎｔｒａｌ　Ｌｕｘｅ,8280,福岡県福岡市中央区渡辺通２,西鉄天神大牟田線「薬院」徒歩3分,51.35,1LDK,2025年6月,https://suumo.jp//ms/chuko/fukuoka/sc_fukuokashichuo/nc_21669141/,薬院,西鉄天神大牟田線,3,2025-06-01,1,21669141
オーヴィジョン六本松レジデンス,8280,福岡県福岡市中央区六本松３,地下鉄七隈線「六本松」徒歩7分,74.53,2LDK,2023年1月,https://suumo.jp//ms/chuko/fukuoka/sc_fukuokashichuo/nc_21452589/,六本松,地下鉄七隈線,7,2023-01-01,3,21452589
サーパス薬院,8290,福岡県福岡市中央区薬院３,西鉄天神大牟田線「薬院」徒歩5分,79.18,3LDK,2003年10月,https://suumo.jp//ms/chuko/fukuoka/sc_fukuokashichuo/nc_21741783/,薬院,西鉄天神大牟田線,5,2003-10-01,23,21741783
エステートマンション大濠フローレス,8299,福岡県福岡市中央区鳥飼１-4-15,地下鉄七隈線「六本松」徒歩14分,97.42,4LDK,1989年3月,https://suumo.jp//ms/chuko/fukuoka/sc_fukuokashichuo/nc_21488185/,六本松,地下鉄七隈線,14,1989-03-01,37,21488185
エステートマンション大濠フローレス,8299,福岡県福岡市中央区鳥飼１,地下鉄七隈線「六本松」徒歩14分,97.42,4LDK,1989年3月,https://suumo.jp//ms/chuko/fukuoka/sc_fukuokashichuo/nc_21405713/,六本松,地下鉄七隈線,14,1989-03-01,37,21405713
ネクサス薬院二丁目,8299,福岡県福岡市中央区薬院２,地下鉄七隈線「薬院大通」徒歩3分,73.0,3LDK,2016年3月,https://suumo.jp//ms/chuko/fukuoka/sc_fukuokashichuo/nc_21593992/,薬院大通,地下鉄七隈線,3,2016-03-01,10,21593992
エステートマンション大濠フローレス,8299,福岡県福岡市中央区鳥飼１-4-15,地下鉄七隈線「六本松」徒歩13分,97.42,4LDK,1989年3月,https://suumo.jp//ms/chuko/fukuoka/sc_fukuokashichuo/nc_21672109/,六本松,地下鉄七隈線,13,1989-03-01,37,21672109
ダイアパレス赤坂,8299,福岡県福岡市中央区赤坂２,地下鉄空港線「赤坂」徒歩9分,88.58,4LDK,2001年9月,https://suumo.jp//ms/chuko/fukuoka/sc_fukuokashichuo/nc_21117416/,赤坂,地下鉄空港線,9,2001-09-01,25,21117416
グランドメゾン大手門ザ・レジデンス,8300,福岡県福岡市中央区大手門２,地下鉄空港線「大濠公園」徒歩6分,59.52,2LDK,2024年1月,https://suumo.jp//ms/chuko/fukuoka/sc_fukuokashichuo/nc_21717213/,大濠公園,地下鉄空港線,6,2024-01-01,2,21717213
サーパス赤坂マスタービュー,8300,福岡県福岡市中央区六本松３,地下鉄七隈線「六本松」徒歩8分,83.83,2LDK+S（納戸）,2013年10月,https://suumo.jp//ms/chuko/fukuoka/sc_fukuokashichuo/nc_21711192/,六本松,地下鉄七隈線,8,2013-10-01,13,21711192
デュレジア薬院スタンス,8360,福岡県福岡市中央区薬院３,西鉄天神大牟田線「薬院」徒歩6分,60.22,2LDK,2023年2月,https://suumo.jp//ms/chuko/fukuoka/sc_fukuokashichuo/nc_21112525/,薬院,西鉄天神大牟田線,6,2023-02-01,3,21112525
マークネクスト鳥飼,8380,福岡県福岡市城南区鳥飼７,地下鉄七隈線「別府」徒歩6分,71.33,3LDK,2023年8月,https://suumo.jp//ms/chuko/fukuoka/sc_fukuokashijonan/nc_21237187/,別府,地下鉄七隈線,6,2023-08-01,3,21237187
ザ・パークハウス赤坂タワーレジデンス,8380,福岡県福岡市中央区長浜２,地下鉄空港線「赤坂」徒歩6分,72.57,3LDK,2019年7月,https://suumo.jp//ms/chuko/fukuoka/sc_fukuokashichuo/nc_21678398/,赤坂,地下鉄空港線,6,2019-07-01,7,21678398
ル・サンク大濠公園,8480,福岡県福岡市中央区大手門２,地下鉄空港線「大濠公園」徒歩8分,85.86,2LDK+S（納戸）,2020年6月,https://suumo.jp//ms/chuko/fukuoka/sc_fukuokashichuo/nc_20529132/,大濠公園,地下鉄空港線,8,2020-06-01,6,20529132
グランドメゾン別府レジデンス,8480,福岡県福岡市城南区別府３,地下鉄七隈線「別府」徒歩2分,70.44,2LDK,2024年1月,https://suumo.jp//ms/chuko/fukuoka/sc_fukuokashijonan/nc_20549076/,別府,地下鉄七隈線,2,2024-01-01,2,20549076
ＪＧＭヴェルデ桜坂,8480,福岡県福岡市中央区桜坂３,地下鉄七隈線「桜坂」徒歩1分,101.19,4LDK,2000年10月,https://suumo.jp//ms/chuko/fukuoka/sc_fukuokashichuo/nc_21592041/,桜坂,地下鉄七隈線,1,2000-10-01,26,21592041
アソシアタワー大濠ベネフィス,8480,福岡県福岡市中央区荒戸３,地下鉄空港線「唐人町」徒歩6分,92.04,4LDK,2005年3月,https://suumo.jp//ms/chuko/fukuoka/sc_fukuokashichuo/nc_21105485/,唐人町,地下鉄空港線,6,2005-03-01,21,21105485
ライオンズ大濠レジデンス,8480,福岡県福岡市中央区草香江２,地下鉄七隈線「六本松」徒歩10分,100.05,3LDK,2007年11月,https://suumo.jp//ms/chuko/fukuoka/sc_fukuokashichuo/nc_20483283/,六本松,地下鉄七隈線,10,2007-11-01,19,20483283
エンゼルハイム大濠,8480,福岡県福岡市中央区今川１,地下鉄空港線「唐人町」徒歩7分,79.51,3LDK,2002年3月,https://suumo.jp//ms/chuko/fukuoka/sc_fukuokashichuo/nc_21578940/,唐人町,地下鉄空港線,7,2002-03-01,24,21578940
アソシアタワー大濠ベネフィス,8480,福岡県福岡市中央区荒戸３,地下鉄空港線「大濠公園」徒歩8分,92.04,4LDK,2005年3月,https://suumo.jp//ms/chuko/fukuoka/sc_fukuokashichuo/nc_21094464/,大濠公園,地下鉄空港線,8,2005-03-01,21,21094464
グランドメゾン大濠公園ザ・タワーレジデンス,8480,福岡県福岡市中央区荒戸２,地下鉄空港線「大濠公園」徒歩6分,52.83,2LDK,2021年6月,https://suumo.jp//ms/chuko/fukuoka/sc_fukuokashichuo/nc_21054603/,大濠公園,地下鉄空港線,6,2021-06-01,5,21054603
アクセス天神Ⅱ,8490,福岡県福岡市中央区今泉１,西鉄天神大牟田線「薬院」徒歩5分,83.28,3LDK,2001年7月,https://suumo.jp//ms/chuko/fukuoka/sc_fukuokashichuo/nc_21677239/,薬院,西鉄天神大牟田線,5,2001-07-01,25,21677239
百道タワー,8500,福岡県福岡市早良区百道浜１-2-6,地下鉄空港線「西新」徒歩10分,90.28,1LDK,2004年2月,https://suumo.jp//ms/chuko/fukuoka/sc_fukuokashisawara/nc_20131070/,西新,地下鉄空港線,10,2004-02-01,22,20131070
百道タワー,8500,福岡県福岡市早良区百道浜１,地下鉄空港線「西新」徒歩10分,90.28,1LDK,2004年2月,https://suumo.jp//ms/chuko/fukuoka/sc_fukuokashisawara/nc_20455101/,西新,地下鉄空港線,10,2004-02-01,22,20455101
百道タワー,8500,福岡県福岡市早良区百道浜１,地下鉄空港線「西新」徒歩10分,90.28,1LDK+S（納戸）,2004年2月,https://suumo.jp//ms/chuko/fukuoka/sc_fukuokashisawara/nc_20577302/,西新,地下鉄空港線,10,2004-02-01,22,20577302
ライオンズマンション大濠パークサイド,8500,福岡県福岡市中央区鳥飼２,地下鉄空港線「唐人町」徒歩11分,103.85,4LDK,2003年2月,https://suumo.jp//ms/chuko/fukuoka/sc_fukuokashichuo/nc_20785395/,唐人町,地下鉄空港線,11,2003-02-01,23,20785395
百道タワー,8500,福岡県福岡市早良区百道浜１,地下鉄空港線「西新」徒歩10分,90.28,1LDK,2004年2月,https://suumo.jp//ms/chuko/fukuoka/sc_fukuokashisawara/nc_20612548/,西新,地下鉄空港線,10,2004-02-01,22,20612548
百道タワー,8580,福岡県福岡市早良区百道浜１,地下鉄空港線「西新」徒歩10分,81.73,2LDK,2004年2月,https://suumo.jp//ms/chuko/fukuoka/sc_fukuokashisawara/nc_79121075/,西新,地下鉄空港線,10,2004-02-01,22,79121075
コアマンション大手門タワー,8680,福岡県福岡市中央区大手門１,地下鉄空港線「赤坂」徒歩7分,95.82,3LDK,2003年8月,https://suumo.jp//ms/chuko/fukuoka/sc_fukuokashichuo/nc_20606079/,赤坂,地下鉄空港線,7,2003-08-01,23,20606079
アソシアタワー大濠ベネフィス,8690,福岡県福岡市中央区荒戸３-２－４０,地下鉄空港線「唐人町」徒歩6分,92.04,4LDK,2005年3月,https://suumo.jp//ms/chuko/fukuoka/sc_fukuokashichuo/nc_21040046/,唐人町,地下鉄空港線,6,2005-03-01,21,21040046
アソシアタワー大濠ベネフィス,8690,福岡県福岡市中央区荒戸３,地下鉄空港線「唐人町」徒歩7分,92.04,4LDK,2005年3月,https://suumo.jp//ms/chuko/fukuoka/sc_fukuokashichuo/nc_20558081/,唐人町,地下鉄空港線,7,2005-03-01,21,20558081
ザ・パークハウス桜坂サンリヤン,8750,福岡県福岡市中央区桜坂３,地下鉄七隈線「桜坂」徒歩3分,73.6,3LDK,2018年9月,https://suumo.jp//ms/chuko/fukuoka/sc_fukuokashichuo/nc_21029911/,桜坂,地下鉄七隈線,3,2018-09-01,8,21029911
グランドサンリヤン大濠公園パークビュー,8780,福岡県福岡市中央区草香江１,地下鉄七隈線「六本松」徒歩9分,96.91,3LDK,2005年3月,https://suumo.jp//ms/chuko/fukuoka/sc_fukuokashichuo/nc_21062175/,六本松,地下鉄七隈線,9,2005-03-01,21,21062175
レジデンス百道,8880,福岡県福岡市早良区百道２,地下鉄空港線「藤崎」徒歩3分,84.03,3LDK,2015年3月,https://suumo.jp//ms/chuko/fukuoka/sc_fukuokashisawara/nc_21580280/,藤崎,地下鉄空港線,3,2015-03-01,11,21580280
アメックス大濠タワー,8880,福岡県福岡市中央区大手門３,地下鉄空港線「大濠公園」徒歩5分,76.72,2LDK+S（納戸）,2006年7月,https://suumo.jp//ms/chuko/fukuoka/sc_fukuokashichuo/nc_21622294/,大濠公園,地下鉄空港線,5,2006-07-01,20,21622294
グランドメゾン福岡Ｔｈｅ　Ｃｅｎｔｒａｌ　Ｌｕｘｅ,8900,福岡県福岡市中央区渡辺通２,地下鉄七隈線「薬院」徒歩4分,62.25,1LDK,2025年6月,https://suumo.jp//ms/chuko/fukuoka/sc_fukuokashichuo/nc_21530288/,薬院,地下鉄七隈線,4,2025-06-01,1,21530288
コアマンション大手門タワー,8900,福岡県福岡市中央区大手門１,地下鉄空港線「赤坂」徒歩5分,95.82,2LDK,2003年8月,https://suumo.jp//ms/chuko/fukuoka/sc_fukuokashichuo/nc_21623846/,赤坂,地下鉄空港線,5,2003-08-01,23,21623846
ロマネスク赤坂第２,8900,福岡県福岡市中央区赤坂１,地下鉄空港線「赤坂」徒歩4分,113.68,1LDK,1986年7月,https://suumo.jp//ms/chuko/fukuoka/sc_fukuokashichuo/nc_21369193/,赤坂,地下鉄空港線,4,1986-07-01,40,21369193
クレアフォーシーズンズ,8980,福岡県福岡市早良区西新２,地下鉄空港線「西新」徒歩2分,80.25,3LDK,2005年1月,https://suumo.jp//ms/chuko/fukuoka/sc_fukuokashisawara/nc_21704795/,西新,地下鉄空港線,2,2005-01-01,21,21704795
ネクサス別府,8980,福岡県福岡市城南区別府３,地下鉄七隈線「別府」徒歩2分,75.01,3LDK,2010年3月,https://suumo.jp//ms/chuko/fukuoka/sc_fukuokashijonan/nc_21650495/,別府,地下鉄七隈線,2,2010-03-01,16,21650495
ブランシエラ赤坂はなみずき通り,8980,福岡県福岡市中央区桜坂１,地下鉄七隈線「桜坂」徒歩6分,77.39,3LDK,2020年8月,https://suumo.jp//ms/chuko/fukuoka/sc_fukuokashichuo/nc_78841624/,桜坂,地下鉄七隈線,6,2020-08-01,6,78841624
ライオンズヒルズ桜坂,8980,福岡県福岡市中央区桜坂３,地下鉄七隈線「桜坂」徒歩3分,133.27,3LDK,1986年12月,https://suumo.jp//ms/chuko/fukuoka/sc_fukuokashichuo/nc_20933104/,桜坂,地下鉄七隈線,3,1986-12-01,40,20933104
マークネクスト鳥飼,8980,福岡県福岡市城南区鳥飼７,地下鉄七隈線「別府」徒歩6分,80.1,4LDK,2023年8月,https://suumo.jp//ms/chuko/fukuoka/sc_fukuokashijonan/nc_21741779/,別府,地下鉄七隈線,6,2023-08-01,3,21741779
パークホームズ西新トラッドマークス,8990,福岡県福岡市早良区西新２,地下鉄空港線「西新」徒歩3分,75.11,3LDK,2018年5月,https://suumo.jp//ms/chuko/fukuoka/sc_fukuokashisawara/nc_21687594/,西新,地下鉄空港線,3,2018-05-01,8,21687594
ザ・パークハウス福岡タワーズ　ＥＡＳＴ,8999,福岡県福岡市中央区地行浜２,地下鉄空港線「唐人町」徒歩11分,71.77,3LDK,2020年12月,https://suumo.jp//ms/chuko/fukuoka/sc_fukuokashichuo/nc_21711630/,唐人町,地下鉄空港線,11,2020-12-01,6,21711630
ザ・パークハウス　福岡タワーズ　EAST,8999,福岡県福岡市中央区地行浜２,地下鉄空港線「唐人町」徒歩11分,71.77,3LDK,2020年12月,https://suumo.jp//ms/chuko/fukuoka/sc_fukuokashichuo/nc_21652192/,唐人町,地下鉄空港線,11,2020-12-01,6,21652192
ザ・パークハウス福岡タワーズEAST,8999,福岡県福岡市中央区地行浜２-2-5,地下鉄空港線「唐人町」徒歩14分,71.77,3LDK,2020年12月,https://suumo.jp//ms/chuko/fukuoka/sc_fukuokashichuo/nc_21599400/,唐人町,地下鉄空港線,14,2020-12-01,6,21599400
ザ・パークハウス福岡タワーズEAST,8999,福岡県福岡市中央区地行浜２,地下鉄空港線「唐人町」徒歩12分,71.77,3LDK,2020年12月,https://suumo.jp//ms/chuko/fukuoka/sc_fukuokashichuo/nc_21600221/,唐人町,地下鉄空港線,12,2020-12-01,6,21600221
ＭＪＲ博多ザ・レジデンス,9000,福岡県福岡市博多区美野島１,ＪＲ鹿児島本線「博多」徒歩13分,70.1,2LDK+S（納戸）,2025年1月,https://suumo.jp//ms/chuko/fukuoka/sc_fukuokashihakata/nc_21634731/,博多,ＪＲ鹿児島本線,13,2025-01-01,1,21634731
ＭＪＲ博多ザ・レジデンス,9000,福岡県福岡市博多区美野島１,ＪＲ鹿児島本線「博多」徒歩13分,70.1,2LDK,2025年1月,https://suumo.jp//ms/chuko/fukuoka/sc_fukuokashihakata/nc_21442978/,博多,ＪＲ鹿児島本線,13,2025-01-01,1,21442978
パークホームズ福岡浄水通,9080,福岡県福岡市中央区浄水通1-33,地下鉄七隈線「薬院大通」徒歩8分,68.71,3LDK,2026年9月,https://suumo.jp//ms/chuko/fukuoka/sc_fukuokashichuo/nc_21714617/,薬院大通,地下鉄七隈線,8,2026-09-01,0,21714617
パークホームズ福岡浄水通,9080,福岡県福岡市中央区浄水通,地下鉄七隈線「薬院大通」徒歩7分,68.71,3LDK,2026年6月,https://suumo.jp//ms/chuko/fukuoka/sc_fukuokashichuo/nc_21741782/,薬院大通,地下鉄七隈線,7,2026-06-01,0,21741782
アンピール舞鶴,9080,福岡県福岡市中央区舞鶴１,地下鉄空港線「天神」徒歩10分,81.96,3LDK,2004年3月,https://suumo.jp//ms/chuko/fukuoka/sc_fukuokashichuo/nc_21642247/,天神,地下鉄空港線,10,2004-03-01,22,21642247
グランドメゾン浄水ガーデンシティセントラルフォレスト…,9090,福岡県福岡市中央区薬院４,地下鉄七隈線「薬院大通」徒歩9分,65.42,2LDK,2022年1月,https://suumo.jp//ms/chuko/fukuoka/sc_fukuokashichuo/nc_21187907/,薬院大通,地下鉄七隈線,9,2022-01-01,4,21187907
ザ・パークハウス福岡タワーズ　EAST,9180,福岡県福岡市中央区地行浜２,地下鉄空港線「唐人町」徒歩12分,81.41,3LDK,2020年12月,https://suumo.jp//ms/chuko/fukuoka/sc_fukuokashichuo/nc_20738575/,唐人町,地下鉄空港線,12,2020-12-01,6,20738575
グランドメゾン福岡　The Central Luxe,9200,福岡県福岡市中央区渡辺通２-７－２８,西鉄天神大牟田線「薬院」徒歩2分,63.29,1LDK,2025年6月,https://suumo.jp//ms/chuko/fukuoka/sc_fukuokashichuo/nc_20128719/,薬院,西鉄天神大牟田線,2,2025-06-01,1,20128719
グランドメゾン赤坂１丁目,9250,福岡県福岡市中央区赤坂１,地下鉄空港線「赤坂」徒歩6分,71.55,2LDK,2013年5月,https://suumo.jp//ms/chuko/fukuoka/sc_fukuokashichuo/nc_20746427/,赤坂,地下鉄空港線,6,2013-05-01,13,20746427
JGMロイヤルガーデン浄水通り,9250,福岡県福岡市中央区浄水通２－１,地下鉄七隈線「薬院大通」徒歩8分,94.45,3LDK,2004年2月,https://suumo.jp//ms/chuko/fukuoka/sc_fukuokashichuo/nc_21070976/,薬院大通,地下鉄七隈線,8,2004-02-01,22,21070976
サンメゾン今川,9280,福岡県福岡市中央区今川１,地下鉄空港線「唐人町」徒歩6分,86.13,3LDK,2019年2月,https://suumo.jp//ms/chuko/fukuoka/sc_fukuokashichuo/nc_20601170/,唐人町,地下鉄空港線,6,2019-02-01,7,20601170
ザ・パークハウス赤坂タワーレジデンス,9280,福岡県福岡市中央区長浜２,地下鉄空港線「赤坂」徒歩7分,78.96,3LDK,2019年7月,https://suumo.jp//ms/chuko/fukuoka/sc_fukuokashichuo/nc_21510275/,赤坂,地下鉄空港線,7,2019-07-01,7,21510275
ライオンズタワー赤坂けやき通り,9280,福岡県福岡市中央区赤坂２,地下鉄空港線「赤坂」徒歩10分,80.11,3LDK,2007年1月,https://suumo.jp//ms/chuko/fukuoka/sc_fukuokashichuo/nc_20954557/,赤坂,地下鉄空港線,10,2007-01-01,19,20954557
ザ・パークハウス赤坂タワーレジデンス,9280,福岡県福岡市中央区長浜２-2-8,地下鉄空港線「赤坂」徒歩6分,78.96,3LDK,2019年7月,https://suumo.jp//ms/chuko/fukuoka/sc_fukuokashichuo/nc_21370583/,赤坂,地下鉄空港線,6,2019-07-01,7,21370583
ザ・パークハウス西新二丁目,9480,福岡県福岡市早良区西新２,地下鉄空港線「西新」徒歩8分,72.32,3LDK,2016年12月,https://suumo.jp//ms/chuko/fukuoka/sc_fukuokashisawara/nc_21469809/,西新,地下鉄空港線,8,2016-12-01,10,21469809
ザ・パークハウス福岡タワーズ　ＥＡＳＴ,9480,福岡県福岡市中央区地行浜２,地下鉄空港線「唐人町」徒歩12分,77.32,2LDK,2020年12月,https://suumo.jp//ms/chuko/fukuoka/sc_fukuokashichuo/nc_21272927/,唐人町,地下鉄空港線,12,2020-12-01,6,21272927
グランドメゾン赤坂JOHSEKI,9500,福岡県福岡市中央区赤坂２,地下鉄空港線「赤坂」徒歩12分,52.76,2LDK,2022年9月,https://suumo.jp//ms/chuko/fukuoka/sc_fukuokashichuo/nc_20845713/,赤坂,地下鉄空港線,12,2022-09-01,4,20845713
グランドメゾン赤坂ＪＯＨＳＥＫＩ,9500,福岡県福岡市中央区赤坂２,地下鉄空港線「赤坂」徒歩12分,52.76,2LDK,2022年9月,https://suumo.jp//ms/chuko/fukuoka/sc_fukuokashichuo/nc_21469817/,赤坂,地下鉄空港線,12,2022-09-01,4,21469817
Ｂｒｉｌｌｉａ平尾浄水,9588,福岡県福岡市中央区平尾浄水町,地下鉄七隈線「薬院大通」徒歩11分,108.17,3LDK,2009年4月,https://suumo.jp//ms/chuko/fukuoka/sc_fukuokashichuo/nc_21749127/,薬院大通,地下鉄七隈線,11,2009-04-01,17,21749127
グランドメゾン桜坂ヒルズ,9600,福岡県福岡市中央区警固３,地下鉄七隈線「桜坂」徒歩5分,90.75,3LDK,2011年2月,https://suumo.jp//ms/chuko/fukuoka/sc_fukuokashichuo/nc_20513628/,桜坂,地下鉄七隈線,5,2011-02-01,15,20513628
グランドメゾン桜坂ヒルズ,9600,福岡県福岡市中央区警固３,地下鉄七隈線「桜坂」徒歩5分,90.75,3LDK,2011年2月,https://suumo.jp//ms/chuko/fukuoka/sc_fukuokashichuo/nc_20420725/,桜坂,地下鉄七隈線,5,2011-02-01,15,20420725
ザ・パークハウス福岡タワーズＷＥＳＴ,9680,福岡県福岡市中央区地行浜２,地下鉄空港線「唐人町」徒歩11分,82.52,2LDK,2019年12月,https://suumo.jp//ms/chuko/fukuoka/sc_fukuokashichuo/nc_21403450/,唐人町,地下鉄空港線,11,2019-12-01,7,21403450
ザ・パークハウス福岡タワーズ　WEST,9680,福岡県福岡市中央区地行浜２,地下鉄空港線「唐人町」徒歩12分,82.52,2LDK,2019年12月,https://suumo.jp//ms/chuko/fukuoka/sc_fukuokashichuo/nc_21491474/,唐人町,地下鉄空港線,12,2019-12-01,7,21491474
ザ・パークハウス福岡タワーズWEST,9680,福岡県福岡市中央区地行浜２,地下鉄空港線「唐人町」徒歩10分,82.52,2LDK,2019年12月,https://suumo.jp//ms/chuko/fukuoka/sc_fukuokashichuo/nc_21479088/,唐人町,地下鉄空港線,10,2019-12-01,7,21479088
ザ・パークハウス福岡タワーズWEST,9680,福岡県福岡市中央区地行浜２-2-4,地下鉄空港線「唐人町」徒歩14分,82.52,2LDK,2019年12月,https://suumo.jp//ms/chuko/fukuoka/sc_fukuokashichuo/nc_21382907/,唐人町,地下鉄空港線,14,2019-12-01,7,21382907
グランフォーレ百道アクアフロント,9780,福岡県福岡市早良区百道３,地下鉄空港線「藤崎」徒歩10分,86.02,3LDK,2020年10月,https://suumo.jp//ms/chuko/fukuoka/sc_fukuokashisawara/nc_21676029/,藤崎,地下鉄空港線,10,2020-10-01,6,21676029
パークコート赤坂ヒルトップレジデンス,9800,福岡県福岡市中央区赤坂３-６－６,地下鉄七隈線「桜坂」徒歩10分,88.76,3LDK,2010年2月,https://suumo.jp//ms/chuko/fukuoka/sc_fukuokashichuo/nc_78640538/,桜坂,地下鉄七隈線,10,2010-02-01,16,78640538
Brillia平尾浄水,9900,福岡県福岡市中央区平尾浄水町,地下鉄七隈線「薬院大通」徒歩11分,127.99,3LDK+2S（納戸）,2009年5月,https://suumo.jp//ms/chuko/fukuoka/sc_fukuokashichuo/nc_20983713/,薬院大通,地下鉄七隈線,11,2009-05-01,17,20983713
アダージュ薬院弐番館,9980,福岡県福岡市中央区薬院２,地下鉄七隈線「薬院大通」徒歩2分,93.88,4LDK,2003年3月,https://suumo.jp//ms/chuko/fukuoka/sc_fukuokashichuo/nc_21187999/,薬院大通,地下鉄七隈線,2,2003-03-01,23,21187999
アクタス大手門パークシティ,9980,福岡県福岡市中央区大手門１,地下鉄空港線「赤坂」徒歩7分,93.92,3LDK,2005年2月,https://suumo.jp//ms/chuko/fukuoka/sc_fukuokashichuo/nc_76865748/,赤坂,地下鉄空港線,7,2005-02-01,21,76865748
アクタス大手門パークシティ,9980,福岡県福岡市中央区大手門１-２－１８,地下鉄空港線「赤坂」徒歩7分,93.92,3LDK,2005年2月,https://suumo.jp//ms/chuko/fukuoka/sc_fukuokashichuo/nc_76842988/,赤坂,地下鉄空港線,7,2005-02-01,21,76842988
フリーディア藤崎レジデンス,9980,福岡県福岡市早良区藤崎１,地下鉄空港線「藤崎」徒歩4分,97.45,3LDK,2019年9月,https://suumo.jp//ms/chuko/fukuoka/sc_fukuokashisawara/nc_79081279/,藤崎,地下鉄空港線,4,2019-09-01,7,79081279
デュレジア薬院スタンス【築浅、地下鉄、電車ダブルアク…,9990,福岡県福岡市中央区薬院３,地下鉄七隈線「薬院大通」徒歩5分,70.33,2LDK+S（納戸）,2023年2月,https://suumo.jp//ms/chuko/fukuoka/sc_fukuokashichuo/nc_20282820/,薬院大通,地下鉄七隈線,5,2023-02-01,3,20282820
ＪＧＭロイヤルガーデン浄水通り,9990,福岡県福岡市中央区浄水通,地下鉄七隈線「薬院大通」徒歩7分,98.37,4LDK,2004年2月,https://suumo.jp//ms/chuko/fukuoka/sc_fukuokashichuo/nc_21643614/,薬院大通,地下鉄七隈線,7,2004-02-01,22,21643614
グランフォーレ西新レジデンス,9995,福岡県福岡市早良区西新２,地下鉄空港線「西新」徒歩4分,90.01,3LDK,2017年3月,https://suumo.jp//ms/chuko/fukuoka/sc_fukuokashisawara/nc_21084677/,西新,地下鉄空港線,4,2017-03-01,9,21084677
Brillia平尾浄水,10200,福岡県福岡市中央区平尾浄水町,地下鉄七隈線「薬院大通」徒歩12分,114.43,3LDK,2009年4月,https://suumo.jp//ms/chuko/fukuoka/sc_fukuokashichuo/nc_20367604/,薬院大通,地下鉄七隈線,12,2009-04-01,17,20367604
ブリリア平尾浄水,10200,福岡県福岡市中央区平尾浄水町,地下鉄七隈線「薬院大通」徒歩11分,114.43,3LDK,2009年5月,https://suumo.jp//ms/chuko/fukuoka/sc_fukuokashichuo/nc_78952756/,薬院大通,地下鉄七隈線,11,2009-05-01,17,78952756
Brillia平尾浄水,10200,福岡県福岡市中央区平尾浄水町,地下鉄七隈線「薬院大通」徒歩13分,114.43,3LDK,2009年4月,https://suumo.jp//ms/chuko/fukuoka/sc_fukuokashichuo/nc_21582993/,薬院大通,地下鉄七隈線,13,2009-04-01,17,21582993
グランドメゾン大濠南,10490,福岡県福岡市中央区草香江２,地下鉄七隈線「六本松」徒歩3分,98.79,3LDK+S（納戸）,2001年11月,https://suumo.jp//ms/chuko/fukuoka/sc_fukuokashichuo/nc_20286451/,六本松,地下鉄七隈線,3,2001-11-01,25,20286451
グランドメゾン大濠南,10490,福岡県福岡市中央区草香江２,地下鉄七隈線「六本松」徒歩3分,98.79,3LDK+S（納戸）,2001年12月,https://suumo.jp//ms/chuko/fukuoka/sc_fukuokashichuo/nc_21188019/,六本松,地下鉄七隈線,3,2001-12-01,25,21188019
グランドメゾン大濠南,10490,福岡県福岡市中央区草香江２,地下鉄七隈線「六本松」徒歩3分,98.79,3LDK+S（納戸）,2001年11月,https://suumo.jp//ms/chuko/fukuoka/sc_fukuokashichuo/nc_20117698/,六本松,地下鉄七隈線,3,2001-11-01,25,20117698
グランドメゾン薬院　ザ・タワーレジデンス,10500,福岡県福岡市中央区薬院３,地下鉄七隈線「薬院大通」徒歩5分,70.06,2LDK+S（納戸）,2022年6月,https://suumo.jp//ms/chuko/fukuoka/sc_fukuokashichuo/nc_20609707/,薬院大通,地下鉄七隈線,5,2022-06-01,4,20609707
グランドメゾン福岡　Ｔｈｅ　Ｃｅｎｔｒａｌ　Ｌｕｘｅ,10500,福岡県福岡市中央区渡辺通２,西鉄天神大牟田線「薬院」徒歩2分,69.72,1LDK,2025年6月,https://suumo.jp//ms/chuko/fukuoka/sc_fukuokashichuo/nc_21175478/,薬院,西鉄天神大牟田線,2,2025-06-01,1,21175478
Ｂｒｉｌｌｉａ平尾浄水,10800,福岡県福岡市中央区平尾浄水町,地下鉄七隈線「薬院大通」徒歩11分,108.17,3LDK,2009年4月,https://suumo.jp//ms/chuko/fukuoka/sc_fukuokashichuo/nc_20685889/,薬院大通,地下鉄七隈線,11,2009-04-01,17,20685889
グランドメゾン百道プレイス,10820,福岡県福岡市早良区百道２,地下鉄空港線「藤崎」徒歩3分,90.65,3LDK,2016年2月,https://suumo.jp//ms/chuko/fukuoka/sc_fukuokashisawara/nc_77583529/,藤崎,地下鉄空港線,3,2016-02-01,10,77583529
三井薬院ハイツ,10880,福岡県福岡市中央区薬院２,地下鉄七隈線「薬院大通」徒歩6分,172.94,8LDK,1982年10月,https://suumo.jp//ms/chuko/fukuoka/sc_fukuokashichuo/nc_20133049/,薬院大通,地下鉄七隈線,6,1982-10-01,44,20133049
ザ・パークハウス福岡タワーズＥＡＳＴ,10950,福岡県福岡市中央区地行浜２,地下鉄空港線「唐人町」徒歩12分,83.96,2LDK,2020年12月,https://suumo.jp//ms/chuko/fukuoka/sc_fukuokashichuo/nc_20952706/,唐人町,地下鉄空港線,12,2020-12-01,6,20952706
ザ・パークハウス福岡タワーズＷＥＳＴ,10950,福岡県福岡市中央区地行浜２,地下鉄空港線「唐人町」徒歩12分,83.96,3LDK,2019年12月,https://suumo.jp//ms/chuko/fukuoka/sc_fukuokashichuo/nc_21594114/,唐人町,地下鉄空港線,12,2019-12-01,7,21594114
ザ・ライオンズ大濠公園,10980,福岡県福岡市中央区荒戸１,地下鉄空港線「大濠公園」徒歩2分,61.77,2LDK,2024年1月,https://suumo.jp//ms/chuko/fukuoka/sc_fukuokashichuo/nc_21154417/,大濠公園,地下鉄空港線,2,2024-01-01,2,21154417
グランドメゾン大濠南,10990,福岡県福岡市中央区草香江２-1-38,地下鉄七隈線「六本松」徒歩2分,98.79,3LDK+S（納戸）,2001年11月,https://suumo.jp//ms/chuko/fukuoka/sc_fukuokashichuo/nc_20236709/,六本松,地下鉄七隈線,2,2001-11-01,25,20236709
ＪＧＭロイヤルガーデン薬院,11500,福岡県福岡市中央区薬院２,地下鉄七隈線「薬院大通」徒歩1分,104.94,4LDK,2004年3月,https://suumo.jp//ms/chuko/fukuoka/sc_fukuokashichuo/nc_21740134/,薬院大通,地下鉄七隈線,1,2004-03-01,22,21740134
グランフォーレ百道三丁目レジデンス,11600,福岡県福岡市早良区百道３,地下鉄空港線「藤崎」徒歩9分,84.93,3LDK,2024年12月,https://suumo.jp//ms/chuko/fukuoka/sc_fukuokashisawara/nc_21741781/,藤崎,地下鉄空港線,9,2024-12-01,2,21741781
グランドメゾン西新プレイス,11800,福岡県福岡市早良区城西１,地下鉄空港線「西新」徒歩5分,86.21,3LDK,2014年7月,https://suumo.jp//ms/chuko/fukuoka/sc_fukuokashisawara/nc_21404381/,西新,地下鉄空港線,5,2014-07-01,12,21404381
Ｄ’グランセ御所ケ谷,11800,福岡県福岡市中央区御所ヶ谷,地下鉄七隈線「薬院大通」徒歩7分,108.51,3LDK,2003年8月,https://suumo.jp//ms/chuko/fukuoka/sc_fukuokashichuo/nc_21536478/,薬院大通,地下鉄七隈線,7,2003-08-01,23,21536478
ザ・パークハウス赤坂タワーレジデンス,11800,福岡県福岡市中央区長浜２,地下鉄空港線「赤坂」徒歩6分,94.47,4LDK,2019年7月,https://suumo.jp//ms/chuko/fukuoka/sc_fukuokashichuo/nc_21401905/,赤坂,地下鉄空港線,6,2019-07-01,7,21401905
パークハウス大濠,11880,福岡県福岡市中央区大濠１,地下鉄空港線「唐人町」徒歩12分,107.28,3LDK,1998年5月,https://suumo.jp//ms/chuko/fukuoka/sc_fukuokashichuo/nc_20126844/,唐人町,地下鉄空港線,12,1998-05-01,28,20126844
Ｂｒｉｌｌｉａ平尾浄水,11990,福岡県福岡市中央区平尾浄水町,地下鉄七隈線「薬院大通」徒歩12分,127.99,3LDK,2009年4月,https://suumo.jp//ms/chuko/fukuoka/sc_fukuokashichuo/nc_21363157/,薬院大通,地下鉄七隈線,12,2009-04-01,17,21363157
Brillia平尾浄水,11990,福岡県福岡市中央区平尾浄水町4-7,地下鉄七隈線「薬院大通」徒歩11分,127.99,3LDK,2009年4月,https://suumo.jp//ms/chuko/fukuoka/sc_fukuokashichuo/nc_78105959/,薬院大通,地下鉄七隈線,11,2009-04-01,17,78105959
グランドメゾン浄水ガーデンシティフォレストゲートⅢ,12000,福岡県福岡市中央区薬院４,地下鉄七隈線「薬院大通」徒歩5分,80.37,3LDK,2018年12月,https://suumo.jp//ms/chuko/fukuoka/sc_fukuokashichuo/nc_21371491/,薬院大通,地下鉄七隈線,5,2018-12-01,8,21371491
グランドメゾン赤坂弐番館,12000,福岡県福岡市中央区赤坂２,地下鉄空港線「赤坂」徒歩12分,110.0,3LDK,2004年9月,https://suumo.jp//ms/chuko/fukuoka/sc_fukuokashichuo/nc_79104390/,赤坂,地下鉄空港線,12,2004-09-01,22,79104390
グランドメゾン赤坂弐番館,12000,福岡県福岡市中央区赤坂２,地下鉄空港線「赤坂」徒歩11分,110.0,3LDK,2004年9月,https://suumo.jp//ms/chuko/fukuoka/sc_fukuokashichuo/nc_20475936/,赤坂,地下鉄空港線,11,2004-09-01,22,20475936
グランドメゾン赤坂弐番館,12000,福岡県福岡市中央区赤坂２,地下鉄空港線「赤坂」徒歩11分,110.0,3LDK,2004年9月,https://suumo.jp//ms/chuko/fukuoka/sc_fukuokashichuo/nc_20496537/,赤坂,地下鉄空港線,11,2004-09-01,22,20496537
グランドメゾン西新ステージ,12300,福岡県福岡市早良区西新５,地下鉄空港線「西新」徒歩7分,96.13,4LDK,2012年2月,https://suumo.jp//ms/chuko/fukuoka/sc_fukuokashisawara/nc_21348273/,西新,地下鉄空港線,7,2012-02-01,14,21348273
グランドパレス浄水通り,12500,福岡県福岡市中央区薬院４,地下鉄七隈線「薬院大通」徒歩6分,101.74,2LDK+S（納戸）,2017年2月,https://suumo.jp//ms/chuko/fukuoka/sc_fukuokashichuo/nc_21188014/,薬院大通,地下鉄七隈線,6,2017-02-01,9,21188014
グランドメゾン大濠公園ＴＨＥ　ＣＬＡＳＳ,12500,福岡県福岡市中央区荒戸２,地下鉄空港線「大濠公園」徒歩5分,75.09,3LDK,2024年1月,https://suumo.jp//ms/chuko/fukuoka/sc_fukuokashichuo/nc_21478022/,大濠公園,地下鉄空港線,5,2024-01-01,2,21478022
グランドメゾン百道浜オーシャン＆フォレスト,12500,福岡県福岡市早良区百道浜３,地下鉄空港線「西新」徒歩15分,89.09,2LDK+S（納戸）,2010年6月,https://suumo.jp//ms/chuko/fukuoka/sc_fukuokashisawara/nc_21368222/,西新,地下鉄空港線,15,2010-06-01,16,21368222
グランドパレス浄水通り,12500,福岡県福岡市中央区薬院４,地下鉄七隈線「薬院大通」徒歩6分,101.74,2LDK,2017年2月,https://suumo.jp//ms/chuko/fukuoka/sc_fukuokashichuo/nc_21215035/,薬院大通,地下鉄七隈線,6,2017-02-01,9,21215035
グランドメゾン浄水ガーデンシティフォレストゲートⅢ,12500,福岡県福岡市中央区薬院４,地下鉄七隈線「薬院大通」徒歩5分,83.15,3LDK,2018年12月,https://suumo.jp//ms/chuko/fukuoka/sc_fukuokashichuo/nc_79074334/,薬院大通,地下鉄七隈線,5,2018-12-01,8,79074334
グランドパレス浄水通り,12500,福岡県福岡市中央区薬院４-15-10,地下鉄七隈線「薬院大通」徒歩8分,101.74,2LDK+S（納戸）,2017年3月,https://suumo.jp//ms/chuko/fukuoka/sc_fukuokashichuo/nc_20312519/,薬院大通,地下鉄七隈線,8,2017-03-01,9,20312519
グランドメゾン福岡　The Central Luxe…,12660,福岡県福岡市中央区渡辺通２-7-23,西鉄天神大牟田線「薬院」徒歩2分,69.72,1LDK,2025年6月,https://suumo.jp//ms/chuko/fukuoka/sc_fukuokashichuo/nc_79102216/,薬院,西鉄天神大牟田線,2,2025-06-01,1,79102216
ウェリス大濠公園Ｚ－Ｓｔａｇｅ,12800,福岡県福岡市中央区黒門,地下鉄空港線「唐人町」徒歩2分,86.42,3LDK,2013年9月,https://suumo.jp//ms/chuko/fukuoka/sc_fukuokashichuo/nc_20649999/,唐人町,地下鉄空港線,2,2013-09-01,13,20649999
ウェリス大濠公園Z-Stage,12800,福岡県福岡市中央区黒門,地下鉄空港線「唐人町」徒歩2分,86.42,3LDK,2013年9月,https://suumo.jp//ms/chuko/fukuoka/sc_fukuokashichuo/nc_20422608/,唐人町,地下鉄空港線,2,2013-09-01,13,20422608
ザ・パークハウス福岡タワーズ EAST,12800,福岡県福岡市中央区地行浜２,地下鉄空港線「唐人町」徒歩12分,83.96,3LDK,2020年12月,https://suumo.jp//ms/chuko/fukuoka/sc_fukuokashichuo/nc_79049647/,唐人町,地下鉄空港線,12,2020-12-01,6,79049647
サーパス浄水通り,12900,福岡県福岡市中央区薬院４,地下鉄七隈線「薬院大通」徒歩4分,97.42,3LDK,2003年2月,https://suumo.jp//ms/chuko/fukuoka/sc_fukuokashichuo/nc_21434272/,薬院大通,地下鉄七隈線,4,2003-02-01,23,21434272
グランアーキ大濠一丁目ザ・レジデンス,12900,福岡県福岡市中央区大濠１,地下鉄七隈線「六本松」徒歩9分,77.83,2LDK,2021年1月,https://suumo.jp//ms/chuko/fukuoka/sc_fukuokashichuo/nc_21576840/,六本松,地下鉄七隈線,9,2021-01-01,5,21576840
グランドヒルズ大濠一丁目,12980,福岡県福岡市中央区大濠１,地下鉄空港線「唐人町」徒歩10分,112.25,3LDK,2003年11月,https://suumo.jp//ms/chuko/fukuoka/sc_fukuokashichuo/nc_21621189/,唐人町,地下鉄空港線,10,2003-11-01,23,21621189
パークホームズ福岡浄水通,12980,福岡県福岡市中央区浄水通,地下鉄七隈線「薬院大通」徒歩8分,71.9,3LDK,2026年6月,https://suumo.jp//ms/chuko/fukuoka/sc_fukuokashichuo/nc_21720210/,薬院大通,地下鉄七隈線,8,2026-06-01,0,21720210
ザ・パークハウス桜坂サンリヤン,12980,福岡県福岡市中央区桜坂３,地下鉄七隈線「桜坂」徒歩3分,101.65,4LDK,2018年9月,https://suumo.jp//ms/chuko/fukuoka/sc_fukuokashichuo/nc_21478016/,桜坂,地下鉄七隈線,3,2018-09-01,8,21478016
ライオンズマンション大濠パークサイド,12999,福岡県福岡市中央区鳥飼２,地下鉄空港線「唐人町」徒歩10分,103.85,4LDK,2003年2月,https://suumo.jp//ms/chuko/fukuoka/sc_fukuokashichuo/nc_21741244/,唐人町,地下鉄空港線,10,2003-02-01,23,21741244
MJR赤坂タワー,13300,福岡県福岡市中央区赤坂１,地下鉄空港線「赤坂」徒歩1分,63.58,2LDK+S（納戸）,2017年10月,https://suumo.jp//ms/chuko/fukuoka/sc_fukuokashichuo/nc_21631011/,赤坂,地下鉄空港線,1,2017-10-01,9,21631011
アクロス大濠公園グランビュー,13300,福岡県福岡市中央区黒門,地下鉄空港線「唐人町」徒歩3分,68.02,3LDK,2025年2月,https://suumo.jp//ms/chuko/fukuoka/sc_fukuokashichuo/nc_21530289/,唐人町,地下鉄空港線,3,2025-02-01,1,21530289
コアマンションけやき通りプレジオ,13500,福岡県福岡市中央区赤坂３-４－２２,地下鉄七隈線「桜坂」徒歩12分,133.37,4LDK,2002年10月,https://suumo.jp//ms/chuko/fukuoka/sc_fukuokashichuo/nc_20724392/,桜坂,地下鉄七隈線,12,2002-10-01,24,20724392
コアマンションけやき通りプレジオ,13500,福岡県福岡市中央区赤坂３,地下鉄七隈線「六本松」徒歩10分,133.37,4LDK,2002年10月,https://suumo.jp//ms/chuko/fukuoka/sc_fukuokashichuo/nc_21578638/,六本松,地下鉄七隈線,10,2002-10-01,24,21578638
アンピール・マキシム大濠,13500,福岡県福岡市中央区荒戸２,地下鉄空港線「大濠公園」徒歩8分,123.43,3LDK,2000年10月,https://suumo.jp//ms/chuko/fukuoka/sc_fukuokashichuo/nc_20594963/,大濠公園,地下鉄空港線,8,2000-10-01,26,20594963
グランドメゾン浄水ガーデンシティサウスフォレスト,13800,福岡県福岡市中央区薬院４,地下鉄七隈線「薬院大通」徒歩6分,100.0,3LDK,2015年7月,https://suumo.jp//ms/chuko/fukuoka/sc_fukuokashichuo/nc_21004848/,薬院大通,地下鉄七隈線,6,2015-07-01,11,21004848
MJR赤坂タワー,13900,福岡県福岡市中央区赤坂１,地下鉄空港線「赤坂」徒歩1分,69.03,2LDK,2017年10月,https://suumo.jp//ms/chuko/fukuoka/sc_fukuokashichuo/nc_79059997/,赤坂,地下鉄空港線,1,2017-10-01,9,79059997
MJR赤坂タワー,13900,福岡県福岡市中央区赤坂１,地下鉄空港線「赤坂」徒歩1分,69.03,2LDK,2017年10月,https://suumo.jp//ms/chuko/fukuoka/sc_fukuokashichuo/nc_77915413/,赤坂,地下鉄空港線,1,2017-10-01,9,77915413
ＭＪＲ赤坂タワー,13900,福岡県福岡市中央区赤坂１,地下鉄空港線「赤坂」徒歩1分,69.03,2LDK,2017年10月,https://suumo.jp//ms/chuko/fukuoka/sc_fukuokashichuo/nc_77940319/,赤坂,地下鉄空港線,1,2017-10-01,9,77940319
MJR赤坂タワー,13900,福岡県福岡市中央区赤坂１,地下鉄空港線「赤坂」徒歩1分,69.03,2LDK,2017年11月,https://suumo.jp//ms/chuko/fukuoka/sc_fukuokashichuo/nc_77934409/,赤坂,地下鉄空港線,1,2017-11-01,9,77934409
MJR赤坂タワー,13900,福岡県福岡市中央区赤坂１,地下鉄空港線「赤坂」徒歩1分,69.03,2LDK,2017年10月,https://suumo.jp//ms/chuko/fukuoka/sc_fukuokashichuo/nc_77959137/,赤坂,地下鉄空港線,1,2017-10-01,9,77959137
MJR赤坂タワー,13900,福岡県福岡市中央区赤坂１,地下鉄空港線「赤坂」徒歩1分,69.03,2LDK,2017年10月,https://suumo.jp//ms/chuko/fukuoka/sc_fukuokashichuo/nc_77892861/,赤坂,地下鉄空港線,1,2017-10-01,9,77892861
ＭＪＲ赤坂タワー,13900,福岡県福岡市中央区赤坂１,地下鉄空港線「赤坂」徒歩1分,69.03,2LDK,2017年10月,https://suumo.jp//ms/chuko/fukuoka/sc_fukuokashichuo/nc_21452375/,赤坂,地下鉄空港線,1,2017-10-01,9,21452375
ザ・パークハウス桜坂サンリヤン,13980,福岡県福岡市中央区桜坂３,地下鉄七隈線「桜坂」徒歩3分,84.98,3LDK+S（納戸）,2018年9月,https://suumo.jp//ms/chuko/fukuoka/sc_fukuokashichuo/nc_21757949/,桜坂,地下鉄七隈線,3,2018-09-01,8,21757949
ルッシュ・西公園,14000,福岡県福岡市中央区荒戸３-5-46,地下鉄空港線「唐人町」徒歩13分,131.05,4LDK,1990年9月,https://suumo.jp//ms/chuko/fukuoka/sc_fukuokashichuo/nc_78996625/,唐人町,地下鉄空港線,13,1990-09-01,36,78996625
ザ・ハウスオブ大濠,14200,福岡県福岡市中央区大濠２,地下鉄空港線「唐人町」徒歩4分,103.01,2LDK,2005年1月,https://suumo.jp//ms/chuko/fukuoka/sc_fukuokashichuo/nc_21403449/,唐人町,地下鉄空港線,4,2005-01-01,21,21403449
グランドメゾン福岡　Ｔｈｅ　Ｃｅｎｔｒａｌ　Ｌｕｘｅ…,14300,福岡県福岡市中央区渡辺通２,西鉄天神大牟田線「薬院」徒歩3分,69.63,1LDK,2025年6月,https://suumo.jp//ms/chuko/fukuoka/sc_fukuokashichuo/nc_21664517/,薬院,西鉄天神大牟田線,3,2025-06-01,1,21664517
レーベン福岡天神　ＯＮＥ　ＴＯＷＥＲ,14358,福岡県福岡市中央区天神５,地下鉄空港線「天神」徒歩9分,83.43,3LDK,2024年1月,https://suumo.jp//ms/chuko/fukuoka/sc_fukuokashichuo/nc_77793403/,天神,地下鉄空港線,9,2024-01-01,2,77793403
プレミスト天神赤坂タワー,14700,福岡県福岡市中央区大名２-10-8,地下鉄空港線「赤坂」徒歩3分,62.77,1LDK,2019年1月,https://suumo.jp//ms/chuko/fukuoka/sc_fukuokashichuo/nc_20214629/,赤坂,地下鉄空港線,3,2019-01-01,7,20214629
プレミスト天神赤坂タワー,14800,福岡県福岡市中央区大名２-１０－８,地下鉄空港線「赤坂」徒歩2分,69.22,2LDK,2019年1月,https://suumo.jp//ms/chuko/fukuoka/sc_fukuokashichuo/nc_21308425/,赤坂,地下鉄空港線,2,2019-01-01,7,21308425
ザ・パークハウス桜坂サンリヤン,14800,福岡県福岡市中央区桜坂３,地下鉄七隈線「桜坂」徒歩3分,84.98,3LDK+S（納戸）,2018年9月,https://suumo.jp//ms/chuko/fukuoka/sc_fukuokashichuo/nc_20521773/,桜坂,地下鉄七隈線,3,2018-09-01,8,20521773
グランアーキ大濠一丁目ザ・レジデンス,14800,福岡県福岡市中央区大濠１-6-33,地下鉄空港線「唐人町」徒歩14分,77.83,2LDK,2021年1月,https://suumo.jp//ms/chuko/fukuoka/sc_fukuokashichuo/nc_20989556/,唐人町,地下鉄空港線,14,2021-01-01,5,20989556
プレミスト天神赤坂タワー,14800,福岡県福岡市中央区大名２,地下鉄空港線「赤坂」徒歩2分,69.22,2LDK,2019年1月,https://suumo.jp//ms/chuko/fukuoka/sc_fukuokashichuo/nc_20574350/,赤坂,地下鉄空港線,2,2019-01-01,7,20574350
ル・サンク高取,14800,福岡県福岡市早良区高取１-14-18,地下鉄空港線「藤崎」徒歩9分,110.92,4LDK,2014年7月,https://suumo.jp//ms/chuko/fukuoka/sc_fukuokashisawara/nc_20809700/,藤崎,地下鉄空港線,9,2014-07-01,12,20809700
グランドメゾン浄水ガーデンシティ　サウスフォレスト,14980,福岡県福岡市中央区薬院４,地下鉄七隈線「薬院大通」徒歩7分,81.14,3LDK,2015年3月,https://suumo.jp//ms/chuko/fukuoka/sc_fukuokashichuo/nc_21070577/,薬院大通,地下鉄七隈線,7,2015-03-01,11,21070577
大濠パークハウス,15000,福岡県福岡市中央区大濠１,地下鉄空港線「唐人町」徒歩9分,179.25,2LDK+S（納戸）,1989年10月,https://suumo.jp//ms/chuko/fukuoka/sc_fukuokashichuo/nc_78946460/,唐人町,地下鉄空港線,9,1989-10-01,37,78946460
MJR六本松,15000,福岡県福岡市中央区六本松４,地下鉄七隈線「六本松」徒歩3分,92.61,4LDK,2017年1月,https://suumo.jp//ms/chuko/fukuoka/sc_fukuokashichuo/nc_21355394/,六本松,地下鉄七隈線,3,2017-01-01,9,21355394
グランドメゾン福岡　Ｔｈｅ　Ｃｅｎｔｒａｌ　Ｌｕｘｅ,15000,福岡県福岡市中央区渡辺通２,西鉄天神大牟田線「薬院」徒歩3分,67.67,1LDK,2025年6月,https://suumo.jp//ms/chuko/fukuoka/sc_fukuokashichuo/nc_21099018/,薬院,西鉄天神大牟田線,3,2025-06-01,1,21099018
ルッシュ・西公園,15000,福岡県福岡市中央区荒戸３,地下鉄空港線「大濠公園」徒歩13分,144.03,4LDK,1990年9月,https://suumo.jp//ms/chuko/fukuoka/sc_fukuokashichuo/nc_21570704/,大濠公園,地下鉄空港線,13,1990-09-01,36,21570704
MJR六本松,15000,福岡県福岡市中央区六本松４,地下鉄七隈線「六本松」徒歩2分,92.61,4LDK,2017年1月,https://suumo.jp//ms/chuko/fukuoka/sc_fukuokashichuo/nc_21145440/,六本松,地下鉄七隈線,2,2017-01-01,9,21145440
百道浜パークハウス,15300,福岡県福岡市早良区百道浜１-4-22,地下鉄空港線「西新」徒歩13分,131.0,4LDK,1998年8月,https://suumo.jp//ms/chuko/fukuoka/sc_fukuokashisawara/nc_21399288/,西新,地下鉄空港線,13,1998-08-01,28,21399288
ザ・パークハウス平尾レジデンス,15500,福岡県福岡市中央区平尾３,地下鉄七隈線「薬院大通」徒歩13分,148.58,3LDK+S（納戸）,2016年1月,https://suumo.jp//ms/chuko/fukuoka/sc_fukuokashichuo/nc_21478507/,薬院大通,地下鉄七隈線,13,2016-01-01,10,21478507
Brillia Tower西新,15800,福岡県福岡市早良区西新４,地下鉄空港線「西新」徒歩1分,79.93,2LDK,2021年1月,https://suumo.jp//ms/chuko/fukuoka/sc_fukuokashisawara/nc_21720012/,西新,地下鉄空港線,1,2021-01-01,5,21720012
グランドメゾン西新テラス,16180,福岡県福岡市早良区城西１,地下鉄空港線「西新」徒歩6分,133.34,3LDK,2014年2月,https://suumo.jp//ms/chuko/fukuoka/sc_fukuokashisawara/nc_21749396/,西新,地下鉄空港線,6,2014-02-01,12,21749396
ブリリアタワー西新,16500,福岡県福岡市早良区西新４-1-1,地下鉄空港線「西新」徒歩1分,79.93,2LDK,2021年1月,https://suumo.jp//ms/chuko/fukuoka/sc_fukuokashisawara/nc_21359647/,西新,地下鉄空港線,1,2021-01-01,5,21359647
ザ・パークハウス天神今泉,16500,福岡県福岡市中央区今泉２,西鉄天神大牟田線「薬院」徒歩6分,104.72,3LDK,2020年7月,https://suumo.jp//ms/chuko/fukuoka/sc_fukuokashichuo/nc_20780000/,薬院,西鉄天神大牟田線,6,2020-07-01,6,20780000
グランドメゾン福岡　Ｔｈｅ　Ｃｅｎｔｒａｌ　Ｌｕｘｅ…,16900,福岡県福岡市中央区渡辺通２,西鉄天神大牟田線「薬院」徒歩3分,80.2,2LDK,2025年6月,https://suumo.jp//ms/chuko/fukuoka/sc_fukuokashichuo/nc_21659225/,薬院,西鉄天神大牟田線,3,2025-06-01,1,21659225
ブリリアタワー西新,17800,福岡県福岡市早良区西新４,地下鉄空港線「西新」徒歩1分,80.74,3LDK,2021年1月,https://suumo.jp//ms/chuko/fukuoka/sc_fukuokashisawara/nc_20780485/,西新,地下鉄空港線,1,2021-01-01,5,20780485
コアマンションけやき通りプレジオ,17800,福岡県福岡市中央区赤坂３,地下鉄七隈線「六本松」徒歩10分,150.4,3LDK+S（納戸）,2002年10月,https://suumo.jp//ms/chuko/fukuoka/sc_fukuokashichuo/nc_21610773/,六本松,地下鉄七隈線,10,2002-10-01,24,21610773
ザ・パークハウス桜坂サンリヤン,18800,福岡県福岡市中央区桜坂３,地下鉄七隈線「桜坂」徒歩3分,105.07,2LDK+S（納戸）,2018年9月,https://suumo.jp//ms/chuko/fukuoka/sc_fukuokashichuo/nc_78879298/,桜坂,地下鉄七隈線,3,2018-09-01,8,78879298
グランドメゾン大濠レジデンス,18900,福岡県福岡市中央区大濠２,地下鉄空港線「唐人町」徒歩7分,97.71,2LDK,2015年4月,https://suumo.jp//ms/chuko/fukuoka/sc_fukuokashichuo/nc_20724057/,唐人町,地下鉄空港線,7,2015-04-01,11,20724057
パークホームズ大濠二丁目,19800,福岡県福岡市中央区大濠２,地下鉄空港線「唐人町」徒歩4分,101.47,2LDK,2017年6月,https://suumo.jp//ms/chuko/fukuoka/sc_fukuokashichuo/nc_20237744/,唐人町,地下鉄空港線,4,2017-06-01,9,20237744
プレミスト赤坂けやき通り,22000,福岡県福岡市中央区赤坂２,地下鉄空港線「赤坂」徒歩10分,103.83,3LDK,2023年8月,https://suumo.jp//ms/chuko/fukuoka/sc_fukuokashichuo/nc_21084721/,赤坂,地下鉄空港線,10,2023-08-01,3,21084721
コアマンション大手門タワー,22000,福岡県福岡市中央区大手門１,地下鉄空港線「赤坂」徒歩6分,136.91,4LDK,2003年8月,https://suumo.jp//ms/chuko/fukuoka/sc_fukuokashichuo/nc_20724056/,赤坂,地下鉄空港線,6,2003-08-01,23,20724056
ザ・パークハウス平尾浄水通り,22800,福岡県福岡市中央区平尾３,地下鉄七隈線「薬院大通」徒歩8分,124.62,3LDK,2018年1月,https://suumo.jp//ms/chuko/fukuoka/sc_fukuokashichuo/nc_20702908/,薬院大通,地下鉄七隈線,8,2018-01-01,8,20702908
グランドメゾン浄水ガーデンシティセントラルフォレスト…,23800,福岡県福岡市中央区薬院４-14-2,地下鉄七隈線「薬院大通」徒歩4分,100.42,3LDK,2023年7月,https://suumo.jp//ms/chuko/fukuoka/sc_fukuokashichuo/nc_21608156/,薬院大通,地下鉄七隈線,4,2023-07-01,3,21608156
Ｂｒｉｌｌｉａ　Ｔｏｗｅｒ西新・ＰＲＡＬＩＶＡ,24500,福岡県福岡市早良区西新４,地下鉄空港線「西新」徒歩1分,100.08,4LDK,2021年1月,https://suumo.jp//ms/chuko/fukuoka/sc_fukuokashisawara/nc_21443065/,西新,地下鉄空港線,1,2021-01-01,5,21443065
グランドメゾン福岡The Central Luxe,25000,福岡県福岡市中央区渡辺通２,西鉄天神大牟田線「薬院」徒歩3分,110.97,3LDK,2025年6月,https://suumo.jp//ms/chuko/fukuoka/sc_fukuokashichuo/nc_20887084/,薬院,西鉄天神大牟田線,3,2025-06-01,1,20887084
パークホームズ西新トラッドマークス,25000,福岡県福岡市早良区西新２,地下鉄空港線「西新」徒歩3分,163.09,3LDK+S（納戸）,2018年5月,https://suumo.jp//ms/chuko/fukuoka/sc_fukuokashisawara/nc_20577823/,西新,地下鉄空港線,3,2018-05-01,8,20577823
ザ・ライオンズ大濠公園,26000,福岡県福岡市中央区荒戸１,地下鉄空港線「大濠公園」徒歩2分,116.11,2LDK+S（納戸）,2024年2月,https://suumo.jp//ms/chuko/fukuoka/sc_fukuokashichuo/nc_21146766/,大濠公園,地下鉄空港線,2,2024-02-01,2,21146766
Ｂｒｉｌｌｉａ　Ｔｏｗｅｒ西新・ＰＲＡＬＩＶＡ,28800,福岡県福岡市早良区西新４,地下鉄空港線「西新」徒歩1分,99.1,3LDK,2021年1月,https://suumo.jp//ms/chuko/fukuoka/sc_fukuokashisawara/nc_21634725/,西新,地下鉄空港線,1,2021-01-01,5,21634725
ザ・パークハウス福岡タワーズ　WEST,29000,福岡県福岡市中央区地行浜２-2-4,地下鉄空港線「唐人町」徒歩15分,102.56,1LDK+S（納戸）,2019年12月,https://suumo.jp//ms/chuko/fukuoka/sc_fukuokashichuo/nc_21052306/,唐人町,地下鉄空港線,15,2019-12-01,7,21052306
ザ・パークハウス福岡タワーズ　WEST,29000,福岡県福岡市中央区地行浜２,地下鉄空港線「唐人町」徒歩12分,102.56,1LDK,2019年12月,https://suumo.jp//ms/chuko/fukuoka/sc_fukuokashichuo/nc_20445675/,唐人町,地下鉄空港線,12,2019-12-01,7,20445675
ブリリアタワー西新,30000,福岡県福岡市早良区西新４-1-1,地下鉄空港線「西新」徒歩1分,101.65,2LDK,2021年1月,https://suumo.jp//ms/chuko/fukuoka/sc_fukuokashisawara/nc_20407256/,西新,地下鉄空港線,1,2021-01-01,5,20407256
ブリリアタワー西新,33000,福岡県福岡市早良区西新４,地下鉄空港線「西新」徒歩1分,101.82,2LDK,2021年1月,https://suumo.jp//ms/chuko/fukuoka/sc_fukuokashisawara/nc_77901688/,西新,地下鉄空港線,1,2021-01-01,5,77901688
ブリリアタワー西新,33000,福岡県福岡市早良区西新４,地下鉄空港線「西新」徒歩1分,101.82,2LDK+S（納戸）,2021年1月,https://suumo.jp//ms/chuko/fukuoka/sc_fukuokashisawara/nc_79050803/,西新,地下鉄空港線,1,2021-01-01,5,79050803
Ｂｒｉｌｌｉａ　Ｔｏｗｅｒ西新・ＰＲＡＬＩＶＡ,33000,福岡県福岡市早良区西新４,地下鉄空港線「西新」徒歩1分,101.82,2LDK+S（納戸）,2021年1月,https://suumo.jp//ms/chuko/fukuoka/sc_fukuokashisawara/nc_77940315/,西新,地下鉄空港線,1,2021-01-01,5,77940315
Brillia　Tower西新,33000,福岡県福岡市早良区西新４,地下鉄空港線「西新」徒歩2分,101.82,2LDK,2021年1月,https://suumo.jp//ms/chuko/fukuoka/sc_fukuokashisawara/nc_77901231/,西新,地下鉄空港線,2,2021-01-01,5,77901231
BrilliaTower西新（ブリリアタワー西新）,33000,福岡県福岡市早良区西新４,地下鉄空港線「西新」徒歩1分,101.82,2LDK+S（納戸）,2021年1月,https://suumo.jp//ms/chuko/fukuoka/sc_fukuokashisawara/nc_77918095/,西新,地下鉄空港線,1,2021-01-01,5,77918095
グランドメゾン浄水ガーデンシティフォレストゲートⅢ,36000,福岡県福岡市中央区薬院４,地下鉄七隈線「薬院大通」徒歩5分,193.08,4LDK,2018年12月,https://suumo.jp//ms/chuko/fukuoka/sc_fukuokashichuo/nc_21519650/,薬院大通,地下鉄七隈線,5,2018-12-01,8,21519650
ザ・パークハウス天神今泉,40000,福岡県福岡市中央区今泉２,西鉄天神大牟田線「薬院」徒歩5分,148.95,4LDK,2020年7月,https://suumo.jp//ms/chuko/fukuoka/sc_fukuokashichuo/nc_21610896/,薬院,西鉄天神大牟田線,5,2020-07-01,6,21610896
プレミスト赤坂けやき通り,43000,福岡県福岡市中央区赤坂２,地下鉄空港線「赤坂」徒歩11分,177.04,3LDK,2023年8月,https://suumo.jp//ms/chuko/fukuoka/sc_fukuokashichuo/nc_21205135/,赤坂,地下鉄空港線,11,2023-08-01,3,21205135
ＣＬＵＢ　ＴＨＥ．薬院ステーションタワー,46000,福岡県福岡市中央区白金１-17-34,西鉄天神大牟田線「薬院」徒歩2分,138.16,2LDK+S（納戸）,2020年4月,https://suumo.jp//ms/chuko/fukuoka/sc_fukuokashichuo/nc_20355816/,薬院,西鉄天神大牟田線,2,2020-04-01,6,20355816
CLUB THE. 薬院ステーションタワー,46000,福岡県福岡市中央区白金１-17-34,地下鉄七隈線「薬院」徒歩2分,138.16,2LDK+S（納戸）,2020年4月,https://suumo.jp//ms/chuko/fukuoka/sc_fukuokashichuo/nc_77605697/,薬院,地下鉄七隈線,2,2020-04-01,6,77605697
ＣＬＵＢ　ＴＨＥ．薬院ステーションタワー,46000,福岡県福岡市中央区白金１,地下鉄七隈線「薬院」徒歩2分,138.16,2LDK+S（納戸）,2020年4月,https://suumo.jp//ms/chuko/fukuoka/sc_fukuokashichuo/nc_20237747/,薬院,地下鉄七隈線,2,2020-04-01,6,20237747
CLUB THE. 薬院ステーションタワー,46000,福岡県福岡市中央区白金１,西鉄天神大牟田線「薬院」徒歩2分,138.16,2LDK+S（納戸）,2020年4月,https://suumo.jp//ms/chuko/fukuoka/sc_fukuokashichuo/nc_77676580/,薬院,西鉄天神大牟田線,2,2020-04-01,6,77676580
