name,price,address,access,area,layout,yyyymm_construction,url,station_name,line,minutes,yyyymm,age,id
シティマンション輝国,950,福岡県福岡市中央区輝国２,地下鉄七隈線「六本松」徒歩15分,55.43,3DK,1984年1月,https://suumo.jp//ms/chuko/fukuoka/sc_fukuokashichuo/nc_20230915/,六本松,地下鉄七隈線,15,1984-01-01,42,20230915
シティマンション輝国,1430,福岡県福岡市中央区輝国２,地下鉄七隈線「六本松」徒歩15分,55.06,3DK,1984年1月,https://suumo.jp//ms/chuko/fukuoka/sc_fukuokashichuo/nc_20293641/,六本松,地下鉄七隈線,15,1984-01-01,42,20293641
原サンハイツ,1480,福岡県福岡市早良区原１,地下鉄空港線「藤崎」徒歩15分,101.6,5LDK,1981年1月,https://suumo.jp//ms/chuko/fukuoka/sc_fukuokashisawara/nc_20442402/,藤崎,地下鉄空港線,15,1981-01-01,45,20442402
ロマネスク渡辺通第2,1799,福岡県福岡市中央区高砂２-6-15,地下鉄七隈線「渡辺通」徒歩12分,33.29,1LDK,1989年4月,https://suumo.jp//ms/chuko/fukuoka/sc_fukuokashichuo/nc_20320814/,渡辺通,地下鉄七隈線,12,1989-04-01,37,20320814
ロマネスク渡辺通第2,1799,福岡県福岡市中央区高砂２,地下鉄七隈線「渡辺通」徒歩12分,33.29,1LDK,1989年4月,https://suumo.jp//ms/chuko/fukuoka/sc_fukuokashichuo/nc_20393142/,渡辺通,地下鉄七隈線,12,1989-04-01,37,20393142
ロマネスク渡辺通第２,1799,福岡県福岡市中央区高砂２,地下鉄七隈線「渡辺通」徒歩12分,33.29,1LDK,1989年4月,https://suumo.jp//ms/chuko/fukuoka/sc_fukuokashichuo/nc_20375808/,渡辺通,地下鉄七隈線,12,1989-04-01,37,20375808
ライオンズマンション鳥飼,2190,福岡県福岡市城南区鳥飼６-15-33,地下鉄七隈線「別府」徒歩9分,62.69,2LDK,1979年8月,https://suumo.jp//ms/chuko/fukuoka/sc_fukuokashijonan/nc_79102096/,別府,地下鉄七隈線,9,1979-08-01,47,79102096
ダイアパレス薬院 205,2380,福岡県福岡市中央区薬院２,地下鉄七隈線「薬院大通」徒歩4分,36.37,ワンルーム,1981年7月,https://suumo.jp//ms/chuko/fukuoka/sc_fukuokashichuo/nc_78975688/,薬院大通,地下鉄七隈線,4,1981-07-01,45,78975688
Asobi+　エクセレンス天神,2430,福岡県福岡市中央区那の津１,地下鉄空港線「天神」徒歩10分,67.8,2LDK,1980年10月,https://suumo.jp//ms/chuko/fukuoka/sc_fukuokashichuo/nc_79016911/,天神,地下鉄空港線,10,1980-10-01,46,79016911
ホワイティ薬院,2480,福岡県福岡市中央区薬院１,西鉄天神大牟田線「薬院」徒歩3分,38.81,1LDK,1975年5月,https://suumo.jp//ms/chuko/fukuoka/sc_fukuokashichuo/nc_78062008/,薬院,西鉄天神大牟田線,3,1975-05-01,51,78062008
パークハイツ桜坂,2480,福岡県福岡市中央区桜坂３-12-78,地下鉄七隈線「桜坂」徒歩4分,67.2,2LDK+2S（納戸）,1977年6月,https://suumo.jp//ms/chuko/fukuoka/sc_fukuokashichuo/nc_20211012/,桜坂,地下鉄七隈線,4,1977-06-01,49,20211012
ビレッタ百道,2480,福岡県福岡市早良区百道１,地下鉄空港線「藤崎」徒歩12分,60.5,2LDK,1975年4月,https://suumo.jp//ms/chuko/fukuoka/sc_fukuokashisawara/nc_20293375/,藤崎,地下鉄空港線,12,1975-04-01,51,20293375
RKB別府マンション,2599,福岡県福岡市城南区別府５-21-23,地下鉄七隈線「別府」徒歩12分,81.46,3LDK,1978年4月,https://suumo.jp//ms/chuko/fukuoka/sc_fukuokashijonan/nc_20320302/,別府,地下鉄七隈線,12,1978-04-01,48,20320302
サンポートハイツ,2680,福岡県福岡市中央区港２-5-32,地下鉄空港線「大濠公園」徒歩8分,61.56,2LDK,1974年9月,https://suumo.jp//ms/chuko/fukuoka/sc_fukuokashichuo/nc_79148573/,大濠公園,地下鉄空港線,8,1974-09-01,52,79148573
朝日プラザ桜坂,2780,福岡県福岡市中央区谷１,地下鉄七隈線「桜坂」徒歩5分,65.49,2LDK,1986年7月,https://suumo.jp//ms/chuko/fukuoka/sc_fukuokashichuo/nc_20338825/,桜坂,地下鉄七隈線,5,1986-07-01,40,20338825
ロマネスク大濠アネックス,2880,福岡県福岡市中央区鳥飼２,地下鉄空港線「唐人町」徒歩11分,61.5,2LDK,1987年5月,https://suumo.jp//ms/chuko/fukuoka/sc_fukuokashichuo/nc_78407815/,唐人町,地下鉄空港線,11,1987-05-01,39,78407815
ロマネスク大濠アネックス,2880,福岡県福岡市中央区鳥飼２-6-15,地下鉄空港線「唐人町」徒歩14分,61.5,2LDK,1987年5月,https://suumo.jp//ms/chuko/fukuoka/sc_fukuokashichuo/nc_20226715/,唐人町,地下鉄空港線,14,1987-05-01,39,20226715
ライオンズマンション西新,2980,福岡県福岡市早良区西新７,地下鉄空港線「藤崎」徒歩3分,66.36,2LDK,1982年2月,https://suumo.jp//ms/chuko/fukuoka/sc_fukuokashisawara/nc_77933473/,藤崎,地下鉄空港線,3,1982-02-01,44,77933473
藤和今泉コープ,2980,福岡県福岡市中央区今泉２-4-58,地下鉄七隈線「薬院大通」徒歩8分,69.6,3LDK,1979年11月,https://suumo.jp//ms/chuko/fukuoka/sc_fukuokashichuo/nc_78541566/,薬院大通,地下鉄七隈線,8,1979-11-01,47,78541566
ロワールマンション博多駅南,2990,福岡県福岡市博多区博多駅南３-20-22,ＪＲ鹿児島本線「博多」徒歩15分,69.51,3LDK,1985年9月,https://suumo.jp//ms/chuko/fukuoka/sc_fukuokashihakata/nc_20097897/,博多,ＪＲ鹿児島本線,15,1985-09-01,41,20097897
〇素敵な住環境〇ライオンズマンションマキシム浄水通り…,3000,福岡県福岡市中央区薬院４,地下鉄七隈線「薬院大通」徒歩4分,83.83,2LDK,1981年3月,https://suumo.jp//ms/chuko/fukuoka/sc_fukuokashichuo/nc_76444240/,薬院大通,地下鉄七隈線,4,1981-03-01,45,76444240
ニューライフ薬院,3099,福岡県福岡市中央区薬院１-6-36,地下鉄七隈線「薬院」徒歩3分,47.29,1LDK+S（納戸）,1986年6月,https://suumo.jp//ms/chuko/fukuoka/sc_fukuokashichuo/nc_20111865/,薬院,地下鉄七隈線,3,1986-06-01,40,20111865
ダイアパレス平尾2,3140,福岡県福岡市中央区大宮２,西鉄天神大牟田線「薬院」徒歩12分,64.1,2LDK,1983年3月,https://suumo.jp//ms/chuko/fukuoka/sc_fukuokashichuo/nc_20392184/,薬院,西鉄天神大牟田線,12,1983-03-01,43,20392184
シティマンション薬院,3150,福岡県福岡市中央区薬院１,地下鉄七隈線「薬院大通」徒歩3分,56.22,2LDK,1984年5月,https://suumo.jp//ms/chuko/fukuoka/sc_fukuokashichuo/nc_20392346/,薬院大通,地下鉄七隈線,3,1984-05-01,42,20392346
シティマンション薬院,3150,福岡県福岡市中央区薬院１,地下鉄七隈線「薬院大通」徒歩5分,56.22,2LDK,1984年5月,https://suumo.jp//ms/chuko/fukuoka/sc_fukuokashichuo/nc_20141412/,薬院大通,地下鉄七隈線,5,1984-05-01,42,20141412
ライオンズヒルズ桜坂,3198,福岡県福岡市中央区桜坂３,地下鉄七隈線「桜坂」徒歩3分,68.25,3LDK,1986年12月,https://suumo.jp//ms/chuko/fukuoka/sc_fukuokashichuo/nc_78915180/,桜坂,地下鉄七隈線,3,1986-12-01,40,78915180
ロマネスク大濠アネックス,3199,福岡県福岡市中央区鳥飼２-6-15,地下鉄空港線「唐人町」徒歩14分,59.65,2LDK,1987年5月,https://suumo.jp//ms/chuko/fukuoka/sc_fukuokashichuo/nc_79090280/,唐人町,地下鉄空港線,14,1987-05-01,39,79090280
ロマネスク大濠アネックス,3199,福岡県福岡市中央区鳥飼２,地下鉄空港線「唐人町」徒歩14分,59.65,2LDK,1987年5月,https://suumo.jp//ms/chuko/fukuoka/sc_fukuokashichuo/nc_20178485/,唐人町,地下鉄空港線,14,1987-05-01,39,20178485
クリオラベルヴィ赤坂,3400,福岡県福岡市中央区大手門２,地下鉄空港線「赤坂」徒歩7分,33.46,1LDK,2021年1月,https://suumo.jp//ms/chuko/fukuoka/sc_fukuokashichuo/nc_78628573/,赤坂,地下鉄空港線,7,2021-01-01,5,78628573
オープンレジデンシア天神今泉,3490,福岡県福岡市中央区今泉２,地下鉄七隈線「薬院大通」徒歩6分,34.12,1LDK,2023年9月,https://suumo.jp//ms/chuko/fukuoka/sc_fukuokashichuo/nc_79053066/,薬院大通,地下鉄七隈線,6,2023-09-01,3,79053066
ツインタワー空港通り,3599,福岡県福岡市博多区豊１,地下鉄空港線「東比恵」徒歩14分,71.7,3LDK,1994年7月,https://suumo.jp//ms/chuko/fukuoka/sc_fukuokashihakata/nc_20416810/,東比恵,地下鉄空港線,14,1994-07-01,32,20416810
トラスト福岡空港駅レジデンス,3780,福岡県糟屋郡志免町別府北４,地下鉄空港線「福岡空港」徒歩14分,67.85,3LDK,2024年5月,https://suumo.jp//ms/chuko/fukuoka/sc_kasuyagunshime/nc_20429756/,福岡空港,地下鉄空港線,14,2024-05-01,2,20429756
トラスト福岡空港駅レジデンス,3780,福岡県糟屋郡志免町別府北４-1-47,地下鉄空港線「福岡空港」徒歩12分,67.85,3LDK,2024年5月,https://suumo.jp//ms/chuko/fukuoka/sc_kasuyagunshime/nc_79031976/,福岡空港,地下鉄空港線,12,2024-05-01,2,79031976
トラスト福岡空港駅レジデンス,3780,福岡県糟屋郡志免町別府北４-1-47,地下鉄空港線「福岡空港」徒歩13分,67.85,3LDK,2024年5月,https://suumo.jp//ms/chuko/fukuoka/sc_kasuyagunshime/nc_20423085/,福岡空港,地下鉄空港線,13,2024-05-01,2,20423085
オープンレジデンシア博多住吉,3890,福岡県福岡市博多区住吉２,ＪＲ鹿児島本線「博多」徒歩9分,38.65,1LDK,2023年8月,https://suumo.jp//ms/chuko/fukuoka/sc_fukuokashihakata/nc_78671217/,博多,ＪＲ鹿児島本線,9,2023-08-01,3,78671217
エンゼルハイム大濠公園南,3899,福岡県福岡市城南区鳥飼６,地下鉄七隈線「別府」徒歩4分,69.03,3LDK,1990年5月,https://suumo.jp//ms/chuko/fukuoka/sc_fukuokashijonan/nc_77201526/,別府,地下鉄七隈線,4,1990-05-01,36,77201526
サンシティ鳥飼,3999,福岡県福岡市城南区鳥飼４-9-3,地下鉄七隈線「別府」徒歩11分,68.48,3LDK,1994年3月,https://suumo.jp//ms/chuko/fukuoka/sc_fukuokashijonan/nc_79090720/,別府,地下鉄七隈線,11,1994-03-01,32,79090720
ジョイナス天神タワー603号室,3999,福岡県福岡市博多区対馬小路,地下鉄空港線「中洲川端」徒歩11分,56.14,2LDK,1997年1月,https://suumo.jp//ms/chuko/fukuoka/sc_fukuokashihakata/nc_20156809/,中洲川端,地下鉄空港線,11,1997-01-01,29,20156809
サンシティ鳥飼,3999,福岡県福岡市城南区鳥飼４,地下鉄七隈線「別府」徒歩11分,68.48,3LDK,1994年3月,https://suumo.jp//ms/chuko/fukuoka/sc_fukuokashijonan/nc_20178579/,別府,地下鉄七隈線,11,1994-03-01,32,20178579
アトリーチェ西新,4120,福岡県福岡市早良区西新１,地下鉄空港線「西新」徒歩3分,51.64,2LDK,1999年11月,https://suumo.jp//ms/chuko/fukuoka/sc_fukuokashisawara/nc_20343709/,西新,地下鉄空港線,3,1999-11-01,27,20343709
エンクレスト薬院Ⅱ,4200,福岡県福岡市中央区高砂１,西鉄天神大牟田線「薬院」徒歩2分,35.04,2K,2007年9月,https://suumo.jp//ms/chuko/fukuoka/sc_fukuokashichuo/nc_20136494/,薬院,西鉄天神大牟田線,2,2007-09-01,19,20136494
エンゼルハイム大濠公園南,4280,福岡県福岡市城南区鳥飼６,地下鉄七隈線「別府」徒歩4分,93.74,4LDK,1990年5月,https://suumo.jp//ms/chuko/fukuoka/sc_fukuokashijonan/nc_76627401/,別府,地下鉄七隈線,4,1990-05-01,36,76627401
アンピール天神東,4280,福岡県福岡市中央区春吉２,地下鉄七隈線「渡辺通」徒歩9分,65.04,2LDK,2004年2月,https://suumo.jp//ms/chuko/fukuoka/sc_fukuokashichuo/nc_78802812/,渡辺通,地下鉄七隈線,9,2004-02-01,22,78802812
アンピール天神東,4280,福岡県福岡市中央区春吉２-5-1,地下鉄七隈線「渡辺通」徒歩8分,65.04,2LDK,2004年2月,https://suumo.jp//ms/chuko/fukuoka/sc_fukuokashichuo/nc_78778634/,渡辺通,地下鉄七隈線,8,2004-02-01,22,78778634
モントーレ東比恵クレア205号室,4299,福岡県福岡市博多区東比恵３,地下鉄空港線「東比恵」徒歩3分,42.77,1LDK,2019年2月,https://suumo.jp//ms/chuko/fukuoka/sc_fukuokashihakata/nc_20172465/,東比恵,地下鉄空港線,3,2019-02-01,7,20172465
藤崎ロジュマン,4380,福岡県福岡市早良区昭代３,地下鉄空港線「藤崎」徒歩10分,82.76,4LDK,1988年3月,https://suumo.jp//ms/chuko/fukuoka/sc_fukuokashisawara/nc_79055759/,藤崎,地下鉄空港線,10,1988-03-01,38,79055759
藤崎ロジュマン,4380,福岡県福岡市早良区昭代３,地下鉄空港線「藤崎」徒歩10分,82.76,3LDK,1988年3月,https://suumo.jp//ms/chuko/fukuoka/sc_fukuokashisawara/nc_20378888/,藤崎,地下鉄空港線,10,1988-03-01,38,20378888
エンクレストベイサイド通り1303号室,4399,福岡県福岡市博多区築港本町,地下鉄空港線「中洲川端」徒歩14分,54.02,1LDK,2016年5月,https://suumo.jp//ms/chuko/fukuoka/sc_fukuokashihakata/nc_20155173/,中洲川端,地下鉄空港線,14,2016-05-01,10,20155173
リファレンス天神南,4499,福岡県福岡市中央区清川２,地下鉄七隈線「渡辺通」徒歩13分,65.32,3LDK,2002年3月,https://suumo.jp//ms/chuko/fukuoka/sc_fukuokashichuo/nc_20172796/,渡辺通,地下鉄七隈線,13,2002-03-01,24,20172796
クリオラベルヴィ呉服町,4499,福岡県福岡市博多区下呉服町,地下鉄空港線「中洲川端」徒歩12分,47.0,2LDK,2018年1月,https://suumo.jp//ms/chuko/fukuoka/sc_fukuokashihakata/nc_20150416/,中洲川端,地下鉄空港線,12,2018-01-01,8,20150416
コスモ博多古門戸,4499,福岡県福岡市博多区古門戸町,地下鉄空港線「中洲川端」徒歩9分,54.49,1LDK+S（納戸）,2003年1月,https://suumo.jp//ms/chuko/fukuoka/sc_fukuokashihakata/nc_20178365/,中洲川端,地下鉄空港線,9,2003-01-01,23,20178365
デュオヴェール西新,4580,福岡県福岡市早良区祖原,地下鉄空港線「西新」徒歩6分,43.5,2LDK,2021年7月,https://suumo.jp//ms/chuko/fukuoka/sc_fukuokashisawara/nc_78829131/,西新,地下鉄空港線,6,2021-07-01,5,78829131
エンクレストベイサイド通り1408号室,4699,福岡県福岡市博多区築港本町,地下鉄空港線「中洲川端」徒歩14分,54.65,1LDK+S（納戸）,2016年5月,https://suumo.jp//ms/chuko/fukuoka/sc_fukuokashihakata/nc_20156687/,中洲川端,地下鉄空港線,14,2016-05-01,10,20156687
西公園ツインタワー,4780,福岡県福岡市中央区荒戸２,地下鉄空港線「大濠公園」徒歩7分,83.05,3LDK,1990年1月,https://suumo.jp//ms/chuko/fukuoka/sc_fukuokashichuo/nc_20052926/,大濠公園,地下鉄空港線,7,1990-01-01,36,20052926
ロイヤルアーク藤崎南,4798,福岡県福岡市早良区原１,地下鉄空港線「藤崎」徒歩13分,84.98,3LDK,2001年2月,https://suumo.jp//ms/chuko/fukuoka/sc_fukuokashisawara/nc_79060702/,藤崎,地下鉄空港線,13,2001-02-01,25,79060702
日商岩井レジオン大濠,4799,福岡県福岡市中央区黒門,地下鉄空港線「唐人町」徒歩1分,51.05,2LDK,1997年3月,https://suumo.jp//ms/chuko/fukuoka/sc_fukuokashichuo/nc_20331839/,唐人町,地下鉄空港線,1,1997-03-01,29,20331839
アンピール天神東,4980,福岡県福岡市中央区春吉２-5-1,地下鉄七隈線「渡辺通」徒歩8分,64.93,2LDK,2004年2月,https://suumo.jp//ms/chuko/fukuoka/sc_fukuokashichuo/nc_20245868/,渡辺通,地下鉄七隈線,8,2004-02-01,22,20245868
≪新着≫アートウィル赤坂,4980,福岡県福岡市中央区赤坂３,地下鉄七隈線「桜坂」徒歩11分,65.61,2LDK,1994年10月,https://suumo.jp//ms/chuko/fukuoka/sc_fukuokashichuo/nc_20073071/,桜坂,地下鉄七隈線,11,1994-10-01,32,20073071
トラスト福岡空港駅レジデンス,4998,福岡県糟屋郡志免町別府北４,地下鉄空港線「福岡空港」徒歩14分,79.35,4LDK,2024年5月,https://suumo.jp//ms/chuko/fukuoka/sc_kasuyagunshime/nc_78810145/,福岡空港,地下鉄空港線,14,2024-05-01,2,78810145
パーク・エステート博多503号室,5280,福岡県福岡市博多区店屋町,地下鉄空港線「祇園」徒歩6分,60.81,2LDK,1997年2月,https://suumo.jp//ms/chuko/fukuoka/sc_fukuokashihakata/nc_20387762/,祇園,地下鉄空港線,6,1997-02-01,29,20387762
クレアランドマーク,5280,福岡県福岡市博多区冷泉町,地下鉄空港線「祇園」徒歩3分,53.54,2LDK,2001年1月,https://suumo.jp//ms/chuko/fukuoka/sc_fukuokashihakata/nc_78967628/,祇園,地下鉄空港線,3,2001-01-01,25,78967628
クリオ渡辺通アーバンマークス,5380,福岡県福岡市中央区清川２,地下鉄七隈線「渡辺通」徒歩10分,53.94,2LDK,2023年2月,https://suumo.jp//ms/chuko/fukuoka/sc_fukuokashichuo/nc_20253656/,渡辺通,地下鉄七隈線,10,2023-02-01,3,20253656
≪平置き駐車場有≫パストラルハイム薬院,5380,福岡県福岡市中央区薬院２,地下鉄七隈線「薬院大通」徒歩9分,79.66,3LDK,1987年3月,https://suumo.jp//ms/chuko/fukuoka/sc_fukuokashichuo/nc_20073152/,薬院大通,地下鉄七隈線,9,1987-03-01,39,20073152
サントーア薬院,5480,福岡県福岡市中央区薬院２,地下鉄七隈線「薬院大通」徒歩5分,73.35,2LDK,1995年8月,https://suumo.jp//ms/chuko/fukuoka/sc_fukuokashichuo/nc_20177504/,薬院大通,地下鉄七隈線,5,1995-08-01,31,20177504
インプレスト天神オークタワー,6190,福岡県福岡市中央区長浜２,地下鉄空港線「赤坂」徒歩9分,56.79,2LDK,2020年5月,https://suumo.jp//ms/chuko/fukuoka/sc_fukuokashichuo/nc_78973290/,赤坂,地下鉄空港線,9,2020-05-01,6,78973290
シーサイドももちヴェルデコート５番館,6190,福岡県福岡市早良区百道浜３-3-5,地下鉄空港線「藤崎」徒歩10分,93.67,3LDK,1991年2月,https://suumo.jp//ms/chuko/fukuoka/sc_fukuokashisawara/nc_79015514/,藤崎,地下鉄空港線,10,1991-02-01,35,79015514
コスモレジデンス西新,6280,福岡県福岡市早良区西新７,地下鉄空港線「藤崎」徒歩5分,85.51,4LDK,2006年11月,https://suumo.jp//ms/chuko/fukuoka/sc_fukuokashisawara/nc_20102140/,藤崎,地下鉄空港線,5,2006-11-01,20,20102140
ブライトンヒルズ藤崎,6380,福岡県福岡市早良区藤崎１-5-10,地下鉄空港線「藤崎」徒歩7分,79.23,3LDK,2003年7月,https://suumo.jp//ms/chuko/fukuoka/sc_fukuokashisawara/nc_79071797/,藤崎,地下鉄空港線,7,2003-07-01,23,79071797
デュ・レジア薬院テラス,6490,福岡県福岡市中央区高砂２,地下鉄七隈線「薬院」徒歩11分,63.0,2LDK,2022年3月,https://suumo.jp//ms/chuko/fukuoka/sc_fukuokashichuo/nc_79108337/,薬院,地下鉄七隈線,11,2022-03-01,4,79108337
シーサイドももちアクアコート5番館,6980,福岡県福岡市早良区百道浜３,地下鉄空港線「藤崎」徒歩14分,97.34,3LDK,1993年2月,https://suumo.jp//ms/chuko/fukuoka/sc_fukuokashisawara/nc_20165386/,藤崎,地下鉄空港線,14,1993-02-01,33,20165386
ヒルズ平尾,6980,福岡県福岡市中央区平尾４,地下鉄七隈線「薬院大通」徒歩15分,93.25,4LDK,1998年2月,https://suumo.jp//ms/chuko/fukuoka/sc_fukuokashichuo/nc_78330015/,薬院大通,地下鉄七隈線,15,1998-02-01,28,78330015
コアマンション桜坂プレジオ弐番館,6980,福岡県福岡市中央区六本松３,地下鉄七隈線「桜坂」徒歩4分,90.59,3LDK,2001年1月,https://suumo.jp//ms/chuko/fukuoka/sc_fukuokashichuo/nc_20273182/,桜坂,地下鉄七隈線,4,2001-01-01,25,20273182
大濠公園グランドヒルズ,7180,福岡県福岡市中央区荒戸２-3-49,地下鉄空港線「大濠公園」徒歩4分,79.08,2LDK+S（納戸）,1990年9月,https://suumo.jp//ms/chuko/fukuoka/sc_fukuokashichuo/nc_20268504/,大濠公園,地下鉄空港線,4,1990-09-01,36,20268504
ザ・パークハウス藤崎紅葉山,7200,福岡県福岡市早良区昭代３,地下鉄空港線「藤崎」徒歩9分,72.66,3LDK,2021年12月,https://suumo.jp//ms/chuko/fukuoka/sc_fukuokashisawara/nc_20283443/,藤崎,地下鉄空港線,9,2021-12-01,5,20283443
グランドメゾン大濠南,7780,福岡県福岡市中央区草香江２,地下鉄七隈線「六本松」徒歩4分,87.11,3LDK,2001年11月,https://suumo.jp//ms/chuko/fukuoka/sc_fukuokashichuo/nc_78931858/,六本松,地下鉄七隈線,4,2001-11-01,25,78931858
ル・サンク大手門パークサイド,7800,福岡県福岡市中央区大手門２,地下鉄空港線「赤坂」徒歩9分,90.69,3LDK,2004年10月,https://suumo.jp//ms/chuko/fukuoka/sc_fukuokashichuo/nc_20223509/,赤坂,地下鉄空港線,9,2004-10-01,22,20223509
パークホームズ警固本通り,7980,福岡県福岡市中央区警固２,地下鉄空港線「赤坂」徒歩9分,82.96,3LDK,2009年10月,https://suumo.jp//ms/chuko/fukuoka/sc_fukuokashichuo/nc_20312015/,赤坂,地下鉄空港線,9,2009-10-01,17,20312015
グランドステイツ大濠公園南,8280,福岡県福岡市中央区六本松３,地下鉄七隈線「六本松」徒歩3分,80.69,3LDK,2004年6月,https://suumo.jp//ms/chuko/fukuoka/sc_fukuokashichuo/nc_78987225/,六本松,地下鉄七隈線,3,2004-06-01,22,78987225
ザ・パークハウス百道,8580,福岡県福岡市早良区百道２,地下鉄空港線「藤崎」徒歩3分,85.13,3LDK,2020年4月,https://suumo.jp//ms/chuko/fukuoka/sc_fukuokashisawara/nc_77960655/,藤崎,地下鉄空港線,3,2020-04-01,6,77960655
ザ・パークハウス桜坂サンリヤン,8900,福岡県福岡市中央区桜坂３,地下鉄七隈線「桜坂」徒歩3分,75.95,3LDK,2018年9月,https://suumo.jp//ms/chuko/fukuoka/sc_fukuokashichuo/nc_78097789/,桜坂,地下鉄七隈線,3,2018-09-01,8,78097789
グランドメゾン　西新ステージ,9180,福岡県福岡市早良区西新５,地下鉄空港線「西新」徒歩10分,96.13,4LDK,2012年2月,https://suumo.jp//ms/chuko/fukuoka/sc_fukuokashisawara/nc_20084891/,西新,地下鉄空港線,10,2012-02-01,14,20084891
グランドメゾン大濠ブルクレール,9480,福岡県福岡市中央区草香江２,地下鉄七隈線「六本松」徒歩9分,85.42,3LDK,2006年3月,https://suumo.jp//ms/chuko/fukuoka/sc_fukuokashichuo/nc_79094486/,六本松,地下鉄七隈線,9,2006-03-01,20,79094486
百道タワー,9980,福岡県福岡市早良区百道浜１,地下鉄空港線「西新」徒歩10分,81.73,2LDK,2004年2月,https://suumo.jp//ms/chuko/fukuoka/sc_fukuokashisawara/nc_79098275/,西新,地下鉄空港線,10,2004-02-01,22,79098275
グランドメゾン浄水ガーデンシティ　サウスフォレスト,10800,福岡県福岡市中央区薬院４,地下鉄七隈線「薬院大通」徒歩7分,77.73,3LDK,2015年3月,https://suumo.jp//ms/chuko/fukuoka/sc_fukuokashichuo/nc_20389846/,薬院大通,地下鉄七隈線,7,2015-03-01,11,20389846
アルテマインド浄水平丘,10800,福岡県福岡市中央区平丘町,地下鉄七隈線「薬院大通」徒歩9分,94.63,3LDK,2010年5月,https://suumo.jp//ms/chuko/fukuoka/sc_fukuokashichuo/nc_20301814/,薬院大通,地下鉄七隈線,9,2010-05-01,16,20301814
グランドメゾン西新レジデンス,10980,福岡県福岡市早良区西新２-1-42,地下鉄空港線「西新」徒歩6分,105.84,3LDK,2015年1月,https://suumo.jp//ms/chuko/fukuoka/sc_fukuokashisawara/nc_79120367/,西新,地下鉄空港線,6,2015-01-01,11,79120367
グランドメゾン福岡 The Central Luxe,11000,福岡県福岡市中央区渡辺通２,西鉄天神大牟田線「薬院」徒歩2分,51.35,1LDK,2025年6月,https://suumo.jp//ms/chuko/fukuoka/sc_fukuokashichuo/nc_20142596/,薬院,西鉄天神大牟田線,2,2025-06-01,1,20142596
グランドメゾン大濠公園THE TOWER,11500,福岡県福岡市中央区唐人町１,地下鉄空港線「唐人町」徒歩2分,70.67,3LDK,2023年6月,https://suumo.jp//ms/chuko/fukuoka/sc_fukuokashichuo/nc_20182967/,唐人町,地下鉄空港線,2,2023-06-01,3,20182967
グランドメゾン大濠公園 THE CLASS,12000,福岡県福岡市中央区荒戸２,地下鉄空港線「大濠公園」徒歩4分,60.35,2LDK,2024年1月,https://suumo.jp//ms/chuko/fukuoka/sc_fukuokashichuo/nc_20142502/,大濠公園,地下鉄空港線,4,2024-01-01,2,20142502
ＭＪＲ六本松,12000,福岡県福岡市中央区六本松４,地下鉄七隈線「六本松」徒歩2分,84.77,3LDK,2017年1月,https://suumo.jp//ms/chuko/fukuoka/sc_fukuokashichuo/nc_20296766/,六本松,地下鉄七隈線,2,2017-01-01,9,20296766
CLUB THE 大濠二丁目,12980,福岡県福岡市中央区大濠２,地下鉄空港線「唐人町」徒歩7分,91.07,2LDK,2019年6月,https://suumo.jp//ms/chuko/fukuoka/sc_fukuokashichuo/nc_20032764/,唐人町,地下鉄空港線,7,2019-06-01,7,20032764
ＣＬＵＢ　ＴＨＥ．大濠二丁目,13800,福岡県福岡市中央区大濠２,地下鉄空港線「唐人町」徒歩7分,88.45,3LDK,2019年6月,https://suumo.jp//ms/chuko/fukuoka/sc_fukuokashichuo/nc_79061506/,唐人町,地下鉄空港線,7,2019-06-01,7,79061506
グランアルト天神タワー,14500,福岡県福岡市中央区今泉１-5-19,地下鉄七隈線「天神南」徒歩9分,102.07,2LDK,2004年9月,https://suumo.jp//ms/chuko/fukuoka/sc_fukuokashichuo/nc_77722478/,天神南,地下鉄七隈線,9,2004-09-01,22,77722478
CLUB THE.薬院ステーションタワー,19500,福岡県福岡市中央区白金１,西鉄天神大牟田線「薬院」徒歩2分,102.79,2LDK,2020年4月,https://suumo.jp//ms/chuko/fukuoka/sc_fukuokashichuo/nc_79044003/,薬院,西鉄天神大牟田線,2,2020-04-01,6,79044003
大濠オドゥール,19800,福岡県福岡市中央区大濠１,地下鉄空港線「唐人町」徒歩9分,146.0,3LDK,1998年9月,https://suumo.jp//ms/chuko/fukuoka/sc_fukuokashichuo/nc_20061154/,唐人町,地下鉄空港線,9,1998-09-01,28,20061154
Ｂｒｉｌｌｉａ　Ｔｏｗｅｒ西新・ＰＲＡＬＩＶＡ,31000,福岡県福岡市早良区西新４,地下鉄空港線「西新」徒歩1分,101.13,2LDK,2021年1月,https://suumo.jp//ms/chuko/fukuoka/sc_fukuokashisawara/nc_78550441/,西新,地下鉄空港線,1,2021-01-01,5,78550441
ブリリアタワー西新,33000,福岡県福岡市早良区西新４,地下鉄空港線「西新」徒歩1分,101.82,2LDK,2021年1月,https://suumo.jp//ms/chuko/fukuoka/sc_fukuokashisawara/nc_77901688/,西新,地下鉄空港線,1,2021-01-01,5,77901688
プレミスト大濠公園,35000,福岡県福岡市中央区荒戸３,地下鉄空港線「唐人町」徒歩3分,120.71,3LDK,2025年6月,https://suumo.jp//ms/chuko/fukuoka/sc_fukuokashichuo/nc_20288982/,唐人町,地下鉄空港線,3,2025-06-01,1,20288982
ＣＬＵＢ　ＴＨＥ．薬院ステーションタワー,46000,福岡県福岡市中央区白金１,地下鉄七隈線「薬院」徒歩2分,138.16,2LDK+S（納戸）,2020年4月,https://suumo.jp//ms/chuko/fukuoka/sc_fukuokashichuo/nc_20247587/,薬院,地下鉄七隈線,2,2020-04-01,6,20247587
ラ・レジダンス・ド・パンテール,290,福岡県福岡市中央区荒戸２,地下鉄空港線「大濠公園」徒歩9分,16.2,1K,1988年11月,https://suumo.jp//ms/chuko/fukuoka/sc_fukuokashichuo/nc_20402146/,大濠公園,地下鉄空港線,9,1988-11-01,38,20402146
コーポラス東光,990,福岡県福岡市博多区東光２,地下鉄空港線「東比恵」徒歩7分,52.22,2LDK,1974年11月,https://suumo.jp//ms/chuko/fukuoka/sc_fukuokashihakata/nc_20061478/,東比恵,地下鉄空港線,7,1974-11-01,52,20061478
パソナ―ル博多,1290,福岡県福岡市博多区神屋町,地下鉄空港線「中洲川端」徒歩15分,37.26,ワンルーム,1973年10月,https://suumo.jp//ms/chuko/fukuoka/sc_fukuokashihakata/nc_20225587/,中洲川端,地下鉄空港線,15,1973-10-01,53,20225587
KBCユーハイム室見,1498,福岡県福岡市早良区室見５,地下鉄空港線「藤崎」徒歩12分,52.1,2LDK,1985年3月,https://suumo.jp//ms/chuko/fukuoka/sc_fukuokashisawara/nc_79100955/,藤崎,地下鉄空港線,12,1985-03-01,41,79100955
天神南ハイツ,1580,福岡県福岡市中央区清川２-12-4,地下鉄七隈線「渡辺通」徒歩10分,44.77,ワンルーム,1981年6月,https://suumo.jp//ms/chuko/fukuoka/sc_fukuokashichuo/nc_20411074/,渡辺通,地下鉄七隈線,10,1981-06-01,45,20411074
パークハイツ桜坂,1600,福岡県福岡市中央区桜坂３,地下鉄七隈線「桜坂」徒歩2分,67.2,3LDK,1977年6月,https://suumo.jp//ms/chuko/fukuoka/sc_fukuokashichuo/nc_78075369/,桜坂,地下鉄七隈線,2,1977-06-01,49,78075369
ロマネスク渡辺第2　中古マンション,1799,福岡県福岡市中央区高砂２,地下鉄七隈線「渡辺通」徒歩12分,33.29,1LDK,1989年4月,https://suumo.jp//ms/chuko/fukuoka/sc_fukuokashichuo/nc_20337661/,渡辺通,地下鉄七隈線,12,1989-04-01,37,20337661
ロマネスク渡辺通第2,1799,福岡県福岡市中央区高砂２,地下鉄七隈線「渡辺通」徒歩13分,33.29,1LDK,1989年4月,https://suumo.jp//ms/chuko/fukuoka/sc_fukuokashichuo/nc_20332850/,渡辺通,地下鉄七隈線,13,1989-04-01,37,20332850
ロマネスク渡辺通第２,1799,福岡県福岡市中央区高砂２-6-15,地下鉄七隈線「渡辺通」徒歩12分,33.29,1LDK,1989年1月,https://suumo.jp//ms/chuko/fukuoka/sc_fukuokashichuo/nc_20327626/,渡辺通,地下鉄七隈線,12,1989-01-01,37,20327626
コープ東薬院,1990,福岡県福岡市中央区高砂１,西鉄天神大牟田線「薬院」徒歩6分,71.35,2LDK,1980年9月,https://suumo.jp//ms/chuko/fukuoka/sc_fukuokashichuo/nc_77542577/,薬院,西鉄天神大牟田線,6,1980-09-01,46,77542577
東カン第二キャステール,1990,福岡県福岡市博多区比恵町,地下鉄空港線「東比恵」徒歩12分,51.66,1LDK,1975年3月,https://suumo.jp//ms/chuko/fukuoka/sc_fukuokashihakata/nc_20083059/,東比恵,地下鉄空港線,12,1975-03-01,51,20083059
モントーレラコルタユニバ通り,1990,福岡県糟屋郡志免町別府西３,地下鉄空港線「福岡空港」徒歩10分,54.77,1LDK+S（納戸）,2013年6月,https://suumo.jp//ms/chuko/fukuoka/sc_kasuyagunshime/nc_78782764/,福岡空港,地下鉄空港線,10,2013-06-01,13,78782764
マンションアベニュー,1999,福岡県福岡市早良区西新５,地下鉄空港線「西新」徒歩4分,44.57,1LDK,1974年8月,https://suumo.jp//ms/chuko/fukuoka/sc_fukuokashisawara/nc_20378847/,西新,地下鉄空港線,4,1974-08-01,52,20378847
博多ニッコーハイツ,2070,福岡県福岡市博多区博多駅東３,地下鉄空港線「博多」徒歩7分,50.38,1LDK,1979年11月,https://suumo.jp//ms/chuko/fukuoka/sc_fukuokashihakata/nc_79205801/,博多,地下鉄空港線,7,1979-11-01,47,79205801
ハイツ21,2180,福岡県福岡市早良区城西１,地下鉄空港線「西新」徒歩6分,61.83,2LDK,1987年3月,https://suumo.jp//ms/chuko/fukuoka/sc_fukuokashisawara/nc_79069458/,西新,地下鉄空港線,6,1987-03-01,39,79069458
カーサ第2博多,2188,福岡県福岡市博多区住吉２,地下鉄七隈線「渡辺通」徒歩10分,53.86,2LDK,1981年11月,https://suumo.jp//ms/chuko/fukuoka/sc_fukuokashihakata/nc_78666531/,渡辺通,地下鉄七隈線,10,1981-11-01,45,78666531
カーサ第二博多,2188,福岡県福岡市博多区住吉２,地下鉄七隈線「櫛田神社前」徒歩11分,53.86,2LDK,1981年11月,https://suumo.jp//ms/chuko/fukuoka/sc_fukuokashihakata/nc_78637651/,櫛田神社前,地下鉄七隈線,11,1981-11-01,45,78637651
サンライフ六本松,2199,福岡県福岡市中央区草香江２-1-40,地下鉄七隈線「六本松」徒歩3分,41.36,1LDK,1984年5月,https://suumo.jp//ms/chuko/fukuoka/sc_fukuokashichuo/nc_78528435/,六本松,地下鉄七隈線,3,1984-05-01,42,78528435
トーカンマンシヨン今泉一〇　708,2199,福岡県福岡市中央区今泉１-7-13,地下鉄七隈線「天神南」徒歩7分,38.7,1LDK,1980年6月,https://suumo.jp//ms/chuko/fukuoka/sc_fukuokashichuo/nc_20316550/,天神南,地下鉄七隈線,7,1980-06-01,46,20316550
ＧＳハイム博多,2200,福岡県福岡市博多区博多駅東２,地下鉄空港線「東比恵」徒歩5分,66.15,3LDK,1980年10月,https://suumo.jp//ms/chuko/fukuoka/sc_fukuokashihakata/nc_77918934/,東比恵,地下鉄空港線,5,1980-10-01,46,77918934
ＧＳハイム博多,2200,福岡県福岡市博多区博多駅東２,地下鉄空港線「東比恵」徒歩5分,66.15,3LDK,1980年10月,https://suumo.jp//ms/chuko/fukuoka/sc_fukuokashihakata/nc_78859383/,東比恵,地下鉄空港線,5,1980-10-01,46,78859383
ビレッタ百道,2299,福岡県福岡市早良区百道１,地下鉄空港線「藤崎」徒歩12分,60.5,2LDK,1975年4月,https://suumo.jp//ms/chuko/fukuoka/sc_fukuokashisawara/nc_79147157/,藤崎,地下鉄空港線,12,1975-04-01,51,79147157
ビレッタ百道,2299,福岡県福岡市早良区百道１-33-22,地下鉄空港線「藤崎」徒歩11分,60.5,2LDK,1975年4月,https://suumo.jp//ms/chuko/fukuoka/sc_fukuokashisawara/nc_78583591/,藤崎,地下鉄空港線,11,1975-04-01,51,78583591
カーサ大濠,2299,福岡県福岡市中央区六本松３-11-45,地下鉄七隈線「六本松」徒歩8分,51.66,1LDK,1974年6月,https://suumo.jp//ms/chuko/fukuoka/sc_fukuokashichuo/nc_78692224/,六本松,地下鉄七隈線,8,1974-06-01,52,78692224
カーサ大濠,2299,福岡県福岡市中央区六本松３,地下鉄七隈線「六本松」徒歩7分,51.66,1LDK,1974年6月,https://suumo.jp//ms/chuko/fukuoka/sc_fukuokashichuo/nc_78867837/,六本松,地下鉄七隈線,7,1974-06-01,52,78867837
ビレッタ百道,2299,福岡県福岡市早良区百道１-33-22,地下鉄空港線「藤崎」徒歩11分,60.5,2LDK,1975年4月,https://suumo.jp//ms/chuko/fukuoka/sc_fukuokashisawara/nc_78604511/,藤崎,地下鉄空港線,11,1975-04-01,51,78604511
東峰マンション博多駅東,2390,福岡県福岡市博多区比恵町7-27,地下鉄空港線「東比恵」徒歩7分,42.82,1LDK,1985年4月,https://suumo.jp//ms/chuko/fukuoka/sc_fukuokashihakata/nc_20269655/,東比恵,地下鉄空港線,7,1985-04-01,41,20269655
プレイスポットしんばしビル本館,2480,福岡県福岡市博多区中洲２-1-11,地下鉄七隈線「櫛田神社前」徒歩5分,40.63,1DK,1975年2月,https://suumo.jp//ms/chuko/fukuoka/sc_fukuokashihakata/nc_20351680/,櫛田神社前,地下鉄七隈線,5,1975-02-01,51,20351680
プレイスポットしんばしビル本館,2480,福岡県福岡市博多区中洲２,地下鉄七隈線「櫛田神社前」徒歩2分,40.63,1DK,1975年2月,https://suumo.jp//ms/chuko/fukuoka/sc_fukuokashihakata/nc_20310107/,櫛田神社前,地下鉄七隈線,2,1975-02-01,51,20310107
ロマネスク呉服町,2490,福岡県福岡市博多区下呉服町7-205,地下鉄空港線「中洲川端」徒歩12分,40.46,1LDK,1990年7月,https://suumo.jp//ms/chuko/fukuoka/sc_fukuokashihakata/nc_20345306/,中洲川端,地下鉄空港線,12,1990-07-01,36,20345306
エンクレスト天神南Ⅲ,2499,福岡県福岡市中央区清川３,地下鉄七隈線「渡辺通」徒歩13分,37.86,1LDK,2005年8月,https://suumo.jp//ms/chuko/fukuoka/sc_fukuokashichuo/nc_20245685/,渡辺通,地下鉄七隈線,13,2005-08-01,21,20245685
西新パークマンション,2500,福岡県福岡市早良区西新３,地下鉄空港線「西新」徒歩7分,70.97,3LDK,1988年5月,https://suumo.jp//ms/chuko/fukuoka/sc_fukuokashisawara/nc_20415226/,西新,地下鉄空港線,7,1988-05-01,38,20415226
鳥飼リバーハイツ,2580,福岡県福岡市城南区鳥飼４-3-30,地下鉄七隈線「別府」徒歩10分,67.17,3LDK,1979年8月,https://suumo.jp//ms/chuko/fukuoka/sc_fukuokashijonan/nc_20304642/,別府,地下鉄七隈線,10,1979-08-01,47,20304642
エクセレンス谷　中古マンション,2590,福岡県福岡市中央区谷１,地下鉄七隈線「六本松」徒歩7分,57.23,2LDK,1979年8月,https://suumo.jp//ms/chuko/fukuoka/sc_fukuokashichuo/nc_78743140/,六本松,地下鉄七隈線,7,1979-08-01,47,78743140
エクセレンス谷,2590,福岡県福岡市中央区谷１,地下鉄七隈線「六本松」徒歩7分,57.23,2LDK,1979年8月,https://suumo.jp//ms/chuko/fukuoka/sc_fukuokashichuo/nc_78778379/,六本松,地下鉄七隈線,7,1979-08-01,47,78778379
エクセレンス谷,2590,福岡県福岡市中央区谷１-16-58,地下鉄七隈線「六本松」徒歩7分,57.23,2LDK,1979年8月,https://suumo.jp//ms/chuko/fukuoka/sc_fukuokashichuo/nc_79071316/,六本松,地下鉄七隈線,7,1979-08-01,47,79071316
RKB別府マンション2棟,2599,福岡県福岡市城南区別府５,地下鉄七隈線「別府」徒歩11分,81.46,3LDK,1978年4月,https://suumo.jp//ms/chuko/fukuoka/sc_fukuokashijonan/nc_20311650/,別府,地下鉄七隈線,11,1978-04-01,48,20311650
第三住吉ハイツ,2599,福岡県福岡市博多区住吉５,ＪＲ篠栗線「博多」徒歩14分,67.2,2LDK,1980年5月,https://suumo.jp//ms/chuko/fukuoka/sc_fukuokashihakata/nc_20445302/,博多,ＪＲ篠栗線,14,1980-05-01,46,20445302
西新中央マンション,2690,福岡県福岡市早良区西新７-1-7,地下鉄空港線「西新」徒歩6分,84.66,4LDK,1983年3月,https://suumo.jp//ms/chuko/fukuoka/sc_fukuokashisawara/nc_78261313/,西新,地下鉄空港線,6,1983-03-01,43,78261313
藤和城西コーポ 301,2699,福岡県福岡市城南区別府４-13-29,地下鉄七隈線「別府」徒歩7分,84.5,3LDK,1974年7月,https://suumo.jp//ms/chuko/fukuoka/sc_fukuokashijonan/nc_20094571/,別府,地下鉄七隈線,7,1974-07-01,52,20094571
ライオンズマンション西新,2780,福岡県福岡市早良区西新７,地下鉄空港線「藤崎」徒歩5分,45.97,2DK,1982年2月,https://suumo.jp//ms/chuko/fukuoka/sc_fukuokashisawara/nc_20084916/,藤崎,地下鉄空港線,5,1982-02-01,44,20084916
朝日プラザ桜坂　中古マンション,2780,福岡県福岡市中央区谷１,地下鉄七隈線「桜坂」徒歩6分,62.34,3LDK,1986年8月,https://suumo.jp//ms/chuko/fukuoka/sc_fukuokashichuo/nc_20332513/,桜坂,地下鉄七隈線,6,1986-08-01,40,20332513
大名サンハイツ,2799,福岡県福岡市中央区大名１,地下鉄空港線「赤坂」徒歩5分,1.68,3LDK,1981年8月,https://suumo.jp//ms/chuko/fukuoka/sc_fukuokashichuo/nc_20372624/,赤坂,地下鉄空港線,5,1981-08-01,45,20372624
ライオンズマンション平尾,2820,福岡県福岡市中央区平尾２,地下鉄七隈線「薬院大通」徒歩14分,65.71,3DK,1979年12月,https://suumo.jp//ms/chuko/fukuoka/sc_fukuokashichuo/nc_20359423/,薬院大通,地下鉄七隈線,14,1979-12-01,47,20359423
東洋マンション大名,2980,福岡県福岡市中央区大名２,地下鉄空港線「赤坂」徒歩5分,65.7,3LDK,1979年6月,https://suumo.jp//ms/chuko/fukuoka/sc_fukuokashichuo/nc_20382600/,赤坂,地下鉄空港線,5,1979-06-01,47,20382600
朝日プラザ天神,3050,福岡県福岡市中央区舞鶴１,地下鉄空港線「天神」徒歩6分,55.5,1LDK,1986年5月,https://suumo.jp//ms/chuko/fukuoka/sc_fukuokashichuo/nc_78743384/,天神,地下鉄空港線,6,1986-05-01,40,78743384
第参参プリンスマンション城南,3099,福岡県福岡市城南区別府１-19-40,地下鉄七隈線「別府」徒歩2分,65.65,2LDK,1986年8月,https://suumo.jp//ms/chuko/fukuoka/sc_fukuokashijonan/nc_78569733/,別府,地下鉄七隈線,2,1986-08-01,40,78569733
ニューライフ薬院,3099,福岡県福岡市中央区薬院１,西鉄天神大牟田線「薬院」徒歩3分,47.29,1LDK+S（納戸）,1986年6月,https://suumo.jp//ms/chuko/fukuoka/sc_fukuokashichuo/nc_78928558/,薬院,西鉄天神大牟田線,3,1986-06-01,40,78928558
アクロス天神セントラルグロー,3099,福岡県福岡市中央区春吉２,地下鉄七隈線「渡辺通」徒歩6分,32.91,1LDK,2023年4月,https://suumo.jp//ms/chuko/fukuoka/sc_fukuokashichuo/nc_78187553/,渡辺通,地下鉄七隈線,6,2023-04-01,3,78187553
グランフォーレラグゼ博多駅南,3099,福岡県福岡市博多区博多駅南４-2-26,地下鉄空港線「東比恵」徒歩14分,33.41,1LDK,2016年7月,https://suumo.jp//ms/chuko/fukuoka/sc_fukuokashihakata/nc_20089882/,東比恵,地下鉄空港線,14,2016-07-01,10,20089882
ダイアパレス平尾２,3140,福岡県福岡市中央区大宮２,西鉄天神大牟田線「薬院」徒歩10分,64.1,2LDK,1983年3月,https://suumo.jp//ms/chuko/fukuoka/sc_fukuokashichuo/nc_20359832/,薬院,西鉄天神大牟田線,10,1983-03-01,43,20359832
ロマネスク大濠アネックス,3199,福岡県福岡市中央区鳥飼２,地下鉄空港線「唐人町」徒歩14分,59.65,2LDK,1987年5月,https://suumo.jp//ms/chuko/fukuoka/sc_fukuokashichuo/nc_78728305/,唐人町,地下鉄空港線,14,1987-05-01,39,78728305
アンピール西公園,3199,福岡県福岡市中央区荒戸１,地下鉄空港線「大濠公園」徒歩7分,73.18,3LDK+S（納戸）,1982年4月,https://suumo.jp//ms/chuko/fukuoka/sc_fukuokashichuo/nc_79135091/,大濠公園,地下鉄空港線,7,1982-04-01,44,79135091
ロマネスク大濠アネックス,3199,福岡県福岡市中央区鳥飼２,地下鉄空港線「唐人町」徒歩14分,59.65,2LDK,1987年5月,https://suumo.jp//ms/chuko/fukuoka/sc_fukuokashichuo/nc_20417239/,唐人町,地下鉄空港線,14,1987-05-01,39,20417239
藤和別府コープ,3199,福岡県福岡市城南区別府５-2-5,地下鉄七隈線「別府」徒歩5分,62.16,3LDK,1983年5月,https://suumo.jp//ms/chuko/fukuoka/sc_fukuokashijonan/nc_78888074/,別府,地下鉄七隈線,5,1983-05-01,43,78888074
ロマネスク大濠アネックス,3199,福岡県福岡市中央区鳥飼２-6-15,地下鉄空港線「唐人町」徒歩11分,59.65,2LDK,1987年5月,https://suumo.jp//ms/chuko/fukuoka/sc_fukuokashichuo/nc_79033778/,唐人町,地下鉄空港線,11,1987-05-01,39,79033778
オーセントスクエア室見アーバンコンフォート,3200,福岡県福岡市早良区室見４,地下鉄空港線「藤崎」徒歩15分,60.03,2LDK,2004年1月,https://suumo.jp//ms/chuko/fukuoka/sc_fukuokashisawara/nc_74991725/,藤崎,地下鉄空港線,15,2004-01-01,22,74991725
秀和警固レジデンス,3380,福岡県福岡市中央区警固２,地下鉄空港線「赤坂」徒歩7分,69.43,2LDK+S（納戸）,1974年7月,https://suumo.jp//ms/chuko/fukuoka/sc_fukuokashichuo/nc_20360375/,赤坂,地下鉄空港線,7,1974-07-01,52,20360375
クリオラベルヴィ呉服町,3399,福岡県福岡市博多区下呉服町,地下鉄箱崎線「中洲川端」徒歩11分,34.4,1LDK,2018年1月,https://suumo.jp//ms/chuko/fukuoka/sc_fukuokashihakata/nc_79057012/,中洲川端,地下鉄箱崎線,11,2018-01-01,8,79057012
赤坂エクセル,3450,福岡県福岡市中央区赤坂３-8-26,地下鉄七隈線「桜坂」徒歩13分,79.5,2LDK,1974年11月,https://suumo.jp//ms/chuko/fukuoka/sc_fukuokashichuo/nc_20300610/,桜坂,地下鉄七隈線,13,1974-11-01,52,20300610
赤坂エクセル,3450,福岡県福岡市中央区赤坂３,地下鉄空港線「赤坂」徒歩13分,79.5,2LDK,1974年11月,https://suumo.jp//ms/chuko/fukuoka/sc_fukuokashichuo/nc_20201400/,赤坂,地下鉄空港線,13,1974-11-01,52,20201400
赤坂エクセル,3450,福岡県福岡市中央区赤坂３,地下鉄七隈線「桜坂」徒歩13分,79.5,2LDK,1974年11月,https://suumo.jp//ms/chuko/fukuoka/sc_fukuokashichuo/nc_79071058/,桜坂,地下鉄七隈線,13,1974-11-01,52,79071058
赤坂エクセル,3450,福岡県福岡市中央区赤坂３,地下鉄空港線「赤坂」徒歩12分,79.5,2LDK,1974年11月,https://suumo.jp//ms/chuko/fukuoka/sc_fukuokashichuo/nc_79104475/,赤坂,地下鉄空港線,12,1974-11-01,52,79104475
藤和コープソシエ薬院,3490,福岡県福岡市中央区薬院２,西鉄天神大牟田線「薬院」徒歩9分,69.16,3LDK,1984年4月,https://suumo.jp//ms/chuko/fukuoka/sc_fukuokashichuo/nc_20450108/,薬院,西鉄天神大牟田線,9,1984-04-01,42,20450108
シャンボール大名A棟,3490,福岡県福岡市中央区薬院２,地下鉄七隈線「薬院大通」徒歩7分,61.08,3DK,1981年12月,https://suumo.jp//ms/chuko/fukuoka/sc_fukuokashichuo/nc_20384520/,薬院大通,地下鉄七隈線,7,1981-12-01,45,20384520
クリオラベルヴィ呉服町,3499,福岡県福岡市博多区下呉服町3-19,地下鉄空港線「中洲川端」徒歩12分,34.4,1LDK,2018年1月,https://suumo.jp//ms/chuko/fukuoka/sc_fukuokashihakata/nc_79076927/,中洲川端,地下鉄空港線,12,2018-01-01,8,79076927
赤坂エクセル,3499,福岡県福岡市中央区赤坂３-8-26,地下鉄七隈線「桜坂」徒歩13分,79.5,2LDK,1974年11月,https://suumo.jp//ms/chuko/fukuoka/sc_fukuokashichuo/nc_79089881/,桜坂,地下鉄七隈線,13,1974-11-01,52,79089881
赤坂エクセル,3499,福岡県福岡市中央区赤坂３,地下鉄七隈線「桜坂」徒歩13分,79.5,2LDK,1974年11月,https://suumo.jp//ms/chuko/fukuoka/sc_fukuokashichuo/nc_79101544/,桜坂,地下鉄七隈線,13,1974-11-01,52,79101544
コープ野村白金,3510,福岡県福岡市中央区白金１,地下鉄七隈線「薬院」徒歩6分,64.54,3LDK,1983年8月,https://suumo.jp//ms/chuko/fukuoka/sc_fukuokashichuo/nc_20119598/,薬院,地下鉄七隈線,6,1983-08-01,43,20119598
赤坂エクセル,3599,福岡県福岡市中央区赤坂３,地下鉄空港線「赤坂」徒歩13分,79.5,2LDK,1974年11月,https://suumo.jp//ms/chuko/fukuoka/sc_fukuokashichuo/nc_79072086/,赤坂,地下鉄空港線,13,1974-11-01,52,79072086
ツインタワー空港通り,3599,福岡県福岡市博多区豊１-1-17,地下鉄空港線「東比恵」徒歩12分,71.7,3LDK,1994年7月,https://suumo.jp//ms/chuko/fukuoka/sc_fukuokashihakata/nc_20433759/,東比恵,地下鉄空港線,12,1994-07-01,32,20433759
ツインタワー空港通り,3599,福岡県福岡市博多区豊１,地下鉄空港線「東比恵」徒歩12分,71.7,3LDK,1994年7月,https://suumo.jp//ms/chuko/fukuoka/sc_fukuokashihakata/nc_79057062/,東比恵,地下鉄空港線,12,1994-07-01,32,79057062
ツインタワー空港通り,3599,福岡県福岡市博多区豊１-1-17,地下鉄空港線「東比恵」徒歩12分,71.7,3LDK,1994年7月,https://suumo.jp//ms/chuko/fukuoka/sc_fukuokashihakata/nc_20368371/,東比恵,地下鉄空港線,12,1994-07-01,32,20368371
ツインタワー空港通り,3599,福岡県福岡市博多区豊１,地下鉄空港線「東比恵」徒歩12分,71.7,3LDK,1994年7月,https://suumo.jp//ms/chuko/fukuoka/sc_fukuokashihakata/nc_20066674/,東比恵,地下鉄空港線,12,1994-07-01,32,20066674
ツインタワー空港通り,3599,福岡県福岡市博多区豊１,地下鉄空港線「東比恵」徒歩12分,71.7,3LDK,1994年7月,https://suumo.jp//ms/chuko/fukuoka/sc_fukuokashihakata/nc_20370193/,東比恵,地下鉄空港線,12,1994-07-01,32,20370193
ツインタワー空港通り,3699,福岡県福岡市博多区豊１,地下鉄空港線「東比恵」徒歩14分,71.7,3LDK,1994年7月,https://suumo.jp//ms/chuko/fukuoka/sc_fukuokashihakata/nc_20394805/,東比恵,地下鉄空港線,14,1994-07-01,32,20394805
ラフィネスシャートドゥ赤坂,3699,福岡県福岡市中央区大手門１-3-31,地下鉄空港線「赤坂」徒歩7分,32.81,1LDK,2002年6月,https://suumo.jp//ms/chuko/fukuoka/sc_fukuokashichuo/nc_20283315/,赤坂,地下鉄空港線,7,2002-06-01,24,20283315
ツインタワー空港通り,3699,福岡県福岡市博多区豊１-1-17,地下鉄空港線「東比恵」徒歩14分,71.7,3LDK,1994年7月,https://suumo.jp//ms/chuko/fukuoka/sc_fukuokashihakata/nc_79058651/,東比恵,地下鉄空港線,14,1994-07-01,32,79058651
ラフィネスシャトードゥ赤坂,3699,福岡県福岡市中央区大手門１-3番31,地下鉄空港線「赤坂」徒歩7分,32.81,1LK,2002年6月,https://suumo.jp//ms/chuko/fukuoka/sc_fukuokashichuo/nc_20292231/,赤坂,地下鉄空港線,7,2002-06-01,24,20292231
朝日プラザ大濠,3750,福岡県福岡市中央区草香江２,地下鉄七隈線「六本松」徒歩4分,69.12,3LDK,1983年2月,https://suumo.jp//ms/chuko/fukuoka/sc_fukuokashichuo/nc_20449512/,六本松,地下鉄七隈線,4,1983-02-01,43,20449512
赤坂エクセル,3790,福岡県福岡市中央区赤坂３-8-26,地下鉄七隈線「桜坂」徒歩12分,79.5,2LDK,1974年11月,https://suumo.jp//ms/chuko/fukuoka/sc_fukuokashichuo/nc_20427381/,桜坂,地下鉄七隈線,12,1974-11-01,52,20427381
赤坂エクセル,3790,福岡県福岡市中央区赤坂３-8-26,地下鉄七隈線「桜坂」徒歩13分,79.5,2LDK,1974年11月,https://suumo.jp//ms/chuko/fukuoka/sc_fukuokashichuo/nc_20001594/,桜坂,地下鉄七隈線,13,1974-11-01,52,20001594
ミスモ天神,3880,福岡県福岡市中央区渡辺通２,地下鉄七隈線「渡辺通」徒歩4分,33.37,1LDK,2023年3月,https://suumo.jp//ms/chuko/fukuoka/sc_fukuokashichuo/nc_78516843/,渡辺通,地下鉄七隈線,4,2023-03-01,3,78516843
エバーライフ住吉,3890,福岡県福岡市博多区住吉４,地下鉄七隈線「渡辺通」徒歩14分,62.28,2LDK,1985年9月,https://suumo.jp//ms/chuko/fukuoka/sc_fukuokashihakata/nc_79152020/,渡辺通,地下鉄七隈線,14,1985-09-01,41,79152020
ジョイナス天神タワー,3999,福岡県福岡市博多区対馬小路12-20,地下鉄空港線「中洲川端」徒歩11分,56.14,2LDK,1997年1月,https://suumo.jp//ms/chuko/fukuoka/sc_fukuokashihakata/nc_78774527/,中洲川端,地下鉄空港線,11,1997-01-01,29,78774527
ジョイナス天神タワー,3999,福岡県福岡市博多区対馬小路,地下鉄空港線「中洲川端」徒歩11分,56.14,2LDK,1997年1月,https://suumo.jp//ms/chuko/fukuoka/sc_fukuokashihakata/nc_20401571/,中洲川端,地下鉄空港線,11,1997-01-01,29,20401571
サンシティ鳥飼　中古マンション,3999,福岡県福岡市城南区鳥飼４,地下鉄七隈線「別府」徒歩11分,68.48,3LDK+S（納戸）,1994年3月,https://suumo.jp//ms/chuko/fukuoka/sc_fukuokashijonan/nc_79217231/,別府,地下鉄七隈線,11,1994-03-01,32,79217231
ジョイナス天神タワー,3999,福岡県福岡市博多区対馬小路12-20,地下鉄空港線「中洲川端」徒歩11分,56.14,2LDK,1997年1月,https://suumo.jp//ms/chuko/fukuoka/sc_fukuokashihakata/nc_79064230/,中洲川端,地下鉄空港線,11,1997-01-01,29,79064230
ジョイナス天神タワー,3999,福岡県福岡市博多区対馬小路,地下鉄箱崎線「中洲川端」徒歩12分,56.14,2LDK,1997年1月,https://suumo.jp//ms/chuko/fukuoka/sc_fukuokashihakata/nc_78912074/,中洲川端,地下鉄箱崎線,12,1997-01-01,29,78912074
サンシティ鳥飼,3999,福岡県福岡市城南区鳥飼４,地下鉄七隈線「別府」徒歩11分,68.48,3LDK,1994年3月,https://suumo.jp//ms/chuko/fukuoka/sc_fukuokashijonan/nc_20395435/,別府,地下鉄七隈線,11,1994-03-01,32,20395435
サンシティ鳥飼,3999,福岡県福岡市城南区鳥飼４,地下鉄七隈線「別府」徒歩11分,68.48,3LDK,1994年3月,https://suumo.jp//ms/chuko/fukuoka/sc_fukuokashijonan/nc_20310482/,別府,地下鉄七隈線,11,1994-03-01,32,20310482
ジョイナス天神タワー,3999,福岡県福岡市博多区対馬小路,地下鉄空港線「中洲川端」徒歩11分,56.14,2LDK,2025年11月,https://suumo.jp//ms/chuko/fukuoka/sc_fukuokashihakata/nc_20417016/,中洲川端,地下鉄空港線,11,2025-11-01,1,20417016
サンシティ鳥飼,3999,福岡県福岡市城南区鳥飼４-9-3,地下鉄七隈線「別府」徒歩10分,68.48,3LDK,1994年3月,https://suumo.jp//ms/chuko/fukuoka/sc_fukuokashijonan/nc_20201901/,別府,地下鉄七隈線,10,1994-03-01,32,20201901
サンシティ鳥飼,3999,福岡県福岡市城南区鳥飼４,地下鉄七隈線「別府」徒歩11分,68.48,3LDK,1994年3月,https://suumo.jp//ms/chuko/fukuoka/sc_fukuokashijonan/nc_78317769/,別府,地下鉄七隈線,11,1994-03-01,32,78317769
サンシティ鳥飼,3999,福岡県福岡市城南区鳥飼４-9-3,地下鉄七隈線「別府」徒歩10分,68.48,3LDK,1994年3月,https://suumo.jp//ms/chuko/fukuoka/sc_fukuokashijonan/nc_78975396/,別府,地下鉄七隈線,10,1994-03-01,32,78975396
アンピール天神東,4280,福岡県福岡市中央区春吉２,地下鉄七隈線「渡辺通」徒歩8分,65.04,2LDK,2004年2月,https://suumo.jp//ms/chuko/fukuoka/sc_fukuokashichuo/nc_78797333/,渡辺通,地下鉄七隈線,8,2004-02-01,22,78797333
ジョイナス天神タワー,4298,福岡県福岡市博多区対馬小路12-20,地下鉄空港線「中洲川端」徒歩11分,72.59,3LDK,1997年1月,https://suumo.jp//ms/chuko/fukuoka/sc_fukuokashihakata/nc_78177803/,中洲川端,地下鉄空港線,11,1997-01-01,29,78177803
モントーレ東比恵クレア,4299,福岡県福岡市博多区東比恵３,地下鉄空港線「東比恵」徒歩3分,42.77,1LDK,2019年2月,https://suumo.jp//ms/chuko/fukuoka/sc_fukuokashihakata/nc_79172819/,東比恵,地下鉄空港線,3,2019-02-01,7,79172819
モントーレ東比恵クレア,4299,福岡県福岡市博多区東比恵３,地下鉄空港線「東比恵」徒歩3分,42.77,1LDK+S（納戸）,2019年2月,https://suumo.jp//ms/chuko/fukuoka/sc_fukuokashihakata/nc_20006864/,東比恵,地下鉄空港線,3,2019-02-01,7,20006864
藤崎ロジュマン,4380,福岡県福岡市早良区昭代３-9-5,地下鉄空港線「藤崎」徒歩11分,82.76,3LDK,1988年3月,https://suumo.jp//ms/chuko/fukuoka/sc_fukuokashisawara/nc_20205874/,藤崎,地下鉄空港線,11,1988-03-01,38,20205874
藤崎ロジュマン,4380,福岡県福岡市早良区昭代３-9-5,地下鉄空港線「藤崎」徒歩10分,82.76,4LDK,1988年3月,https://suumo.jp//ms/chuko/fukuoka/sc_fukuokashisawara/nc_20240443/,藤崎,地下鉄空港線,10,1988-03-01,38,20240443
藤崎ロジュマン,4380,福岡県福岡市早良区昭代３,地下鉄空港線「藤崎」徒歩13分,82.76,4LDK,1988年3月,https://suumo.jp//ms/chuko/fukuoka/sc_fukuokashisawara/nc_20214981/,藤崎,地下鉄空港線,13,1988-03-01,38,20214981
藤崎ロジュマン,4380,福岡県福岡市早良区昭代３-9-5,地下鉄空港線「藤崎」徒歩13分,82.76,4LDK,1988年3月,https://suumo.jp//ms/chuko/fukuoka/sc_fukuokashisawara/nc_78393786/,藤崎,地下鉄空港線,13,1988-03-01,38,78393786
藤崎ロジュマン　101,4380,福岡県福岡市早良区昭代３,地下鉄空港線「藤崎」徒歩13分,82.76,4LDK,1988年3月,https://suumo.jp//ms/chuko/fukuoka/sc_fukuokashisawara/nc_20187670/,藤崎,地下鉄空港線,13,1988-03-01,38,20187670
藤崎ロジュマン,4380,福岡県福岡市早良区昭代３-9-5,地下鉄空港線「藤崎」徒歩10分,82.76,4LDK,1988年3月,https://suumo.jp//ms/chuko/fukuoka/sc_fukuokashisawara/nc_78392749/,藤崎,地下鉄空港線,10,1988-03-01,38,78392749
ライオンズマンションマキシム桜坂II,4480,福岡県福岡市中央区谷１,地下鉄七隈線「桜坂」徒歩5分,85.78,3LDK,1998年2月,https://suumo.jp//ms/chuko/fukuoka/sc_fukuokashichuo/nc_77794350/,桜坂,地下鉄七隈線,5,1998-02-01,28,77794350
ヒューマインド博多駅東ネクスタイル,4480,福岡県福岡市博多区東比恵３,地下鉄空港線「東比恵」徒歩5分,58.3,2LDK,2005年4月,https://suumo.jp//ms/chuko/fukuoka/sc_fukuokashihakata/nc_20400394/,東比恵,地下鉄空港線,5,2005-04-01,21,20400394
ヒューマインド博多駅東ネクスタイル,4480,福岡県福岡市博多区東比恵３,地下鉄空港線「東比恵」徒歩5分,58.3,2LDK,2005年5月,https://suumo.jp//ms/chuko/fukuoka/sc_fukuokashihakata/nc_20131079/,東比恵,地下鉄空港線,5,2005-05-01,21,20131079
エンクレストベイサイド通り,4499,福岡県福岡市博多区築港本町,地下鉄空港線「中洲川端」徒歩14分,54.02,1LDK,2016年5月,https://suumo.jp//ms/chuko/fukuoka/sc_fukuokashihakata/nc_79044808/,中洲川端,地下鉄空港線,14,2016-05-01,10,79044808
リファレンス天神南,4499,福岡県福岡市中央区清川２,地下鉄七隈線「渡辺通」徒歩13分,65.32,3LDK,2002年3月,https://suumo.jp//ms/chuko/fukuoka/sc_fukuokashichuo/nc_20056310/,渡辺通,地下鉄七隈線,13,2002-03-01,24,20056310
リファレンス天神南,4499,福岡県福岡市中央区清川２,地下鉄七隈線「渡辺通」徒歩13分,65.32,3LDK,2002年3月,https://suumo.jp//ms/chuko/fukuoka/sc_fukuokashichuo/nc_20401158/,渡辺通,地下鉄七隈線,13,2002-03-01,24,20401158
コスモ博多古門戸,4499,福岡県福岡市博多区古門戸町10-5,地下鉄空港線「中洲川端」徒歩8分,54.49,1LDK+S（納戸）,2003年1月,https://suumo.jp//ms/chuko/fukuoka/sc_fukuokashihakata/nc_78954414/,中洲川端,地下鉄空港線,8,2003-01-01,23,78954414
エンクレストベイサイド通り,4499,福岡県福岡市博多区築港本町,地下鉄箱崎線「中洲川端」徒歩14分,54.02,1LDK,2016年5月,https://suumo.jp//ms/chuko/fukuoka/sc_fukuokashihakata/nc_79118520/,中洲川端,地下鉄箱崎線,14,2016-05-01,10,79118520
リファレンス天神南,4499,福岡県福岡市中央区清川２-4-9,地下鉄七隈線「渡辺通」徒歩13分,65.32,3LDK,2002年3月,https://suumo.jp//ms/chuko/fukuoka/sc_fukuokashichuo/nc_20249542/,渡辺通,地下鉄七隈線,13,2002-03-01,24,20249542
コスモ博多古門戸,4499,福岡県福岡市博多区古門戸町,地下鉄箱崎線「中洲川端」徒歩9分,54.49,1LDK+S（納戸）,2003年1月,https://suumo.jp//ms/chuko/fukuoka/sc_fukuokashihakata/nc_78439167/,中洲川端,地下鉄箱崎線,9,2003-01-01,23,78439167
エンクレストベイサイド通り,4499,福岡県福岡市博多区築港本町7-14,地下鉄空港線「中洲川端」徒歩14分,54.02,1LDK,2016年5月,https://suumo.jp//ms/chuko/fukuoka/sc_fukuokashihakata/nc_78799147/,中洲川端,地下鉄空港線,14,2016-05-01,10,78799147
アトリーチェ西新,4590,福岡県福岡市早良区西新１-7-26,地下鉄空港線「西新」徒歩3分,52.86,2LDK,1999年11月,https://suumo.jp//ms/chuko/fukuoka/sc_fukuokashisawara/nc_20144239/,西新,地下鉄空港線,3,1999-11-01,27,20144239
コスモ博多古門戸,4599,福岡県福岡市博多区古門戸町10-5,地下鉄空港線「中洲川端」徒歩9分,54.49,1LDK+S（納戸）,2003年1月,https://suumo.jp//ms/chuko/fukuoka/sc_fukuokashihakata/nc_79063957/,中洲川端,地下鉄空港線,9,2003-01-01,23,79063957
エンクレストベイサイド通り,4699,福岡県福岡市博多区築港本町,地下鉄空港線「中洲川端」徒歩14分,54.65,1LDK+S（納戸）,2016年5月,https://suumo.jp//ms/chuko/fukuoka/sc_fukuokashihakata/nc_79044901/,中洲川端,地下鉄空港線,14,2016-05-01,10,79044901
エンクレストベイサイド通り,4699,福岡県福岡市博多区築港本町,地下鉄空港線「中洲川端」徒歩13分,54.65,1LDK,2016年5月,https://suumo.jp//ms/chuko/fukuoka/sc_fukuokashihakata/nc_78772537/,中洲川端,地下鉄空港線,13,2016-05-01,10,78772537
アルファライフ博多,4799,福岡県福岡市博多区住吉５,ＪＲ鹿児島本線「博多」徒歩14分,53.04,1LDK,2011年3月,https://suumo.jp//ms/chuko/fukuoka/sc_fukuokashihakata/nc_20125852/,博多,ＪＲ鹿児島本線,14,2011-03-01,15,20125852
アダージュ薬院弐番館,4980,福岡県福岡市中央区薬院２,地下鉄七隈線「薬院大通」徒歩3分,65.11,2LDK,2003年3月,https://suumo.jp//ms/chuko/fukuoka/sc_fukuokashichuo/nc_20272288/,薬院大通,地下鉄七隈線,3,2003-03-01,23,20272288
東急ドエル・アルス博多ステーションサイド,4980,福岡県福岡市博多区比恵町,地下鉄空港線「東比恵」徒歩9分,78.63,3LDK,2000年2月,https://suumo.jp//ms/chuko/fukuoka/sc_fukuokashihakata/nc_20303490/,東比恵,地下鉄空港線,9,2000-02-01,26,20303490
パークエステート博多,5230,福岡県福岡市博多区店屋町,地下鉄箱崎線「中洲川端」徒歩6分,60.81,3LDK,1997年3月,https://suumo.jp//ms/chuko/fukuoka/sc_fukuokashihakata/nc_20368645/,中洲川端,地下鉄箱崎線,6,1997-03-01,29,20368645
ソピア大濠西,5280,福岡県福岡市中央区鳥飼３-16-9,地下鉄空港線「西新」徒歩10分,69.57,3LDK,1999年3月,https://suumo.jp//ms/chuko/fukuoka/sc_fukuokashichuo/nc_20314213/,西新,地下鉄空港線,10,1999-03-01,27,20314213
ソピア大濠西,5290,福岡県福岡市中央区鳥飼３-16-9,地下鉄空港線「西新」徒歩9分,69.57,3LDK,1999年3月,https://suumo.jp//ms/chuko/fukuoka/sc_fukuokashichuo/nc_20320667/,西新,地下鉄空港線,9,1999-03-01,27,20320667
アクロス天神センタープラザ,5380,福岡県福岡市中央区渡辺通３,地下鉄七隈線「渡辺通」徒歩5分,60.61,1LDK,2005年7月,https://suumo.jp//ms/chuko/fukuoka/sc_fukuokashichuo/nc_20175979/,渡辺通,地下鉄七隈線,5,2005-07-01,21,20175979
アクロス天神センタープラザ,5380,福岡県福岡市中央区渡辺通３,地下鉄七隈線「渡辺通」徒歩7分,60.61,1LDK,2005年7月,https://suumo.jp//ms/chuko/fukuoka/sc_fukuokashichuo/nc_20306558/,渡辺通,地下鉄七隈線,7,2005-07-01,21,20306558
エフグラン室見,5380,福岡県福岡市早良区室見２,地下鉄空港線「藤崎」徒歩6分,59.49,2LDK,2019年10月,https://suumo.jp//ms/chuko/fukuoka/sc_fukuokashisawara/nc_20000398/,藤崎,地下鉄空港線,6,2019-10-01,7,20000398
ダイアパレス・グランデージ博多駅前1004号,5480,福岡県福岡市博多区博多駅前４,ＪＲ鹿児島本線「博多」徒歩9分,71.76,3LDK,1998年7月,https://suumo.jp//ms/chuko/fukuoka/sc_fukuokashihakata/nc_20091063/,博多,ＪＲ鹿児島本線,9,1998-07-01,28,20091063
サントーア薬院,5480,福岡県福岡市中央区薬院２,地下鉄七隈線「薬院大通」徒歩5分,73.35,2LDK,1995年8月,https://suumo.jp//ms/chuko/fukuoka/sc_fukuokashichuo/nc_20383590/,薬院大通,地下鉄七隈線,5,1995-08-01,31,20383590
コモダス天神,5699,福岡県福岡市中央区今泉２,地下鉄七隈線「薬院大通」徒歩8分,66.78,3LDK,1997年5月,https://suumo.jp//ms/chuko/fukuoka/sc_fukuokashichuo/nc_20204209/,薬院大通,地下鉄七隈線,8,1997-05-01,29,20204209
ダイアパレスセントラルコート薬院,5890,福岡県福岡市中央区薬院３,西鉄天神大牟田線「薬院」徒歩6分,76.04,4LDK,1997年11月,https://suumo.jp//ms/chuko/fukuoka/sc_fukuokashichuo/nc_78834754/,薬院,西鉄天神大牟田線,6,1997-11-01,29,78834754
クリオ渡辺通サザンマークス,5980,福岡県福岡市中央区清川３,地下鉄七隈線「渡辺通」徒歩15分,67.0,3LDK,2024年2月,https://suumo.jp//ms/chuko/fukuoka/sc_fukuokashichuo/nc_76132933/,渡辺通,地下鉄七隈線,15,2024-02-01,2,76132933
クリオ渡辺通サザンマークス,5980,福岡県福岡市中央区清川３,地下鉄七隈線「渡辺通」徒歩15分,67.0,3LDK,2024年2月,https://suumo.jp//ms/chuko/fukuoka/sc_fukuokashichuo/nc_78200191/,渡辺通,地下鉄七隈線,15,2024-02-01,2,78200191
シーサイドももちヴェルデコート5番館,6190,福岡県福岡市早良区百道浜３-3-5,地下鉄空港線「藤崎」徒歩10分,93.67,3LDK,1991年2月,https://suumo.jp//ms/chuko/fukuoka/sc_fukuokashisawara/nc_78950243/,藤崎,地下鉄空港線,10,1991-02-01,35,78950243
シーサイドももちヴェルデコート５番館,6190,福岡県福岡市早良区百道浜３,地下鉄空港線「藤崎」徒歩11分,93.67,3LDK,1991年2月,https://suumo.jp//ms/chuko/fukuoka/sc_fukuokashisawara/nc_20397410/,藤崎,地下鉄空港線,11,1991-02-01,35,20397410
ヒルズ平尾,6280,福岡県福岡市中央区平尾４,地下鉄七隈線「薬院大通」徒歩14分,80.79,3LDK,1998年2月,https://suumo.jp//ms/chuko/fukuoka/sc_fukuokashichuo/nc_20369638/,薬院大通,地下鉄七隈線,14,1998-02-01,28,20369638
ウェルリバービュー天神,6280,福岡県福岡市博多区中洲中島町3-15,地下鉄空港線「中洲川端」徒歩6分,80.29,3LDK,2006年3月,https://suumo.jp//ms/chuko/fukuoka/sc_fukuokashihakata/nc_79025451/,中洲川端,地下鉄空港線,6,2006-03-01,20,79025451
ウェルリバービュー天神,6280,福岡県福岡市博多区中洲中島町3-15,地下鉄空港線「中洲川端」徒歩6分,80.29,3LDK,2006年4月,https://suumo.jp//ms/chuko/fukuoka/sc_fukuokashihakata/nc_20446268/,中洲川端,地下鉄空港線,6,2006-04-01,20,20446268
クリオ渡辺通アーバンマークス,6300,福岡県福岡市中央区清川２-17-20,地下鉄七隈線「渡辺通」徒歩10分,62.45,3LDK,2023年2月,https://suumo.jp//ms/chuko/fukuoka/sc_fukuokashichuo/nc_20093505/,渡辺通,地下鉄七隈線,10,2023-02-01,3,20093505
ブライトンヒルズ藤崎,6480,福岡県福岡市早良区藤崎１,地下鉄空港線「藤崎」徒歩7分,79.23,3LDK,2003年7月,https://suumo.jp//ms/chuko/fukuoka/sc_fukuokashisawara/nc_79068584/,藤崎,地下鉄空港線,7,2003-07-01,23,79068584
ザ・パークハウス藤崎紅葉山,6980,福岡県福岡市早良区昭代３,地下鉄空港線「藤崎」徒歩10分,70.44,3LDK,2021年12月,https://suumo.jp//ms/chuko/fukuoka/sc_fukuokashisawara/nc_20289797/,藤崎,地下鉄空港線,10,2021-12-01,5,20289797
ライオンズ鳥飼イーストフォート,7580,福岡県福岡市城南区鳥飼６,地下鉄七隈線「別府」徒歩10分,100.01,4LDK,2010年1月,https://suumo.jp//ms/chuko/fukuoka/sc_fukuokashijonan/nc_20364460/,別府,地下鉄七隈線,10,2010-01-01,16,20364460
アメックス西新駅前,7699,福岡県福岡市早良区西新２-6-5,地下鉄空港線「西新」徒歩2分,73.41,3LDK,2001年7月,https://suumo.jp//ms/chuko/fukuoka/sc_fukuokashisawara/nc_20083248/,西新,地下鉄空港線,2,2001-07-01,25,20083248
アクロス天神センタープラザ,7770,福岡県福岡市中央区渡辺通３,地下鉄七隈線「渡辺通」徒歩5分,82.26,4LDK,2005年7月,https://suumo.jp//ms/chuko/fukuoka/sc_fukuokashichuo/nc_20163090/,渡辺通,地下鉄七隈線,5,2005-07-01,21,20163090
レジア赤坂テラス,7800,福岡県福岡市中央区長浜２,地下鉄空港線「赤坂」徒歩6分,75.44,3LDK,2016年12月,https://suumo.jp//ms/chuko/fukuoka/sc_fukuokashichuo/nc_20095594/,赤坂,地下鉄空港線,6,2016-12-01,10,20095594
エステートマンション大濠・相羽ビル,7800,福岡県福岡市中央区大濠１,地下鉄七隈線「六本松」徒歩9分,102.26,3LDK,1986年7月,https://suumo.jp//ms/chuko/fukuoka/sc_fukuokashichuo/nc_78648931/,六本松,地下鉄七隈線,9,1986-07-01,40,78648931
パークホームズ警固本通り,7980,福岡県福岡市中央区警固２,地下鉄空港線「赤坂」徒歩9分,82.96,3LDK,2009年10月,https://suumo.jp//ms/chuko/fukuoka/sc_fukuokashichuo/nc_20174879/,赤坂,地下鉄空港線,9,2009-10-01,17,20174879
サングレート平尾山荘,8000,福岡県福岡市中央区平尾５,地下鉄七隈線「薬院大通」徒歩15分,83.36,2LDK,2018年8月,https://suumo.jp//ms/chuko/fukuoka/sc_fukuokashichuo/nc_76993707/,薬院大通,地下鉄七隈線,15,2018-08-01,8,76993707
グランドステイツ大濠公園南,8280,福岡県福岡市中央区六本松３,地下鉄七隈線「六本松」徒歩3分,80.69,3LDK,2004年6月,https://suumo.jp//ms/chuko/fukuoka/sc_fukuokashichuo/nc_77539723/,六本松,地下鉄七隈線,3,2004-06-01,22,77539723
グランドステイツ大濠公園南,8280,福岡県福岡市中央区六本松３,地下鉄七隈線「六本松」徒歩4分,80.69,3LDK,2004年6月,https://suumo.jp//ms/chuko/fukuoka/sc_fukuokashichuo/nc_20125853/,六本松,地下鉄七隈線,4,2004-06-01,22,20125853
グランドステイツ大濠公園南,8490,福岡県福岡市中央区六本松３,地下鉄七隈線「六本松」徒歩4分,80.69,3LDK,2004年1月,https://suumo.jp//ms/chuko/fukuoka/sc_fukuokashichuo/nc_78837544/,六本松,地下鉄七隈線,4,2004-01-01,22,78837544
ライオンズマンション桜坂シティ,8998,福岡県福岡市中央区桜坂３,地下鉄七隈線「桜坂」徒歩1分,100.53,3LDK,2005年7月,https://suumo.jp//ms/chuko/fukuoka/sc_fukuokashichuo/nc_20037381/,桜坂,地下鉄七隈線,1,2005-07-01,21,20037381
グランドメゾン大濠公園２０１５,9400,福岡県福岡市中央区今川１-13-18,地下鉄空港線「唐人町」徒歩5分,85.9,3LDK,2015年5月,https://suumo.jp//ms/chuko/fukuoka/sc_fukuokashichuo/nc_79050890/,唐人町,地下鉄空港線,5,2015-05-01,11,79050890
アクタス大手門パークシティ,9980,福岡県福岡市中央区大手門１,地下鉄空港線「赤坂」徒歩6分,93.92,3LDK,2005年2月,https://suumo.jp//ms/chuko/fukuoka/sc_fukuokashichuo/nc_77427348/,赤坂,地下鉄空港線,6,2005-02-01,21,77427348
パークコート赤坂ヒルトップレジデンス,9980,福岡県福岡市中央区赤坂３,地下鉄七隈線「桜坂」徒歩9分,88.76,3LDK,2010年2月,https://suumo.jp//ms/chuko/fukuoka/sc_fukuokashichuo/nc_78598929/,桜坂,地下鉄七隈線,9,2010-02-01,16,78598929
ブライトパークサンリヤン地行Ⅲ番館,12000,福岡県福岡市中央区地行３,地下鉄空港線「西新」徒歩8分,88.39,4LDK,2012年10月,https://suumo.jp//ms/chuko/fukuoka/sc_fukuokashichuo/nc_79150933/,西新,地下鉄空港線,8,2012-10-01,14,79150933
MJR赤坂タワー,12500,福岡県福岡市中央区赤坂１,地下鉄空港線「赤坂」徒歩1分,64.8,2LDK,2017年10月,https://suumo.jp//ms/chuko/fukuoka/sc_fukuokashichuo/nc_79200862/,赤坂,地下鉄空港線,1,2017-10-01,9,79200862
ネクサス薬院,13300,福岡県福岡市中央区薬院１,地下鉄七隈線「薬院大通」徒歩3分,94.52,3LDK,2015年6月,https://suumo.jp//ms/chuko/fukuoka/sc_fukuokashichuo/nc_20450111/,薬院大通,地下鉄七隈線,3,2015-06-01,11,20450111
グランアルト天神タワー,14500,福岡県福岡市中央区今泉２,地下鉄空港線「天神」徒歩9分,102.07,2LDK,2004年9月,https://suumo.jp//ms/chuko/fukuoka/sc_fukuokashichuo/nc_20214490/,天神,地下鉄空港線,9,2004-09-01,22,20214490
ＭＪＲ赤坂タワー,15800,福岡県福岡市中央区赤坂１,地下鉄空港線「赤坂」徒歩1分,69.03,2LDK,2017年10月,https://suumo.jp//ms/chuko/fukuoka/sc_fukuokashichuo/nc_20247585/,赤坂,地下鉄空港線,1,2017-10-01,9,20247585
ブリリアタワー西新,16800,福岡県福岡市早良区西新４,地下鉄空港線「西新」徒歩1分,79.93,2LDK,2021年1月,https://suumo.jp//ms/chuko/fukuoka/sc_fukuokashisawara/nc_79220468/,西新,地下鉄空港線,1,2021-01-01,5,79220468
プレミスト大濠公園,24800,福岡県福岡市中央区荒戸３,地下鉄空港線「唐人町」徒歩3分,120.71,3LDK,2025年6月,https://suumo.jp//ms/chuko/fukuoka/sc_fukuokashichuo/nc_79003032/,唐人町,地下鉄空港線,3,2025-06-01,1,79003032
グレイス大濠公園,298,福岡県福岡市中央区西公園,地下鉄空港線「大濠公園」徒歩9分,17.08,1K,1990年2月,https://suumo.jp//ms/chuko/fukuoka/sc_fukuokashichuo/nc_20277000/,大濠公園,地下鉄空港線,9,1990-02-01,36,20277000
じゅうグランドモア渡辺通南,760,福岡県福岡市中央区高砂２,地下鉄七隈線「渡辺通」徒歩12分,26.85,1K,1990年9月,https://suumo.jp//ms/chuko/fukuoka/sc_fukuokashichuo/nc_79196034/,渡辺通,地下鉄七隈線,12,1990-09-01,36,79196034
スカイ・クリエート天神南,790,福岡県福岡市中央区春吉２-19-17,地下鉄七隈線「渡辺通」徒歩7分,19.71,ワンルーム,1991年3月,https://suumo.jp//ms/chuko/fukuoka/sc_fukuokashichuo/nc_79200824/,渡辺通,地下鉄七隈線,7,1991-03-01,35,79200824
駅南カステリアWADA,800,福岡県福岡市博多区博多駅南２-8-32,ＪＲ鹿児島本線「博多」徒歩13分,41.31,1LDK,1980年3月,https://suumo.jp//ms/chuko/fukuoka/sc_fukuokashihakata/nc_20421069/,博多,ＪＲ鹿児島本線,13,1980-03-01,46,20421069
ロマネスク博多駅前,850,福岡県福岡市博多区博多駅前４,ＪＲ鹿児島本線「博多」徒歩13分,21.6,ワンルーム,1991年3月,https://suumo.jp//ms/chuko/fukuoka/sc_fukuokashihakata/nc_78963711/,博多,ＪＲ鹿児島本線,13,1991-03-01,35,78963711
エトワール博多,870,福岡県福岡市博多区博多駅前１,地下鉄空港線「博多」徒歩5分,27.72,ワンルーム,1977年4月,https://suumo.jp//ms/chuko/fukuoka/sc_fukuokashihakata/nc_20069809/,博多,地下鉄空港線,5,1977-04-01,49,20069809
ゾンネンハイム大手門,900,福岡県福岡市中央区大手門２,地下鉄空港線「大濠公園」徒歩7分,33.0,ワンルーム,1973年8月,https://suumo.jp//ms/chuko/fukuoka/sc_fukuokashichuo/nc_20443918/,大濠公園,地下鉄空港線,7,1973-08-01,53,20443918
皐月マンシヨン博多,980,福岡県福岡市博多区博多駅前３,地下鉄空港線「博多」徒歩6分,23.06,ワンルーム,1979年2月,https://suumo.jp//ms/chuko/fukuoka/sc_fukuokashihakata/nc_77530800/,博多,地下鉄空港線,6,1979-02-01,47,77530800
第二プリンスビル,1000,福岡県福岡市中央区大名２-9-29,地下鉄空港線「天神」徒歩5分,24.33,ワンルーム,1974年11月,https://suumo.jp//ms/chuko/fukuoka/sc_fukuokashichuo/nc_20298336/,天神,地下鉄空港線,5,1974-11-01,52,20298336
エンクレスト天神南,1180,福岡県福岡市中央区清川２,地下鉄七隈線「渡辺通」徒歩9分,23.4,1K,2000年8月,https://suumo.jp//ms/chuko/fukuoka/sc_fukuokashichuo/nc_20416506/,渡辺通,地下鉄七隈線,9,2000-08-01,26,20416506
ローズマンション山王,1200,福岡県福岡市博多区山王１-1-15,地下鉄空港線「東比恵」徒歩13分,61.8,2LDK,1974年7月,https://suumo.jp//ms/chuko/fukuoka/sc_fukuokashihakata/nc_20216152/,東比恵,地下鉄空港線,13,1974-07-01,52,20216152
コーポラス東光 803号,1250,福岡県福岡市博多区東光２-１７番１７号,地下鉄空港線「東比恵」徒歩6分,45.51,2DK,1974年11月,https://suumo.jp//ms/chuko/fukuoka/sc_fukuokashihakata/nc_20124462/,東比恵,地下鉄空港線,6,1974-11-01,52,20124462
パソナ―ル博多,1250,福岡県福岡市博多区神屋町,地下鉄空港線「中洲川端」徒歩15分,38.57,1LDK,1973年10月,https://suumo.jp//ms/chuko/fukuoka/sc_fukuokashihakata/nc_20426860/,中洲川端,地下鉄空港線,15,1973-10-01,53,20426860
コーポラス東光,1250,福岡県福岡市博多区東光２,九州新幹線「博多」徒歩10分,45.51,2DK,1974年11月,https://suumo.jp//ms/chuko/fukuoka/sc_fukuokashihakata/nc_20178360/,博多,九州新幹線,10,1974-11-01,52,20178360
マンション鳥飼,1260,福岡県福岡市中央区鳥飼１-3,地下鉄七隈線「六本松」徒歩14分,65.54,3LDK,1973年12月,https://suumo.jp//ms/chuko/fukuoka/sc_fukuokashichuo/nc_20182580/,六本松,地下鉄七隈線,14,1973-12-01,53,20182580
藤和西新コープ305号,1300,福岡県福岡市早良区城西２-11番25号,地下鉄空港線「西新」徒歩7分,84.82,5DK,1977年12月,https://suumo.jp//ms/chuko/fukuoka/sc_fukuokashisawara/nc_78524462/,西新,地下鉄空港線,7,1977-12-01,49,78524462
日商岩井弥生マンション,1340,福岡県福岡市早良区原１-41 - 1,地下鉄空港線「藤崎」徒歩14分,87.49,4LDK,1979年4月,https://suumo.jp//ms/chuko/fukuoka/sc_fukuokashisawara/nc_78515294/,藤崎,地下鉄空港線,14,1979-04-01,47,78515294
フラワーコーポ六本松,1380,福岡県福岡市中央区草香江２,地下鉄七隈線「六本松」徒歩4分,39.36,1LDK,1979年3月,https://suumo.jp//ms/chuko/fukuoka/sc_fukuokashichuo/nc_77280040/,六本松,地下鉄七隈線,4,1979-03-01,47,77280040
ライオンズマンション天神南,1380,福岡県福岡市中央区今泉２,地下鉄七隈線「薬院大通」徒歩10分,21.0,1K,1992年3月,https://suumo.jp//ms/chuko/fukuoka/sc_fukuokashichuo/nc_20250868/,薬院大通,地下鉄七隈線,10,1992-03-01,34,20250868
フラワーコーポ六本松,1380,福岡県福岡市中央区草香江２-2-6,地下鉄七隈線「六本松」徒歩5分,39.36,1LDK,1979年3月,https://suumo.jp//ms/chuko/fukuoka/sc_fukuokashichuo/nc_76950718/,六本松,地下鉄七隈線,5,1979-03-01,47,76950718
ステイツ天神東,1390,福岡県福岡市博多区奈良屋町,地下鉄空港線「中洲川端」徒歩11分,33.12,2K,1990年3月,https://suumo.jp//ms/chuko/fukuoka/sc_fukuokashihakata/nc_20393649/,中洲川端,地下鉄空港線,11,1990-03-01,36,20393649
サヴォイエンポリウム,1470,福岡県福岡市中央区春吉２,地下鉄七隈線「渡辺通」徒歩7分,24.66,1K,2003年11月,https://suumo.jp//ms/chuko/fukuoka/sc_fukuokashichuo/nc_20252654/,渡辺通,地下鉄七隈線,7,2003-11-01,23,20252654
サヴォイエンポリウム,1470,福岡県福岡市中央区春吉２,地下鉄七隈線「渡辺通」徒歩7分,24.66,1K,2003年11月,https://suumo.jp//ms/chuko/fukuoka/sc_fukuokashichuo/nc_20139075/,渡辺通,地下鉄七隈線,7,2003-11-01,23,20139075
朝日プラザ赤坂,1480,福岡県福岡市中央区警固２,地下鉄空港線「赤坂」徒歩10分,39.26,2DK,1982年3月,https://suumo.jp//ms/chuko/fukuoka/sc_fukuokashichuo/nc_20286452/,赤坂,地下鉄空港線,10,1982-03-01,44,20286452
ライオンズマンション六本松第２,1480,福岡県福岡市中央区六本松３,地下鉄七隈線「桜坂」徒歩6分,44.96,2DK,1988年9月,https://suumo.jp//ms/chuko/fukuoka/sc_fukuokashichuo/nc_20412591/,桜坂,地下鉄七隈線,6,1988-09-01,38,20412591
第一プリンスビル,1500,福岡県福岡市博多区祇園町,地下鉄七隈線「櫛田神社前」徒歩2分,41.78,2DK,1974年6月,https://suumo.jp//ms/chuko/fukuoka/sc_fukuokashihakata/nc_20291478/,櫛田神社前,地下鉄七隈線,2,1974-06-01,52,20291478
パソナ―ル博多,1500,福岡県福岡市博多区神屋町,地下鉄空港線「中洲川端」徒歩13分,38.57,1LDK,1973年10月,https://suumo.jp//ms/chuko/fukuoka/sc_fukuokashihakata/nc_79140656/,中洲川端,地下鉄空港線,13,1973-10-01,53,79140656
天神スカイマンション,1500,福岡県福岡市中央区長浜１,地下鉄空港線「天神」徒歩10分,30.26,1LDK,1986年2月,https://suumo.jp//ms/chuko/fukuoka/sc_fukuokashichuo/nc_76733602/,天神,地下鉄空港線,10,1986-02-01,40,76733602
ロイヤルマンション荒江,1550,福岡県福岡市城南区荒江１,地下鉄七隈線「別府」徒歩14分,52.32,3DK,1985年9月,https://suumo.jp//ms/chuko/fukuoka/sc_fukuokashijonan/nc_79227063/,別府,地下鉄七隈線,14,1985-09-01,41,79227063
西公園下住宅七号棟2階,1550,福岡県福岡市中央区福浜２-５－７,地下鉄空港線「唐人町」徒歩11分,63.22,3LDK,1971年11月,https://suumo.jp//ms/chuko/fukuoka/sc_fukuokashichuo/nc_79203722/,唐人町,地下鉄空港線,11,1971-11-01,55,79203722
ファミール輝国,1580,福岡県福岡市中央区輝国２-8-20,地下鉄七隈線「六本松」徒歩14分,68.0,3LDK,1984年3月,https://suumo.jp//ms/chuko/fukuoka/sc_fukuokashichuo/nc_77795131/,六本松,地下鉄七隈線,14,1984-03-01,42,77795131
マンション鳥飼,1580,福岡県福岡市中央区鳥飼１,地下鉄七隈線「別府」徒歩10分,65.54,2LDK,1973年12月,https://suumo.jp//ms/chuko/fukuoka/sc_fukuokashichuo/nc_79164441/,別府,地下鉄七隈線,10,1973-12-01,53,79164441
マンション鳥飼,1580,福岡県福岡市中央区鳥飼１-3-19,地下鉄七隈線「別府」徒歩12分,65.54,2LDK,1973年12月,https://suumo.jp//ms/chuko/fukuoka/sc_fukuokashichuo/nc_79185013/,別府,地下鉄七隈線,12,1973-12-01,53,79185013
ライオンズマンション舞鶴第3,1580,福岡県福岡市中央区舞鶴２,地下鉄空港線「赤坂」徒歩7分,30.07,1DK,1985年5月,https://suumo.jp//ms/chuko/fukuoka/sc_fukuokashichuo/nc_20452034/,赤坂,地下鉄空港線,7,1985-05-01,41,20452034
マンション鳥飼,1580,福岡県福岡市中央区鳥飼１,地下鉄七隈線「別府」徒歩12分,65.54,2LDK,1973年12月,https://suumo.jp//ms/chuko/fukuoka/sc_fukuokashichuo/nc_79145453/,別府,地下鉄七隈線,12,1973-12-01,53,79145453
東カングランドマンシヨン大濠パークサイド,1600,福岡県福岡市中央区鳥飼１-4-58,地下鉄空港線「唐人町」徒歩12分,55.0,2LDK,1974年8月,https://suumo.jp//ms/chuko/fukuoka/sc_fukuokashichuo/nc_20244439/,唐人町,地下鉄空港線,12,1974-08-01,52,20244439
パークハイツ桜坂,1600,福岡県福岡市中央区桜坂３-12-78,地下鉄七隈線「桜坂」徒歩4分,67.2,3LDK,1977年6月,https://suumo.jp//ms/chuko/fukuoka/sc_fukuokashichuo/nc_78118520/,桜坂,地下鉄七隈線,4,1977-06-01,49,78118520
トーカンマンション博多駅前第８,1650,福岡県福岡市博多区博多駅前４,ＪＲ鹿児島本線「博多」徒歩10分,56.03,1LDK+S（納戸）,1979年12月,https://suumo.jp//ms/chuko/fukuoka/sc_fukuokashihakata/nc_78613656/,博多,ＪＲ鹿児島本線,10,1979-12-01,47,78613656
西新ビル,1670,福岡県福岡市早良区高取１,地下鉄空港線「藤崎」徒歩5分,60.8,2LDK,1972年7月,https://suumo.jp//ms/chuko/fukuoka/sc_fukuokashisawara/nc_78138210/,藤崎,地下鉄空港線,5,1972-07-01,54,78138210
シャトレ大濠,1680,福岡県福岡市中央区鳥飼１-4-38,地下鉄空港線「西新」徒歩12分,50.81,1LDK,1981年11月,https://suumo.jp//ms/chuko/fukuoka/sc_fukuokashichuo/nc_78397837/,西新,地下鉄空港線,12,1981-11-01,45,78397837
メゾン南博多,1680,福岡県福岡市博多区美野島２,ＪＲ鹿児島本線「博多」徒歩15分,55.12,2LDK,1980年8月,https://suumo.jp//ms/chuko/fukuoka/sc_fukuokashihakata/nc_78723431/,博多,ＪＲ鹿児島本線,15,1980-08-01,46,78723431
コーポラス東光,1680,福岡県福岡市博多区東光２,地下鉄空港線「東比恵」徒歩7分,46.67,1LDK,1974年11月,https://suumo.jp//ms/chuko/fukuoka/sc_fukuokashihakata/nc_20388734/,東比恵,地下鉄空港線,7,1974-11-01,52,20388734
シャトレ大濠,1680,福岡県福岡市中央区鳥飼１,地下鉄空港線「西新」徒歩13分,50.81,1LDK,1981年11月,https://suumo.jp//ms/chuko/fukuoka/sc_fukuokashichuo/nc_76275985/,西新,地下鉄空港線,13,1981-11-01,45,76275985
藤和城西コーポ,1690,福岡県福岡市城南区別府４-13－29,地下鉄七隈線「別府」徒歩9分,52.82,2LDK,1974年7月,https://suumo.jp//ms/chuko/fukuoka/sc_fukuokashijonan/nc_20243653/,別府,地下鉄七隈線,9,1974-07-01,52,20243653
ビレッタ百道,1690,福岡県福岡市早良区百道１,地下鉄空港線「藤崎」徒歩12分,55.39,2LDK,1975年4月,https://suumo.jp//ms/chuko/fukuoka/sc_fukuokashisawara/nc_20298722/,藤崎,地下鉄空港線,12,1975-04-01,51,20298722
日商岩井新福陵マンション２号棟,1698,福岡県福岡市早良区荒江３,地下鉄空港線「藤崎」徒歩14分,83.19,4LDK,1978年3月,https://suumo.jp//ms/chuko/fukuoka/sc_fukuokashisawara/nc_20045615/,藤崎,地下鉄空港線,14,1978-03-01,48,20045615
ゾンネンハイム大手門,1730,福岡県福岡市中央区大手門２-5-10,地下鉄空港線「大濠公園」徒歩7分,66.7,3LDK,1973年8月,https://suumo.jp//ms/chuko/fukuoka/sc_fukuokashichuo/nc_78616238/,大濠公園,地下鉄空港線,7,1973-08-01,53,78616238
カーサ第弐博多,1780,福岡県福岡市博多区住吉２,地下鉄七隈線「櫛田神社前」徒歩9分,53.86,2DK,1981年11月,https://suumo.jp//ms/chuko/fukuoka/sc_fukuokashihakata/nc_20219569/,櫛田神社前,地下鉄七隈線,9,1981-11-01,45,20219569
第2住吉ハイツ,1780,福岡県福岡市博多区住吉３,地下鉄七隈線「渡辺通」徒歩10分,55.55,1LDK,1979年10月,https://suumo.jp//ms/chuko/fukuoka/sc_fukuokashihakata/nc_20367370/,渡辺通,地下鉄七隈線,10,1979-10-01,47,20367370
サニークレスト荒江,1790,福岡県福岡市城南区荒江１,地下鉄七隈線「別府」徒歩14分,81.47,4LDK,1982年7月,https://suumo.jp//ms/chuko/fukuoka/sc_fukuokashijonan/nc_78393758/,別府,地下鉄七隈線,14,1982-07-01,44,78393758
皐月マンシヨン博多◆☆駅チカ×南向き☆◆,1799,福岡県福岡市博多区博多駅前３,ＪＲ鹿児島本線「博多」徒歩6分,34.65,1LDK,1979年2月,https://suumo.jp//ms/chuko/fukuoka/sc_fukuokashihakata/nc_78729867/,博多,ＪＲ鹿児島本線,6,1979-02-01,47,78729867
ロマネスク渡辺通第2,1799,福岡県福岡市中央区高砂２-6-15,地下鉄七隈線「渡辺通」徒歩12分,33.29,1LDK,1989年4月,https://suumo.jp//ms/chuko/fukuoka/sc_fukuokashichuo/nc_20308735/,渡辺通,地下鉄七隈線,12,1989-04-01,37,20308735
ロマネスク渡辺通第2,1799,福岡県福岡市中央区高砂２,西鉄天神大牟田線「薬院」徒歩13分,33.29,1LDK,1989年3月,https://suumo.jp//ms/chuko/fukuoka/sc_fukuokashichuo/nc_20325130/,薬院,西鉄天神大牟田線,13,1989-03-01,37,20325130
ロマネスク渡辺通第2,1799,福岡県福岡市中央区高砂２,地下鉄七隈線「渡辺通」徒歩12分,33.29,1LDK,1989年4月,https://suumo.jp//ms/chuko/fukuoka/sc_fukuokashichuo/nc_20402892/,渡辺通,地下鉄七隈線,12,1989-04-01,37,20402892
ロマネスク渡辺通第２,1799,福岡県福岡市中央区高砂２-６－１５,地下鉄七隈線「渡辺通」徒歩12分,33.29,1LDK,1989年4月,https://suumo.jp//ms/chuko/fukuoka/sc_fukuokashichuo/nc_20326885/,渡辺通,地下鉄七隈線,12,1989-04-01,37,20326885
ロマネスク渡辺通第2,1799,福岡県福岡市中央区高砂２,地下鉄七隈線「渡辺通」徒歩12分,33.29,1LDK,1989年4月,https://suumo.jp//ms/chuko/fukuoka/sc_fukuokashichuo/nc_20392282/,渡辺通,地下鉄七隈線,12,1989-04-01,37,20392282
ライオンズマンション天神,1820,福岡県福岡市中央区舞鶴１,地下鉄空港線「赤坂」徒歩6分,43.5,1LDK,1979年7月,https://suumo.jp//ms/chuko/fukuoka/sc_fukuokashichuo/nc_79172337/,赤坂,地下鉄空港線,6,1979-07-01,47,79172337
パークハイツ桜坂,1820,福岡県福岡市中央区桜坂３,地下鉄七隈線「桜坂」徒歩3分,67.2,ワンルーム,1977年6月,https://suumo.jp//ms/chuko/fukuoka/sc_fukuokashichuo/nc_20301505/,桜坂,地下鉄七隈線,3,1977-06-01,49,20301505
大濠ハイツ,1830,福岡県福岡市中央区六本松３,地下鉄七隈線「六本松」徒歩10分,71.28,3LDK,1977年11月,https://suumo.jp//ms/chuko/fukuoka/sc_fukuokashichuo/nc_78912355/,六本松,地下鉄七隈線,10,1977-11-01,49,78912355
大濠ハイツ,1830,福岡県福岡市中央区六本松３,地下鉄七隈線「六本松」徒歩9分,71.28,3LDK,1977年11月,https://suumo.jp//ms/chuko/fukuoka/sc_fukuokashichuo/nc_20132217/,六本松,地下鉄七隈線,9,1977-11-01,49,20132217
博多ニッコーハイツ,1830,福岡県福岡市博多区博多駅東３,地下鉄空港線「博多」徒歩10分,62.91,3LDK,1979年11月,https://suumo.jp//ms/chuko/fukuoka/sc_fukuokashihakata/nc_79121106/,博多,地下鉄空港線,10,1979-11-01,47,79121106
大濠ハイツ,1830,福岡県福岡市中央区六本松３-16-28,地下鉄七隈線「六本松」徒歩9分,71.28,3LDK,1977年11月,https://suumo.jp//ms/chuko/fukuoka/sc_fukuokashichuo/nc_20154625/,六本松,地下鉄七隈線,9,1977-11-01,49,20154625
西新ビル,1850,福岡県福岡市早良区高取１,地下鉄空港線「西新」徒歩5分,60.8,2LDK,1972年7月,https://suumo.jp//ms/chuko/fukuoka/sc_fukuokashisawara/nc_20255236/,西新,地下鉄空港線,5,1972-07-01,54,20255236
チサンマンション祇園,1878,福岡県福岡市博多区祇園町,地下鉄空港線「祇園」徒歩5分,40.08,1LDK,1980年10月,https://suumo.jp//ms/chuko/fukuoka/sc_fukuokashihakata/nc_78990660/,祇園,地下鉄空港線,5,1980-10-01,46,78990660
チサンマンション祇園,1878,福岡県福岡市博多区祇園町,地下鉄七隈線「櫛田神社前」徒歩5分,40.08,1LDK,1980年10月,https://suumo.jp//ms/chuko/fukuoka/sc_fukuokashihakata/nc_78511958/,櫛田神社前,地下鉄七隈線,5,1980-10-01,46,78511958
チサンマンション祇園,1878,福岡県福岡市博多区祇園町4－3,地下鉄七隈線「櫛田神社前」徒歩5分,40.08,1LDK,1980年10月,https://suumo.jp//ms/chuko/fukuoka/sc_fukuokashihakata/nc_78984479/,櫛田神社前,地下鉄七隈線,5,1980-10-01,46,78984479
チサンマンション祇園,1878,福岡県福岡市博多区祇園町4-3,地下鉄空港線「祇園」徒歩5分,40.08,1LDK,1980年10月,https://suumo.jp//ms/chuko/fukuoka/sc_fukuokashihakata/nc_78901196/,祇園,地下鉄空港線,5,1980-10-01,46,78901196
ふよう港ハイツ,1880,福岡県福岡市博多区築港本町,地下鉄空港線「中洲川端」徒歩15分,69.43,3LDK,1982年4月,https://suumo.jp//ms/chuko/fukuoka/sc_fukuokashihakata/nc_20443048/,中洲川端,地下鉄空港線,15,1982-04-01,44,20443048
ライオンズマンション浄水,1880,福岡県福岡市中央区御所ヶ谷,地下鉄七隈線「薬院大通」徒歩6分,71.67,3DK,1977年12月,https://suumo.jp//ms/chuko/fukuoka/sc_fukuokashichuo/nc_75963392/,薬院大通,地下鉄七隈線,6,1977-12-01,49,75963392
平尾ビル,1880,福岡県福岡市中央区平尾２,地下鉄七隈線「薬院」徒歩15分,65.88,2LDK,1972年4月,https://suumo.jp//ms/chuko/fukuoka/sc_fukuokashichuo/nc_20061958/,薬院,地下鉄七隈線,15,1972-04-01,54,20061958
ロワールマンション西公園2,1950,福岡県福岡市中央区港３,地下鉄空港線「大濠公園」徒歩15分,55.04,2LDK,1984年1月,https://suumo.jp//ms/chuko/fukuoka/sc_fukuokashichuo/nc_79102560/,大濠公園,地下鉄空港線,15,1984-01-01,42,79102560
シャンボール大濠,1970,福岡県福岡市中央区鳥飼３-16-6,地下鉄空港線「西新」徒歩10分,74.88,3LDK,1978年8月,https://suumo.jp//ms/chuko/fukuoka/sc_fukuokashichuo/nc_79121277/,西新,地下鉄空港線,10,1978-08-01,48,79121277
シャンボール大濠,1980,福岡県福岡市中央区鳥飼３,地下鉄空港線「西新」徒歩9分,74.88,3LDK,1978年8月,https://suumo.jp//ms/chuko/fukuoka/sc_fukuokashichuo/nc_78802367/,西新,地下鉄空港線,9,1978-08-01,48,78802367
ネオハイツ南公園,1980,福岡県福岡市中央区谷２,地下鉄七隈線「桜坂」徒歩8分,77.9,2LDK,1988年3月,https://suumo.jp//ms/chuko/fukuoka/sc_fukuokashichuo/nc_20105424/,桜坂,地下鉄七隈線,8,1988-03-01,38,20105424
ライオンズマンションマキシム浄水通り,1980,福岡県福岡市中央区薬院４-18-15,地下鉄七隈線「薬院大通」徒歩3分,36.55,ワンルーム,1981年3月,https://suumo.jp//ms/chuko/fukuoka/sc_fukuokashichuo/nc_78092052/,薬院大通,地下鉄七隈線,3,1981-03-01,45,78092052
シャンボール桜坂,1980,福岡県福岡市中央区古小烏町,地下鉄七隈線「桜坂」徒歩6分,47.88,1LDK,1974年5月,https://suumo.jp//ms/chuko/fukuoka/sc_fukuokashichuo/nc_79079730/,桜坂,地下鉄七隈線,6,1974-05-01,52,79079730
大蔵マンション東博多,1990,福岡県福岡市博多区東比恵３,地下鉄空港線「東比恵」徒歩8分,66.74,3LDK,1980年2月,https://suumo.jp//ms/chuko/fukuoka/sc_fukuokashihakata/nc_20160182/,東比恵,地下鉄空港線,8,1980-02-01,46,20160182
藤和城西コープ,1998,福岡県福岡市城南区別府４,地下鉄七隈線「別府」徒歩8分,52.82,2LDK,1974年7月,https://suumo.jp//ms/chuko/fukuoka/sc_fukuokashijonan/nc_20044338/,別府,地下鉄七隈線,8,1974-07-01,52,20044338
藤和城西コープ,1998,福岡県福岡市城南区別府４,地下鉄七隈線「別府」徒歩8分,52.82,2LDK,1974年7月,https://suumo.jp//ms/chuko/fukuoka/sc_fukuokashijonan/nc_78715529/,別府,地下鉄七隈線,8,1974-07-01,52,78715529
藤和城西コープ,1998,福岡県福岡市城南区別府４-13-29,地下鉄七隈線「別府」徒歩9分,52.82,2LDK,1974年7月,https://suumo.jp//ms/chuko/fukuoka/sc_fukuokashijonan/nc_20429317/,別府,地下鉄七隈線,9,1974-07-01,52,20429317
藤和城西コープ,1998,福岡県福岡市城南区別府４,地下鉄七隈線「別府」徒歩8分,52.82,2LDK,1974年7月,https://suumo.jp//ms/chuko/fukuoka/sc_fukuokashijonan/nc_77854406/,別府,地下鉄七隈線,8,1974-07-01,52,77854406
ハイラーク博多駅前,2000,福岡県福岡市博多区博多駅前２,地下鉄空港線「祇園」徒歩4分,38.52,ワンルーム,1981年7月,https://suumo.jp//ms/chuko/fukuoka/sc_fukuokashihakata/nc_20307928/,祇園,地下鉄空港線,4,1981-07-01,45,20307928
ウイング藤崎,2000,福岡県福岡市早良区弥生２,地下鉄空港線「藤崎」徒歩14分,47.33,2LDK,1984年12月,https://suumo.jp//ms/chuko/fukuoka/sc_fukuokashisawara/nc_78787170/,藤崎,地下鉄空港線,14,1984-12-01,42,78787170
西新ビル,2000,福岡県福岡市早良区高取１-1 53,地下鉄空港線「藤崎」徒歩6分,60.8,2LDK,1972年7月,https://suumo.jp//ms/chuko/fukuoka/sc_fukuokashisawara/nc_20296660/,藤崎,地下鉄空港線,6,1972-07-01,54,20296660
シティマンション薬院,2000,福岡県福岡市中央区薬院１,地下鉄七隈線「薬院大通」徒歩3分,43.82,2DK,1984年5月,https://suumo.jp//ms/chuko/fukuoka/sc_fukuokashichuo/nc_20407977/,薬院大通,地下鉄七隈線,3,1984-05-01,42,20407977
103大稲マンション,2080,福岡県福岡市中央区薬院２-4-5,地下鉄七隈線「薬院大通」徒歩1分,55.68,2LDK,1975年4月,https://suumo.jp//ms/chuko/fukuoka/sc_fukuokashichuo/nc_20052456/,薬院大通,地下鉄七隈線,1,1975-04-01,51,20052456
103大稲マンション,2080,福岡県福岡市中央区薬院２-4-5,地下鉄七隈線「薬院大通」徒歩1分,55.62,2LDK,1975年4月,https://suumo.jp//ms/chuko/fukuoka/sc_fukuokashichuo/nc_20045528/,薬院大通,地下鉄七隈線,1,1975-04-01,51,20045528
ダイナコート赤坂南,2100,福岡県福岡市中央区桜坂２,地下鉄七隈線「桜坂」徒歩5分,63.3,3LDK,1988年7月,https://suumo.jp//ms/chuko/fukuoka/sc_fukuokashichuo/nc_78138910/,桜坂,地下鉄七隈線,5,1988-07-01,38,78138910
ＧＳハイム博多,2140,福岡県福岡市博多区博多駅東２,ＪＲ鹿児島本線「博多」徒歩10分,66.15,3LDK,1980年10月,https://suumo.jp//ms/chuko/fukuoka/sc_fukuokashihakata/nc_78948574/,博多,ＪＲ鹿児島本線,10,1980-10-01,46,78948574
マンションアベニュー,2180,福岡県福岡市早良区西新５,地下鉄空港線「西新」徒歩3分,53.91,2LDK,1974年8月,https://suumo.jp//ms/chuko/fukuoka/sc_fukuokashisawara/nc_79023097/,西新,地下鉄空港線,3,1974-08-01,52,79023097
ハイツ21,2180,福岡県福岡市早良区城西１,地下鉄空港線「西新」徒歩6分,61.83,2LDK,1977年3月,https://suumo.jp//ms/chuko/fukuoka/sc_fukuokashisawara/nc_78708894/,西新,地下鉄空港線,6,1977-03-01,49,78708894
スワローハイツ山荘通,2180,福岡県福岡市中央区平尾４,地下鉄七隈線「薬院大通」徒歩14分,79.27,3LDK,1986年3月,https://suumo.jp//ms/chuko/fukuoka/sc_fukuokashichuo/nc_71893185/,薬院大通,地下鉄七隈線,14,1986-03-01,40,71893185
サンライフ六本松,2199,福岡県福岡市中央区草香江２,地下鉄七隈線「六本松」徒歩3分,41.36,1LDK,1984年5月,https://suumo.jp//ms/chuko/fukuoka/sc_fukuokashichuo/nc_78576700/,六本松,地下鉄七隈線,3,1984-05-01,42,78576700
サンライフ六本松,2199,福岡県福岡市中央区草香江２,地下鉄七隈線「六本松」徒歩3分,41.36,1LDK,1984年5月,https://suumo.jp//ms/chuko/fukuoka/sc_fukuokashichuo/nc_78157909/,六本松,地下鉄七隈線,3,1984-05-01,42,78157909
サンライフ六本松,2199,福岡県福岡市中央区草香江２,地下鉄七隈線「六本松」徒歩3分,41.36,1LDK,1984年5月,https://suumo.jp//ms/chuko/fukuoka/sc_fukuokashichuo/nc_78208936/,六本松,地下鉄七隈線,3,1984-05-01,42,78208936
東峰マンション空港通り,2200,福岡県福岡市博多区豊１,地下鉄空港線「東比恵」徒歩12分,55.56,2LDK,1998年10月,https://suumo.jp//ms/chuko/fukuoka/sc_fukuokashihakata/nc_20354639/,東比恵,地下鉄空港線,12,1998-10-01,28,20354639
ゾンネンハイム大手門,2225,福岡県福岡市中央区大手門２,地下鉄空港線「大濠公園」徒歩9分,66.0,1LDK,1973年8月,https://suumo.jp//ms/chuko/fukuoka/sc_fukuokashichuo/nc_78853659/,大濠公園,地下鉄空港線,9,1973-08-01,53,78853659
ゾンネンハイム大手門,2225,福岡県福岡市中央区大手門２-5,地下鉄空港線「大濠公園」徒歩9分,66.0,1LDK,1973年8月,https://suumo.jp//ms/chuko/fukuoka/sc_fukuokashichuo/nc_78773022/,大濠公園,地下鉄空港線,9,1973-08-01,53,78773022
ゾンネンハイム大手門,2230,福岡県福岡市中央区大手門２,地下鉄空港線「大濠公園」徒歩7分,66.0,1LDK,1973年8月,https://suumo.jp//ms/chuko/fukuoka/sc_fukuokashichuo/nc_78996474/,大濠公園,地下鉄空港線,7,1973-08-01,53,78996474
シティマンション平尾Ⅱ,2260,福岡県福岡市中央区平尾２,西鉄天神大牟田線「薬院」徒歩12分,58.24,3LDK,1985年7月,https://suumo.jp//ms/chuko/fukuoka/sc_fukuokashichuo/nc_20074249/,薬院,西鉄天神大牟田線,12,1985-07-01,41,20074249
シテイマンション平尾Ⅱ,2260,福岡県福岡市中央区平尾２-2-21,地下鉄七隈線「薬院」徒歩11分,58.24,3LDK,1985年7月,https://suumo.jp//ms/chuko/fukuoka/sc_fukuokashichuo/nc_78931621/,薬院,地下鉄七隈線,11,1985-07-01,41,78931621
シテイマンション平尾Ⅱ,2265,福岡県福岡市中央区平尾２-2-21,地下鉄七隈線「薬院」徒歩11分,58.24,3LDK,1985年7月,https://suumo.jp//ms/chuko/fukuoka/sc_fukuokashichuo/nc_78985340/,薬院,地下鉄七隈線,11,1985-07-01,41,78985340
シティマンション平尾Ⅱ,2265,福岡県福岡市中央区平尾２-2-21,地下鉄七隈線「薬院」徒歩11分,58.24,3LDK,1985年7月,https://suumo.jp//ms/chuko/fukuoka/sc_fukuokashichuo/nc_20018633/,薬院,地下鉄七隈線,11,1985-07-01,41,20018633
モントーレラコルタユニバ通り,2280,福岡県糟屋郡志免町別府西３,地下鉄空港線「福岡空港」徒歩11分,66.03,2LDK,2013年6月,https://suumo.jp//ms/chuko/fukuoka/sc_kasuyagunshime/nc_78473165/,福岡空港,地下鉄空港線,11,2013-06-01,13,78473165
藤和コープ・サンウェルス,2280,福岡県福岡市中央区警固２,地下鉄空港線「赤坂」徒歩8分,66.0,1LDK,1980年5月,https://suumo.jp//ms/chuko/fukuoka/sc_fukuokashichuo/nc_20161225/,赤坂,地下鉄空港線,8,1980-05-01,46,20161225
ファミール輝国,2280,福岡県福岡市中央区輝国２,地下鉄七隈線「六本松」徒歩14分,81.6,3LDK+S（納戸）,1984年3月,https://suumo.jp//ms/chuko/fukuoka/sc_fukuokashichuo/nc_77400525/,六本松,地下鉄七隈線,14,1984-03-01,42,77400525
輝国住宅1号棟,2280,福岡県福岡市中央区輝国２,地下鉄七隈線「六本松」徒歩14分,64.42,3LDK,1974年3月,https://suumo.jp//ms/chuko/fukuoka/sc_fukuokashichuo/nc_20245678/,六本松,地下鉄七隈線,14,1974-03-01,52,20245678
シティマンション平尾Ⅱ,2285,福岡県福岡市中央区平尾２,西鉄天神大牟田線「薬院」徒歩10分,58.24,3LDK,1985年7月,https://suumo.jp//ms/chuko/fukuoka/sc_fukuokashichuo/nc_78947683/,薬院,西鉄天神大牟田線,10,1985-07-01,41,78947683
カーサ大濠,2299,福岡県福岡市中央区六本松３,地下鉄七隈線「六本松」徒歩7分,51.66,1LDK,1974年6月,https://suumo.jp//ms/chuko/fukuoka/sc_fukuokashichuo/nc_78928794/,六本松,地下鉄七隈線,7,1974-06-01,52,78928794
カーサ大濠,2299,福岡県福岡市中央区六本松３,地下鉄七隈線「六本松」徒歩7分,51.66,1LDK,1974年4月,https://suumo.jp//ms/chuko/fukuoka/sc_fukuokashichuo/nc_78356286/,六本松,地下鉄七隈線,7,1974-04-01,52,78356286
日商岩井新福陵マンション,2380,福岡県福岡市早良区荒江３,地下鉄空港線「藤崎」徒歩14分,92.26,4LDK,1978年3月,https://suumo.jp//ms/chuko/fukuoka/sc_fukuokashisawara/nc_78371177/,藤崎,地下鉄空港線,14,1978-03-01,48,78371177
ライオンズマンション南薬院,2380,福岡県福岡市中央区薬院３,西鉄天神大牟田線「薬院」徒歩5分,47.79,1LDK,1983年1月,https://suumo.jp//ms/chuko/fukuoka/sc_fukuokashichuo/nc_20354638/,薬院,西鉄天神大牟田線,5,1983-01-01,43,20354638
ダイアパレス薬院,2380,福岡県福岡市中央区薬院２-2-26,地下鉄七隈線「薬院大通」徒歩4分,36.37,1LDK,1984年5月,https://suumo.jp//ms/chuko/fukuoka/sc_fukuokashichuo/nc_78985553/,薬院大通,地下鉄七隈線,4,1984-05-01,42,78985553
藤和城西コーポ　【担当：鍋嶋】　までお気軽にお問合せ…,2390,福岡県福岡市城南区別府４,地下鉄七隈線「別府」徒歩7分,71.5,3LDK,1974年7月,https://suumo.jp//ms/chuko/fukuoka/sc_fukuokashijonan/nc_20448061/,別府,地下鉄七隈線,7,1974-07-01,52,20448061
東峰マンション博多駅・東,2390,福岡県福岡市博多区比恵町,地下鉄空港線「東比恵」徒歩6分,42.82,1LDK,1985年4月,https://suumo.jp//ms/chuko/fukuoka/sc_fukuokashihakata/nc_20308901/,東比恵,地下鉄空港線,6,1985-04-01,41,20308901
藤和城西コープ,2390,福岡県福岡市城南区別府４-13-29,地下鉄七隈線「別府」徒歩8分,71.5,3LDK,1974年7月,https://suumo.jp//ms/chuko/fukuoka/sc_fukuokashijonan/nc_20438757/,別府,地下鉄七隈線,8,1974-07-01,52,20438757
ハイムニュー桜坂,2398,福岡県福岡市中央区桜坂３,地下鉄七隈線「桜坂」徒歩6分,70.33,3LDK,1975年4月,https://suumo.jp//ms/chuko/fukuoka/sc_fukuokashichuo/nc_79141772/,桜坂,地下鉄七隈線,6,1975-04-01,51,79141772
ロワールマンション西公園ビュー,2398,福岡県福岡市中央区港３-10-25,地下鉄空港線「大濠公園」徒歩15分,53.27,2LDK,1990年3月,https://suumo.jp//ms/chuko/fukuoka/sc_fukuokashichuo/nc_78674088/,大濠公園,地下鉄空港線,15,1990-03-01,36,78674088
ロワールマンション西公園ビュー,2398,福岡県福岡市中央区港３,地下鉄空港線「大濠公園」徒歩15分,53.27,2LDK,1990年3月,https://suumo.jp//ms/chuko/fukuoka/sc_fukuokashichuo/nc_20188314/,大濠公園,地下鉄空港線,15,1990-03-01,36,20188314
ロワールマンション西公園ビュー,2398,福岡県福岡市中央区港３,地下鉄空港線「大濠公園」徒歩14分,53.27,2LDK,1990年10月,https://suumo.jp//ms/chuko/fukuoka/sc_fukuokashichuo/nc_20361225/,大濠公園,地下鉄空港線,14,1990-10-01,36,20361225
グリーンハイツ輝国,2430,福岡県福岡市中央区輝国２,地下鉄七隈線「六本松」徒歩13分,73.32,3LDK,1980年5月,https://suumo.jp//ms/chuko/fukuoka/sc_fukuokashichuo/nc_79174995/,六本松,地下鉄七隈線,13,1980-05-01,46,79174995
西公園ハウス,2450,福岡県福岡市中央区西公園11-10,地下鉄空港線「大濠公園」徒歩14分,71.7,2LDK,1986年5月,https://suumo.jp//ms/chuko/fukuoka/sc_fukuokashichuo/nc_77529888/,大濠公園,地下鉄空港線,14,1986-05-01,40,77529888
東急ドエルアルス天神,2450,福岡県福岡市中央区渡辺通５,地下鉄七隈線「天神南」徒歩1分,36.62,1K,1983年2月,https://suumo.jp//ms/chuko/fukuoka/sc_fukuokashichuo/nc_20209727/,天神南,地下鉄七隈線,1,1983-02-01,43,20209727
ビレッタ百道,2480,福岡県福岡市早良区百道１,地下鉄空港線「藤崎」徒歩10分,60.5,2LDK,1975年4月,https://suumo.jp//ms/chuko/fukuoka/sc_fukuokashisawara/nc_78953310/,藤崎,地下鉄空港線,10,1975-04-01,51,78953310
ビレッタ百道,2480,福岡県福岡市早良区百道１,地下鉄空港線「藤崎」徒歩12分,60.5,2LDK,1975年4月,https://suumo.jp//ms/chuko/fukuoka/sc_fukuokashisawara/nc_20029312/,藤崎,地下鉄空港線,12,1975-04-01,51,20029312
ビレッタ百道,2480,福岡県福岡市早良区百道１-３３－２２,地下鉄空港線「藤崎」徒歩11分,60.5,2LDK,1975年4月,https://suumo.jp//ms/chuko/fukuoka/sc_fukuokashisawara/nc_20160191/,藤崎,地下鉄空港線,11,1975-04-01,51,20160191
ビレッタ百道,2480,福岡県福岡市早良区百道１,地下鉄空港線「藤崎」徒歩12分,60.5,2LDK,1975年4月,https://suumo.jp//ms/chuko/fukuoka/sc_fukuokashisawara/nc_20027276/,藤崎,地下鉄空港線,12,1975-04-01,51,20027276
ホワイティ薬院,2480,福岡県福岡市中央区薬院１-6-5,地下鉄七隈線「薬院」徒歩3分,38.81,1LDK,1975年5月,https://suumo.jp//ms/chuko/fukuoka/sc_fukuokashichuo/nc_20308734/,薬院,地下鉄七隈線,3,1975-05-01,51,20308734
ビレッタ百道,2480,福岡県福岡市早良区百道１,地下鉄空港線「藤崎」徒歩11分,60.5,2LDK,1975年4月,https://suumo.jp//ms/chuko/fukuoka/sc_fukuokashisawara/nc_20025395/,藤崎,地下鉄空港線,11,1975-04-01,51,20025395
ビレッタ百道,2480,福岡県福岡市早良区百道１,地下鉄空港線「藤崎」徒歩11分,60.5,2LDK,1975年4月,https://suumo.jp//ms/chuko/fukuoka/sc_fukuokashisawara/nc_20038632/,藤崎,地下鉄空港線,11,1975-04-01,51,20038632
ビレッタ百道,2480,福岡県福岡市早良区百道１,地下鉄空港線「藤崎」徒歩13分,60.5,2LDK,1975年4月,https://suumo.jp//ms/chuko/fukuoka/sc_fukuokashisawara/nc_20279672/,藤崎,地下鉄空港線,13,1975-04-01,51,20279672
ビレッタ百道,2480,福岡県福岡市早良区百道１-33-22,地下鉄空港線「藤崎」徒歩12分,60.5,2LDK,1975年4月,https://suumo.jp//ms/chuko/fukuoka/sc_fukuokashisawara/nc_20219722/,藤崎,地下鉄空港線,12,1975-04-01,51,20219722
チサンマンション西公園,2480,福岡県福岡市中央区荒戸２,地下鉄空港線「大濠公園」徒歩11分,51.58,2LDK,1984年12月,https://suumo.jp//ms/chuko/fukuoka/sc_fukuokashichuo/nc_79208316/,大濠公園,地下鉄空港線,11,1984-12-01,42,79208316
ロマネスク呉服町,2490,福岡県福岡市博多区下呉服町7-205,地下鉄箱崎線「中洲川端」徒歩12分,40.46,1LDK,1990年7月,https://suumo.jp//ms/chuko/fukuoka/sc_fukuokashihakata/nc_20366657/,中洲川端,地下鉄箱崎線,12,1990-07-01,36,20366657
赤坂エクセル,2490,福岡県福岡市中央区赤坂３,地下鉄空港線「赤坂」徒歩13分,52.57,1LDK,1974年11月,https://suumo.jp//ms/chuko/fukuoka/sc_fukuokashichuo/nc_20272768/,赤坂,地下鉄空港線,13,1974-11-01,52,20272768
ロマネスク呉服町,2490,福岡県福岡市博多区下呉服町,地下鉄空港線「中洲川端」徒歩13分,40.46,1LDK,1990年7月,https://suumo.jp//ms/chuko/fukuoka/sc_fukuokashihakata/nc_20413101/,中洲川端,地下鉄空港線,13,1990-07-01,36,20413101
パークハイツ平尾山荘　21棟,2490,福岡県福岡市中央区平尾５,地下鉄七隈線「薬院大通」徒歩15分,79.44,3LDK,1981年7月,https://suumo.jp//ms/chuko/fukuoka/sc_fukuokashichuo/nc_20367967/,薬院大通,地下鉄七隈線,15,1981-07-01,45,20367967
エンクレスト天神南Ⅲ,2499,福岡県福岡市中央区清川３,地下鉄七隈線「渡辺通」徒歩15分,37.86,1LDK,2005年8月,https://suumo.jp//ms/chuko/fukuoka/sc_fukuokashichuo/nc_20395081/,渡辺通,地下鉄七隈線,15,2005-08-01,21,20395081
エンクレスト天神南Ⅲ,2499,福岡県福岡市中央区清川３,地下鉄七隈線「渡辺通」徒歩13分,37.86,1LDK,2005年8月,https://suumo.jp//ms/chuko/fukuoka/sc_fukuokashichuo/nc_20251701/,渡辺通,地下鉄七隈線,13,2005-08-01,21,20251701
エンクレスト天神南Ⅲ,2499,福岡県福岡市中央区清川３-2-9,地下鉄七隈線「渡辺通」徒歩13分,37.86,1LDK,2005年8月,https://suumo.jp//ms/chuko/fukuoka/sc_fukuokashichuo/nc_20239975/,渡辺通,地下鉄七隈線,13,2005-08-01,21,20239975
エンクレスト天神南Ⅲ,2499,福岡県福岡市中央区清川３,地下鉄七隈線「渡辺通」徒歩13分,37.86,1LDK,2005年8月,https://suumo.jp//ms/chuko/fukuoka/sc_fukuokashichuo/nc_20218456/,渡辺通,地下鉄七隈線,13,2005-08-01,21,20218456
エンクレスト天神南Ⅲ,2499,福岡県福岡市中央区清川３,地下鉄七隈線「渡辺通」徒歩13分,37.86,1LDK,2005年8月,https://suumo.jp//ms/chuko/fukuoka/sc_fukuokashichuo/nc_20255968/,渡辺通,地下鉄七隈線,13,2005-08-01,21,20255968
エンクレスト天神南3,2499,福岡県福岡市中央区清川３-2-9,地下鉄七隈線「渡辺通」徒歩13分,37.86,1LDK,2005年8月,https://suumo.jp//ms/chuko/fukuoka/sc_fukuokashichuo/nc_20296003/,渡辺通,地下鉄七隈線,13,2005-08-01,21,20296003
エンクレスト天神南Ⅲ,2499,福岡県福岡市中央区清川３-２－９,地下鉄七隈線「渡辺通」徒歩13分,37.86,1LDK,2005年8月,https://suumo.jp//ms/chuko/fukuoka/sc_fukuokashichuo/nc_20364233/,渡辺通,地下鉄七隈線,13,2005-08-01,21,20364233
エンクレスト天神南Ⅲ,2499,福岡県福岡市中央区清川３,地下鉄七隈線「渡辺通」徒歩13分,37.86,1LDK,2005年8月,https://suumo.jp//ms/chuko/fukuoka/sc_fukuokashichuo/nc_20224128/,渡辺通,地下鉄七隈線,13,2005-08-01,21,20224128
エンクレスト天神南III,2499,福岡県福岡市中央区清川３,地下鉄七隈線「渡辺通」徒歩13分,37.86,1LDK,2005年8月,https://suumo.jp//ms/chuko/fukuoka/sc_fukuokashichuo/nc_20392010/,渡辺通,地下鉄七隈線,13,2005-08-01,21,20392010
浄水グランドコーポ,2500,福岡県福岡市中央区浄水通,地下鉄七隈線「薬院大通」徒歩9分,73.57,2LDK,1975年4月,https://suumo.jp//ms/chuko/fukuoka/sc_fukuokashichuo/nc_20160989/,薬院大通,地下鉄七隈線,9,1975-04-01,51,20160989
GSハイム博多,2550,福岡県福岡市博多区博多駅東２-13-21,地下鉄空港線「東比恵」徒歩5分,66.15,3DK,1980年10月,https://suumo.jp//ms/chuko/fukuoka/sc_fukuokashihakata/nc_20130351/,東比恵,地下鉄空港線,5,1980-10-01,46,20130351
GSハイム博多,2550,福岡県福岡市博多区博多駅東２-13-21,地下鉄空港線「東比恵」徒歩5分,66.15,4DK,1980年10月,https://suumo.jp//ms/chuko/fukuoka/sc_fukuokashihakata/nc_20428536/,東比恵,地下鉄空港線,5,1980-10-01,46,20428536
GSハイム博多,2555,福岡県福岡市博多区博多駅東２,ＪＲ鹿児島本線「博多」徒歩9分,66.15,4DK,1980年10月,https://suumo.jp//ms/chuko/fukuoka/sc_fukuokashihakata/nc_20148820/,博多,ＪＲ鹿児島本線,9,1980-10-01,46,20148820
GSハイム博多（居住中）,2555,福岡県福岡市博多区博多駅東２,地下鉄空港線「東比恵」徒歩7分,66.15,4DK,1980年10月,https://suumo.jp//ms/chuko/fukuoka/sc_fukuokashihakata/nc_20337474/,東比恵,地下鉄空港線,7,1980-10-01,46,20337474
GSハイム博多,2555,福岡県福岡市博多区博多駅東２,地下鉄空港線「東比恵」徒歩7分,66.15,4DK,1980年10月,https://suumo.jp//ms/chuko/fukuoka/sc_fukuokashihakata/nc_20218482/,東比恵,地下鉄空港線,7,1980-10-01,46,20218482
モントーレラコルタユニバ通り,2580,福岡県糟屋郡志免町別府西３-13-7,地下鉄空港線「福岡空港」徒歩9分,76.52,3LDK,2013年7月,https://suumo.jp//ms/chuko/fukuoka/sc_kasuyagunshime/nc_78379810/,福岡空港,地下鉄空港線,9,2013-07-01,13,78379810
エクセレンス天神,2580,福岡県福岡市中央区那の津１,地下鉄空港線「天神」徒歩10分,67.8,2LDK,1980年10月,https://suumo.jp//ms/chuko/fukuoka/sc_fukuokashichuo/nc_20037454/,天神,地下鉄空港線,10,1980-10-01,46,20037454
エクセレンス天神,2580,福岡県福岡市中央区那の津１,地下鉄空港線「天神」徒歩9分,67.8,2LDK,1980年10月,https://suumo.jp//ms/chuko/fukuoka/sc_fukuokashichuo/nc_79176150/,天神,地下鉄空港線,9,1980-10-01,46,79176150
ビレッタ百道,2580,福岡県福岡市早良区百道１,地下鉄空港線「藤崎」徒歩12分,60.5,2LDK,1975年4月,https://suumo.jp//ms/chuko/fukuoka/sc_fukuokashisawara/nc_78645501/,藤崎,地下鉄空港線,12,1975-04-01,51,78645501
グランフォーレ六本松スタイル,2580,福岡県福岡市中央区草香江２,地下鉄七隈線「六本松」徒歩5分,34.12,1LDK,2019年1月,https://suumo.jp//ms/chuko/fukuoka/sc_fukuokashichuo/nc_20340256/,六本松,地下鉄七隈線,5,2019-01-01,7,20340256
グリーンマンション今泉,2580,福岡県福岡市中央区今泉２,地下鉄七隈線「薬院大通」徒歩7分,46.86,1LDK,1980年10月,https://suumo.jp//ms/chuko/fukuoka/sc_fukuokashichuo/nc_20117645/,薬院大通,地下鉄七隈線,7,1980-10-01,46,20117645
藤和今泉コープ,2580,福岡県福岡市中央区今泉２-4-58,地下鉄七隈線「天神南」徒歩9分,69.6,3LDK,1979年11月,https://suumo.jp//ms/chuko/fukuoka/sc_fukuokashichuo/nc_20438754/,天神南,地下鉄七隈線,9,1979-11-01,47,20438754
エクセレンス谷,2590,福岡県福岡市中央区谷１,地下鉄七隈線「桜坂」徒歩6分,57.23,2LDK,1979年8月,https://suumo.jp//ms/chuko/fukuoka/sc_fukuokashichuo/nc_20052927/,桜坂,地下鉄七隈線,6,1979-08-01,47,20052927
エクセレンス谷,2590,福岡県福岡市中央区谷１,地下鉄七隈線「六本松」徒歩7分,57.23,2LDK,1979年8月,https://suumo.jp//ms/chuko/fukuoka/sc_fukuokashichuo/nc_78807526/,六本松,地下鉄七隈線,7,1979-08-01,47,78807526
エクセレンス谷,2590,福岡県福岡市中央区谷１-１６－５８,地下鉄七隈線「桜坂」徒歩6分,57.23,2LDK,1979年8月,https://suumo.jp//ms/chuko/fukuoka/sc_fukuokashichuo/nc_20219897/,桜坂,地下鉄七隈線,6,1979-08-01,47,20219897
エクセレンス谷,2590,福岡県福岡市中央区谷１,地下鉄七隈線「六本松」徒歩6分,57.23,2LDK,1979年8月,https://suumo.jp//ms/chuko/fukuoka/sc_fukuokashichuo/nc_79008618/,六本松,地下鉄七隈線,6,1979-08-01,47,79008618
エクセレンス谷,2590,福岡県福岡市中央区谷１-16-58,地下鉄七隈線「桜坂」徒歩6分,57.23,2LDK,1979年8月,https://suumo.jp//ms/chuko/fukuoka/sc_fukuokashichuo/nc_20134569/,桜坂,地下鉄七隈線,6,1979-08-01,47,20134569
エクセレンス谷,2590,福岡県福岡市中央区谷１-16-58,地下鉄七隈線「桜坂」徒歩6分,57.23,2LDK,1979年8月,https://suumo.jp//ms/chuko/fukuoka/sc_fukuokashichuo/nc_20143264/,桜坂,地下鉄七隈線,6,1979-08-01,47,20143264
エクセレンス谷,2590,福岡県福岡市中央区谷１,地下鉄七隈線「六本松」徒歩7分,57.23,2LDK,1979年8月,https://suumo.jp//ms/chuko/fukuoka/sc_fukuokashichuo/nc_20293908/,六本松,地下鉄七隈線,7,1979-08-01,47,20293908
エクセレンス谷,2590,福岡県福岡市中央区谷１,地下鉄七隈線「桜坂」徒歩6分,57.23,2LDK,1979年8月,https://suumo.jp//ms/chuko/fukuoka/sc_fukuokashichuo/nc_20375081/,桜坂,地下鉄七隈線,6,1979-08-01,47,20375081
エクセレンス谷,2590,福岡県福岡市中央区谷１-16-58,地下鉄七隈線「桜坂」徒歩6分,57.23,2LDK,1979年8月,https://suumo.jp//ms/chuko/fukuoka/sc_fukuokashichuo/nc_20163284/,桜坂,地下鉄七隈線,6,1979-08-01,47,20163284
エクセレンス谷,2590,福岡県福岡市中央区谷１,地下鉄七隈線「桜坂」徒歩6分,57.23,2LDK,1982年8月,https://suumo.jp//ms/chuko/fukuoka/sc_fukuokashichuo/nc_20452963/,桜坂,地下鉄七隈線,6,1982-08-01,44,20452963
エクセレンス谷,2590,福岡県福岡市中央区谷１,地下鉄七隈線「六本松」徒歩7分,57.23,2LDK,1979年8月,https://suumo.jp//ms/chuko/fukuoka/sc_fukuokashichuo/nc_78720132/,六本松,地下鉄七隈線,7,1979-08-01,47,78720132
エクセレンス谷,2590,福岡県福岡市中央区谷１-16-58,地下鉄七隈線「六本松」徒歩6分,57.23,2LDK,1979年8月,https://suumo.jp//ms/chuko/fukuoka/sc_fukuokashichuo/nc_78717582/,六本松,地下鉄七隈線,6,1979-08-01,47,78717582
第三住吉ハイツ,2599,福岡県福岡市博多区住吉５,九州新幹線「博多」徒歩13分,67.2,2LDK,1980年5月,https://suumo.jp//ms/chuko/fukuoka/sc_fukuokashihakata/nc_20438664/,博多,九州新幹線,13,1980-05-01,46,20438664
RKB別府マンション,2599,福岡県福岡市城南区別府５,地下鉄七隈線「別府」徒歩12分,81.46,2LDK+S（納戸）,1978年4月,https://suumo.jp//ms/chuko/fukuoka/sc_fukuokashijonan/nc_20382033/,別府,地下鉄七隈線,12,1978-04-01,48,20382033
RKB別府マンション　【担当：中尾】　までお気軽にお…,2599,福岡県福岡市城南区別府５,地下鉄七隈線「別府」徒歩12分,81.46,2LDK+S（納戸）,1978年4月,https://suumo.jp//ms/chuko/fukuoka/sc_fukuokashijonan/nc_20342648/,別府,地下鉄七隈線,12,1978-04-01,48,20342648
ＲＫＢ別府マンション２棟,2599,福岡県福岡市城南区別府５,地下鉄七隈線「別府」徒歩14分,81.46,2LDK+S（納戸）,1978年4月,https://suumo.jp//ms/chuko/fukuoka/sc_fukuokashijonan/nc_20334642/,別府,地下鉄七隈線,14,1978-04-01,48,20334642
RKB別府マンション,2599,福岡県福岡市城南区別府５-21-23,地下鉄七隈線「別府」徒歩12分,81.46,3LDK,1978年4月,https://suumo.jp//ms/chuko/fukuoka/sc_fukuokashijonan/nc_20104068/,別府,地下鉄七隈線,12,1978-04-01,48,20104068
第三住吉ハイツ,2599,福岡県福岡市博多区住吉５-10-7,地下鉄七隈線「博多」徒歩15分,67.2,2LDK,1980年5月,https://suumo.jp//ms/chuko/fukuoka/sc_fukuokashihakata/nc_20418728/,博多,地下鉄七隈線,15,1980-05-01,46,20418728
RKB別府マンション,2599,福岡県福岡市城南区別府５,地下鉄七隈線「別府」徒歩10分,81.46,3LDK,1978年4月,https://suumo.jp//ms/chuko/fukuoka/sc_fukuokashijonan/nc_20077951/,別府,地下鉄七隈線,10,1978-04-01,48,20077951
RKB別府マンション　２棟,2599,福岡県福岡市城南区別府５,地下鉄七隈線「別府」徒歩12分,81.46,3LDK,1978年4月,https://suumo.jp//ms/chuko/fukuoka/sc_fukuokashijonan/nc_20083342/,別府,地下鉄七隈線,12,1978-04-01,48,20083342
RKB別府マンション2号棟,2599,福岡県福岡市城南区別府５,地下鉄七隈線「別府」徒歩10分,81.46,3LDK,1978年3月,https://suumo.jp//ms/chuko/fukuoka/sc_fukuokashijonan/nc_20143276/,別府,地下鉄七隈線,10,1978-03-01,48,20143276
第三住吉ハイツ 702,2599,福岡県福岡市博多区住吉５-10-7,ＪＲ鹿児島本線「博多」徒歩13分,67.2,2LDK,1980年5月,https://suumo.jp//ms/chuko/fukuoka/sc_fukuokashihakata/nc_20418122/,博多,ＪＲ鹿児島本線,13,1980-05-01,46,20418122
第三住吉ハイツ,2599,福岡県福岡市博多区住吉５,地下鉄空港線「博多」徒歩13分,67.2,2LDK,1980年5月,https://suumo.jp//ms/chuko/fukuoka/sc_fukuokashihakata/nc_20429863/,博多,地下鉄空港線,13,1980-05-01,46,20429863
第三住吉ハイツ,2599,福岡県福岡市博多区住吉５,ＪＲ鹿児島本線「博多」徒歩14分,67.2,2LDK,1980年5月,https://suumo.jp//ms/chuko/fukuoka/sc_fukuokashihakata/nc_20415847/,博多,ＪＲ鹿児島本線,14,1980-05-01,46,20415847
祖原公園ハウス（居住中）,2610,福岡県福岡市早良区祖原,地下鉄空港線「西新」徒歩12分,57.04,2DK,1983年8月,https://suumo.jp//ms/chuko/fukuoka/sc_fukuokashisawara/nc_20337457/,西新,地下鉄空港線,12,1983-08-01,43,20337457
祖原公園ハウス,2610,福岡県福岡市早良区祖原22-25,地下鉄空港線「西新」徒歩9分,57.04,2DK,1983年8月,https://suumo.jp//ms/chuko/fukuoka/sc_fukuokashisawara/nc_20130348/,西新,地下鉄空港線,9,1983-08-01,43,20130348
祖原公園ハウス,2610,福岡県福岡市早良区祖原22-25,地下鉄空港線「西新」徒歩9分,57.04,2DK,1983年8月,https://suumo.jp//ms/chuko/fukuoka/sc_fukuokashisawara/nc_20418251/,西新,地下鉄空港線,9,1983-08-01,43,20418251
祖原公園ハウス,2620,福岡県福岡市早良区祖原,地下鉄空港線「西新」徒歩11分,57.04,3DK,1983年8月,https://suumo.jp//ms/chuko/fukuoka/sc_fukuokashisawara/nc_20185389/,西新,地下鉄空港線,11,1983-08-01,43,20185389
サンポートハイツ,2680,福岡県福岡市中央区港２-5-32,地下鉄空港線「大濠公園」徒歩8分,61.56,2LDK,1974年9月,https://suumo.jp//ms/chuko/fukuoka/sc_fukuokashichuo/nc_79171807/,大濠公園,地下鉄空港線,8,1974-09-01,52,79171807
マンションアベニュー,2680,福岡県福岡市早良区西新５,地下鉄空港線「西新」徒歩4分,44.57,1LDK,1974年8月,https://suumo.jp//ms/chuko/fukuoka/sc_fukuokashisawara/nc_77357198/,西新,地下鉄空港線,4,1974-08-01,52,77357198
コープ野村博多東,2680,福岡県福岡市博多区比恵町4-27,地下鉄空港線「東比恵」徒歩5分,69.36,2LDK,1980年3月,https://suumo.jp//ms/chuko/fukuoka/sc_fukuokashihakata/nc_77951272/,東比恵,地下鉄空港線,5,1980-03-01,46,77951272
ビレッタ百道,2680,福岡県福岡市早良区百道１,地下鉄空港線「藤崎」徒歩11分,55.39,2LDK,1975年4月,https://suumo.jp//ms/chuko/fukuoka/sc_fukuokashisawara/nc_79060704/,藤崎,地下鉄空港線,11,1975-04-01,51,79060704
ライオンズマンション大名,2680,福岡県福岡市中央区大名１,地下鉄空港線「赤坂」徒歩9分,56.72,3DK,1982年2月,https://suumo.jp//ms/chuko/fukuoka/sc_fukuokashichuo/nc_20392144/,赤坂,地下鉄空港線,9,1982-02-01,44,20392144
藤和今泉コープ（居住中）,2690,福岡県福岡市中央区今泉２,地下鉄七隈線「薬院大通」徒歩9分,69.6,3LDK,1979年11月,https://suumo.jp//ms/chuko/fukuoka/sc_fukuokashichuo/nc_20337475/,薬院大通,地下鉄七隈線,9,1979-11-01,47,20337475
藤和今泉コープ,2690,福岡県福岡市中央区今泉２,地下鉄七隈線「薬院大通」徒歩9分,69.6,3LDK,1979年11月,https://suumo.jp//ms/chuko/fukuoka/sc_fukuokashichuo/nc_20173664/,薬院大通,地下鉄七隈線,9,1979-11-01,47,20173664
ハイライフ平尾,2690,福岡県福岡市中央区平尾４-7-17,地下鉄七隈線「薬院大通」徒歩14分,57.13,1LDK,1977年9月,https://suumo.jp//ms/chuko/fukuoka/sc_fukuokashichuo/nc_77821582/,薬院大通,地下鉄七隈線,14,1977-09-01,49,77821582
薬院パークホームズ,2700,福岡県福岡市中央区薬院２-11-28,地下鉄七隈線「薬院大通」徒歩7分,82.59,4LDK,1981年4月,https://suumo.jp//ms/chuko/fukuoka/sc_fukuokashichuo/nc_20186273/,薬院大通,地下鉄七隈線,7,1981-04-01,45,20186273
大名サンハイツ,2750,福岡県福岡市中央区大名１-11-5,地下鉄空港線「赤坂」徒歩6分,62.32,3LDK,1981年8月,https://suumo.jp//ms/chuko/fukuoka/sc_fukuokashichuo/nc_20370839/,赤坂,地下鉄空港線,6,1981-08-01,45,20370839
グリーンマンション西新◆☆上質なデザイン空間☆◆,2780,福岡県福岡市早良区祖原,地下鉄空港線「西新」徒歩5分,62.64,2LDK,1987年6月,https://suumo.jp//ms/chuko/fukuoka/sc_fukuokashisawara/nc_78961806/,西新,地下鉄空港線,5,1987-06-01,39,78961806
エバーライフ東平尾公園２,2780,福岡県福岡市博多区青木１-１７－１,地下鉄空港線「福岡空港」徒歩15分,70.01,3LDK,1995年2月,https://suumo.jp//ms/chuko/fukuoka/sc_fukuokashihakata/nc_20340114/,福岡空港,地下鉄空港線,15,1995-02-01,31,20340114
ヴェルドミール薬院,2799,福岡県福岡市中央区薬院３,地下鉄七隈線「薬院大通」徒歩6分,68.26,2LDK,1980年10月,https://suumo.jp//ms/chuko/fukuoka/sc_fukuokashichuo/nc_20011250/,薬院大通,地下鉄七隈線,6,1980-10-01,46,20011250
大名サンハイツ,2799,福岡県福岡市中央区大名１-11-5,地下鉄空港線「赤坂」徒歩9分,62.32,3LDK,1981年7月,https://suumo.jp//ms/chuko/fukuoka/sc_fukuokashichuo/nc_20428964/,赤坂,地下鉄空港線,9,1981-07-01,45,20428964
ヴェルドミール薬院　601号室,2799,福岡県福岡市中央区薬院３,地下鉄七隈線「薬院大通」徒歩5分,68.26,2LDK,1980年10月,https://suumo.jp//ms/chuko/fukuoka/sc_fukuokashichuo/nc_79221264/,薬院大通,地下鉄七隈線,5,1980-10-01,46,79221264
ヴェルドミール薬院,2799,福岡県福岡市中央区薬院３-12-12,地下鉄七隈線「薬院大通」徒歩6分,68.26,2LDK,1980年10月,https://suumo.jp//ms/chuko/fukuoka/sc_fukuokashichuo/nc_79224809/,薬院大通,地下鉄七隈線,6,1980-10-01,46,79224809
ライオンズマンション平尾,2820,福岡県福岡市中央区平尾２-21-5,地下鉄七隈線「薬院」徒歩13分,65.71,2LDK,1979年12月,https://suumo.jp//ms/chuko/fukuoka/sc_fukuokashichuo/nc_78985818/,薬院,地下鉄七隈線,13,1979-12-01,47,78985818
ライオンズマンション大名,2830,福岡県福岡市中央区大名１,地下鉄空港線「赤坂」徒歩10分,56.72,3DK,1982年4月,https://suumo.jp//ms/chuko/fukuoka/sc_fukuokashichuo/nc_20410832/,赤坂,地下鉄空港線,10,1982-04-01,44,20410832
第7プリンスマンション高砂,2845,福岡県福岡市中央区高砂１-15-23,地下鉄七隈線「渡辺通」徒歩9分,74.01,3LDK,1978年12月,https://suumo.jp//ms/chuko/fukuoka/sc_fukuokashichuo/nc_20247925/,渡辺通,地下鉄七隈線,9,1978-12-01,48,20247925
第7プリンスマンション（居住中）,2850,福岡県福岡市中央区高砂１,地下鉄七隈線「渡辺通」徒歩10分,74.01,3LDK,1978年12月,https://suumo.jp//ms/chuko/fukuoka/sc_fukuokashichuo/nc_20355646/,渡辺通,地下鉄七隈線,10,1978-12-01,48,20355646
ロマネスク大濠アネックス,2880,福岡県福岡市中央区鳥飼２,地下鉄空港線「唐人町」徒歩14分,61.5,2LDK,1987年5月,https://suumo.jp//ms/chuko/fukuoka/sc_fukuokashichuo/nc_20437130/,唐人町,地下鉄空港線,14,1987-05-01,39,20437130
ヴェルドミール薬院,2899,福岡県福岡市中央区薬院３-12-12,地下鉄七隈線「薬院大通」徒歩6分,68.26,2LDK,1980年10月,https://suumo.jp//ms/chuko/fukuoka/sc_fukuokashichuo/nc_20003640/,薬院大通,地下鉄七隈線,6,1980-10-01,46,20003640
クリオラベルヴィ博多,2900,福岡県福岡市博多区比恵町,地下鉄空港線「東比恵」徒歩5分,34.4,1LDK,2019年10月,https://suumo.jp//ms/chuko/fukuoka/sc_fukuokashihakata/nc_20148847/,東比恵,地下鉄空港線,5,2019-10-01,7,20148847
藤和コープソシエ大名,2900,福岡県福岡市中央区大名１,地下鉄七隈線「天神南」徒歩8分,58.91,1LDK,1979年11月,https://suumo.jp//ms/chuko/fukuoka/sc_fukuokashichuo/nc_77192946/,天神南,地下鉄七隈線,8,1979-11-01,47,77192946
サンシャイン別府,2945,福岡県福岡市城南区別府４-2-4,地下鉄七隈線「別府」徒歩6分,85.62,4LDK,1979年10月,https://suumo.jp//ms/chuko/fukuoka/sc_fukuokashijonan/nc_20130349/,別府,地下鉄七隈線,6,1979-10-01,47,20130349
シティマンション薬院Ⅱ,2950,福岡県福岡市中央区大宮１,西鉄天神大牟田線「薬院」徒歩4分,57.42,2LDK,1985年5月,https://suumo.jp//ms/chuko/fukuoka/sc_fukuokashichuo/nc_20002791/,薬院,西鉄天神大牟田線,4,1985-05-01,41,20002791
サンシャイン別府,2950,福岡県福岡市城南区別府４,地下鉄七隈線「別府」徒歩5分,85.62,4LDK,1979年10月,https://suumo.jp//ms/chuko/fukuoka/sc_fukuokashijonan/nc_20174895/,別府,地下鉄七隈線,5,1979-10-01,47,20174895
ユーハイム大濠西,2950,福岡県福岡市中央区黒門6-40,地下鉄空港線「唐人町」徒歩1分,48.09,1LDK,1985年8月,https://suumo.jp//ms/chuko/fukuoka/sc_fukuokashichuo/nc_20247920/,唐人町,地下鉄空港線,1,1985-08-01,41,20247920
ライオンズマンション西新,2980,福岡県福岡市早良区西新７,地下鉄空港線「藤崎」徒歩4分,66.36,2LDK,1982年2月,https://suumo.jp//ms/chuko/fukuoka/sc_fukuokashisawara/nc_77788575/,藤崎,地下鉄空港線,4,1982-02-01,44,77788575
シティマンション薬院Ⅱ,2980,福岡県福岡市中央区大宮１,西鉄天神大牟田線「薬院」徒歩5分,48.8,2LDK,1985年5月,https://suumo.jp//ms/chuko/fukuoka/sc_fukuokashichuo/nc_20310563/,薬院,西鉄天神大牟田線,5,1985-05-01,41,20310563
ライオンズマンシヨン西公園第3,2980,福岡県福岡市中央区荒戸１,地下鉄空港線「大濠公園」徒歩5分,57.22,2LDK,1984年8月,https://suumo.jp//ms/chuko/fukuoka/sc_fukuokashichuo/nc_79147474/,大濠公園,地下鉄空港線,5,1984-08-01,42,79147474
東洋マンション大名,2980,福岡県福岡市中央区大名２-1-43,地下鉄空港線「赤坂」徒歩4分,65.7,3LDK,1979年6月,https://suumo.jp//ms/chuko/fukuoka/sc_fukuokashichuo/nc_20389763/,赤坂,地下鉄空港線,4,1979-06-01,47,20389763
ダイアパレス大名第２,2980,福岡県福岡市中央区大名１-8-32,地下鉄空港線「赤坂」徒歩5分,63.0,1LDK,1986年2月,https://suumo.jp//ms/chuko/fukuoka/sc_fukuokashichuo/nc_77534876/,赤坂,地下鉄空港線,5,1986-02-01,40,77534876
ライオンズマンション西新,2980,福岡県福岡市早良区西新７,地下鉄空港線「藤崎」徒歩5分,66.36,2LDK,1982年2月,https://suumo.jp//ms/chuko/fukuoka/sc_fukuokashisawara/nc_20435512/,藤崎,地下鉄空港線,5,1982-02-01,44,20435512
エンゼルハイム田島◆☆新規内装リノベーション済み☆◆,2990,福岡県福岡市城南区田島２-8-33,地下鉄七隈線「別府」徒歩13分,67.86,3LDK,1989年3月,https://suumo.jp//ms/chuko/fukuoka/sc_fukuokashijonan/nc_20211617/,別府,地下鉄七隈線,13,1989-03-01,37,20211617
グリーンハイツ赤坂,2998,福岡県福岡市中央区赤坂２-６番２３号,地下鉄七隈線「六本松」徒歩11分,72.57,2LDK,1974年10月,https://suumo.jp//ms/chuko/fukuoka/sc_fukuokashichuo/nc_20098723/,六本松,地下鉄七隈線,11,1974-10-01,52,20098723
ライオンズマンション薬院第2,2999,福岡県福岡市中央区薬院２,地下鉄七隈線「薬院大通」徒歩7分,81.48,3LDK,1980年2月,https://suumo.jp//ms/chuko/fukuoka/sc_fukuokashichuo/nc_78798244/,薬院大通,地下鉄七隈線,7,1980-02-01,46,78798244
警固ハウス,2999,福岡県福岡市中央区警固１,地下鉄七隈線「薬院大通」徒歩8分,66.0,2LDK,1980年3月,https://suumo.jp//ms/chuko/fukuoka/sc_fukuokashichuo/nc_79225116/,薬院大通,地下鉄七隈線,8,1980-03-01,46,79225116
西公園ハウス,2999,福岡県福岡市中央区西公園,地下鉄空港線「大濠公園」徒歩13分,71.38,3LDK,1986年5月,https://suumo.jp//ms/chuko/fukuoka/sc_fukuokashichuo/nc_79153819/,大濠公園,地下鉄空港線,13,1986-05-01,40,79153819
六本松ビル,3080,福岡県福岡市中央区六本松２,地下鉄七隈線「六本松」徒歩3分,65.65,2LDK,1981年1月,https://suumo.jp//ms/chuko/fukuoka/sc_fukuokashichuo/nc_20186302/,六本松,地下鉄七隈線,3,1981-01-01,45,20186302
オープンレジデンシア室見,3098,福岡県福岡市西区愛宕２,地下鉄空港線「藤崎」徒歩15分,33.64,1LDK,2025年12月,https://suumo.jp//ms/chuko/fukuoka/sc_fukuokashinishi/nc_79109642/,藤崎,地下鉄空港線,15,2025-12-01,1,79109642
ニューライフ薬院,3099,福岡県福岡市中央区薬院１-６－３６,地下鉄七隈線「薬院」徒歩3分,47.29,1LDK+S（納戸）,1986年6月,https://suumo.jp//ms/chuko/fukuoka/sc_fukuokashichuo/nc_20160194/,薬院,地下鉄七隈線,3,1986-06-01,40,20160194
第参参プリンスマンション城南,3099,福岡県福岡市城南区別府１,地下鉄七隈線「別府」徒歩2分,65.65,2LDK,1986年8月,https://suumo.jp//ms/chuko/fukuoka/sc_fukuokashijonan/nc_20203354/,別府,地下鉄七隈線,2,1986-08-01,40,20203354
第参参プリンスマンション城南,3099,福岡県福岡市城南区別府１-１９－４０,地下鉄七隈線「別府」徒歩2分,65.65,2LDK,1986年8月,https://suumo.jp//ms/chuko/fukuoka/sc_fukuokashijonan/nc_79111211/,別府,地下鉄七隈線,2,1986-08-01,40,79111211
第参参プリンスマンション城南,3099,福岡県福岡市城南区別府１,地下鉄七隈線「別府」徒歩2分,65.65,2LDK,1986年8月,https://suumo.jp//ms/chuko/fukuoka/sc_fukuokashijonan/nc_78622505/,別府,地下鉄七隈線,2,1986-08-01,40,78622505
ニューライフ薬院,3099,福岡県福岡市中央区薬院１,西鉄天神大牟田線「薬院」徒歩3分,47.29,1LDK+S（納戸）,1986年6月,https://suumo.jp//ms/chuko/fukuoka/sc_fukuokashichuo/nc_78957810/,薬院,西鉄天神大牟田線,3,1986-06-01,40,78957810
ニューライフ薬院,3099,福岡県福岡市中央区薬院１,西鉄天神大牟田線「薬院」徒歩3分,47.29,1LDK+S（納戸）,1986年6月,https://suumo.jp//ms/chuko/fukuoka/sc_fukuokashichuo/nc_20108657/,薬院,西鉄天神大牟田線,3,1986-06-01,40,20108657
第参参プリンスマンション城南,3099,福岡県福岡市城南区別府１,地下鉄七隈線「別府」徒歩2分,65.65,2LDK,1986年8月,https://suumo.jp//ms/chuko/fukuoka/sc_fukuokashijonan/nc_78652446/,別府,地下鉄七隈線,2,1986-08-01,40,78652446
ニューライフ薬院,3099,福岡県福岡市中央区薬院１,地下鉄七隈線「薬院」徒歩3分,47.29,1DK+S（納戸）,1986年6月,https://suumo.jp//ms/chuko/fukuoka/sc_fukuokashichuo/nc_20203358/,薬院,地下鉄七隈線,3,1986-06-01,40,20203358
グランフォーレラグゼ博多駅南,3099,福岡県福岡市博多区博多駅南４,地下鉄空港線「東比恵」徒歩15分,33.41,1LDK,2016年7月,https://suumo.jp//ms/chuko/fukuoka/sc_fukuokashihakata/nc_20152980/,東比恵,地下鉄空港線,15,2016-07-01,10,20152980
クリオラベルヴィ博多,3110,福岡県福岡市博多区比恵町,地下鉄空港線「東比恵」徒歩5分,34.4,1LDK,2019年10月,https://suumo.jp//ms/chuko/fukuoka/sc_fukuokashihakata/nc_20110333/,東比恵,地下鉄空港線,5,2019-10-01,7,20110333
ダイアパレス平尾Ⅱ,3140,福岡県福岡市中央区大宮２-4-23,地下鉄七隈線「薬院」徒歩12分,64.1,2LDK,1983年3月,https://suumo.jp//ms/chuko/fukuoka/sc_fukuokashichuo/nc_78985820/,薬院,地下鉄七隈線,12,1983-03-01,43,78985820
ダイアパレス平尾２,3140,福岡県福岡市中央区大宮２,西鉄天神大牟田線「薬院」徒歩11分,64.1,2LDK,1983年3月,https://suumo.jp//ms/chuko/fukuoka/sc_fukuokashichuo/nc_20225032/,薬院,西鉄天神大牟田線,11,1983-03-01,43,20225032
シティマンション薬院,3150,福岡県福岡市中央区薬院１-10-16,地下鉄七隈線「薬院大通」徒歩3分,56.22,2LDK,1984年5月,https://suumo.jp//ms/chuko/fukuoka/sc_fukuokashichuo/nc_20015800/,薬院大通,地下鉄七隈線,3,1984-05-01,42,20015800
シティマンション薬院,3150,福岡県福岡市中央区薬院１-10-16,地下鉄七隈線「薬院大通」徒歩4分,56.22,2LDK,1984年5月,https://suumo.jp//ms/chuko/fukuoka/sc_fukuokashichuo/nc_20061766/,薬院大通,地下鉄七隈線,4,1984-05-01,42,20061766
シティマンション薬院,3150,福岡県福岡市中央区薬院１,地下鉄七隈線「薬院大通」徒歩3分,56.22,2LDK,1984年5月,https://suumo.jp//ms/chuko/fukuoka/sc_fukuokashichuo/nc_79079645/,薬院大通,地下鉄七隈線,3,1984-05-01,42,79079645
シティマンション薬院,3150,福岡県福岡市中央区薬院１,地下鉄七隈線「薬院大通」徒歩3分,56.22,2LDK,1984年5月,https://suumo.jp//ms/chuko/fukuoka/sc_fukuokashichuo/nc_79117354/,薬院大通,地下鉄七隈線,3,1984-05-01,42,79117354
弥生パインマンション,3180,福岡県福岡市早良区弥生２,地下鉄空港線「藤崎」徒歩12分,94.77,3LDK,1982年3月,https://suumo.jp//ms/chuko/fukuoka/sc_fukuokashisawara/nc_20306503/,藤崎,地下鉄空港線,12,1982-03-01,44,20306503
弥生パインマンション,3180,福岡県福岡市早良区弥生２,地下鉄空港線「藤崎」徒歩12分,94.77,3LDK,1982年3月,https://suumo.jp//ms/chuko/fukuoka/sc_fukuokashisawara/nc_20187773/,藤崎,地下鉄空港線,12,1982-03-01,44,20187773
ガーデンハイツ大濠,3180,福岡県福岡市中央区草香江１,地下鉄七隈線「六本松」徒歩6分,72.25,3LDK,1985年3月,https://suumo.jp//ms/chuko/fukuoka/sc_fukuokashichuo/nc_20152978/,六本松,地下鉄七隈線,6,1985-03-01,41,20152978
朝日プラザ天神,3180,福岡県福岡市中央区舞鶴１,地下鉄空港線「天神」徒歩4分,43.65,ワンルーム,1986年5月,https://suumo.jp//ms/chuko/fukuoka/sc_fukuokashichuo/nc_76206976/,天神,地下鉄空港線,4,1986-05-01,40,76206976
弥生パインマンション,3180,福岡県福岡市早良区弥生２,地下鉄空港線「藤崎」徒歩13分,94.77,3LDK,1982年3月,https://suumo.jp//ms/chuko/fukuoka/sc_fukuokashisawara/nc_78806073/,藤崎,地下鉄空港線,13,1982-03-01,44,78806073
チサンマンション祇園,3180,福岡県福岡市博多区祇園町,地下鉄空港線「祇園」徒歩4分,52.98,2LDK,1980年10月,https://suumo.jp//ms/chuko/fukuoka/sc_fukuokashihakata/nc_20372579/,祇園,地下鉄空港線,4,1980-10-01,46,20372579
弥生パインマンション,3180,福岡県福岡市早良区弥生２-2-3-30,地下鉄空港線「藤崎」徒歩13分,94.77,3LDK,1982年3月,https://suumo.jp//ms/chuko/fukuoka/sc_fukuokashisawara/nc_20160154/,藤崎,地下鉄空港線,13,1982-03-01,44,20160154
警固ハウス,3190,福岡県福岡市中央区警固１-15-15,地下鉄七隈線「薬院大通」徒歩9分,66.0,3LDK,1980年3月,https://suumo.jp//ms/chuko/fukuoka/sc_fukuokashichuo/nc_20434666/,薬院大通,地下鉄七隈線,9,1980-03-01,46,20434666
ロマネスク大濠アネツクス,3199,福岡県福岡市中央区鳥飼２,地下鉄空港線「唐人町」徒歩12分,59.65,2LDK,1987年5月,https://suumo.jp//ms/chuko/fukuoka/sc_fukuokashichuo/nc_78922034/,唐人町,地下鉄空港線,12,1987-05-01,39,78922034
ロマネスク大濠アネツクス,3199,福岡県福岡市中央区鳥飼２,地下鉄空港線「唐人町」徒歩12分,59.65,2LDK,1987年5月,https://suumo.jp//ms/chuko/fukuoka/sc_fukuokashichuo/nc_78691499/,唐人町,地下鉄空港線,12,1987-05-01,39,78691499
ロマネスク大濠アネックス,3199,福岡県福岡市中央区鳥飼２,地下鉄空港線「唐人町」徒歩14分,59.65,2LDK,1987年5月,https://suumo.jp//ms/chuko/fukuoka/sc_fukuokashichuo/nc_20407791/,唐人町,地下鉄空港線,14,1987-05-01,39,20407791
ロマネスク大濠アネックス,3199,福岡県福岡市中央区鳥飼２-6-15,地下鉄空港線「唐人町」徒歩14分,59.65,2LDK,1987年5月,https://suumo.jp//ms/chuko/fukuoka/sc_fukuokashichuo/nc_78334227/,唐人町,地下鉄空港線,14,1987-05-01,39,78334227
ロマネスク大濠アネックス,3199,福岡県福岡市中央区鳥飼２,地下鉄空港線「唐人町」徒歩14分,59.65,2LDK,1987年5月,https://suumo.jp//ms/chuko/fukuoka/sc_fukuokashichuo/nc_79224953/,唐人町,地下鉄空港線,14,1987-05-01,39,79224953
ロマネスク大濠アネックス,3199,福岡県福岡市中央区鳥飼２,地下鉄空港線「唐人町」徒歩12分,59.65,2LDK,1987年5月,https://suumo.jp//ms/chuko/fukuoka/sc_fukuokashichuo/nc_78856431/,唐人町,地下鉄空港線,12,1987-05-01,39,78856431
第33プリンスマンション城南,3199,福岡県福岡市城南区別府１-19-40,地下鉄七隈線「別府」徒歩2分,65.65,2LDK,1986年8月,https://suumo.jp//ms/chuko/fukuoka/sc_fukuokashijonan/nc_78575103/,別府,地下鉄七隈線,2,1986-08-01,40,78575103
ロマネスク大濠アネックス,3199,福岡県福岡市中央区鳥飼２,地下鉄空港線「唐人町」徒歩12分,59.65,2LDK,1987年5月,https://suumo.jp//ms/chuko/fukuoka/sc_fukuokashichuo/nc_78803131/,唐人町,地下鉄空港線,12,1987-05-01,39,78803131
第３３プリンスマンション城南,3199,福岡県福岡市城南区別府１,地下鉄七隈線「別府」徒歩4分,65.65,2LDK,1986年8月,https://suumo.jp//ms/chuko/fukuoka/sc_fukuokashijonan/nc_78591486/,別府,地下鉄七隈線,4,1986-08-01,40,78591486
ロマネスク大濠アネックス,3199,福岡県福岡市中央区鳥飼２,地下鉄空港線「唐人町」徒歩13分,59.65,2LDK,1987年5月,https://suumo.jp//ms/chuko/fukuoka/sc_fukuokashichuo/nc_78325037/,唐人町,地下鉄空港線,13,1987-05-01,39,78325037
モントーレヴェルキューブシティ福岡空港駅,3200,福岡県糟屋郡志免町別府西３,地下鉄空港線「福岡空港」徒歩9分,59.19,2LDK,2010年2月,https://suumo.jp//ms/chuko/fukuoka/sc_kasuyagunshime/nc_20121900/,福岡空港,地下鉄空港線,9,2010-02-01,16,20121900
オープンレジデンシア大濠西,3240,福岡県福岡市中央区今川２,地下鉄空港線「唐人町」徒歩8分,34.31,1LDK,2024年9月,https://suumo.jp//ms/chuko/fukuoka/sc_fukuokashichuo/nc_76105420/,唐人町,地下鉄空港線,8,2024-09-01,2,76105420
ロマネスク西公園,3250,福岡県福岡市中央区荒戸３,地下鉄空港線「唐人町」徒歩6分,79.89,3LDK,1981年4月,https://suumo.jp//ms/chuko/fukuoka/sc_fukuokashichuo/nc_78528588/,唐人町,地下鉄空港線,6,1981-04-01,45,78528588
オープンレジデンシア室見,3250,福岡県福岡市西区愛宕２,地下鉄空港線「藤崎」徒歩15分,33.64,1LDK,2025年12月,https://suumo.jp//ms/chuko/fukuoka/sc_fukuokashinishi/nc_79124599/,藤崎,地下鉄空港線,15,2025-12-01,1,79124599
東洋マンション,3250,福岡県福岡市中央区大名２,地下鉄空港線「天神」徒歩7分,78.19,2LDK,1979年5月,https://suumo.jp//ms/chuko/fukuoka/sc_fukuokashichuo/nc_78915161/,天神,地下鉄空港線,7,1979-05-01,47,78915161
三井薬院ハイツ,3280,福岡県福岡市中央区薬院２-11-33,地下鉄七隈線「薬院大通」徒歩6分,74.24,2LDK,1982年11月,https://suumo.jp//ms/chuko/fukuoka/sc_fukuokashichuo/nc_20185204/,薬院大通,地下鉄七隈線,6,1982-11-01,44,20185204
博多駅前ビル,3280,福岡県福岡市博多区博多駅前１,地下鉄七隈線「博多」徒歩5分,74.7,2LDK,1974年3月,https://suumo.jp//ms/chuko/fukuoka/sc_fukuokashihakata/nc_78977946/,博多,地下鉄七隈線,5,1974-03-01,52,78977946
アンピール百年橋,3280,福岡県福岡市中央区清川３,地下鉄七隈線「渡辺通」徒歩15分,65.12,2LDK,1995年8月,https://suumo.jp//ms/chuko/fukuoka/sc_fukuokashichuo/nc_78896616/,渡辺通,地下鉄七隈線,15,1995-08-01,31,78896616
ライオンズマンション薬院第５,3280,福岡県福岡市中央区薬院２,地下鉄七隈線「薬院大通」徒歩3分,65.31,2LDK,1982年7月,https://suumo.jp//ms/chuko/fukuoka/sc_fukuokashichuo/nc_78355670/,薬院大通,地下鉄七隈線,3,1982-07-01,44,78355670
ロイヤルマンション別府六,3290,福岡県福岡市城南区別府６,地下鉄七隈線「別府」徒歩6分,82.27,3LDK,1994年11月,https://suumo.jp//ms/chuko/fukuoka/sc_fukuokashijonan/nc_20241317/,別府,地下鉄七隈線,6,1994-11-01,32,20241317
ロマネスク大濠アネックス,3299,福岡県福岡市中央区鳥飼２-6-15,地下鉄空港線「唐人町」徒歩11分,59.65,2LDK,1987年5月,https://suumo.jp//ms/chuko/fukuoka/sc_fukuokashichuo/nc_78536383/,唐人町,地下鉄空港線,11,1987-05-01,39,78536383
ニューライフ西公園,3300,福岡県福岡市中央区荒戸３-6-25,地下鉄空港線「唐人町」徒歩11分,87.56,4LDK,1982年3月,https://suumo.jp//ms/chuko/fukuoka/sc_fukuokashichuo/nc_20059934/,唐人町,地下鉄空港線,11,1982-03-01,44,20059934
デュオヴェール平尾,3330,福岡県福岡市中央区平尾２,地下鉄七隈線「薬院」徒歩14分,34.1,1LDK,2023年2月,https://suumo.jp//ms/chuko/fukuoka/sc_fukuokashichuo/nc_78585340/,薬院,地下鉄七隈線,14,2023-02-01,3,78585340
博多駅前ビル,3380,福岡県福岡市博多区博多駅前１,地下鉄空港線「博多」徒歩6分,79.26,2LDK,1974年3月,https://suumo.jp//ms/chuko/fukuoka/sc_fukuokashihakata/nc_79104949/,博多,地下鉄空港線,6,1974-03-01,52,79104949
藤和平尾コープ,3380,福岡県福岡市中央区平尾２-12-8,地下鉄七隈線「薬院大通」徒歩13分,87.09,3LDK,1978年3月,https://suumo.jp//ms/chuko/fukuoka/sc_fukuokashichuo/nc_78097923/,薬院大通,地下鉄七隈線,13,1978-03-01,48,78097923
ホワイティ薬院マンション,3380,福岡県福岡市中央区薬院１-6-5,地下鉄七隈線「薬院」徒歩4分,65.03,3LDK,1974年5月,https://suumo.jp//ms/chuko/fukuoka/sc_fukuokashichuo/nc_78985819/,薬院,地下鉄七隈線,4,1974-05-01,52,78985819
シティマンション薬院 303号室,3380,福岡県福岡市中央区薬院１-10-16,西鉄天神大牟田線「薬院」徒歩6分,56.22,2LDK,1984年5月,https://suumo.jp//ms/chuko/fukuoka/sc_fukuokashichuo/nc_20101766/,薬院,西鉄天神大牟田線,6,1984-05-01,42,20101766
秀和警固レジデンス,3380,福岡県福岡市中央区警固２,地下鉄空港線「赤坂」徒歩8分,69.43,2LDK,1974年7月,https://suumo.jp//ms/chuko/fukuoka/sc_fukuokashichuo/nc_79117352/,赤坂,地下鉄空港線,8,1974-07-01,52,79117352
秀和警固レジデンス,3380,福岡県福岡市中央区警固２,地下鉄空港線「赤坂」徒歩7分,69.43,2LDK,1974年7月,https://suumo.jp//ms/chuko/fukuoka/sc_fukuokashichuo/nc_79065757/,赤坂,地下鉄空港線,7,1974-07-01,52,79065757
秀和警固レジデンス,3380,福岡県福岡市中央区警固２,地下鉄空港線「赤坂」徒歩8分,69.43,2LDK+S（納戸）,1974年7月,https://suumo.jp//ms/chuko/fukuoka/sc_fukuokashichuo/nc_79215971/,赤坂,地下鉄空港線,8,1974-07-01,52,79215971
秀和警固レジデンス,3380,福岡県福岡市中央区警固２-17-26,地下鉄空港線「赤坂」徒歩9分,69.43,2LDK,1974年7月,https://suumo.jp//ms/chuko/fukuoka/sc_fukuokashichuo/nc_20181768/,赤坂,地下鉄空港線,9,1974-07-01,52,20181768
コープ野村白金,3390,福岡県福岡市中央区白金１,地下鉄七隈線「薬院」徒歩6分,64.54,2LDK,1983年8月,https://suumo.jp//ms/chuko/fukuoka/sc_fukuokashichuo/nc_79000548/,薬院,地下鉄七隈線,6,1983-08-01,43,79000548
コープ野村白金,3390,福岡県福岡市中央区白金１,西鉄天神大牟田線「薬院」徒歩6分,64.54,2LDK,1983年8月,https://suumo.jp//ms/chuko/fukuoka/sc_fukuokashichuo/nc_79021906/,薬院,西鉄天神大牟田線,6,1983-08-01,43,79021906
コープ野村白金,3390,福岡県福岡市中央区白金１-12-22,地下鉄七隈線「薬院」徒歩7分,64.54,2LDK,1983年7月,https://suumo.jp//ms/chuko/fukuoka/sc_fukuokashichuo/nc_20214180/,薬院,地下鉄七隈線,7,1983-07-01,43,20214180
コープ野村白金,3390,福岡県福岡市中央区白金１,地下鉄七隈線「薬院」徒歩6分,64.54,3LDK,1983年8月,https://suumo.jp//ms/chuko/fukuoka/sc_fukuokashichuo/nc_79144973/,薬院,地下鉄七隈線,6,1983-08-01,43,79144973
コープ野村白金,3390,福岡県福岡市中央区白金１-12-22,地下鉄七隈線「薬院」徒歩6分,64.54,2LDK,1983年8月,https://suumo.jp//ms/chuko/fukuoka/sc_fukuokashichuo/nc_20148829/,薬院,地下鉄七隈線,6,1983-08-01,43,20148829
クリオラベルヴィ呉服町,3399,福岡県福岡市博多区下呉服町3,地下鉄箱崎線「中洲川端」徒歩12分,34.4,1LDK,2018年1月,https://suumo.jp//ms/chuko/fukuoka/sc_fukuokashihakata/nc_20127337/,中洲川端,地下鉄箱崎線,12,2018-01-01,8,20127337
クリオラベルヴィ呉服町,3399,福岡県福岡市博多区下呉服町3-19,地下鉄空港線「中洲川端」徒歩13分,34.4,1LDK,2018年3月,https://suumo.jp//ms/chuko/fukuoka/sc_fukuokashihakata/nc_79145525/,中洲川端,地下鉄空港線,13,2018-03-01,8,79145525
クリオ ラベルヴィ呉服町,3399,福岡県福岡市博多区下呉服町,地下鉄空港線「中洲川端」徒歩12分,34.4,1LDK,2018年1月,https://suumo.jp//ms/chuko/fukuoka/sc_fukuokashihakata/nc_79035434/,中洲川端,地下鉄空港線,12,2018-01-01,8,79035434
クリオラベルヴィ呉服町,3399,福岡県福岡市博多区下呉服町,地下鉄空港線「中洲川端」徒歩10分,34.4,1LDK,2018年1月,https://suumo.jp//ms/chuko/fukuoka/sc_fukuokashihakata/nc_79065759/,中洲川端,地下鉄空港線,10,2018-01-01,8,79065759
クリオラベルヴィ呉服町,3399,福岡県福岡市博多区下呉服町3-19,地下鉄空港線「中洲川端」徒歩13分,34.4,1LDK,2018年1月,https://suumo.jp//ms/chuko/fukuoka/sc_fukuokashihakata/nc_79177374/,中洲川端,地下鉄空港線,13,2018-01-01,8,79177374
コープ野村白金,3430,福岡県福岡市中央区白金１,地下鉄七隈線「薬院」徒歩6分,64.54,2LDK,1983年8月,https://suumo.jp//ms/chuko/fukuoka/sc_fukuokashichuo/nc_20009984/,薬院,地下鉄七隈線,6,1983-08-01,43,20009984
コープ野村白金,3430,福岡県福岡市中央区白金１-12-22,西鉄天神大牟田線「薬院」徒歩6分,64.54,2LDK,1983年8月,https://suumo.jp//ms/chuko/fukuoka/sc_fukuokashichuo/nc_79003063/,薬院,西鉄天神大牟田線,6,1983-08-01,43,79003063
コープ野村白金,3430,福岡県福岡市中央区白金１,西鉄天神大牟田線「薬院」徒歩7分,64.54,2LDK,1983年8月,https://suumo.jp//ms/chuko/fukuoka/sc_fukuokashichuo/nc_20149469/,薬院,西鉄天神大牟田線,7,1983-08-01,43,20149469
デュオヴェール薬院,3448,福岡県福岡市中央区高砂１,西鉄天神大牟田線「薬院」徒歩7分,34.23,1LDK,2019年8月,https://suumo.jp//ms/chuko/fukuoka/sc_fukuokashichuo/nc_20081686/,薬院,西鉄天神大牟田線,7,2019-08-01,7,20081686
赤坂エクセル,3450,福岡県福岡市中央区赤坂３,地下鉄七隈線「桜坂」徒歩13分,79.5,2LDK,1974年11月,https://suumo.jp//ms/chuko/fukuoka/sc_fukuokashichuo/nc_20281431/,桜坂,地下鉄七隈線,13,1974-11-01,52,20281431
赤坂エクセル,3450,福岡県福岡市中央区赤坂３,地下鉄空港線「赤坂」徒歩12分,79.5,2LDK,1974年11月,https://suumo.jp//ms/chuko/fukuoka/sc_fukuokashichuo/nc_79104940/,赤坂,地下鉄空港線,12,1974-11-01,52,79104940
赤坂エクセル　207,3450,福岡県福岡市中央区赤坂３-8-26,地下鉄空港線「赤坂」徒歩12分,79.5,2LDK,1974年11月,https://suumo.jp//ms/chuko/fukuoka/sc_fukuokashichuo/nc_78404649/,赤坂,地下鉄空港線,12,1974-11-01,52,78404649
赤坂エクセル,3450,福岡県福岡市中央区赤坂３-8-26,地下鉄空港線「赤坂」徒歩12分,79.5,2LDK,1974年11月,https://suumo.jp//ms/chuko/fukuoka/sc_fukuokashichuo/nc_20316237/,赤坂,地下鉄空港線,12,1974-11-01,52,20316237
赤坂エクセル,3450,福岡県福岡市中央区赤坂３,地下鉄空港線「赤坂」徒歩12分,79.5,2LDK,1974年11月,https://suumo.jp//ms/chuko/fukuoka/sc_fukuokashichuo/nc_79139452/,赤坂,地下鉄空港線,12,1974-11-01,52,79139452
赤坂エクセル,3450,福岡県福岡市中央区赤坂３-8-26,地下鉄空港線「赤坂」徒歩12分,79.5,2LDK,1974年11月,https://suumo.jp//ms/chuko/fukuoka/sc_fukuokashichuo/nc_79083886/,赤坂,地下鉄空港線,12,1974-11-01,52,79083886
オープンレジデンシア西新,3450,福岡県福岡市早良区城西１,地下鉄空港線「西新」徒歩5分,31.65,1LDK,2025年9月,https://suumo.jp//ms/chuko/fukuoka/sc_fukuokashisawara/nc_78668157/,西新,地下鉄空港線,5,2025-09-01,1,78668157
赤坂エクセル,3450,福岡県福岡市中央区赤坂３-８－２６,地下鉄空港線「赤坂」徒歩12分,79.5,2LDK,1974年11月,https://suumo.jp//ms/chuko/fukuoka/sc_fukuokashichuo/nc_79201047/,赤坂,地下鉄空港線,12,1974-11-01,52,79201047
赤坂エクセル,3450,福岡県福岡市中央区赤坂３-8-26,地下鉄七隈線「桜坂」徒歩13分,79.5,2LDK,1974年3月,https://suumo.jp//ms/chuko/fukuoka/sc_fukuokashichuo/nc_20104065/,桜坂,地下鉄七隈線,13,1974-03-01,52,20104065
赤坂エクセル207号,3450,福岡県福岡市中央区赤坂３,地下鉄空港線「赤坂」徒歩12分,79.5,2LDK,1974年11月,https://suumo.jp//ms/chuko/fukuoka/sc_fukuokashichuo/nc_79077176/,赤坂,地下鉄空港線,12,1974-11-01,52,79077176
赤坂エクセル,3450,福岡県福岡市中央区赤坂３,地下鉄七隈線「桜坂」徒歩13分,79.5,2LDK,1974年11月,https://suumo.jp//ms/chuko/fukuoka/sc_fukuokashichuo/nc_20010345/,桜坂,地下鉄七隈線,13,1974-11-01,52,20010345
赤坂エクセル,3450,福岡県福岡市中央区赤坂３,地下鉄空港線「赤坂」徒歩12分,79.5,2LDK,1974年11月,https://suumo.jp//ms/chuko/fukuoka/sc_fukuokashichuo/nc_79068778/,赤坂,地下鉄空港線,12,1974-11-01,52,79068778
赤坂エクセル,3450,福岡県福岡市中央区赤坂３,地下鉄空港線「赤坂」徒歩13分,79.5,2LDK,1974年11月,https://suumo.jp//ms/chuko/fukuoka/sc_fukuokashichuo/nc_79122545/,赤坂,地下鉄空港線,13,1974-11-01,52,79122545
朝日プラザ桜坂,3480,福岡県福岡市中央区桜坂１,地下鉄七隈線「桜坂」徒歩6分,67.26,2LDK,1986年7月,https://suumo.jp//ms/chuko/fukuoka/sc_fukuokashichuo/nc_78517451/,桜坂,地下鉄七隈線,6,1986-07-01,40,78517451
朝日プラザ桜坂,3480,福岡県福岡市中央区谷１,地下鉄七隈線「桜坂」徒歩6分,67.26,2LDK,1986年7月,https://suumo.jp//ms/chuko/fukuoka/sc_fukuokashichuo/nc_20020216/,桜坂,地下鉄七隈線,6,1986-07-01,40,20020216
オープンレジデンシア博多空港通り,3490,福岡県福岡市博多区東光２,地下鉄空港線「博多」徒歩11分,34.38,1LDK,2024年7月,https://suumo.jp//ms/chuko/fukuoka/sc_fukuokashihakata/nc_77763961/,博多,地下鉄空港線,11,2024-07-01,2,77763961
オープンレジデンシア博多住吉,3490,福岡県福岡市博多区住吉２-7-1,地下鉄七隈線「櫛田神社前」徒歩8分,31.13,1LDK,2023年9月,https://suumo.jp//ms/chuko/fukuoka/sc_fukuokashihakata/nc_75745223/,櫛田神社前,地下鉄七隈線,8,2023-09-01,3,75745223
デュオヴェール平尾,3498,福岡県福岡市中央区平尾２,西鉄天神大牟田線「薬院」徒歩15分,34.05,1LDK,2023年3月,https://suumo.jp//ms/chuko/fukuoka/sc_fukuokashichuo/nc_78252151/,薬院,西鉄天神大牟田線,15,2023-03-01,3,78252151
オープンレジデンシア薬院白金,3498,福岡県福岡市中央区白金２,西鉄天神大牟田線「薬院」徒歩8分,33.92,1LDK,2023年8月,https://suumo.jp//ms/chuko/fukuoka/sc_fukuokashichuo/nc_20382669/,薬院,西鉄天神大牟田線,8,2023-08-01,3,20382669
赤坂エクセル,3499,福岡県福岡市中央区赤坂３,地下鉄空港線「赤坂」徒歩13分,79.5,2LDK,1974年11月,https://suumo.jp//ms/chuko/fukuoka/sc_fukuokashichuo/nc_79143193/,赤坂,地下鉄空港線,13,1974-11-01,52,79143193
赤坂エクセル,3499,福岡県福岡市中央区赤坂３,地下鉄空港線「赤坂」徒歩12分,79.5,2LDK,1974年11月,https://suumo.jp//ms/chuko/fukuoka/sc_fukuokashichuo/nc_20229053/,赤坂,地下鉄空港線,12,1974-11-01,52,20229053
赤坂エクセル,3499,福岡県福岡市中央区赤坂３,地下鉄空港線「赤坂」徒歩13分,79.5,2LDK,1974年11月,https://suumo.jp//ms/chuko/fukuoka/sc_fukuokashichuo/nc_79062235/,赤坂,地下鉄空港線,13,1974-11-01,52,79062235
朝日プラザ浄水,3500,福岡県福岡市中央区薬院４,地下鉄七隈線「薬院大通」徒歩5分,72.16,4LDK,1981年4月,https://suumo.jp//ms/chuko/fukuoka/sc_fukuokashichuo/nc_79141005/,薬院大通,地下鉄七隈線,5,1981-04-01,45,79141005
スコーレ赤坂,3500,福岡県福岡市中央区赤坂１,地下鉄空港線「赤坂」徒歩1分,74.92,2LDK+S（納戸）,1982年4月,https://suumo.jp//ms/chuko/fukuoka/sc_fukuokashichuo/nc_20114577/,赤坂,地下鉄空港線,1,1982-04-01,44,20114577
デュオヴェール博多駅,3580,福岡県福岡市博多区博多駅東１-５－１５,ＪＲ鹿児島本線「博多」徒歩5分,31.35,1LDK,2023年6月,https://suumo.jp//ms/chuko/fukuoka/sc_fukuokashihakata/nc_20005567/,博多,ＪＲ鹿児島本線,5,2023-06-01,3,20005567
コープ野村博多東,3580,福岡県福岡市博多区比恵町,地下鉄空港線「東比恵」徒歩5分,98.41,3LDK,1980年3月,https://suumo.jp//ms/chuko/fukuoka/sc_fukuokashihakata/nc_79004709/,東比恵,地下鉄空港線,5,1980-03-01,46,79004709
ライオンズマンション平尾,3580,福岡県福岡市中央区平尾２,地下鉄七隈線「薬院大通」徒歩15分,83.29,3LDK,1979年12月,https://suumo.jp//ms/chuko/fukuoka/sc_fukuokashichuo/nc_20078023/,薬院大通,地下鉄七隈線,15,1979-12-01,47,20078023
ライオンズマンション平尾,3580,福岡県福岡市中央区平尾２,地下鉄七隈線「薬院」徒歩13分,83.29,3LDK,1979年12月,https://suumo.jp//ms/chuko/fukuoka/sc_fukuokashichuo/nc_79143689/,薬院,地下鉄七隈線,13,1979-12-01,47,79143689
オープンレジデンシア薬院白金,3590,福岡県福岡市中央区白金２-1-24,地下鉄七隈線「薬院」徒歩8分,33.92,1LDK,2023年8月,https://suumo.jp//ms/chuko/fukuoka/sc_fukuokashichuo/nc_75917403/,薬院,地下鉄七隈線,8,2023-08-01,3,75917403
ツインタワー空港通り,3599,福岡県福岡市博多区豊１-１－１７,地下鉄空港線「東比恵」徒歩12分,71.7,3LDK,1994年7月,https://suumo.jp//ms/chuko/fukuoka/sc_fukuokashihakata/nc_20431843/,東比恵,地下鉄空港線,12,1994-07-01,32,20431843
ツインタワー空港通り,3599,福岡県福岡市博多区豊１-1-17,地下鉄空港線「東比恵」徒歩13分,71.7,3LDK,1994年7月,https://suumo.jp//ms/chuko/fukuoka/sc_fukuokashihakata/nc_20421796/,東比恵,地下鉄空港線,13,1994-07-01,32,20421796
ツインタワー空港通り,3599,福岡県福岡市博多区豊１,地下鉄空港線「東比恵」徒歩12分,71.7,3LDK,1994年4月,https://suumo.jp//ms/chuko/fukuoka/sc_fukuokashihakata/nc_20066553/,東比恵,地下鉄空港線,12,1994-04-01,32,20066553
ツインタワー空港通り,3599,福岡県福岡市博多区豊１-1-17,地下鉄空港線「東比恵」徒歩13分,71.7,3LDK,1994年7月,https://suumo.jp//ms/chuko/fukuoka/sc_fukuokashihakata/nc_20370756/,東比恵,地下鉄空港線,13,1994-07-01,32,20370756
ツインタワー空港通り,3599,福岡県福岡市博多区豊１,地下鉄空港線「東比恵」徒歩13分,71.7,3LDK,1994年7月,https://suumo.jp//ms/chuko/fukuoka/sc_fukuokashihakata/nc_20446736/,東比恵,地下鉄空港線,13,1994-07-01,32,20446736
ツインタワー空港通り,3599,福岡県福岡市博多区豊１-1-17,地下鉄空港線「東比恵」徒歩12分,71.7,3LDK,1994年7月,https://suumo.jp//ms/chuko/fukuoka/sc_fukuokashihakata/nc_79093684/,東比恵,地下鉄空港線,12,1994-07-01,32,79093684
ツインタワー空港通り,3599,福岡県福岡市博多区豊１-1-17,地下鉄空港線「東比恵」徒歩12分,71.7,3LDK,1994年7月,https://suumo.jp//ms/chuko/fukuoka/sc_fukuokashihakata/nc_79198729/,東比恵,地下鉄空港線,12,1994-07-01,32,79198729
コープ野村白金,3600,福岡県福岡市中央区白金１,西鉄天神大牟田線「薬院」徒歩7分,64.54,3LDK,1983年8月,https://suumo.jp//ms/chuko/fukuoka/sc_fukuokashichuo/nc_79028679/,薬院,西鉄天神大牟田線,7,1983-08-01,43,79028679
パークハイツ赤坂,3680,福岡県福岡市中央区赤坂２,地下鉄空港線「赤坂」徒歩14分,70.01,2LDK,1979年1月,https://suumo.jp//ms/chuko/fukuoka/sc_fukuokashichuo/nc_78748147/,赤坂,地下鉄空港線,14,1979-01-01,47,78748147
シャンボール舞鶴,3680,福岡県福岡市中央区舞鶴２,地下鉄空港線「赤坂」徒歩3分,56.7,1LDK+S（納戸）,1979年4月,https://suumo.jp//ms/chuko/fukuoka/sc_fukuokashichuo/nc_79039453/,赤坂,地下鉄空港線,3,1979-04-01,47,79039453
藤和コープソシエ大名,3680,福岡県福岡市中央区大名１-1-35,地下鉄七隈線「天神南」徒歩8分,67.0,2LDK,1979年11月,https://suumo.jp//ms/chuko/fukuoka/sc_fukuokashichuo/nc_78724447/,天神南,地下鉄七隈線,8,1979-11-01,47,78724447
藤和コープソシエ大名,3680,福岡県福岡市中央区大名１,地下鉄七隈線「天神南」徒歩8分,67.0,2LDK,1979年11月,https://suumo.jp//ms/chuko/fukuoka/sc_fukuokashichuo/nc_78779087/,天神南,地下鉄七隈線,8,1979-11-01,47,78779087
シティオ鳥飼,3680,福岡県福岡市城南区鳥飼５,地下鉄七隈線「六本松」徒歩5分,66.69,3LDK,1996年3月,https://suumo.jp//ms/chuko/fukuoka/sc_fukuokashijonan/nc_77963044/,六本松,地下鉄七隈線,5,1996-03-01,30,77963044
平尾ハウス,3680,福岡県福岡市中央区平尾１,西鉄天神大牟田線「薬院」徒歩7分,79.05,2LDK,1980年4月,https://suumo.jp//ms/chuko/fukuoka/sc_fukuokashichuo/nc_20450630/,薬院,西鉄天神大牟田線,7,1980-04-01,46,20450630
ロマネスク西新,3690,福岡県福岡市早良区祖原,地下鉄空港線「西新」徒歩6分,67.89,2LDK,1984年6月,https://suumo.jp//ms/chuko/fukuoka/sc_fukuokashisawara/nc_20186827/,西新,地下鉄空港線,6,1984-06-01,42,20186827
オープンレジデンシア渡辺通南,3690,福岡県福岡市中央区清川２,地下鉄七隈線「渡辺通」徒歩9分,38.25,1LDK,2024年9月,https://suumo.jp//ms/chuko/fukuoka/sc_fukuokashichuo/nc_20421007/,渡辺通,地下鉄七隈線,9,2024-09-01,2,20421007
のむら祖原公園ヒルズ,3698,福岡県福岡市早良区昭代１,地下鉄空港線「西新」徒歩14分,70.07,3LDK,1996年8月,https://suumo.jp//ms/chuko/fukuoka/sc_fukuokashisawara/nc_78789979/,西新,地下鉄空港線,14,1996-08-01,30,78789979
ラフィネスシャトードゥ赤坂,3699,福岡県福岡市中央区大手門１,地下鉄空港線「赤坂」徒歩7分,32.81,1LDK,2002年6月,https://suumo.jp//ms/chuko/fukuoka/sc_fukuokashichuo/nc_20294623/,赤坂,地下鉄空港線,7,2002-06-01,24,20294623
ラフィネスシャトードゥ赤坂,3699,福岡県福岡市中央区大手門１,地下鉄空港線「赤坂」徒歩7分,32.81,1LDK,2002年6月,https://suumo.jp//ms/chuko/fukuoka/sc_fukuokashichuo/nc_20392329/,赤坂,地下鉄空港線,7,2002-06-01,24,20392329
ロイヤルマンション別府6,3700,福岡県福岡市城南区別府６,地下鉄七隈線「別府」徒歩7分,81.19,4LDK,1994年11月,https://suumo.jp//ms/chuko/fukuoka/sc_fukuokashijonan/nc_77800156/,別府,地下鉄七隈線,7,1994-11-01,32,77800156
ロイヤルマンション別府6,3700,福岡県福岡市城南区別府６,地下鉄七隈線「別府」徒歩6分,81.19,4LDK,1994年11月,https://suumo.jp//ms/chuko/fukuoka/sc_fukuokashijonan/nc_77585206/,別府,地下鉄七隈線,6,1994-11-01,32,77585206
ロイヤルマンション別府六,3700,福岡県福岡市城南区別府６,地下鉄七隈線「別府」徒歩7分,81.19,4LDK,1994年11月,https://suumo.jp//ms/chuko/fukuoka/sc_fukuokashijonan/nc_77737101/,別府,地下鉄七隈線,7,1994-11-01,32,77737101
ロイヤルマンション別府六,3700,福岡県福岡市城南区別府６,地下鉄七隈線「別府」徒歩6分,81.19,4LDK,1994年11月,https://suumo.jp//ms/chuko/fukuoka/sc_fukuokashijonan/nc_20451508/,別府,地下鉄七隈線,6,1994-11-01,32,20451508
オープンレジデンシア天神今泉,3750,福岡県福岡市中央区今泉２,地下鉄七隈線「薬院大通」徒歩7分,34.12,1LDK,2023年9月,https://suumo.jp//ms/chuko/fukuoka/sc_fukuokashichuo/nc_75894792/,薬院大通,地下鉄七隈線,7,2023-09-01,3,75894792
星和今泉コーポラス,3780,福岡県福岡市中央区今泉２,地下鉄七隈線「薬院大通」徒歩7分,88.0,3LDK,1982年2月,https://suumo.jp//ms/chuko/fukuoka/sc_fukuokashichuo/nc_78533278/,薬院大通,地下鉄七隈線,7,1982-02-01,44,78533278
赤坂エクセル,3780,福岡県福岡市中央区赤坂３-8-26,地下鉄空港線「赤坂」徒歩11分,99.0,1LDK,1974年11月,https://suumo.jp//ms/chuko/fukuoka/sc_fukuokashichuo/nc_79155392/,赤坂,地下鉄空港線,11,1974-11-01,52,79155392
トラスト福岡空港駅レジデンス,3790,福岡県糟屋郡志免町別府北４,地下鉄空港線「福岡空港」徒歩14分,65.55,3LDK,2024年5月,https://suumo.jp//ms/chuko/fukuoka/sc_kasuyagunshime/nc_77251778/,福岡空港,地下鉄空港線,14,2024-05-01,2,77251778
パーク・サンリヤン博多の森Ⅳ番館　【担当：蔵内】　ま…,3799,福岡県糟屋郡志免町別府西２,地下鉄空港線「福岡空港」徒歩12分,95.8,4LDK,2012年2月,https://suumo.jp//ms/chuko/fukuoka/sc_kasuyagunshime/nc_79058781/,福岡空港,地下鉄空港線,12,2012-02-01,14,79058781
パーク・サンリヤン博多の森Ⅳ番館,3799,福岡県糟屋郡志免町別府西２,地下鉄空港線「福岡空港」徒歩11分,95.8,4LDK,2012年2月,https://suumo.jp//ms/chuko/fukuoka/sc_kasuyagunshime/nc_78681770/,福岡空港,地下鉄空港線,11,2012-02-01,14,78681770
オープンレジデンシア薬院二丁目,3800,福岡県福岡市中央区薬院２,地下鉄七隈線「薬院大通」徒歩3分,34.31,1LDK,2023年2月,https://suumo.jp//ms/chuko/fukuoka/sc_fukuokashichuo/nc_75193496/,薬院大通,地下鉄七隈線,3,2023-02-01,3,75193496
オープンレジデンシア渡辺通南,3800,福岡県福岡市中央区清川２,地下鉄七隈線「渡辺通」徒歩10分,38.25,1LDK,2024年9月,https://suumo.jp//ms/chuko/fukuoka/sc_fukuokashichuo/nc_78135127/,渡辺通,地下鉄七隈線,10,2024-09-01,2,78135127
モントーレラコルタユニバ通り,3800,福岡県糟屋郡志免町別府西３,地下鉄空港線「福岡空港」徒歩10分,93.57,3LDK,2013年6月,https://suumo.jp//ms/chuko/fukuoka/sc_kasuyagunshime/nc_78688527/,福岡空港,地下鉄空港線,10,2013-06-01,13,78688527
オープンレジデンシア渡辺通南,3800,福岡県福岡市中央区清川２-18-19,地下鉄七隈線「渡辺通」徒歩9分,38.25,1LDK,2024年8月,https://suumo.jp//ms/chuko/fukuoka/sc_fukuokashichuo/nc_20160796/,渡辺通,地下鉄七隈線,9,2024-08-01,2,20160796
KBCマンションユーハイム百道,3850,福岡県福岡市早良区百道１,地下鉄空港線「藤崎」徒歩6分,83.47,3LDK,1986年11月,https://suumo.jp//ms/chuko/fukuoka/sc_fukuokashisawara/nc_78108711/,藤崎,地下鉄空港線,6,1986-11-01,40,78108711
オープンレジデンシア大濠公園,3850,福岡県福岡市中央区大手門２,地下鉄空港線「大濠公園」徒歩5分,34.78,1LDK,2023年4月,https://suumo.jp//ms/chuko/fukuoka/sc_fukuokashichuo/nc_20054950/,大濠公園,地下鉄空港線,5,2023-04-01,3,20054950
ＫＢＣマンションユーハイム百道,3850,福岡県福岡市早良区百道１,地下鉄空港線「藤崎」徒歩6分,83.47,3LDK,1986年11月,https://suumo.jp//ms/chuko/fukuoka/sc_fukuokashisawara/nc_79176144/,藤崎,地下鉄空港線,6,1986-11-01,40,79176144
トーカンマンション今泉,3880,福岡県福岡市中央区今泉１,地下鉄七隈線「天神南」徒歩7分,78.26,3LDK,1980年6月,https://suumo.jp//ms/chuko/fukuoka/sc_fukuokashichuo/nc_20219578/,天神南,地下鉄七隈線,7,1980-06-01,46,20219578
ミスモ天神,3880,福岡県福岡市中央区渡辺通２,地下鉄七隈線「薬院」徒歩4分,33.37,1LDK,2023年3月,https://suumo.jp//ms/chuko/fukuoka/sc_fukuokashichuo/nc_78551396/,薬院,地下鉄七隈線,4,2023-03-01,3,78551396
ロイヤルマンション別府６,3898,福岡県福岡市城南区別府６,地下鉄七隈線「別府」徒歩7分,81.19,4LDK,1994年11月,https://suumo.jp//ms/chuko/fukuoka/sc_fukuokashijonan/nc_78230993/,別府,地下鉄七隈線,7,1994-11-01,32,78230993
藤和シティホームズ別府,3950,福岡県福岡市城南区別府２,地下鉄七隈線「別府」徒歩1分,70.15,3LDK,1996年9月,https://suumo.jp//ms/chuko/fukuoka/sc_fukuokashijonan/nc_20353116/,別府,地下鉄七隈線,1,1996-09-01,30,20353116
サンライフ六本松,3980,福岡県福岡市中央区草香江２,地下鉄七隈線「六本松」徒歩2分,60.02,1LDK+S（納戸）,1984年5月,https://suumo.jp//ms/chuko/fukuoka/sc_fukuokashichuo/nc_20062724/,六本松,地下鉄七隈線,2,1984-05-01,42,20062724
南薬院パークマンション,3980,福岡県福岡市中央区薬院２,地下鉄七隈線「薬院大通」徒歩5分,71.5,3LDK,1985年5月,https://suumo.jp//ms/chuko/fukuoka/sc_fukuokashichuo/nc_79095587/,薬院大通,地下鉄七隈線,5,1985-05-01,41,79095587
エスポワール浄水通り,3980,福岡県福岡市中央区薬院４,地下鉄七隈線「薬院大通」徒歩4分,68.25,3LDK,1984年11月,https://suumo.jp//ms/chuko/fukuoka/sc_fukuokashichuo/nc_78988985/,薬院大通,地下鉄七隈線,4,1984-11-01,42,78988985
コアマンション祖原公園,3980,福岡県福岡市早良区昭代１,地下鉄空港線「西新」徒歩15分,71.8,2LDK,1999年5月,https://suumo.jp//ms/chuko/fukuoka/sc_fukuokashisawara/nc_77631768/,西新,地下鉄空港線,15,1999-05-01,27,77631768
南薬院パークマンション,3980,福岡県福岡市中央区薬院２,地下鉄七隈線「薬院大通」徒歩3分,71.5,3LDK,1985年5月,https://suumo.jp//ms/chuko/fukuoka/sc_fukuokashichuo/nc_78715206/,薬院大通,地下鉄七隈線,3,1985-05-01,41,78715206
日商岩井今泉マンション,3980,福岡県福岡市中央区今泉２,地下鉄七隈線「薬院大通」徒歩7分,78.75,3LDK,1974年7月,https://suumo.jp//ms/chuko/fukuoka/sc_fukuokashichuo/nc_20352263/,薬院大通,地下鉄七隈線,7,1974-07-01,52,20352263
鳥飼第二パインマンション,3990,福岡県福岡市城南区鳥飼４,地下鉄七隈線「別府」徒歩8分,86.52,4LDK,1986年7月,https://suumo.jp//ms/chuko/fukuoka/sc_fukuokashijonan/nc_20237741/,別府,地下鉄七隈線,8,1986-07-01,40,20237741
赤坂エクセル,3990,福岡県福岡市中央区赤坂３,地下鉄空港線「赤坂」徒歩12分,99.0,1LDK+S（納戸）,1974年11月,https://suumo.jp//ms/chuko/fukuoka/sc_fukuokashichuo/nc_20178299/,赤坂,地下鉄空港線,12,1974-11-01,52,20178299
サンシティ鳥飼,3999,福岡県福岡市城南区鳥飼４-9,地下鉄七隈線「別府」徒歩10分,68.48,3LDK,1994年3月,https://suumo.jp//ms/chuko/fukuoka/sc_fukuokashijonan/nc_20445475/,別府,地下鉄七隈線,10,1994-03-01,32,20445475
ジョイナス天神タワー,3999,福岡県福岡市博多区対馬小路,地下鉄空港線「中洲川端」徒歩10分,56.14,2LDK,1997年1月,https://suumo.jp//ms/chuko/fukuoka/sc_fukuokashihakata/nc_20320416/,中洲川端,地下鉄空港線,10,1997-01-01,29,20320416
ジョイナス天神タワー,3999,福岡県福岡市博多区対馬小路12-20,地下鉄空港線「中洲川端」徒歩12分,56.14,2LDK,1997年1月,https://suumo.jp//ms/chuko/fukuoka/sc_fukuokashihakata/nc_20214160/,中洲川端,地下鉄空港線,12,1997-01-01,29,20214160
ジョイナス天神タワー,3999,福岡県福岡市博多区対馬小路,地下鉄空港線「天神」徒歩14分,56.14,2LDK,1997年1月,https://suumo.jp//ms/chuko/fukuoka/sc_fukuokashihakata/nc_78770495/,天神,地下鉄空港線,14,1997-01-01,29,78770495
サンシティ鳥飼,3999,福岡県福岡市城南区鳥飼４-9-3,地下鉄七隈線「別府」徒歩10分,68.48,3LDK,1994年3月,https://suumo.jp//ms/chuko/fukuoka/sc_fukuokashijonan/nc_78239404/,別府,地下鉄七隈線,10,1994-03-01,32,78239404
ジョイナス天神タワー,3999,福岡県福岡市博多区対馬小路,地下鉄空港線「中洲川端」徒歩12分,56.14,2LDK,1997年1月,https://suumo.jp//ms/chuko/fukuoka/sc_fukuokashihakata/nc_20414709/,中洲川端,地下鉄空港線,12,1997-01-01,29,20414709
ジョイナス天神タワー,3999,福岡県福岡市博多区対馬小路12,地下鉄空港線「天神」徒歩14分,56.14,2LDK,1997年1月,https://suumo.jp//ms/chuko/fukuoka/sc_fukuokashihakata/nc_78365855/,天神,地下鉄空港線,14,1997-01-01,29,78365855
サンシティ鳥飼◆☆全室リフォーム済み☆◆,3999,福岡県福岡市城南区鳥飼４,地下鉄七隈線「別府」徒歩10分,68.48,3LDK,1994年3月,https://suumo.jp//ms/chuko/fukuoka/sc_fukuokashijonan/nc_78963294/,別府,地下鉄七隈線,10,1994-03-01,32,78963294
サンシティ鳥飼,3999,福岡県福岡市城南区鳥飼４-9-3,地下鉄七隈線「別府」徒歩9分,68.49,3LDK,1994年3月,https://suumo.jp//ms/chuko/fukuoka/sc_fukuokashijonan/nc_20164538/,別府,地下鉄七隈線,9,1994-03-01,32,20164538
サンシティ鳥飼,3999,福岡県福岡市城南区鳥飼４,地下鉄七隈線「別府」徒歩10分,68.48,3LDK,1994年3月,https://suumo.jp//ms/chuko/fukuoka/sc_fukuokashijonan/nc_79009468/,別府,地下鉄七隈線,10,1994-03-01,32,79009468
サンシティ鳥飼,3999,福岡県福岡市城南区鳥飼４,地下鉄七隈線「別府」徒歩9分,68.48,3LDK,1994年3月,https://suumo.jp//ms/chuko/fukuoka/sc_fukuokashijonan/nc_78268682/,別府,地下鉄七隈線,9,1994-03-01,32,78268682
ジョイナス天神タワー,3999,福岡県福岡市博多区対馬小路,地下鉄空港線「中洲川端」徒歩11分,56.14,2LDK,1997年1月,https://suumo.jp//ms/chuko/fukuoka/sc_fukuokashihakata/nc_78349546/,中洲川端,地下鉄空港線,11,1997-01-01,29,78349546
サンシティ鳥飼,3999,福岡県福岡市城南区鳥飼４-9-3,地下鉄七隈線「別府」徒歩10分,68.48,3LDK,1994年3月,https://suumo.jp//ms/chuko/fukuoka/sc_fukuokashijonan/nc_20214158/,別府,地下鉄七隈線,10,1994-03-01,32,20214158
サンシティ鳥飼,3999,福岡県福岡市城南区鳥飼４,地下鉄七隈線「別府」徒歩12分,68.48,3LDK,1994年3月,https://suumo.jp//ms/chuko/fukuoka/sc_fukuokashijonan/nc_79210134/,別府,地下鉄七隈線,12,1994-03-01,32,79210134
サンシティ鳥飼,3999,福岡県福岡市城南区鳥飼４-9-3,地下鉄七隈線「別府」徒歩11分,64.48,3LDK,1994年3月,https://suumo.jp//ms/chuko/fukuoka/sc_fukuokashijonan/nc_20371760/,別府,地下鉄七隈線,11,1994-03-01,32,20371760
ジョイナス天神タワー,3999,福岡県福岡市博多区対馬小路,地下鉄空港線「中洲川端」徒歩11分,56.14,2LDK,1997年1月,https://suumo.jp//ms/chuko/fukuoka/sc_fukuokashihakata/nc_78288595/,中洲川端,地下鉄空港線,11,1997-01-01,29,78288595
ジョイナス天神タワー,3999,福岡県福岡市博多区対馬小路,地下鉄箱崎線「中洲川端」徒歩12分,56.14,2LDK,1997年1月,https://suumo.jp//ms/chuko/fukuoka/sc_fukuokashihakata/nc_20277199/,中洲川端,地下鉄箱崎線,12,1997-01-01,29,20277199
サンシティ鳥飼,3999,福岡県福岡市城南区鳥飼４,地下鉄七隈線「別府」徒歩8分,68.48,3LDK,1994年3月,https://suumo.jp//ms/chuko/fukuoka/sc_fukuokashijonan/nc_79215684/,別府,地下鉄七隈線,8,1994-03-01,32,79215684
サンシティ鳥飼,3999,福岡県福岡市城南区鳥飼４,地下鉄空港線「西新」徒歩13分,68.48,3LDK,1994年3月,https://suumo.jp//ms/chuko/fukuoka/sc_fukuokashijonan/nc_78927216/,西新,地下鉄空港線,13,1994-03-01,32,78927216
ジョイナス天神タワー,3999,福岡県福岡市博多区対馬小路12-20,地下鉄空港線「中洲川端」徒歩11分,56.14,2LDK,1997年1月,https://suumo.jp//ms/chuko/fukuoka/sc_fukuokashihakata/nc_78335800/,中洲川端,地下鉄空港線,11,1997-01-01,29,78335800
オープンレジデンシア博多駅南,4080,福岡県福岡市博多区博多駅南２,ＪＲ鹿児島本線「博多」徒歩11分,34.58,1DK,2024年8月,https://suumo.jp//ms/chuko/fukuoka/sc_fukuokashihakata/nc_20408895/,博多,ＪＲ鹿児島本線,11,2024-08-01,2,20408895
ジョイナス天神タワー◆☆上質なデザイン空間☆◆,4099,福岡県福岡市博多区対馬小路,地下鉄空港線「中洲川端」徒歩11分,56.14,2LDK,1997年1月,https://suumo.jp//ms/chuko/fukuoka/sc_fukuokashihakata/nc_78642820/,中洲川端,地下鉄空港線,11,1997-01-01,29,78642820
オープンレジデンシア博多住吉,4120,福岡県福岡市博多区住吉２,地下鉄空港線「博多」徒歩9分,38.65,1LDK,2023年8月,https://suumo.jp//ms/chuko/fukuoka/sc_fukuokashihakata/nc_78348132/,博多,地下鉄空港線,9,2023-08-01,3,78348132
アンピール百年橋,4180,福岡県福岡市中央区清川３,地下鉄七隈線「渡辺通」徒歩14分,70.11,3LDK,1995年8月,https://suumo.jp//ms/chuko/fukuoka/sc_fukuokashichuo/nc_20344675/,渡辺通,地下鉄七隈線,14,1995-08-01,31,20344675
パーク・サンリヤン博多の森Ⅴ番館,4180,福岡県糟屋郡志免町別府西２,地下鉄空港線「福岡空港」徒歩12分,85.36,4LDK,2017年2月,https://suumo.jp//ms/chuko/fukuoka/sc_kasuyagunshime/nc_20033645/,福岡空港,地下鉄空港線,12,2017-02-01,9,20033645
モントーレヴェルキューブシティ福岡空港駅,4180,福岡県糟屋郡志免町別府西３,地下鉄空港線「福岡空港」徒歩11分,79.29,4LDK,2010年2月,https://suumo.jp//ms/chuko/fukuoka/sc_kasuyagunshime/nc_20250627/,福岡空港,地下鉄空港線,11,2010-02-01,16,20250627
オープンレジデンシア博多住吉,4190,福岡県福岡市博多区住吉２,地下鉄七隈線「櫛田神社前」徒歩6分,38.65,1LDK,2023年9月,https://suumo.jp//ms/chuko/fukuoka/sc_fukuokashihakata/nc_77553274/,櫛田神社前,地下鉄七隈線,6,2023-09-01,3,77553274
オープンレジデンシア博多住吉,4190,福岡県福岡市博多区住吉２,ＪＲ鹿児島本線「博多」徒歩11分,38.65,1LDK,2023年8月,https://suumo.jp//ms/chuko/fukuoka/sc_fukuokashihakata/nc_78667477/,博多,ＪＲ鹿児島本線,11,2023-08-01,3,78667477
サンシティ鳥飼,4199,福岡県福岡市城南区鳥飼４-9-3,地下鉄七隈線「別府」徒歩11分,68.48,3LDK,1994年3月,https://suumo.jp//ms/chuko/fukuoka/sc_fukuokashijonan/nc_79013671/,別府,地下鉄七隈線,11,1994-03-01,32,79013671
ジョイナス天神タワー　フルリノベーション物件,4199,福岡県福岡市博多区対馬小路,地下鉄空港線「中洲川端」徒歩11分,56.14,2LDK,1997年1月,https://suumo.jp//ms/chuko/fukuoka/sc_fukuokashihakata/nc_78588120/,中洲川端,地下鉄空港線,11,1997-01-01,29,78588120
ネオグランデ六本松ヒルズ,4200,福岡県福岡市中央区六本松３-11-12,地下鉄七隈線「六本松」徒歩6分,78.14,3LDK,1999年9月,https://suumo.jp//ms/chuko/fukuoka/sc_fukuokashichuo/nc_78147889/,六本松,地下鉄七隈線,6,1999-09-01,27,78147889
パーク・サンリヤン博多の森Ⅰ・Ⅱ番館,4280,福岡県糟屋郡志免町別府西２,地下鉄空港線「福岡空港」徒歩10分,82.19,3LDK,2003年3月,https://suumo.jp//ms/chuko/fukuoka/sc_kasuyagunshime/nc_78809967/,福岡空港,地下鉄空港線,10,2003-03-01,23,78809967
アンピール天神東,4280,福岡県福岡市中央区春吉２,地下鉄七隈線「櫛田神社前」徒歩8分,65.04,2LDK,2004年2月,https://suumo.jp//ms/chuko/fukuoka/sc_fukuokashichuo/nc_78767909/,櫛田神社前,地下鉄七隈線,8,2004-02-01,22,78767909
アートウィル赤坂,4280,福岡県福岡市中央区赤坂３,地下鉄七隈線「桜坂」徒歩9分,65.61,3LDK,1994年10月,https://suumo.jp//ms/chuko/fukuoka/sc_fukuokashichuo/nc_79112729/,桜坂,地下鉄七隈線,9,1994-10-01,32,79112729
アンピール天神東,4280,福岡県福岡市中央区春吉２,地下鉄七隈線「天神南」徒歩9分,65.04,2LDK,2004年2月,https://suumo.jp//ms/chuko/fukuoka/sc_fukuokashichuo/nc_78854557/,天神南,地下鉄七隈線,9,2004-02-01,22,78854557
エンゼルハイム大濠公園南,4280,福岡県福岡市城南区鳥飼６,地下鉄七隈線「別府」徒歩4分,93.74,4LDK,1990年5月,https://suumo.jp//ms/chuko/fukuoka/sc_fukuokashijonan/nc_77475285/,別府,地下鉄七隈線,4,1990-05-01,36,77475285
イニシアイオ大名,4280,福岡県福岡市中央区大名１-9-4,地下鉄空港線「赤坂」徒歩5分,45.0,1LDK,2008年1月,https://suumo.jp//ms/chuko/fukuoka/sc_fukuokashichuo/nc_20410240/,赤坂,地下鉄空港線,5,2008-01-01,18,20410240
アルデ別府,4290,福岡県福岡市城南区別府１,地下鉄七隈線「別府」徒歩4分,112.19,3LDK,2006年1月,https://suumo.jp//ms/chuko/fukuoka/sc_fukuokashijonan/nc_78956899/,別府,地下鉄七隈線,4,2006-01-01,20,78956899
ジョイナス天神タワー,4298,福岡県福岡市博多区対馬小路,地下鉄空港線「中洲川端」徒歩11分,72.59,3LDK,1997年1月,https://suumo.jp//ms/chuko/fukuoka/sc_fukuokashihakata/nc_20390570/,中洲川端,地下鉄空港線,11,1997-01-01,29,20390570
ジョイナス天神タワー,4298,福岡県福岡市博多区対馬小路,地下鉄空港線「天神」徒歩14分,72.59,3LDK,1997年1月,https://suumo.jp//ms/chuko/fukuoka/sc_fukuokashihakata/nc_77672927/,天神,地下鉄空港線,14,1997-01-01,29,77672927
ジョイナス天神タワー,4298,福岡県福岡市博多区対馬小路,地下鉄空港線「中洲川端」徒歩11分,72.59,3LDK,1997年1月,https://suumo.jp//ms/chuko/fukuoka/sc_fukuokashihakata/nc_77737483/,中洲川端,地下鉄空港線,11,1997-01-01,29,77737483
モントーレ東比恵クレア,4299,福岡県福岡市博多区東比恵３-19-10,地下鉄空港線「東比恵」徒歩3分,42.77,1LDK,2019年2月,https://suumo.jp//ms/chuko/fukuoka/sc_fukuokashihakata/nc_79198730/,東比恵,地下鉄空港線,3,2019-02-01,7,79198730
モントーレ東比恵クレア【担当：鍋嶋】　までお気軽にお…,4299,福岡県福岡市博多区東比恵３,地下鉄空港線「東比恵」徒歩2分,42.77,1LDK,2019年2月,https://suumo.jp//ms/chuko/fukuoka/sc_fukuokashihakata/nc_79194902/,東比恵,地下鉄空港線,2,2019-02-01,7,79194902
モントーレ東比恵クレア,4299,福岡県福岡市博多区東比恵３,地下鉄空港線「東比恵」徒歩3分,42.77,1LDK,2019年2月,https://suumo.jp//ms/chuko/fukuoka/sc_fukuokashihakata/nc_79197908/,東比恵,地下鉄空港線,3,2019-02-01,7,79197908
モントーレ東比恵クレア,4299,福岡県福岡市博多区東比恵３,地下鉄空港線「東比恵」徒歩2分,42.77,1LDK,2019年2月,https://suumo.jp//ms/chuko/fukuoka/sc_fukuokashihakata/nc_79199369/,東比恵,地下鉄空港線,2,2019-02-01,7,79199369
モントーレ東比恵クレア,4299,福岡県福岡市博多区東比恵３-19-10,地下鉄空港線「東比恵」徒歩2分,42.77,1LDK,2019年3月,https://suumo.jp//ms/chuko/fukuoka/sc_fukuokashihakata/nc_79202922/,東比恵,地下鉄空港線,2,2019-03-01,7,79202922
モントーレ東比恵クレア,4299,福岡県福岡市博多区東比恵３,地下鉄空港線「東比恵」徒歩3分,42.77,1LDK,2019年2月,https://suumo.jp//ms/chuko/fukuoka/sc_fukuokashihakata/nc_20106814/,東比恵,地下鉄空港線,3,2019-02-01,7,20106814
モントーレ東比恵クレア,4299,福岡県福岡市博多区東比恵３-19-10,地下鉄空港線「東比恵」徒歩2分,42.77,1LDK,2019年2月,https://suumo.jp//ms/chuko/fukuoka/sc_fukuokashihakata/nc_20082171/,東比恵,地下鉄空港線,2,2019-02-01,7,20082171
シティライフ山王公園南,4299,福岡県福岡市博多区半道橋１,地下鉄空港線「東比恵」徒歩15分,80.16,4LDK,1999年2月,https://suumo.jp//ms/chuko/fukuoka/sc_fukuokashihakata/nc_20264144/,東比恵,地下鉄空港線,15,1999-02-01,27,20264144
ブラントン薬院,4350,福岡県福岡市中央区薬院３,西鉄天神大牟田線「薬院」徒歩3分,34.31,1LDK,2023年1月,https://suumo.jp//ms/chuko/fukuoka/sc_fukuokashichuo/nc_79111834/,薬院,西鉄天神大牟田線,3,2023-01-01,3,79111834
藤崎ロジュマン,4380,福岡県福岡市早良区昭代３-9-5,地下鉄空港線「藤崎」徒歩13分,82.76,4LDK,1988年3月,https://suumo.jp//ms/chuko/fukuoka/sc_fukuokashisawara/nc_20429318/,藤崎,地下鉄空港線,13,1988-03-01,38,20429318
藤崎ロジュマン,4380,福岡県福岡市早良区昭代３,地下鉄空港線「藤崎」徒歩10分,82.76,4LDK,1988年3月,https://suumo.jp//ms/chuko/fukuoka/sc_fukuokashisawara/nc_78457540/,藤崎,地下鉄空港線,10,1988-03-01,38,78457540
藤崎ロジュマン,4380,福岡県福岡市早良区昭代３,地下鉄空港線「藤崎」徒歩12分,82.76,4LDK,1988年3月,https://suumo.jp//ms/chuko/fukuoka/sc_fukuokashisawara/nc_20245669/,藤崎,地下鉄空港線,12,1988-03-01,38,20245669
藤崎ロジュマン,4380,福岡県福岡市早良区昭代３,地下鉄空港線「藤崎」徒歩11分,82.76,4LDK,1988年3月,https://suumo.jp//ms/chuko/fukuoka/sc_fukuokashisawara/nc_79053877/,藤崎,地下鉄空港線,11,1988-03-01,38,79053877
藤崎ロジュマン,4380,福岡県福岡市早良区昭代３,地下鉄空港線「藤崎」徒歩10分,82.76,4LDK,1988年3月,https://suumo.jp//ms/chuko/fukuoka/sc_fukuokashisawara/nc_78433725/,藤崎,地下鉄空港線,10,1988-03-01,38,78433725
百道タワー,4380,福岡県福岡市早良区百道浜１,地下鉄空港線「西新」徒歩9分,57.44,1LDK,2004年2月,https://suumo.jp//ms/chuko/fukuoka/sc_fukuokashisawara/nc_79101038/,西新,地下鉄空港線,9,2004-02-01,22,79101038
アンピール別府Ⅱ,4380,福岡県福岡市城南区別府３,地下鉄七隈線「別府」徒歩3分,66.29,3LDK,1993年8月,https://suumo.jp//ms/chuko/fukuoka/sc_fukuokashijonan/nc_20451509/,別府,地下鉄七隈線,3,1993-08-01,33,20451509
クリオ渡辺通アーバンマークス,4380,福岡県福岡市中央区清川２,地下鉄七隈線「渡辺通」徒歩9分,44.58,2LDK,2023年2月,https://suumo.jp//ms/chuko/fukuoka/sc_fukuokashichuo/nc_79085867/,渡辺通,地下鉄七隈線,9,2023-02-01,3,79085867
アクロス大濠公園グランビュー,4380,福岡県福岡市中央区黒門,地下鉄空港線「唐人町」徒歩3分,37.11,1LDK,2025年2月,https://suumo.jp//ms/chuko/fukuoka/sc_fukuokashichuo/nc_20401004/,唐人町,地下鉄空港線,3,2025-02-01,1,20401004
エンクレストベイサイド通り,4399,福岡県福岡市博多区築港本町7-14,地下鉄空港線「中洲川端」徒歩15分,54.02,1LDK,2016年5月,https://suumo.jp//ms/chuko/fukuoka/sc_fukuokashihakata/nc_20104059/,中洲川端,地下鉄空港線,15,2016-05-01,10,20104059
エンクレストベイサイド通り,4399,福岡県福岡市博多区築港本町7,地下鉄箱崎線「中洲川端」徒歩13分,54.02,1LDK,2016年5月,https://suumo.jp//ms/chuko/fukuoka/sc_fukuokashihakata/nc_78857935/,中洲川端,地下鉄箱崎線,13,2016-05-01,10,78857935
エンクレストベイサイド通り,4399,福岡県福岡市博多区築港本町,地下鉄箱崎線「中洲川端」徒歩13分,54.02,1LDK,2016年5月,https://suumo.jp//ms/chuko/fukuoka/sc_fukuokashihakata/nc_78915896/,中洲川端,地下鉄箱崎線,13,2016-05-01,10,78915896
アンピール博多駅,4399,福岡県福岡市博多区堅粕３,ＪＲ鹿児島本線「博多」徒歩14分,73.6,3LDK,1997年10月,https://suumo.jp//ms/chuko/fukuoka/sc_fukuokashihakata/nc_78998938/,博多,ＪＲ鹿児島本線,14,1997-10-01,29,78998938
エンクレストベイサイド通り,4399,福岡県福岡市博多区築港本町7-14,地下鉄箱崎線「中洲川端」徒歩15分,54.02,1LDK,2016年5月,https://suumo.jp//ms/chuko/fukuoka/sc_fukuokashihakata/nc_79023667/,中洲川端,地下鉄箱崎線,15,2016-05-01,10,79023667
エンクレストベイサイド通り,4399,福岡県福岡市博多区築港本町7-14,地下鉄空港線「中洲川端」徒歩13分,54.02,1LDK,2016年5月,https://suumo.jp//ms/chuko/fukuoka/sc_fukuokashihakata/nc_78789362/,中洲川端,地下鉄空港線,13,2016-05-01,10,78789362
ダイナコートエスパシオ舞鶴,4400,福岡県福岡市中央区舞鶴２,地下鉄空港線「赤坂」徒歩6分,52.92,2LDK,1996年11月,https://suumo.jp//ms/chuko/fukuoka/sc_fukuokashichuo/nc_20152977/,赤坂,地下鉄空港線,6,1996-11-01,30,20152977
デュオヴェール博多駅,4480,福岡県福岡市博多区博多駅東１,ＪＲ鹿児島本線「博多」徒歩8分,43.82,1LDK,2023年6月,https://suumo.jp//ms/chuko/fukuoka/sc_fukuokashihakata/nc_20392505/,博多,ＪＲ鹿児島本線,8,2023-06-01,3,20392505
ＫＢＣマンションユーハイム赤坂南,4480,福岡県福岡市中央区警固２,地下鉄七隈線「薬院大通」徒歩7分,84.87,2LDK,1986年2月,https://suumo.jp//ms/chuko/fukuoka/sc_fukuokashichuo/nc_78851188/,薬院大通,地下鉄七隈線,7,1986-02-01,40,78851188
ＫＢＣマンションユーハイム赤坂南,4480,福岡県福岡市中央区警固２,地下鉄七隈線「薬院大通」徒歩7分,84.87,2LDK,1986年2月,https://suumo.jp//ms/chuko/fukuoka/sc_fukuokashichuo/nc_79226603/,薬院大通,地下鉄七隈線,7,1986-02-01,40,79226603
コアマンション城南ネクステージ,4490,福岡県福岡市城南区田島１,地下鉄七隈線「別府」徒歩13分,77.02,3LDK,2004年10月,https://suumo.jp//ms/chuko/fukuoka/sc_fukuokashijonan/nc_20370315/,別府,地下鉄七隈線,13,2004-10-01,22,20370315
コスモ博多古門戸,4499,福岡県福岡市博多区古門戸町,地下鉄空港線「中洲川端」徒歩8分,54.49,1LDK+S（納戸）,2003年1月,https://suumo.jp//ms/chuko/fukuoka/sc_fukuokashihakata/nc_20365400/,中洲川端,地下鉄空港線,8,2003-01-01,23,20365400
リファレンス天神南,4499,福岡県福岡市中央区清川２-4-9,地下鉄七隈線「渡辺通」徒歩13分,65.32,3LDK,2002年3月,https://suumo.jp//ms/chuko/fukuoka/sc_fukuokashichuo/nc_20111756/,渡辺通,地下鉄七隈線,13,2002-03-01,24,20111756
コスモ博多古門戸,4499,福岡県福岡市博多区古門戸町,地下鉄空港線「中洲川端」徒歩9分,54.49,1LDK+S（納戸）,2003年1月,https://suumo.jp//ms/chuko/fukuoka/sc_fukuokashihakata/nc_78770492/,中洲川端,地下鉄空港線,9,2003-01-01,23,78770492
クリオラベルヴィ呉服町,4499,福岡県福岡市博多区下呉服町3-19,地下鉄空港線「中洲川端」徒歩13分,47.0,2LDK,2018年1月,https://suumo.jp//ms/chuko/fukuoka/sc_fukuokashihakata/nc_20104074/,中洲川端,地下鉄空港線,13,2018-01-01,8,20104074
エンクレストベイサイド通り,4499,福岡県福岡市博多区築港本町,地下鉄空港線「中洲川端」徒歩13分,54.02,1LDK,2016年5月,https://suumo.jp//ms/chuko/fukuoka/sc_fukuokashihakata/nc_78906325/,中洲川端,地下鉄空港線,13,2016-05-01,10,78906325
リファレンス天神南,4499,福岡県福岡市中央区清川２,地下鉄七隈線「渡辺通」徒歩13分,65.32,3LDK,2002年3月,https://suumo.jp//ms/chuko/fukuoka/sc_fukuokashichuo/nc_20232459/,渡辺通,地下鉄七隈線,13,2002-03-01,24,20232459
ロワールマンション西公園東◆☆開放感のあるお部屋☆◆,4499,福岡県福岡市中央区港２,地下鉄空港線「大濠公園」徒歩6分,67.8,3LDK,1999年1月,https://suumo.jp//ms/chuko/fukuoka/sc_fukuokashichuo/nc_20005385/,大濠公園,地下鉄空港線,6,1999-01-01,27,20005385
コスモ博多古門戸,4499,福岡県福岡市博多区古門戸町,地下鉄箱崎線「中洲川端」徒歩9分,54.49,1LDK+S（納戸）,2003年1月,https://suumo.jp//ms/chuko/fukuoka/sc_fukuokashihakata/nc_20452096/,中洲川端,地下鉄箱崎線,9,2003-01-01,23,20452096
リファレンス天神南,4499,福岡県福岡市中央区清川２-4-9,地下鉄七隈線「渡辺通」徒歩13分,65.32,3LDK,2002年3月,https://suumo.jp//ms/chuko/fukuoka/sc_fukuokashichuo/nc_20272095/,渡辺通,地下鉄七隈線,13,2002-03-01,24,20272095
エンクレストベイサイド通り,4499,福岡県福岡市博多区築港本町,地下鉄空港線「中洲川端」徒歩13分,54.02,1LDK,2016年5月,https://suumo.jp//ms/chuko/fukuoka/sc_fukuokashihakata/nc_78949939/,中洲川端,地下鉄空港線,13,2016-05-01,10,78949939
リファレンス天神南,4499,福岡県福岡市中央区清川２-4-9,地下鉄七隈線「渡辺通」徒歩13分,65.32,3LDK,2002年3月,https://suumo.jp//ms/chuko/fukuoka/sc_fukuokashichuo/nc_20443605/,渡辺通,地下鉄七隈線,13,2002-03-01,24,20443605
クリオラベルヴィ呉服町,4499,福岡県福岡市博多区下呉服町3,地下鉄箱崎線「中洲川端」徒歩12分,47.0,2LDK,2018年1月,https://suumo.jp//ms/chuko/fukuoka/sc_fukuokashihakata/nc_20127359/,中洲川端,地下鉄箱崎線,12,2018-01-01,8,20127359
コスモ博多古門戸,4499,福岡県福岡市博多区古門戸町10-5,地下鉄箱崎線「中洲川端」徒歩9分,54.49,1LDK,2003年1月,https://suumo.jp//ms/chuko/fukuoka/sc_fukuokashihakata/nc_20214163/,中洲川端,地下鉄箱崎線,9,2003-01-01,23,20214163
コスモ博多古門戸,4499,福岡県福岡市博多区古門戸町,地下鉄空港線「中洲川端」徒歩9分,54.49,1LDK+S（納戸）,2003年1月,https://suumo.jp//ms/chuko/fukuoka/sc_fukuokashihakata/nc_20407524/,中洲川端,地下鉄空港線,9,2003-01-01,23,20407524
リファレンス天神南,4499,福岡県福岡市中央区清川２,地下鉄七隈線「渡辺通」徒歩12分,65.32,3LDK,2002年3月,https://suumo.jp//ms/chuko/fukuoka/sc_fukuokashichuo/nc_79226606/,渡辺通,地下鉄七隈線,12,2002-03-01,24,79226606
リファレンス天神南,4499,福岡県福岡市中央区清川２,地下鉄七隈線「渡辺通」徒歩13分,65.32,3LDK,2002年3月,https://suumo.jp//ms/chuko/fukuoka/sc_fukuokashichuo/nc_20096135/,渡辺通,地下鉄七隈線,13,2002-03-01,24,20096135
クリオラベルヴィ呉服町,4499,福岡県福岡市博多区下呉服町3-19,地下鉄箱崎線「中洲川端」徒歩12分,47.0,2LDK,2018年1月,https://suumo.jp//ms/chuko/fukuoka/sc_fukuokashihakata/nc_79056015/,中洲川端,地下鉄箱崎線,12,2018-01-01,8,79056015
クリオラベルヴィ呉服町,4499,福岡県福岡市博多区下呉服町,地下鉄空港線「中洲川端」徒歩12分,47.0,2LDK,2018年1月,https://suumo.jp//ms/chuko/fukuoka/sc_fukuokashihakata/nc_20443266/,中洲川端,地下鉄空港線,12,2018-01-01,8,20443266
リファレンス天神南,4499,福岡県福岡市中央区清川２,地下鉄七隈線「渡辺通」徒歩13分,65.32,3LDK,2002年3月,https://suumo.jp//ms/chuko/fukuoka/sc_fukuokashichuo/nc_20033456/,渡辺通,地下鉄七隈線,13,2002-03-01,24,20033456
コスモ博多古門戸,4499,福岡県福岡市博多区古門戸町10,地下鉄箱崎線「中洲川端」徒歩9分,54.49,1LDK+S（納戸）,2003年1月,https://suumo.jp//ms/chuko/fukuoka/sc_fukuokashihakata/nc_78475513/,中洲川端,地下鉄箱崎線,9,2003-01-01,23,78475513
リファレンス天神南,4499,福岡県福岡市中央区清川２-4-9,地下鉄七隈線「渡辺通」徒歩13分,65.32,3LDK,2002年3月,https://suumo.jp//ms/chuko/fukuoka/sc_fukuokashichuo/nc_20213313/,渡辺通,地下鉄七隈線,13,2002-03-01,24,20213313
ティアラ薬院,4580,福岡県福岡市中央区薬院２,地下鉄七隈線「薬院大通」徒歩3分,87.4,2LDK,1991年12月,https://suumo.jp//ms/chuko/fukuoka/sc_fukuokashichuo/nc_74671558/,薬院大通,地下鉄七隈線,3,1991-12-01,35,74671558
天神ロイアルハイツ,4590,福岡県福岡市中央区天神５,地下鉄空港線「天神」徒歩12分,92.07,3LDK,1981年2月,https://suumo.jp//ms/chuko/fukuoka/sc_fukuokashichuo/nc_79092524/,天神,地下鉄空港線,12,1981-02-01,45,79092524
シャンボール大名,4590,福岡県福岡市中央区大名２-10-4,地下鉄空港線「赤坂」徒歩3分,92.2,2LDK,1982年1月,https://suumo.jp//ms/chuko/fukuoka/sc_fukuokashichuo/nc_20370624/,赤坂,地下鉄空港線,3,1982-01-01,44,20370624
グランディア百道浜通り,4590,福岡県福岡市早良区西新２,地下鉄空港線「西新」徒歩9分,68.66,2LDK,2006年4月,https://suumo.jp//ms/chuko/fukuoka/sc_fukuokashisawara/nc_78698469/,西新,地下鉄空港線,9,2006-04-01,20,78698469
グランディア百道浜通り,4590,福岡県福岡市早良区西新２,地下鉄空港線「西新」徒歩9分,68.66,2LDK,2006年4月,https://suumo.jp//ms/chuko/fukuoka/sc_fukuokashisawara/nc_78668970/,西新,地下鉄空港線,9,2006-04-01,20,78668970
グランディア百道浜通り,4590,福岡県福岡市早良区西新２,地下鉄空港線「西新」徒歩9分,68.66,2LDK,2006年4月,https://suumo.jp//ms/chuko/fukuoka/sc_fukuokashisawara/nc_78653597/,西新,地下鉄空港線,9,2006-04-01,20,78653597
グランディア百道浜通り,4590,福岡県福岡市早良区西新２,地下鉄空港線「西新」徒歩8分,68.66,2LDK,2006年4月,https://suumo.jp//ms/chuko/fukuoka/sc_fukuokashisawara/nc_78646057/,西新,地下鉄空港線,8,2006-04-01,20,78646057
グランディア百道浜通り,4590,福岡県福岡市早良区西新２,地下鉄空港線「西新」徒歩9分,68.66,2LDK,2006年4月,https://suumo.jp//ms/chuko/fukuoka/sc_fukuokashisawara/nc_78596388/,西新,地下鉄空港線,9,2006-04-01,20,78596388
アトリーチェ西新,4590,福岡県福岡市早良区西新１,地下鉄空港線「西新」徒歩3分,52.86,2LDK,1999年11月,https://suumo.jp//ms/chuko/fukuoka/sc_fukuokashisawara/nc_20122460/,西新,地下鉄空港線,3,1999-11-01,27,20122460
アトリーチェ西新,4590,福岡県福岡市早良区西新１,地下鉄空港線「西新」徒歩3分,52.86,2LDK,1999年11月,https://suumo.jp//ms/chuko/fukuoka/sc_fukuokashisawara/nc_20308899/,西新,地下鉄空港線,3,1999-11-01,27,20308899
グランドメゾン鳥飼,4598,福岡県福岡市城南区鳥飼６,地下鉄七隈線「別府」徒歩8分,77.36,2LDK,2000年1月,https://suumo.jp//ms/chuko/fukuoka/sc_fukuokashijonan/nc_78806074/,別府,地下鉄七隈線,8,2000-01-01,26,78806074
西新防塁パーク・マンション,4598,福岡県福岡市早良区西新７,地下鉄空港線「藤崎」徒歩7分,65.49,3LDK,1994年7月,https://suumo.jp//ms/chuko/fukuoka/sc_fukuokashisawara/nc_79050689/,藤崎,地下鉄空港線,7,1994-07-01,32,79050689
クリオラベルヴィ呉服町,4599,福岡県福岡市博多区下呉服町,地下鉄空港線「中洲川端」徒歩10分,47.0,2LDK,2018年1月,https://suumo.jp//ms/chuko/fukuoka/sc_fukuokashihakata/nc_79233445/,中洲川端,地下鉄空港線,10,2018-01-01,8,79233445
大手門パークフアミリア,4599,福岡県福岡市中央区大手門３,地下鉄空港線「大濠公園」徒歩2分,70.77,3LDK,1983年3月,https://suumo.jp//ms/chuko/fukuoka/sc_fukuokashichuo/nc_79095299/,大濠公園,地下鉄空港線,2,1983-03-01,43,79095299
コスモ博多古門戸,4599,福岡県福岡市博多区古門戸町,地下鉄空港線「中洲川端」徒歩7分,54.49,1LDK+S（納戸）,2003年1月,https://suumo.jp//ms/chuko/fukuoka/sc_fukuokashihakata/nc_78779090/,中洲川端,地下鉄空港線,7,2003-01-01,23,78779090
ダイアパレス大名ガーデン,4599,福岡県福岡市中央区大名１,地下鉄空港線「赤坂」徒歩6分,68.9,3LDK,1987年2月,https://suumo.jp//ms/chuko/fukuoka/sc_fukuokashichuo/nc_78908087/,赤坂,地下鉄空港線,6,1987-02-01,39,78908087
クリオラベルヴィ呉服町,4599,福岡県福岡市博多区下呉服町,地下鉄箱崎線「中洲川端」徒歩12分,47.0,2LDK,2018年1月,https://suumo.jp//ms/chuko/fukuoka/sc_fukuokashihakata/nc_79082706/,中洲川端,地下鉄箱崎線,12,2018-01-01,8,79082706
ＭＪＲ博多ザ・レジデンス,4650,福岡県福岡市博多区美野島１,ＪＲ鹿児島本線「博多」徒歩13分,41.57,1LDK,2025年1月,https://suumo.jp//ms/chuko/fukuoka/sc_fukuokashihakata/nc_78569633/,博多,ＪＲ鹿児島本線,13,2025-01-01,1,78569633
シティライフ呉服町,4680,福岡県福岡市博多区下呉服町,地下鉄空港線「中洲川端」徒歩13分,64.76,2LDK,2000年2月,https://suumo.jp//ms/chuko/fukuoka/sc_fukuokashihakata/nc_20333444/,中洲川端,地下鉄空港線,13,2000-02-01,26,20333444
エンクレストベイサイド通り,4699,福岡県福岡市博多区築港本町,地下鉄空港線「中洲川端」徒歩13分,54.65,1LDK+S（納戸）,2016年5月,https://suumo.jp//ms/chuko/fukuoka/sc_fukuokashihakata/nc_78937325/,中洲川端,地下鉄空港線,13,2016-05-01,10,78937325
エンクレストベイサイド通り,4699,福岡県福岡市博多区築港本町7-14,地下鉄空港線「中洲川端」徒歩13分,54.65,1LDK+S（納戸）,2016年5月,https://suumo.jp//ms/chuko/fukuoka/sc_fukuokashihakata/nc_79168977/,中洲川端,地下鉄空港線,13,2016-05-01,10,79168977
エンクレストベイサイド通り,4699,福岡県福岡市博多区築港本町7-14,地下鉄空港線「中洲川端」徒歩12分,54.65,1LDK+S（納戸）,2016年5月,https://suumo.jp//ms/chuko/fukuoka/sc_fukuokashihakata/nc_20420878/,中洲川端,地下鉄空港線,12,2016-05-01,10,20420878
エンクレストベイサイド通り,4699,福岡県福岡市博多区築港本町7,地下鉄箱崎線「中洲川端」徒歩12分,54.65,1LDK,2016年5月,https://suumo.jp//ms/chuko/fukuoka/sc_fukuokashihakata/nc_78957204/,中洲川端,地下鉄箱崎線,12,2016-05-01,10,78957204
エンクレストベイサイド通り,4699,福岡県福岡市博多区築港本町7-14,地下鉄空港線「中洲川端」徒歩15分,54.65,1LDK,2016年5月,https://suumo.jp//ms/chuko/fukuoka/sc_fukuokashihakata/nc_79157855/,中洲川端,地下鉄空港線,15,2016-05-01,10,79157855
エンクレストベイサイド通り,4699,福岡県福岡市博多区築港本町,地下鉄空港線「中洲川端」徒歩15分,54.65,1LDK+S（納戸）,2016年5月,https://suumo.jp//ms/chuko/fukuoka/sc_fukuokashihakata/nc_20225297/,中洲川端,地下鉄空港線,15,2016-05-01,10,20225297
エンクレストベイサイド通り,4699,福岡県福岡市博多区築港本町,地下鉄空港線「中洲川端」徒歩12分,54.65,1LDK,2016年5月,https://suumo.jp//ms/chuko/fukuoka/sc_fukuokashihakata/nc_79220129/,中洲川端,地下鉄空港線,12,2016-05-01,10,79220129
エンクレストベイサイド通り,4699,福岡県福岡市博多区築港本町,地下鉄空港線「中洲川端」徒歩14分,54.65,1LDK+S（納戸）,2016年5月,https://suumo.jp//ms/chuko/fukuoka/sc_fukuokashihakata/nc_20449213/,中洲川端,地下鉄空港線,14,2016-05-01,10,20449213
エンクレストベイサイド通り1408号,4699,福岡県福岡市博多区築港本町,地下鉄箱崎線「中洲川端」徒歩15分,54.65,1LDK+S（納戸）,2016年5月,https://suumo.jp//ms/chuko/fukuoka/sc_fukuokashihakata/nc_20301800/,中洲川端,地下鉄箱崎線,15,2016-05-01,10,20301800
エンクレストベイサイド通り,4699,福岡県福岡市博多区築港本町,地下鉄空港線「中洲川端」徒歩13分,54.65,1LDK+S（納戸）,2016年6月,https://suumo.jp//ms/chuko/fukuoka/sc_fukuokashihakata/nc_79015073/,中洲川端,地下鉄空港線,13,2016-06-01,10,79015073
サングレート博多ロイヤルステージ,4780,福岡県福岡市博多区半道橋１,地下鉄空港線「東比恵」徒歩12分,91.02,4LDK,2012年10月,https://suumo.jp//ms/chuko/fukuoka/sc_fukuokashihakata/nc_78475889/,東比恵,地下鉄空港線,12,2012-10-01,14,78475889
コモダスパッソ天神,4780,福岡県福岡市中央区渡辺通５,地下鉄七隈線「天神南」徒歩3分,64.15,2LDK,2000年10月,https://suumo.jp//ms/chuko/fukuoka/sc_fukuokashichuo/nc_79232246/,天神南,地下鉄七隈線,3,2000-10-01,26,79232246
パークハウス大濠南,4780,福岡県福岡市中央区草香江１,地下鉄七隈線「六本松」徒歩5分,70.06,3LDK,1996年2月,https://suumo.jp//ms/chuko/fukuoka/sc_fukuokashichuo/nc_20324467/,六本松,地下鉄七隈線,5,1996-02-01,30,20324467
オリエントハイツ別府,4790,福岡県福岡市城南区別府１,地下鉄七隈線「別府」徒歩1分,84.0,3LDK,1990年5月,https://suumo.jp//ms/chuko/fukuoka/sc_fukuokashijonan/nc_20199429/,別府,地下鉄七隈線,1,1990-05-01,36,20199429
アルファライフ博多プレシャス,4799,福岡県福岡市博多区住吉５,ＪＲ篠栗線「博多」徒歩14分,53.04,1LDK,2011年3月,https://suumo.jp//ms/chuko/fukuoka/sc_fukuokashihakata/nc_20200299/,博多,ＪＲ篠栗線,14,2011-03-01,15,20200299
アルファライフ博多プレシャス,4799,福岡県福岡市博多区住吉５-5-22,ＪＲ鹿児島本線「博多」徒歩14分,53.04,1LDK,2011年3月,https://suumo.jp//ms/chuko/fukuoka/sc_fukuokashihakata/nc_20181766/,博多,ＪＲ鹿児島本線,14,2011-03-01,15,20181766
アルファライフ博多,4799,福岡県福岡市博多区住吉５,ＪＲ鹿児島本線「博多」徒歩14分,53.04,1LDK,2011年3月,https://suumo.jp//ms/chuko/fukuoka/sc_fukuokashihakata/nc_79167310/,博多,ＪＲ鹿児島本線,14,2011-03-01,15,79167310
アルファライフ博多,4799,福岡県福岡市博多区住吉５,地下鉄七隈線「博多」徒歩13分,53.04,1LDK,2011年3月,https://suumo.jp//ms/chuko/fukuoka/sc_fukuokashihakata/nc_20155224/,博多,地下鉄七隈線,13,2011-03-01,15,20155224
アルファライフ博多,4799,福岡県福岡市博多区住吉５-5-22,ＪＲ篠栗線「博多」徒歩14分,53.04,1LDK,2011年3月,https://suumo.jp//ms/chuko/fukuoka/sc_fukuokashihakata/nc_20163293/,博多,ＪＲ篠栗線,14,2011-03-01,15,20163293
アルファライフ博多,4799,福岡県福岡市博多区住吉５-5-22,ＪＲ鹿児島本線「博多」徒歩14分,53.04,1LDK,2011年3月,https://suumo.jp//ms/chuko/fukuoka/sc_fukuokashihakata/nc_20201860/,博多,ＪＲ鹿児島本線,14,2011-03-01,15,20201860
ロワールマンション大濠Ⅱ,4880,福岡県福岡市中央区荒戸２,地下鉄空港線「大濠公園」徒歩3分,67.29,2LDK,1986年11月,https://suumo.jp//ms/chuko/fukuoka/sc_fukuokashichuo/nc_20236085/,大濠公園,地下鉄空港線,3,1986-11-01,40,20236085
アーバンパレスアクス大濠Ⅱ,4890,福岡県福岡市中央区荒戸３-3-15,地下鉄空港線「唐人町」徒歩5分,74.2,3LDK,1999年3月,https://suumo.jp//ms/chuko/fukuoka/sc_fukuokashichuo/nc_76431436/,唐人町,地下鉄空港線,5,1999-03-01,27,76431436
アルファライフ博多,4899,福岡県福岡市博多区住吉５,ＪＲ鹿児島本線「博多」徒歩13分,53.04,1LDK,2011年3月,https://suumo.jp//ms/chuko/fukuoka/sc_fukuokashihakata/nc_20343537/,博多,ＪＲ鹿児島本線,13,2011-03-01,15,20343537
オープンレジデンシア天神今泉,4900,福岡県福岡市中央区今泉２,地下鉄七隈線「薬院大通」徒歩6分,46.01,2LDK,2023年9月,https://suumo.jp//ms/chuko/fukuoka/sc_fukuokashichuo/nc_20317485/,薬院大通,地下鉄七隈線,6,2023-09-01,3,20317485
オープンレジデンシア天神今泉,4900,福岡県福岡市中央区今泉２,地下鉄七隈線「薬院大通」徒歩6分,46.01,2LDK,2023年9月,https://suumo.jp//ms/chuko/fukuoka/sc_fukuokashichuo/nc_78553902/,薬院大通,地下鉄七隈線,6,2023-09-01,3,78553902
オープンレジデンシア天神今泉,4900,福岡県福岡市中央区今泉２,地下鉄七隈線「薬院大通」徒歩6分,46.01,2LDK,2023年9月,https://suumo.jp//ms/chuko/fukuoka/sc_fukuokashichuo/nc_20313483/,薬院大通,地下鉄七隈線,6,2023-09-01,3,20313483
サーパス桜坂,4900,福岡県福岡市中央区桜坂３,地下鉄七隈線「桜坂」徒歩5分,71.63,3LDK,2000年6月,https://suumo.jp//ms/chuko/fukuoka/sc_fukuokashichuo/nc_20031460/,桜坂,地下鉄七隈線,5,2000-06-01,26,20031460
オープンレジデンシア天神今泉,4900,福岡県福岡市中央区今泉２,地下鉄七隈線「薬院大通」徒歩6分,46.01,2LDK,2023年9月,https://suumo.jp//ms/chuko/fukuoka/sc_fukuokashichuo/nc_79170354/,薬院大通,地下鉄七隈線,6,2023-09-01,3,79170354
アートウィル赤坂,4980,福岡県福岡市中央区赤坂３,地下鉄七隈線「桜坂」徒歩10分,65.61,2LDK,1994年10月,https://suumo.jp//ms/chuko/fukuoka/sc_fukuokashichuo/nc_20272769/,桜坂,地下鉄七隈線,10,1994-10-01,32,20272769
アートウィル赤坂,4980,福岡県福岡市中央区赤坂３,地下鉄七隈線「桜坂」徒歩11分,65.61,2LDK,1994年10月,https://suumo.jp//ms/chuko/fukuoka/sc_fukuokashichuo/nc_78604597/,桜坂,地下鉄七隈線,11,1994-10-01,32,78604597
コモダスパッソ天神,4980,福岡県福岡市中央区渡辺通５,地下鉄七隈線「天神南」徒歩3分,62.44,1LDK+S（納戸）,2000年10月,https://suumo.jp//ms/chuko/fukuoka/sc_fukuokashichuo/nc_20451506/,天神南,地下鉄七隈線,3,2000-10-01,26,20451506
ソレイユ赤坂南,4980,福岡県福岡市中央区六本松３,地下鉄七隈線「六本松」徒歩9分,75.03,3LDK,1989年10月,https://suumo.jp//ms/chuko/fukuoka/sc_fukuokashichuo/nc_20277705/,六本松,地下鉄七隈線,9,1989-10-01,37,20277705
イトーピア大濠,4980,福岡県福岡市中央区今川１,地下鉄空港線「唐人町」徒歩8分,90.31,2LDK,1982年6月,https://suumo.jp//ms/chuko/fukuoka/sc_fukuokashichuo/nc_20047336/,唐人町,地下鉄空港線,8,1982-06-01,44,20047336
リーベスト祖原公園アソシア,4980,福岡県福岡市早良区昭代１,地下鉄空港線「西新」徒歩12分,74.67,3LDK,1999年3月,https://suumo.jp//ms/chuko/fukuoka/sc_fukuokashisawara/nc_20227182/,西新,地下鉄空港線,12,1999-03-01,27,20227182
アーサー大濠倶楽部スカイコート,4980,福岡県福岡市中央区荒戸３,地下鉄空港線「唐人町」徒歩4分,72.6,2LDK,1996年2月,https://suumo.jp//ms/chuko/fukuoka/sc_fukuokashichuo/nc_20277615/,唐人町,地下鉄空港線,4,1996-02-01,30,20277615
グランドステイツ薬院ギャラリー,4980,福岡県福岡市中央区高砂１,西鉄天神大牟田線「薬院」徒歩7分,77.85,3LDK,1991年5月,https://suumo.jp//ms/chuko/fukuoka/sc_fukuokashichuo/nc_78793729/,薬院,西鉄天神大牟田線,7,1991-05-01,35,78793729
コモダスパッソ天神,4980,福岡県福岡市中央区渡辺通５-6－18,地下鉄七隈線「天神南」徒歩3分,60.87,2LDK,2000年10月,https://suumo.jp//ms/chuko/fukuoka/sc_fukuokashichuo/nc_20350288/,天神南,地下鉄七隈線,3,2000-10-01,26,20350288
アンピール別府Ⅱ,4990,福岡県福岡市城南区別府３-2-13,地下鉄七隈線「別府」徒歩2分,71.25,3LDK,1993年9月,https://suumo.jp//ms/chuko/fukuoka/sc_fukuokashijonan/nc_20208386/,別府,地下鉄七隈線,2,1993-09-01,33,20208386
西公園ツインタワー,4998,福岡県福岡市中央区荒戸２,地下鉄空港線「大濠公園」徒歩7分,83.05,3LDK,1990年1月,https://suumo.jp//ms/chuko/fukuoka/sc_fukuokashichuo/nc_20091081/,大濠公園,地下鉄空港線,7,1990-01-01,36,20091081
ＪＧＭロイヤルガーデン西公園,5180,福岡県福岡市中央区西公園,地下鉄空港線「大濠公園」徒歩9分,87.05,3LDK,2005年3月,https://suumo.jp//ms/chuko/fukuoka/sc_fukuokashichuo/nc_78920513/,大濠公園,地下鉄空港線,9,2005-03-01,21,78920513
コスモ大手門,5180,福岡県福岡市中央区大手門２,地下鉄空港線「大濠公園」徒歩8分,61.2,2LDK,2002年2月,https://suumo.jp//ms/chuko/fukuoka/sc_fukuokashichuo/nc_79198282/,大濠公園,地下鉄空港線,8,2002-02-01,24,79198282
アーサー藤崎エクセラン,5180,福岡県福岡市早良区昭代３,地下鉄空港線「藤崎」徒歩10分,86.46,4LDK,2002年1月,https://suumo.jp//ms/chuko/fukuoka/sc_fukuokashisawara/nc_78499062/,藤崎,地下鉄空港線,10,2002-01-01,24,78499062
サーパス城南,5180,福岡県福岡市城南区田島１,地下鉄七隈線「六本松」徒歩15分,94.85,4LDK,2007年1月,https://suumo.jp//ms/chuko/fukuoka/sc_fukuokashijonan/nc_78549803/,六本松,地下鉄七隈線,15,2007-01-01,19,78549803
デュ・レジア大濠,5200,福岡県福岡市中央区黒門,地下鉄空港線「唐人町」徒歩2分,42.27,1LDK,2020年11月,https://suumo.jp//ms/chuko/fukuoka/sc_fukuokashichuo/nc_79096578/,唐人町,地下鉄空港線,2,2020-11-01,6,79096578
アドリーム天神,5220,福岡県福岡市中央区今泉２,地下鉄七隈線「薬院大通」徒歩5分,76.53,2LDK,1999年6月,https://suumo.jp//ms/chuko/fukuoka/sc_fukuokashichuo/nc_20354637/,薬院大通,地下鉄七隈線,5,1999-06-01,27,20354637
パーク・エステート博多503号,5230,福岡県福岡市博多区店屋町2-9,地下鉄空港線「中洲川端」徒歩7分,60.81,3LDK,1997年3月,https://suumo.jp//ms/chuko/fukuoka/sc_fukuokashihakata/nc_79027908/,中洲川端,地下鉄空港線,7,1997-03-01,29,79027908
トーカンマンション六本松,5280,福岡県福岡市中央区六本松４,地下鉄七隈線「六本松」徒歩3分,74.74,3LDK,1996年11月,https://suumo.jp//ms/chuko/fukuoka/sc_fukuokashichuo/nc_77825635/,六本松,地下鉄七隈線,3,1996-11-01,30,77825635
クラブエイリック藤崎南ザ・テラス,5280,福岡県福岡市早良区原１,地下鉄空港線「藤崎」徒歩12分,84.62,3LDK,2013年4月,https://suumo.jp//ms/chuko/fukuoka/sc_fukuokashisawara/nc_20416749/,藤崎,地下鉄空港線,12,2013-04-01,13,20416749
アメックス博多ベルテックステージ,5280,福岡県福岡市博多区下川端町,地下鉄空港線「中洲川端」徒歩3分,42.66,1LDK,2010年1月,https://suumo.jp//ms/chuko/fukuoka/sc_fukuokashihakata/nc_20354640/,中洲川端,地下鉄空港線,3,2010-01-01,16,20354640
クリスタージュ２番館,5280,福岡県福岡市早良区百道浜４,地下鉄空港線「藤崎」徒歩11分,102.28,4LDK,1992年5月,https://suumo.jp//ms/chuko/fukuoka/sc_fukuokashisawara/nc_78014368/,藤崎,地下鉄空港線,11,1992-05-01,34,78014368
ソピア大濠西,5290,福岡県福岡市中央区鳥飼３,地下鉄空港線「西新」徒歩10分,69.57,3LDK,1999年3月,https://suumo.jp//ms/chuko/fukuoka/sc_fukuokashichuo/nc_20437223/,西新,地下鉄空港線,10,1999-03-01,27,20437223
ソピア大濠西,5290,福岡県福岡市中央区鳥飼３,地下鉄空港線「西新」徒歩10分,69.57,3LDK,1999年3月,https://suumo.jp//ms/chuko/fukuoka/sc_fukuokashichuo/nc_79220295/,西新,地下鉄空港線,10,1999-03-01,27,79220295
ソピア大濠西,5290,福岡県福岡市中央区鳥飼３,地下鉄空港線「西新」徒歩10分,69.57,3LDK,1999年3月,https://suumo.jp//ms/chuko/fukuoka/sc_fukuokashichuo/nc_20133549/,西新,地下鉄空港線,10,1999-03-01,27,20133549
Ｄ’クラディア祖原公園,5290,福岡県福岡市早良区昭代２,地下鉄空港線「西新」徒歩10分,87.72,4LDK,2006年8月,https://suumo.jp//ms/chuko/fukuoka/sc_fukuokashisawara/nc_79021871/,西新,地下鉄空港線,10,2006-08-01,20,79021871
ソレイユ赤坂南,5298,福岡県福岡市中央区六本松３,地下鉄七隈線「桜坂」徒歩6分,75.03,3LDK,1989年10月,https://suumo.jp//ms/chuko/fukuoka/sc_fukuokashichuo/nc_20388737/,桜坂,地下鉄七隈線,6,1989-10-01,37,20388737
エンゼルハイム鳥飼中央,5298,福岡県福岡市中央区鳥飼１-４－４３,地下鉄空港線「西新」徒歩13分,75.68,3LDK,2001年3月,https://suumo.jp//ms/chuko/fukuoka/sc_fukuokashichuo/nc_78757591/,西新,地下鉄空港線,13,2001-03-01,25,78757591
平尾フェニックスマンション,5380,福岡県福岡市中央区平尾１,西鉄天神大牟田線「薬院」徒歩6分,79.07,3LDK,1991年10月,https://suumo.jp//ms/chuko/fukuoka/sc_fukuokashichuo/nc_20451513/,薬院,西鉄天神大牟田線,6,1991-10-01,35,20451513
ＭＪＲ博多ザ・レジデンス,5400,福岡県福岡市博多区美野島１,ＪＲ鹿児島本線「博多」徒歩13分,52.78,1LDK,2025年1月,https://suumo.jp//ms/chuko/fukuoka/sc_fukuokashihakata/nc_79137796/,博多,ＪＲ鹿児島本線,13,2025-01-01,1,79137796
サントーア薬院,5480,福岡県福岡市中央区薬院２,地下鉄七隈線「薬院大通」徒歩3分,73.35,2LDK,1995年8月,https://suumo.jp//ms/chuko/fukuoka/sc_fukuokashichuo/nc_20271682/,薬院大通,地下鉄七隈線,3,1995-08-01,31,20271682
サントーア薬院,5480,福岡県福岡市中央区薬院２,地下鉄七隈線「薬院大通」徒歩3分,73.35,2LDK,1995年8月,https://suumo.jp//ms/chuko/fukuoka/sc_fukuokashichuo/nc_79104930/,薬院大通,地下鉄七隈線,3,1995-08-01,31,79104930
≪価格改定≫サントーア薬院,5480,福岡県福岡市中央区薬院２,地下鉄七隈線「薬院大通」徒歩5分,73.35,2LDK,1995年8月,https://suumo.jp//ms/chuko/fukuoka/sc_fukuokashichuo/nc_20245991/,薬院大通,地下鉄七隈線,5,1995-08-01,31,20245991
サントーア薬院,5480,福岡県福岡市中央区薬院２,地下鉄七隈線「薬院大通」徒歩5分,73.35,2LDK,1995年8月,https://suumo.jp//ms/chuko/fukuoka/sc_fukuokashichuo/nc_20218973/,薬院大通,地下鉄七隈線,5,1995-08-01,31,20218973
エスポワール城西,5480,福岡県福岡市早良区城西３,地下鉄空港線「西新」徒歩4分,65.92,3LDK,1994年9月,https://suumo.jp//ms/chuko/fukuoka/sc_fukuokashisawara/nc_20283446/,西新,地下鉄空港線,4,1994-09-01,32,20283446
モントーレ舞鶴ベイレジデンス,5480,福岡県福岡市中央区港１,地下鉄空港線「大濠公園」徒歩10分,59.1,2LDK,2019年6月,https://suumo.jp//ms/chuko/fukuoka/sc_fukuokashichuo/nc_20093084/,大濠公園,地下鉄空港線,10,2019-06-01,7,20093084
サントーア薬院,5480,福岡県福岡市中央区薬院２,地下鉄七隈線「薬院大通」徒歩5分,73.35,2LDK,1995年8月,https://suumo.jp//ms/chuko/fukuoka/sc_fukuokashichuo/nc_20268205/,薬院大通,地下鉄七隈線,5,1995-08-01,31,20268205
クリスタージュ２番館,5480,福岡県福岡市早良区百道浜４,地下鉄空港線「藤崎」徒歩11分,102.28,4LDK,1992年5月,https://suumo.jp//ms/chuko/fukuoka/sc_fukuokashisawara/nc_78722109/,藤崎,地下鉄空港線,11,1992-05-01,34,78722109
ライオンズマンション天神南,5480,福岡県福岡市中央区今泉２,地下鉄七隈線「薬院大通」徒歩7分,86.02,1LDK,1992年3月,https://suumo.jp//ms/chuko/fukuoka/sc_fukuokashichuo/nc_20435722/,薬院大通,地下鉄七隈線,7,1992-03-01,34,20435722
モントーレ鳥飼ガーデン,5498,福岡県福岡市城南区鳥飼６-１０－１２,地下鉄七隈線「別府」徒歩5分,76.7,3LDK,2002年11月,https://suumo.jp//ms/chuko/fukuoka/sc_fukuokashijonan/nc_78837708/,別府,地下鉄七隈線,5,2002-11-01,24,78837708
ダイアパレス西公園Ⅱ,5680,福岡県福岡市中央区荒戸２,地下鉄空港線「大濠公園」徒歩7分,116.59,4LDK,1985年6月,https://suumo.jp//ms/chuko/fukuoka/sc_fukuokashichuo/nc_20401835/,大濠公園,地下鉄空港線,7,1985-06-01,41,20401835
サングレート薬院駅ロイヤルウィン,5680,福岡県福岡市中央区平尾１,西鉄天神大牟田線「薬院」徒歩4分,55.72,1LDK,2003年12月,https://suumo.jp//ms/chuko/fukuoka/sc_fukuokashichuo/nc_73662868/,薬院,西鉄天神大牟田線,4,2003-12-01,23,73662868
プレサンスロジェ呉服町,5699,福岡県福岡市博多区下呉服町,地下鉄空港線「中洲川端」徒歩11分,62.43,3LDK,2019年11月,https://suumo.jp//ms/chuko/fukuoka/sc_fukuokashihakata/nc_20213840/,中洲川端,地下鉄空港線,11,2019-11-01,7,20213840
サントーア薬院,5780,福岡県福岡市中央区薬院２,地下鉄七隈線「薬院大通」徒歩5分,73.35,2LDK,1995年8月,https://suumo.jp//ms/chuko/fukuoka/sc_fukuokashichuo/nc_79161983/,薬院大通,地下鉄七隈線,5,1995-08-01,31,79161983
サントーア薬院,5780,福岡県福岡市中央区薬院２,地下鉄七隈線「薬院大通」徒歩5分,73.35,2LDK,1995年8月,https://suumo.jp//ms/chuko/fukuoka/sc_fukuokashichuo/nc_79148842/,薬院大通,地下鉄七隈線,5,1995-08-01,31,79148842
古河平丘台マンション,5780,福岡県福岡市中央区平尾３,地下鉄七隈線「薬院大通」徒歩13分,139.16,1LDK,1971年12月,https://suumo.jp//ms/chuko/fukuoka/sc_fukuokashichuo/nc_20058166/,薬院大通,地下鉄七隈線,13,1971-12-01,55,20058166
サントーア薬院,5780,福岡県福岡市中央区薬院２,地下鉄七隈線「薬院大通」徒歩5分,73.35,2LDK,1995年8月,https://suumo.jp//ms/chuko/fukuoka/sc_fukuokashichuo/nc_20186290/,薬院大通,地下鉄七隈線,5,1995-08-01,31,20186290
グランドメゾン平尾,5780,福岡県福岡市中央区平尾２-11-11,西鉄天神大牟田線「薬院」徒歩12分,89.17,4LDK,1998年5月,https://suumo.jp//ms/chuko/fukuoka/sc_fukuokashichuo/nc_20054400/,薬院,西鉄天神大牟田線,12,1998-05-01,28,20054400
ＣＬＵＢ　ＴＨＥ．平尾駅前,5790,福岡県福岡市中央区平尾２,地下鉄七隈線「薬院」徒歩13分,55.17,2LDK,2022年2月,https://suumo.jp//ms/chuko/fukuoka/sc_fukuokashichuo/nc_20111615/,薬院,地下鉄七隈線,13,2022-02-01,4,20111615
エンクレスト天神ＬＡＲＫ,5830,福岡県福岡市博多区対馬小路,地下鉄空港線「中洲川端」徒歩8分,58.38,1LDK,2019年7月,https://suumo.jp//ms/chuko/fukuoka/sc_fukuokashihakata/nc_20344674/,中洲川端,地下鉄空港線,8,2019-07-01,7,20344674
アーティックス大濠　201号室,5850,福岡県福岡市中央区鳥飼１,地下鉄七隈線「六本松」徒歩9分,85.8,4LDK,2004年2月,https://suumo.jp//ms/chuko/fukuoka/sc_fukuokashichuo/nc_78645935/,六本松,地下鉄七隈線,9,2004-02-01,22,78645935
ライオンズマンションマキシム平尾,5850,福岡県福岡市中央区平尾４,地下鉄七隈線「薬院大通」徒歩15分,116.18,4LDK,1991年5月,https://suumo.jp//ms/chuko/fukuoka/sc_fukuokashichuo/nc_78770821/,薬院大通,地下鉄七隈線,15,1991-05-01,35,78770821
ファーネスト西新レジデンス,5880,福岡県福岡市早良区城西２,地下鉄空港線「西新」徒歩10分,60.31,2LDK,2019年4月,https://suumo.jp//ms/chuko/fukuoka/sc_fukuokashisawara/nc_20270319/,西新,地下鉄空港線,10,2019-04-01,7,20270319
ライオンズマンション祖原ヒルズ,5880,福岡県福岡市早良区祖原,地下鉄空港線「西新」徒歩11分,84.06,4LDK,2004年8月,https://suumo.jp//ms/chuko/fukuoka/sc_fukuokashisawara/nc_78498197/,西新,地下鉄空港線,11,2004-08-01,22,78498197
ダイアパレスセントラルコート薬院,5890,福岡県福岡市中央区薬院３,地下鉄七隈線「薬院」徒歩5分,76.04,4LDK,1997年11月,https://suumo.jp//ms/chuko/fukuoka/sc_fukuokashichuo/nc_79127972/,薬院,地下鉄七隈線,5,1997-11-01,29,79127972
アメックス博多ベルテックステージ,5900,福岡県福岡市博多区下川端町,地下鉄空港線「中洲川端」徒歩4分,53.59,1LDK+S（納戸）,2010年1月,https://suumo.jp//ms/chuko/fukuoka/sc_fukuokashihakata/nc_20185310/,中洲川端,地下鉄空港線,4,2010-01-01,16,20185310
百道タワー,5940,福岡県福岡市早良区百道浜１-2-6,地下鉄空港線「西新」徒歩10分,76.86,2LDK,2004年2月,https://suumo.jp//ms/chuko/fukuoka/sc_fukuokashisawara/nc_20183804/,西新,地下鉄空港線,10,2004-02-01,22,20183804
西新五丁目パーク・ホームズ,5980,福岡県福岡市早良区西新５-13-26,地下鉄空港線「西新」徒歩8分,85.68,4LDK,1998年3月,https://suumo.jp//ms/chuko/fukuoka/sc_fukuokashisawara/nc_20058257/,西新,地下鉄空港線,8,1998-03-01,28,20058257
コスモ西新七丁目,5980,福岡県福岡市早良区西新７-1-17,地下鉄空港線「藤崎」徒歩4分,70.01,2LDK+S（納戸）,2000年9月,https://suumo.jp//ms/chuko/fukuoka/sc_fukuokashisawara/nc_20292711/,藤崎,地下鉄空港線,4,2000-09-01,26,20292711
クリオ渡辺通サザンマークス,5980,福岡県福岡市中央区清川３,地下鉄七隈線「渡辺通」徒歩14分,67.0,3LDK,2024年2月,https://suumo.jp//ms/chuko/fukuoka/sc_fukuokashichuo/nc_20028481/,渡辺通,地下鉄七隈線,14,2024-02-01,2,20028481
クリスタージュ　壱番館,5980,福岡県福岡市早良区百道浜４,地下鉄空港線「藤崎」徒歩11分,110.37,4LDK,1992年5月,https://suumo.jp//ms/chuko/fukuoka/sc_fukuokashisawara/nc_78285752/,藤崎,地下鉄空港線,11,1992-05-01,34,78285752
エフグラン室見,5980,福岡県福岡市早良区室見２,地下鉄空港線「藤崎」徒歩6分,75.59,3LDK,2019年10月,https://suumo.jp//ms/chuko/fukuoka/sc_fukuokashisawara/nc_78747729/,藤崎,地下鉄空港線,6,2019-10-01,7,78747729
ザ・パークハウス平尾,5980,福岡県福岡市中央区平尾４,地下鉄七隈線「薬院大通」徒歩13分,76.43,3LDK,2014年1月,https://suumo.jp//ms/chuko/fukuoka/sc_fukuokashichuo/nc_20412671/,薬院大通,地下鉄七隈線,13,2014-01-01,12,20412671
エンゼルハイム大濠,5980,福岡県福岡市中央区今川１,地下鉄空港線「唐人町」徒歩7分,79.51,3LDK,2002年3月,https://suumo.jp//ms/chuko/fukuoka/sc_fukuokashichuo/nc_20161264/,唐人町,地下鉄空港線,7,2002-03-01,24,20161264
クリスタージュ壱番館,5980,福岡県福岡市早良区百道浜４,地下鉄空港線「藤崎」徒歩11分,110.37,4LDK,1992年5月,https://suumo.jp//ms/chuko/fukuoka/sc_fukuokashisawara/nc_20093087/,藤崎,地下鉄空港線,11,1992-05-01,34,20093087
【中古マンション】ロマネスク大濠ルネッサンス,5980,福岡県福岡市中央区大濠１,地下鉄空港線「唐人町」徒歩10分,83.1,3LDK,1990年3月,https://suumo.jp//ms/chuko/fukuoka/sc_fukuokashichuo/nc_78751304/,唐人町,地下鉄空港線,10,1990-03-01,36,78751304
アダージュももちGIO,5990,福岡県福岡市早良区西新７,地下鉄空港線「藤崎」徒歩4分,76.0,3LDK,1997年1月,https://suumo.jp//ms/chuko/fukuoka/sc_fukuokashisawara/nc_78967880/,藤崎,地下鉄空港線,4,1997-01-01,29,78967880
パークコート赤坂ヒルトップレジデンス,5990,福岡県福岡市中央区赤坂３,地下鉄七隈線「桜坂」徒歩9分,76.01,2LDK+S（納戸）,2010年2月,https://suumo.jp//ms/chuko/fukuoka/sc_fukuokashichuo/nc_78907133/,桜坂,地下鉄七隈線,9,2010-02-01,16,78907133
ネクサス室見,6000,福岡県福岡市早良区室見１-３－４,地下鉄空港線「藤崎」徒歩7分,80.97,2LDK,2013年6月,https://suumo.jp//ms/chuko/fukuoka/sc_fukuokashisawara/nc_20096928/,藤崎,地下鉄空港線,7,2013-06-01,13,20096928
ソピア天神,6180,福岡県福岡市中央区警固１,地下鉄七隈線「薬院大通」徒歩7分,66.24,3LDK,1999年2月,https://suumo.jp//ms/chuko/fukuoka/sc_fukuokashichuo/nc_20447816/,薬院大通,地下鉄七隈線,7,1999-02-01,27,20447816
シーサイドももちヴェルデコート　５番館,6190,福岡県福岡市早良区百道浜３,地下鉄空港線「藤崎」徒歩10分,93.67,3LDK,1991年2月,https://suumo.jp//ms/chuko/fukuoka/sc_fukuokashisawara/nc_78922029/,藤崎,地下鉄空港線,10,1991-02-01,35,78922029
インプレスト天神オークタワー,6190,福岡県福岡市中央区長浜２,地下鉄空港線「赤坂」徒歩9分,56.79,2LDK,2020年5月,https://suumo.jp//ms/chuko/fukuoka/sc_fukuokashichuo/nc_78957814/,赤坂,地下鉄空港線,9,2020-05-01,6,78957814
シーサイドももちヴェルデコート5番館,6190,福岡県福岡市早良区百道浜３,地下鉄空港線「藤崎」徒歩10分,93.67,3LDK,1991年2月,https://suumo.jp//ms/chuko/fukuoka/sc_fukuokashisawara/nc_20044339/,藤崎,地下鉄空港線,10,1991-02-01,35,20044339
インプレスト天神オークタワー,6190,福岡県福岡市中央区長浜２,地下鉄空港線「赤坂」徒歩10分,56.79,2LDK,2020年5月,https://suumo.jp//ms/chuko/fukuoka/sc_fukuokashichuo/nc_79072559/,赤坂,地下鉄空港線,10,2020-05-01,6,79072559
ダイアパレスセントラルコート薬院,6200,福岡県福岡市中央区薬院３,西鉄天神大牟田線「薬院」徒歩6分,76.78,3LDK,1997年11月,https://suumo.jp//ms/chuko/fukuoka/sc_fukuokashichuo/nc_20013391/,薬院,西鉄天神大牟田線,6,1997-11-01,29,20013391
ウェルリバービュー天神,6280,福岡県福岡市博多区中洲中島町,地下鉄空港線「中洲川端」徒歩6分,80.29,3LDK,2006年4月,https://suumo.jp//ms/chuko/fukuoka/sc_fukuokashihakata/nc_79014573/,中洲川端,地下鉄空港線,6,2006-04-01,20,79014573
ヒルズ平尾,6280,福岡県福岡市中央区平尾４,地下鉄七隈線「薬院大通」徒歩13分,80.79,3LDK,1998年2月,https://suumo.jp//ms/chuko/fukuoka/sc_fukuokashichuo/nc_20313163/,薬院大通,地下鉄七隈線,13,1998-02-01,28,20313163
アルファステイツ高取,6280,福岡県福岡市早良区高取１,地下鉄空港線「藤崎」徒歩8分,80.35,3LDK,2010年12月,https://suumo.jp//ms/chuko/fukuoka/sc_fukuokashisawara/nc_78929329/,藤崎,地下鉄空港線,8,2010-12-01,16,78929329
レジデンス西新パークサイド,6350,福岡県福岡市早良区祖原,地下鉄空港線「西新」徒歩10分,70.1,3LDK,2014年2月,https://suumo.jp//ms/chuko/fukuoka/sc_fukuokashisawara/nc_20343509/,西新,地下鉄空港線,10,2014-02-01,12,20343509
レジデンス西新パークサイド,6350,福岡県福岡市早良区祖原25,地下鉄空港線「西新」徒歩10分,70.1,3LDK,2014年2月,https://suumo.jp//ms/chuko/fukuoka/sc_fukuokashisawara/nc_20320872/,西新,地下鉄空港線,10,2014-02-01,12,20320872
ウェルリバービュー天神,6380,福岡県福岡市博多区中洲中島町,地下鉄空港線「中洲川端」徒歩7分,80.29,3LDK,2006年4月,https://suumo.jp//ms/chuko/fukuoka/sc_fukuokashihakata/nc_20036229/,中洲川端,地下鉄空港線,7,2006-04-01,20,20036229
ブライトンヒルズ藤崎,6380,福岡県福岡市早良区藤崎１,地下鉄空港線「藤崎」徒歩6分,79.23,3LDK,2003年7月,https://suumo.jp//ms/chuko/fukuoka/sc_fukuokashisawara/nc_78702656/,藤崎,地下鉄空港線,6,2003-07-01,23,78702656
ブライトンヒルズ藤崎,6380,福岡県福岡市早良区藤崎１,地下鉄空港線「藤崎」徒歩6分,79.23,3LDK,2003年7月,https://suumo.jp//ms/chuko/fukuoka/sc_fukuokashisawara/nc_78708084/,藤崎,地下鉄空港線,6,2003-07-01,23,78708084
エステートマンション大濠フローレンス,6380,福岡県福岡市中央区鳥飼１,地下鉄七隈線「六本松」徒歩15分,97.42,2LDK,1989年3月,https://suumo.jp//ms/chuko/fukuoka/sc_fukuokashichuo/nc_78717069/,六本松,地下鉄七隈線,15,1989-03-01,37,78717069
プレサンスロジェ呉服町,6400,福岡県福岡市博多区下呉服町,地下鉄空港線「中洲川端」徒歩10分,62.43,2LDK,2019年10月,https://suumo.jp//ms/chuko/fukuoka/sc_fukuokashihakata/nc_78866599/,中洲川端,地下鉄空港線,10,2019-10-01,7,78866599
ダイアパレス赤坂けやき通り,6420,福岡県福岡市中央区赤坂３,地下鉄空港線「赤坂」徒歩11分,78.63,3LDK,2000年9月,https://suumo.jp//ms/chuko/fukuoka/sc_fukuokashichuo/nc_79183242/,赤坂,地下鉄空港線,11,2000-09-01,26,79183242
アルテマインド室見,6450,福岡県福岡市早良区室見２,地下鉄空港線「藤崎」徒歩7分,83.52,3LDK,2012年3月,https://suumo.jp//ms/chuko/fukuoka/sc_fukuokashisawara/nc_20286449/,藤崎,地下鉄空港線,7,2012-03-01,14,20286449
プレミスト赤坂けやき通り,6480,福岡県福岡市中央区赤坂２-4-1,地下鉄空港線「赤坂」徒歩11分,47.69,2LDK,2023年8月,https://suumo.jp//ms/chuko/fukuoka/sc_fukuokashichuo/nc_79080841/,赤坂,地下鉄空港線,11,2023-08-01,3,79080841
ダイアパレスグランデージ大名,6480,福岡県福岡市中央区大名１,地下鉄空港線「赤坂」徒歩6分,70.69,2LDK+S（納戸）,1998年3月,https://suumo.jp//ms/chuko/fukuoka/sc_fukuokashichuo/nc_20408984/,赤坂,地下鉄空港線,6,1998-03-01,28,20408984
ソピア大濠西,6480,福岡県福岡市中央区鳥飼３,地下鉄空港線「西新」徒歩10分,83.2,4LDK,1999年3月,https://suumo.jp//ms/chuko/fukuoka/sc_fukuokashichuo/nc_20228268/,西新,地下鉄空港線,10,1999-03-01,27,20228268
ライオンズマンションマキシム大濠,6480,福岡県福岡市中央区大濠１,地下鉄七隈線「六本松」徒歩10分,76.35,3LDK,1997年2月,https://suumo.jp//ms/chuko/fukuoka/sc_fukuokashichuo/nc_20210875/,六本松,地下鉄七隈線,10,1997-02-01,29,20210875
ネクサス別府,6480,福岡県福岡市城南区別府３,地下鉄七隈線「別府」徒歩2分,75.01,3LDK,2010年3月,https://suumo.jp//ms/chuko/fukuoka/sc_fukuokashijonan/nc_79226600/,別府,地下鉄七隈線,2,2010-03-01,16,79226600
ブライトンヒルズ藤崎,6480,福岡県福岡市早良区藤崎１-5-10,地下鉄空港線「藤崎」徒歩7分,79.23,3LDK,2003年7月,https://suumo.jp//ms/chuko/fukuoka/sc_fukuokashisawara/nc_78714031/,藤崎,地下鉄空港線,7,2003-07-01,23,78714031
ブライトンヒルズ藤崎,6480,福岡県福岡市早良区藤崎１,地下鉄空港線「藤崎」徒歩6分,79.23,3LDK,2003年7月,https://suumo.jp//ms/chuko/fukuoka/sc_fukuokashisawara/nc_78920412/,藤崎,地下鉄空港線,6,2003-07-01,23,78920412
ソピア天神,6480,福岡県福岡市中央区警固１,地下鉄空港線「赤坂」徒歩10分,74.0,2LDK+S（納戸）,1999年2月,https://suumo.jp//ms/chuko/fukuoka/sc_fukuokashichuo/nc_20343565/,赤坂,地下鉄空港線,10,1999-02-01,27,20343565
パークヒルズ櫻坂ステージI,6480,福岡県福岡市中央区桜坂３,地下鉄七隈線「桜坂」徒歩5分,131.34,3LDK,1993年8月,https://suumo.jp//ms/chuko/fukuoka/sc_fukuokashichuo/nc_78542050/,桜坂,地下鉄七隈線,5,1993-08-01,33,78542050
コスモ大濠南,6480,福岡県福岡市中央区草香江１-7-34,地下鉄七隈線「六本松」徒歩6分,90.52,4LDK,1999年1月,https://suumo.jp//ms/chuko/fukuoka/sc_fukuokashichuo/nc_20227890/,六本松,地下鉄七隈線,6,1999-01-01,27,20227890
アーサー別府プレミアム,6480,福岡県福岡市城南区別府４,地下鉄七隈線「別府」徒歩9分,138.62,4LDK+S（納戸）,2003年7月,https://suumo.jp//ms/chuko/fukuoka/sc_fukuokashijonan/nc_77616720/,別府,地下鉄七隈線,9,2003-07-01,23,77616720
オープンレジデンシア渡辺通,6490,福岡県福岡市中央区清川１,地下鉄七隈線「渡辺通」徒歩6分,66.02,2LDK,2021年8月,https://suumo.jp//ms/chuko/fukuoka/sc_fukuokashichuo/nc_78112179/,渡辺通,地下鉄七隈線,6,2021-08-01,5,78112179
クリオ渡辺通アーバンマークス,6490,福岡県福岡市中央区清川２,地下鉄七隈線「渡辺通」徒歩10分,60.15,3LDK,2023年2月,https://suumo.jp//ms/chuko/fukuoka/sc_fukuokashichuo/nc_20186575/,渡辺通,地下鉄七隈線,10,2023-02-01,3,20186575
アーサー大濠倶楽部スカイコート,6499,福岡県福岡市中央区荒戸３,地下鉄空港線「唐人町」徒歩4分,72.12,3LDK,1996年2月,https://suumo.jp//ms/chuko/fukuoka/sc_fukuokashichuo/nc_20062723/,唐人町,地下鉄空港線,4,1996-02-01,30,20062723
パークコート赤坂ヒルトップレジデンス,6500,福岡県福岡市中央区赤坂３,地下鉄七隈線「桜坂」徒歩9分,73.71,2LDK,2010年2月,https://suumo.jp//ms/chuko/fukuoka/sc_fukuokashichuo/nc_79050696/,桜坂,地下鉄七隈線,9,2010-02-01,16,79050696
コアマンション桜坂プレジオ弐番館,6500,福岡県福岡市中央区六本松３,地下鉄七隈線「桜坂」徒歩3分,107.15,4LDK,2001年1月,https://suumo.jp//ms/chuko/fukuoka/sc_fukuokashichuo/nc_77938128/,桜坂,地下鉄七隈線,3,2001-01-01,25,77938128
ロイヤルマンション六本松,6500,福岡県福岡市中央区梅光園１,地下鉄七隈線「六本松」徒歩6分,87.12,2LDK,1989年1月,https://suumo.jp//ms/chuko/fukuoka/sc_fukuokashichuo/nc_20127824/,六本松,地下鉄七隈線,6,1989-01-01,37,20127824
ファーネスト百道二丁目,6500,福岡県福岡市早良区百道２,地下鉄空港線「藤崎」徒歩4分,87.85,4LDK,2000年6月,https://suumo.jp//ms/chuko/fukuoka/sc_fukuokashisawara/nc_78698470/,藤崎,地下鉄空港線,4,2000-06-01,26,78698470
ファーネスト百道2丁目,6500,福岡県福岡市早良区百道２-15-17,地下鉄空港線「藤崎」徒歩3分,87.85,4LDK,2000年6月,https://suumo.jp//ms/chuko/fukuoka/sc_fukuokashisawara/nc_78646739/,藤崎,地下鉄空港線,3,2000-06-01,26,78646739
ファーネスト百道二丁目,6500,福岡県福岡市早良区百道２-15-17,地下鉄空港線「藤崎」徒歩3分,87.85,4LDK,2000年6月,https://suumo.jp//ms/chuko/fukuoka/sc_fukuokashisawara/nc_78669864/,藤崎,地下鉄空港線,3,2000-06-01,26,78669864
マークネクスト鳥飼,6550,福岡県福岡市城南区鳥飼７,地下鉄七隈線「別府」徒歩6分,71.11,3LDK,2023年9月,https://suumo.jp//ms/chuko/fukuoka/sc_fukuokashijonan/nc_20421576/,別府,地下鉄七隈線,6,2023-09-01,3,20421576
アーバンパレスアクス大濠,6580,福岡県福岡市中央区荒戸３,地下鉄空港線「大濠公園」徒歩7分,72.48,3LDK,1995年10月,https://suumo.jp//ms/chuko/fukuoka/sc_fukuokashichuo/nc_20237746/,大濠公園,地下鉄空港線,7,1995-10-01,31,20237746
アーバンパレスアクス大濠,6580,福岡県福岡市中央区荒戸３,地下鉄空港線「大濠公園」徒歩7分,72.48,3LDK,1995年10月,https://suumo.jp//ms/chuko/fukuoka/sc_fukuokashichuo/nc_20313985/,大濠公園,地下鉄空港線,7,1995-10-01,31,20313985
アーバンパレスアクス大濠,6580,福岡県福岡市中央区荒戸３-2-45,地下鉄空港線「唐人町」徒歩7分,72.48,3LDK,1995年10月,https://suumo.jp//ms/chuko/fukuoka/sc_fukuokashichuo/nc_20308733/,唐人町,地下鉄空港線,7,1995-10-01,31,20308733
サヴォイ　グランデヴィル,6800,福岡県福岡市博多区博多駅前３,地下鉄七隈線「櫛田神社前」徒歩6分,80.18,3LDK,2008年2月,https://suumo.jp//ms/chuko/fukuoka/sc_fukuokashihakata/nc_77560141/,櫛田神社前,地下鉄七隈線,6,2008-02-01,18,77560141
グランドメゾン福岡　Ｔｈｅ　Ｃｅｎｔｒａｌ　Ｌｕｘｅ,6900,福岡県福岡市中央区渡辺通２,西鉄天神大牟田線「薬院」徒歩3分,44.25,1LDK,2025年6月,https://suumo.jp//ms/chuko/fukuoka/sc_fukuokashichuo/nc_20069784/,薬院,西鉄天神大牟田線,3,2025-06-01,1,20069784
アンピール舞鶴,6980,福岡県福岡市中央区舞鶴１,地下鉄空港線「天神」徒歩7分,69.44,2LDK,2004年3月,https://suumo.jp//ms/chuko/fukuoka/sc_fukuokashichuo/nc_20395547/,天神,地下鉄空港線,7,2004-03-01,22,20395547
グランドメゾン大濠南,6980,福岡県福岡市中央区草香江２,地下鉄七隈線「六本松」徒歩2分,73.43,3LDK,2001年11月,https://suumo.jp//ms/chuko/fukuoka/sc_fukuokashichuo/nc_20435141/,六本松,地下鉄七隈線,2,2001-11-01,25,20435141
アンピール舞鶴,6980,福岡県福岡市中央区舞鶴１,地下鉄空港線「赤坂」徒歩8分,69.44,2LDK,2004年3月,https://suumo.jp//ms/chuko/fukuoka/sc_fukuokashichuo/nc_20395185/,赤坂,地下鉄空港線,8,2004-03-01,22,20395185
アンピール舞鶴,6980,福岡県福岡市中央区舞鶴１,地下鉄空港線「赤坂」徒歩7分,69.44,2LDK,2004年3月,https://suumo.jp//ms/chuko/fukuoka/sc_fukuokashichuo/nc_20389894/,赤坂,地下鉄空港線,7,2004-03-01,22,20389894
コアマンション桜坂プレジオ弐番館,6980,福岡県福岡市中央区六本松３,地下鉄七隈線「桜坂」徒歩3分,90.59,3LDK,2001年1月,https://suumo.jp//ms/chuko/fukuoka/sc_fukuokashichuo/nc_78830741/,桜坂,地下鉄七隈線,3,2001-01-01,25,78830741
パークコート赤坂ヒルトップレジデンス,6980,福岡県福岡市中央区赤坂３,地下鉄七隈線「桜坂」徒歩9分,68.48,2LDK,2010年2月,https://suumo.jp//ms/chuko/fukuoka/sc_fukuokashichuo/nc_78615637/,桜坂,地下鉄七隈線,9,2010-02-01,16,78615637
グランフォーレ西公園ザ・パークサイド,6980,福岡県福岡市中央区西公園,地下鉄空港線「大濠公園」徒歩9分,86.09,3LDK,2012年7月,https://suumo.jp//ms/chuko/fukuoka/sc_fukuokashichuo/nc_20435721/,大濠公園,地下鉄空港線,9,2012-07-01,14,20435721
コアマンション桜坂プレジオ弐番館,6980,福岡県福岡市中央区六本松３,地下鉄七隈線「桜坂」徒歩4分,90.59,3LDK,2001年1月,https://suumo.jp//ms/chuko/fukuoka/sc_fukuokashichuo/nc_78824934/,桜坂,地下鉄七隈線,4,2001-01-01,25,78824934
アメックス大濠タワー,6990,福岡県福岡市中央区大手門３,地下鉄空港線「大濠公園」徒歩5分,76.72,2LDK,2006年7月,https://suumo.jp//ms/chuko/fukuoka/sc_fukuokashichuo/nc_79103591/,大濠公園,地下鉄空港線,5,2006-07-01,20,79103591
ジェネラスマンション百道,6990,福岡県福岡市早良区西新７,地下鉄空港線「藤崎」徒歩9分,92.0,4LDK,2004年1月,https://suumo.jp//ms/chuko/fukuoka/sc_fukuokashisawara/nc_20035109/,藤崎,地下鉄空港線,9,2004-01-01,22,20035109
藤和平尾山荘ホームズ,6999,福岡県福岡市中央区平尾４,地下鉄七隈線「薬院大通」徒歩15分,90.68,3LDK,1997年10月,https://suumo.jp//ms/chuko/fukuoka/sc_fukuokashichuo/nc_20062726/,薬院大通,地下鉄七隈線,15,1997-10-01,29,20062726
ＭＪＲ百道二丁目,7000,福岡県福岡市早良区百道２,地下鉄空港線「藤崎」徒歩5分,94.63,4LDK,2007年1月,https://suumo.jp//ms/chuko/fukuoka/sc_fukuokashisawara/nc_78388805/,藤崎,地下鉄空港線,5,2007-01-01,19,78388805
Ｂｒｉｌｌｉａ　Ｔｏｗｅｒ西新・ＰＲＡＬＩＶＡ,7150,福岡県福岡市早良区西新４,地下鉄空港線「西新」徒歩1分,44.9,1LDK,2021年1月,https://suumo.jp//ms/chuko/fukuoka/sc_fukuokashisawara/nc_78643650/,西新,地下鉄空港線,1,2021-01-01,5,78643650
デュ・レジア平尾,7180,福岡県福岡市中央区那の川２,地下鉄七隈線「薬院」徒歩14分,85.01,3LDK,2016年1月,https://suumo.jp//ms/chuko/fukuoka/sc_fukuokashichuo/nc_20293293/,薬院,地下鉄七隈線,14,2016-01-01,10,20293293
アクロス天神センタープラザ,7280,福岡県福岡市中央区渡辺通３-10-39,地下鉄七隈線「渡辺通」徒歩5分,71.11,2LDK,2005年7月,https://suumo.jp//ms/chuko/fukuoka/sc_fukuokashichuo/nc_20123810/,渡辺通,地下鉄七隈線,5,2005-07-01,21,20123810
西新七丁目パーク・ホームズ,7280,福岡県福岡市早良区西新７-14-3,地下鉄空港線「西新」徒歩10分,85.89,4LDK,1996年8月,https://suumo.jp//ms/chuko/fukuoka/sc_fukuokashisawara/nc_20363119/,西新,地下鉄空港線,10,1996-08-01,30,20363119
コアマンション百道プレジオ,7290,福岡県福岡市早良区百道１,地下鉄空港線「藤崎」徒歩8分,93.57,3LDK,2006年2月,https://suumo.jp//ms/chuko/fukuoka/sc_fukuokashisawara/nc_79222940/,藤崎,地下鉄空港線,8,2006-02-01,20,79222940
アンピール空港通りⅡ,7380,福岡県福岡市博多区豊２,地下鉄空港線「東比恵」徒歩12分,105.28,4LDK,2009年3月,https://suumo.jp//ms/chuko/fukuoka/sc_fukuokashihakata/nc_79015072/,東比恵,地下鉄空港線,12,2009-03-01,17,79015072
アメックス西新駅前,7380,福岡県福岡市早良区西新２,地下鉄空港線「西新」徒歩2分,88.97,3LDK,2001年7月,https://suumo.jp//ms/chuko/fukuoka/sc_fukuokashisawara/nc_20401003/,西新,地下鉄空港線,2,2001-07-01,25,20401003
モントーレ舞鶴ベイレジデンス,7450,福岡県福岡市中央区港１,地下鉄空港線「大濠公園」徒歩10分,76.25,3LDK,2019年6月,https://suumo.jp//ms/chuko/fukuoka/sc_fukuokashichuo/nc_20258614/,大濠公園,地下鉄空港線,10,2019-06-01,7,20258614
サーパス薬院,7480,福岡県福岡市中央区薬院３,西鉄天神大牟田線「薬院」徒歩4分,99.96,4LDK,2003年10月,https://suumo.jp//ms/chuko/fukuoka/sc_fukuokashichuo/nc_78574614/,薬院,西鉄天神大牟田線,4,2003-10-01,23,78574614
モントーレセントラルベイコート,7480,福岡県福岡市中央区長浜３,地下鉄空港線「大濠公園」徒歩10分,81.79,3LDK,2014年1月,https://suumo.jp//ms/chuko/fukuoka/sc_fukuokashichuo/nc_20058218/,大濠公園,地下鉄空港線,10,2014-01-01,12,20058218
ＪＧＭコンシャスブルー浄水館,7480,福岡県福岡市中央区薬院４,地下鉄七隈線「薬院大通」徒歩3分,95.89,4LDK,2001年11月,https://suumo.jp//ms/chuko/fukuoka/sc_fukuokashichuo/nc_20394241/,薬院大通,地下鉄七隈線,3,2001-11-01,25,20394241
ファーネスト平尾駅前レジスタ,7480,福岡県福岡市中央区大宮２,西鉄天神大牟田線「薬院」徒歩12分,86.26,3LDK,2015年4月,https://suumo.jp//ms/chuko/fukuoka/sc_fukuokashichuo/nc_78824936/,薬院,西鉄天神大牟田線,12,2015-04-01,11,78824936
ファーネストプレミアムクラス高取,7490,福岡県福岡市早良区祖原,地下鉄空港線「西新」徒歩8分,82.77,4LDK,2016年8月,https://suumo.jp//ms/chuko/fukuoka/sc_fukuokashisawara/nc_79103613/,西新,地下鉄空港線,8,2016-08-01,10,79103613
ブライト・サンリヤン藤崎二丁目,7490,福岡県福岡市早良区藤崎２,地下鉄空港線「藤崎」徒歩9分,105.88,4LDK,2012年2月,https://suumo.jp//ms/chuko/fukuoka/sc_fukuokashisawara/nc_77817947/,藤崎,地下鉄空港線,9,2012-02-01,14,77817947
グランドメゾン大濠南,7490,福岡県福岡市中央区草香江２,地下鉄七隈線「六本松」徒歩3分,87.11,3LDK,2001年11月,https://suumo.jp//ms/chuko/fukuoka/sc_fukuokashichuo/nc_79216752/,六本松,地下鉄七隈線,3,2001-11-01,25,79216752
モントーレ地行ガーデン,7499,福岡県福岡市中央区地行４,地下鉄空港線「唐人町」徒歩7分,90.38,3LDK,2001年3月,https://suumo.jp//ms/chuko/fukuoka/sc_fukuokashichuo/nc_78897523/,唐人町,地下鉄空港線,7,2001-03-01,25,78897523
プレミスト西新,7500,福岡県福岡市早良区西新６,地下鉄空港線「西新」徒歩10分,73.31,2LDK,2011年2月,https://suumo.jp//ms/chuko/fukuoka/sc_fukuokashisawara/nc_78928748/,西新,地下鉄空港線,10,2011-02-01,15,78928748
コアマンション桜坂プレジオ弐番館,7500,福岡県福岡市中央区六本松３,地下鉄七隈線「桜坂」徒歩4分,107.92,4LDK,2001年2月,https://suumo.jp//ms/chuko/fukuoka/sc_fukuokashichuo/nc_79187041/,桜坂,地下鉄七隈線,4,2001-02-01,25,79187041
ネクサス薬院二丁目,7500,福岡県福岡市中央区薬院２-5-15,地下鉄七隈線「薬院大通」徒歩3分,73.0,3LDK,2016年3月,https://suumo.jp//ms/chuko/fukuoka/sc_fukuokashichuo/nc_20346316/,薬院大通,地下鉄七隈線,3,2016-03-01,10,20346316
ネクサス薬院二丁目,7500,福岡県福岡市中央区薬院２,地下鉄七隈線「薬院大通」徒歩3分,73.0,3LDK,2016年3月,https://suumo.jp//ms/chuko/fukuoka/sc_fukuokashichuo/nc_78819565/,薬院大通,地下鉄七隈線,3,2016-03-01,10,78819565
シャトレけやき通り,7500,福岡県福岡市中央区赤坂２-4-5,地下鉄空港線「赤坂」徒歩14分,139.21,5LDK+S（納戸）,1985年4月,https://suumo.jp//ms/chuko/fukuoka/sc_fukuokashichuo/nc_75500622/,赤坂,地下鉄空港線,14,1985-04-01,41,75500622
グランドメゾン福岡　Ｔｈｅ　Ｃｅｎｔｒａｌ　Ｌｕｘｅ,7580,福岡県福岡市中央区渡辺通２,西鉄天神大牟田線「薬院」徒歩2分,51.35,1LDK,2025年7月,https://suumo.jp//ms/chuko/fukuoka/sc_fukuokashichuo/nc_20395545/,薬院,西鉄天神大牟田線,2,2025-07-01,1,20395545
アダージュ薬院弐番館,7580,福岡県福岡市中央区薬院２,地下鉄七隈線「薬院大通」徒歩2分,93.88,4LDK,2003年3月,https://suumo.jp//ms/chuko/fukuoka/sc_fukuokashichuo/nc_78624572/,薬院大通,地下鉄七隈線,2,2003-03-01,23,78624572
室見二丁目パーク・マンション,7650,福岡県福岡市早良区室見２,地下鉄空港線「藤崎」徒歩7分,137.36,4LDK,1995年3月,https://suumo.jp//ms/chuko/fukuoka/sc_fukuokashisawara/nc_78972807/,藤崎,地下鉄空港線,7,1995-03-01,31,78972807
パークホームズ大濠公園フロント,7680,福岡県福岡市中央区荒戸１,地下鉄空港線「大濠公園」徒歩2分,53.61,2LDK,2025年3月,https://suumo.jp//ms/chuko/fukuoka/sc_fukuokashichuo/nc_78672728/,大濠公園,地下鉄空港線,2,2025-03-01,1,78672728
ＭＪＲ博多ザ・レジデンス,7680,福岡県福岡市博多区美野島１,ＪＲ鹿児島本線「博多」徒歩13分,66.77,3LDK,2025年1月,https://suumo.jp//ms/chuko/fukuoka/sc_fukuokashihakata/nc_20336585/,博多,ＪＲ鹿児島本線,13,2025-01-01,1,20336585
シティハウス鳥飼,7680,福岡県福岡市城南区鳥飼６,地下鉄七隈線「別府」徒歩7分,83.78,4LDK,2019年10月,https://suumo.jp//ms/chuko/fukuoka/sc_fukuokashijonan/nc_20236116/,別府,地下鉄七隈線,7,2019-10-01,7,20236116
グランドメゾン大濠南,7780,福岡県福岡市中央区草香江２,地下鉄七隈線「六本松」徒歩3分,87.11,3LDK,2001年11月,https://suumo.jp//ms/chuko/fukuoka/sc_fukuokashichuo/nc_20172940/,六本松,地下鉄七隈線,3,2001-11-01,25,20172940
グランドメゾン大濠南,7780,福岡県福岡市中央区草香江２,地下鉄七隈線「六本松」徒歩3分,87.11,3LDK,2001年11月,https://suumo.jp//ms/chuko/fukuoka/sc_fukuokashichuo/nc_78851241/,六本松,地下鉄七隈線,3,2001-11-01,25,78851241
エステートマンション大濠・相羽ビル,7800,福岡県福岡市中央区大濠１,地下鉄七隈線「六本松」徒歩9分,102.26,3LDK,1986年7月,https://suumo.jp//ms/chuko/fukuoka/sc_fukuokashichuo/nc_75026535/,六本松,地下鉄七隈線,9,1986-07-01,40,75026535
レジア赤坂テラス,7800,福岡県福岡市中央区長浜２-3-5,地下鉄空港線「赤坂」徒歩6分,75.44,3LDK,2016年12月,https://suumo.jp//ms/chuko/fukuoka/sc_fukuokashichuo/nc_20030577/,赤坂,地下鉄空港線,6,2016-12-01,10,20030577
レジア赤坂テラス,7800,福岡県福岡市中央区長浜２,地下鉄空港線「赤坂」徒歩6分,75.44,3LDK,2016年12月,https://suumo.jp//ms/chuko/fukuoka/sc_fukuokashichuo/nc_20001850/,赤坂,地下鉄空港線,6,2016-12-01,10,20001850
レジア赤坂テラス,7800,福岡県福岡市中央区長浜２,地下鉄空港線「赤坂」徒歩6分,75.44,3LDK,2016年12月,https://suumo.jp//ms/chuko/fukuoka/sc_fukuokashichuo/nc_20119060/,赤坂,地下鉄空港線,6,2016-12-01,10,20119060
ザ・パークハウス福岡タワーズＥＡＳＴ,7800,福岡県福岡市中央区地行浜２,地下鉄空港線「唐人町」徒歩12分,64.28,2LDK,2020年12月,https://suumo.jp//ms/chuko/fukuoka/sc_fukuokashichuo/nc_78635330/,唐人町,地下鉄空港線,12,2020-12-01,6,78635330
パークホームズ警固本通り,7980,福岡県福岡市中央区警固２-16-30,地下鉄空港線「赤坂」徒歩9分,82.96,3LDK,2009年10月,https://suumo.jp//ms/chuko/fukuoka/sc_fukuokashichuo/nc_79216175/,赤坂,地下鉄空港線,9,2009-10-01,17,79216175
パークホームズ警固本通り,7980,福岡県福岡市中央区警固２,地下鉄空港線「赤坂」徒歩9分,82.96,3LDK,2009年10月,https://suumo.jp//ms/chuko/fukuoka/sc_fukuokashichuo/nc_78928142/,赤坂,地下鉄空港線,9,2009-10-01,17,78928142
パークホームズ警固本通り,7980,福岡県福岡市中央区警固２,地下鉄空港線「赤坂」徒歩9分,82.96,3LDK,2009年10月,https://suumo.jp//ms/chuko/fukuoka/sc_fukuokashichuo/nc_79221650/,赤坂,地下鉄空港線,9,2009-10-01,17,79221650
アクロス天神センタープラザ,7980,福岡県福岡市中央区渡辺通３,地下鉄七隈線「渡辺通」徒歩6分,71.11,2LDK,2005年7月,https://suumo.jp//ms/chuko/fukuoka/sc_fukuokashichuo/nc_78982914/,渡辺通,地下鉄七隈線,6,2005-07-01,21,78982914
ザ・パークハウス桜坂サンリヤン,7980,福岡県福岡市中央区桜坂３,地下鉄七隈線「桜坂」徒歩3分,70.23,3LDK,2018年9月,https://suumo.jp//ms/chuko/fukuoka/sc_fukuokashichuo/nc_20178364/,桜坂,地下鉄七隈線,3,2018-09-01,8,20178364
パークホームズ警固本通り,7980,福岡県福岡市中央区警固２,地下鉄空港線「赤坂」徒歩8分,82.96,3LDK,2009年10月,https://suumo.jp//ms/chuko/fukuoka/sc_fukuokashichuo/nc_78912557/,赤坂,地下鉄空港線,8,2009-10-01,17,78912557
パークホームズ警固本通り,7980,福岡県福岡市中央区警固２-16-30,地下鉄空港線「赤坂」徒歩9分,82.96,3LDK,2009年10月,https://suumo.jp//ms/chuko/fukuoka/sc_fukuokashichuo/nc_20148823/,赤坂,地下鉄空港線,9,2009-10-01,17,20148823
グランドメゾン赤坂けやきレジデンス,7980,福岡県福岡市中央区赤坂２,地下鉄空港線「赤坂」徒歩8分,63.59,ワンルーム,2018年6月,https://suumo.jp//ms/chuko/fukuoka/sc_fukuokashichuo/nc_20091079/,赤坂,地下鉄空港線,8,2018-06-01,8,20091079
パークホームズ警固本通り,7980,福岡県福岡市中央区警固２,地下鉄空港線「赤坂」徒歩8分,82.96,3LDK,2009年10月,https://suumo.jp//ms/chuko/fukuoka/sc_fukuokashichuo/nc_78949930/,赤坂,地下鉄空港線,8,2009-10-01,17,78949930
パークホームズ警固本通り,7980,福岡県福岡市中央区警固２-16-30,地下鉄空港線「赤坂」徒歩9分,82.96,3LDK,2009年10月,https://suumo.jp//ms/chuko/fukuoka/sc_fukuokashichuo/nc_78891792/,赤坂,地下鉄空港線,9,2009-10-01,17,78891792
グランドメゾン大濠南,7990,福岡県福岡市中央区草香江２-1-38,地下鉄七隈線「六本松」徒歩4分,87.11,3LDK+S（納戸）,2001年11月,https://suumo.jp//ms/chuko/fukuoka/sc_fukuokashichuo/nc_78171866/,六本松,地下鉄七隈線,4,2001-11-01,25,78171866
パークハウス西新7丁目,8150,福岡県福岡市早良区西新７-14-40,地下鉄空港線「西新」徒歩11分,91.02,3LDK,2005年2月,https://suumo.jp//ms/chuko/fukuoka/sc_fukuokashisawara/nc_20393985/,西新,地下鉄空港線,11,2005-02-01,21,20393985
MJR博多ザ・レジデンス,8200,福岡県福岡市博多区美野島１,ＪＲ鹿児島本線「博多」徒歩13分,70.1,2LDK,2025年1月,https://suumo.jp//ms/chuko/fukuoka/sc_fukuokashihakata/nc_20370112/,博多,ＪＲ鹿児島本線,13,2025-01-01,1,20370112
グランド・サンリヤン西新,8200,福岡県福岡市早良区城西１,地下鉄空港線「西新」徒歩5分,68.73,3LDK,2024年11月,https://suumo.jp//ms/chuko/fukuoka/sc_fukuokashisawara/nc_78823570/,西新,地下鉄空港線,5,2024-11-01,2,78823570
ザ・パークハウス桜坂サンリヤン,8200,福岡県福岡市中央区桜坂３,地下鉄七隈線「桜坂」徒歩3分,70.74,3LDK,2018年9月,https://suumo.jp//ms/chuko/fukuoka/sc_fukuokashichuo/nc_20452057/,桜坂,地下鉄七隈線,3,2018-09-01,8,20452057
グランドステイツ大濠公園南,8280,福岡県福岡市中央区六本松３-10-28,地下鉄七隈線「六本松」徒歩4分,80.69,3LDK,2004年6月,https://suumo.jp//ms/chuko/fukuoka/sc_fukuokashichuo/nc_20365714/,六本松,地下鉄七隈線,4,2004-06-01,22,20365714
グランドステイツ大濠公園南,8280,福岡県福岡市中央区六本松３-10-28,地下鉄七隈線「六本松」徒歩3分,80.69,3LDK,2004年6月,https://suumo.jp//ms/chuko/fukuoka/sc_fukuokashichuo/nc_20299417/,六本松,地下鉄七隈線,3,2004-06-01,22,20299417
グランドステイツ大濠公園南,8280,福岡県福岡市中央区六本松３,地下鉄七隈線「六本松」徒歩4分,80.69,3LDK,2004年6月,https://suumo.jp//ms/chuko/fukuoka/sc_fukuokashichuo/nc_78981512/,六本松,地下鉄七隈線,4,2004-06-01,22,78981512
アクロス天神ｖタワー,8280,福岡県福岡市中央区舞鶴１,地下鉄空港線「天神」徒歩7分,90.24,4LDK,2005年3月,https://suumo.jp//ms/chuko/fukuoka/sc_fukuokashichuo/nc_78533981/,天神,地下鉄空港線,7,2005-03-01,21,78533981
パークホームズ六本松フォレストクロス,8300,福岡県福岡市中央区輝国２,地下鉄七隈線「六本松」徒歩11分,83.61,4LDK,2022年11月,https://suumo.jp//ms/chuko/fukuoka/sc_fukuokashichuo/nc_20220766/,六本松,地下鉄七隈線,11,2022-11-01,4,20220766
パークハウス西新７丁目,8380,福岡県福岡市早良区西新７,地下鉄空港線「西新」徒歩11分,91.02,3LDK,2005年2月,https://suumo.jp//ms/chuko/fukuoka/sc_fukuokashisawara/nc_77624309/,西新,地下鉄空港線,11,2005-02-01,21,77624309
ＭＪＲ赤坂タワー,8380,福岡県福岡市中央区赤坂１,地下鉄空港線「赤坂」徒歩1分,55.38,2LDK,2017年10月,https://suumo.jp//ms/chuko/fukuoka/sc_fukuokashichuo/nc_20237745/,赤坂,地下鉄空港線,1,2017-10-01,9,20237745
六本松パーク・ホームズ,8400,福岡県福岡市中央区梅光園１,地下鉄七隈線「六本松」徒歩5分,141.91,4LDK,1991年8月,https://suumo.jp//ms/chuko/fukuoka/sc_fukuokashichuo/nc_20237742/,六本松,地下鉄七隈線,5,1991-08-01,35,20237742
MJR博多ザ・レジデンス,8480,福岡県福岡市博多区美野島１,地下鉄七隈線「博多」徒歩12分,70.1,2LDK+S（納戸）,2025年1月,https://suumo.jp//ms/chuko/fukuoka/sc_fukuokashihakata/nc_20023189/,博多,地下鉄七隈線,12,2025-01-01,1,20023189
フリーディア西新レジデンス,8480,福岡県福岡市早良区西新７,地下鉄空港線「藤崎」徒歩5分,72.93,1LDK,2024年2月,https://suumo.jp//ms/chuko/fukuoka/sc_fukuokashisawara/nc_20245114/,藤崎,地下鉄空港線,5,2024-02-01,2,20245114
コアマンションけやき通りプレジオ,8480,福岡県福岡市中央区赤坂３,地下鉄七隈線「六本松」徒歩10分,91.8,ワンルーム,2002年10月,https://suumo.jp//ms/chuko/fukuoka/sc_fukuokashichuo/nc_78138292/,六本松,地下鉄七隈線,10,2002-10-01,24,78138292
ＭＪＲ博多ザ・レジデンス,8500,福岡県福岡市博多区美野島１,ＪＲ鹿児島本線「博多」徒歩13分,70.49,3LDK,2025年1月,https://suumo.jp//ms/chuko/fukuoka/sc_fukuokashihakata/nc_20014031/,博多,ＪＲ鹿児島本線,13,2025-01-01,1,20014031
コアマンション桜坂プレジオ弐番館,8590,福岡県福岡市中央区六本松３,地下鉄七隈線「桜坂」徒歩4分,103.4,3LDK+S（納戸）,2001年1月,https://suumo.jp//ms/chuko/fukuoka/sc_fukuokashichuo/nc_20207719/,桜坂,地下鉄七隈線,4,2001-01-01,25,20207719
コアマンション桜坂プレジオ弐番館,8590,福岡県福岡市中央区六本松３,地下鉄七隈線「桜坂」徒歩4分,103.4,3LDK+S（納戸）,2001年1月,https://suumo.jp//ms/chuko/fukuoka/sc_fukuokashichuo/nc_20059581/,桜坂,地下鉄七隈線,4,2001-01-01,25,20059581
コアマンション桜坂プレジオ弐番館,8590,福岡県福岡市中央区六本松３,地下鉄七隈線「桜坂」徒歩4分,103.4,3LDK+S（納戸）,2001年1月,https://suumo.jp//ms/chuko/fukuoka/sc_fukuokashichuo/nc_20091541/,桜坂,地下鉄七隈線,4,2001-01-01,25,20091541
ＭＪＲ桜坂ザ・レジデンス,8900,福岡県福岡市中央区桜坂１,地下鉄七隈線「桜坂」徒歩1分,89.39,3LDK,2019年1月,https://suumo.jp//ms/chuko/fukuoka/sc_fukuokashichuo/nc_78912834/,桜坂,地下鉄七隈線,1,2019-01-01,7,78912834
グランドメゾン西新ステージ,8980,福岡県福岡市早良区西新５,地下鉄空港線「西新」徒歩7分,96.13,4LDK,2012年1月,https://suumo.jp//ms/chuko/fukuoka/sc_fukuokashisawara/nc_20102163/,西新,地下鉄空港線,7,2012-01-01,14,20102163
グランドメゾン西新ステージ,8980,福岡県福岡市早良区西新５,地下鉄空港線「西新」徒歩9分,96.13,4LDK,2012年2月,https://suumo.jp//ms/chuko/fukuoka/sc_fukuokashisawara/nc_20130709/,西新,地下鉄空港線,9,2012-02-01,14,20130709
グランドメゾン西新ステージ,8980,福岡県福岡市早良区西新５,地下鉄空港線「西新」徒歩7分,96.13,4LDK,2012年2月,https://suumo.jp//ms/chuko/fukuoka/sc_fukuokashisawara/nc_20086219/,西新,地下鉄空港線,7,2012-02-01,14,20086219
ＭＪＲ桜坂ザ・レジデンス,8990,福岡県福岡市中央区桜坂１,地下鉄七隈線「桜坂」徒歩1分,89.39,3LDK,2019年1月,https://suumo.jp//ms/chuko/fukuoka/sc_fukuokashichuo/nc_78077315/,桜坂,地下鉄七隈線,1,2019-01-01,7,78077315
MJR桜坂ザ・レジデンス,8990,福岡県福岡市中央区桜坂１,地下鉄七隈線「桜坂」徒歩1分,89.39,3LDK,2019年1月,https://suumo.jp//ms/chuko/fukuoka/sc_fukuokashichuo/nc_20140679/,桜坂,地下鉄七隈線,1,2019-01-01,7,20140679
サンメゾン西新,8990,福岡県福岡市早良区曙１,地下鉄空港線「西新」徒歩12分,97.16,4LDK,2020年1月,https://suumo.jp//ms/chuko/fukuoka/sc_fukuokashisawara/nc_20354631/,西新,地下鉄空港線,12,2020-01-01,6,20354631
ＭＪＲ博多ザ・レジデンス,9000,福岡県福岡市博多区美野島１-1-1,地下鉄空港線「博多」徒歩12分,70.1,2LDK,2025年1月,https://suumo.jp//ms/chuko/fukuoka/sc_fukuokashihakata/nc_20245193/,博多,地下鉄空港線,12,2025-01-01,1,20245193
百道タワー,9300,福岡県福岡市早良区百道浜１,地下鉄空港線「西新」徒歩10分,90.28,1LDK,2004年2月,https://suumo.jp//ms/chuko/fukuoka/sc_fukuokashisawara/nc_20131070/,西新,地下鉄空港線,10,2004-02-01,22,20131070
グランドメゾン福岡Ｔｈｅ　Ｃｅｎｔｒａｌ　Ｌｕｘｅ,9300,福岡県福岡市中央区渡辺通２,西鉄天神大牟田線「薬院」徒歩2分,62.25,1LDK,2025年6月,https://suumo.jp//ms/chuko/fukuoka/sc_fukuokashichuo/nc_78123276/,薬院,西鉄天神大牟田線,2,2025-06-01,1,78123276
グランドサンリヤン大濠公園パークビュー,9380,福岡県福岡市中央区草香江１,地下鉄七隈線「六本松」徒歩9分,96.91,3LDK,2005年3月,https://suumo.jp//ms/chuko/fukuoka/sc_fukuokashichuo/nc_20393888/,六本松,地下鉄七隈線,9,2005-03-01,21,20393888
ブランシエラ赤坂はなみずき通り,9390,福岡県福岡市中央区桜坂１,地下鉄七隈線「桜坂」徒歩6分,77.39,3LDK,2020年8月,https://suumo.jp//ms/chuko/fukuoka/sc_fukuokashichuo/nc_78841624/,桜坂,地下鉄七隈線,6,2020-08-01,6,78841624
コアマンションけやき通りプレジオ,9480,福岡県福岡市中央区赤坂３,地下鉄七隈線「六本松」徒歩10分,133.37,4LDK,2002年10月,https://suumo.jp//ms/chuko/fukuoka/sc_fukuokashichuo/nc_79049377/,六本松,地下鉄七隈線,10,2002-10-01,24,79049377
グランド・サンリヤン西新,9480,福岡県福岡市早良区城西１,地下鉄空港線「西新」徒歩5分,72.3,3LDK,2024年11月,https://suumo.jp//ms/chuko/fukuoka/sc_fukuokashisawara/nc_79058850/,西新,地下鉄空港線,5,2024-11-01,2,79058850
グランド・サンリヤン西新,9480,福岡県福岡市早良区城西１,地下鉄空港線「西新」徒歩5分,72.3,3LDK,2024年11月,https://suumo.jp//ms/chuko/fukuoka/sc_fukuokashisawara/nc_77839603/,西新,地下鉄空港線,5,2024-11-01,2,77839603
ザ・パークハウス天神今泉,9480,福岡県福岡市中央区今泉２,地下鉄七隈線「薬院」徒歩6分,65.84,2LDK,2020年7月,https://suumo.jp//ms/chuko/fukuoka/sc_fukuokashichuo/nc_79172982/,薬院,地下鉄七隈線,6,2020-07-01,6,79172982
アプローズ薬院デュオウエスト,9480,福岡県福岡市中央区薬院２,地下鉄七隈線「薬院大通」徒歩5分,110.15,4LDK,2003年7月,https://suumo.jp//ms/chuko/fukuoka/sc_fukuokashichuo/nc_20296969/,薬院大通,地下鉄七隈線,5,2003-07-01,23,20296969
グランドメゾン大濠プレイス,9500,福岡県福岡市中央区鳥飼１,地下鉄七隈線「六本松」徒歩11分,88.05,2LDK+S（納戸）,2012年1月,https://suumo.jp//ms/chuko/fukuoka/sc_fukuokashichuo/nc_20336574/,六本松,地下鉄七隈線,11,2012-01-01,14,20336574
グランドメゾン大濠プレイス,9500,福岡県福岡市中央区鳥飼１,地下鉄七隈線「六本松」徒歩11分,88.05,2LDK+S（納戸）,2012年1月,https://suumo.jp//ms/chuko/fukuoka/sc_fukuokashichuo/nc_20329550/,六本松,地下鉄七隈線,11,2012-01-01,14,20329550
グランドメゾン福岡　The Central Luxe,9500,福岡県福岡市中央区渡辺通２-７－２８,西鉄天神大牟田線「薬院」徒歩2分,63.29,1LDK,2025年6月,https://suumo.jp//ms/chuko/fukuoka/sc_fukuokashichuo/nc_20128719/,薬院,西鉄天神大牟田線,2,2025-06-01,1,20128719
フリーディア高取一丁目,9500,福岡県福岡市早良区高取１,地下鉄空港線「藤崎」徒歩6分,83.27,3LDK,2023年6月,https://suumo.jp//ms/chuko/fukuoka/sc_fukuokashisawara/nc_78256315/,藤崎,地下鉄空港線,6,2023-06-01,3,78256315
グランフォーレ百道アクアフロント,9600,福岡県福岡市早良区百道３,地下鉄空港線「藤崎」徒歩12分,86.02,4LDK,2020年10月,https://suumo.jp//ms/chuko/fukuoka/sc_fukuokashisawara/nc_79117082/,藤崎,地下鉄空港線,12,2020-10-01,6,79117082
グランドメゾン福岡Ｔｈｅ　Ｃｅｎｔｒａｌ　Ｌｕｘｅ,9600,福岡県福岡市中央区渡辺通２,西鉄天神大牟田線「薬院」徒歩3分,63.29,ワンルーム,2025年6月,https://suumo.jp//ms/chuko/fukuoka/sc_fukuokashichuo/nc_78527545/,薬院,西鉄天神大牟田線,3,2025-06-01,1,78527545
グランドメゾン浄水ガーデンシティセントラルフォレスト…,9650,福岡県福岡市中央区薬院４-１４番１,地下鉄七隈線「薬院大通」徒歩9分,65.42,2LDK,2022年1月,https://suumo.jp//ms/chuko/fukuoka/sc_fukuokashichuo/nc_20036479/,薬院大通,地下鉄七隈線,9,2022-01-01,4,20036479
JQ浄水東通り,9800,福岡県福岡市中央区薬院４,地下鉄七隈線「薬院大通」徒歩6分,102.31,4LDK,2006年9月,https://suumo.jp//ms/chuko/fukuoka/sc_fukuokashichuo/nc_20151634/,薬院大通,地下鉄七隈線,6,2006-09-01,20,20151634
アクタス大手門パークシティ,9980,福岡県福岡市中央区大手門１,地下鉄空港線「赤坂」徒歩7分,93.92,3LDK,2005年2月,https://suumo.jp//ms/chuko/fukuoka/sc_fukuokashichuo/nc_76865748/,赤坂,地下鉄空港線,7,2005-02-01,21,76865748
グランドメゾン福岡　Ｔｈｅ　Ｃｅｎｔｒａｌ　Ｌｕｘｅ,9980,福岡県福岡市中央区渡辺通２,西鉄天神大牟田線「薬院」徒歩2分,63.29,1LDK,2025年7月,https://suumo.jp//ms/chuko/fukuoka/sc_fukuokashichuo/nc_78661055/,薬院,西鉄天神大牟田線,2,2025-07-01,1,78661055
アクタス大手門パークシティ,9980,福岡県福岡市中央区大手門１-２－１８,地下鉄空港線「赤坂」徒歩7分,93.92,3LDK,2005年2月,https://suumo.jp//ms/chuko/fukuoka/sc_fukuokashichuo/nc_76842988/,赤坂,地下鉄空港線,7,2005-02-01,21,76842988
パークコート赤坂ヒルトップレジデンス,9980,福岡県福岡市中央区赤坂３-６－６,地下鉄七隈線「桜坂」徒歩10分,89.63,3LDK,2010年2月,https://suumo.jp//ms/chuko/fukuoka/sc_fukuokashichuo/nc_78640538/,桜坂,地下鉄七隈線,10,2010-02-01,16,78640538
百道タワー,9980,福岡県福岡市早良区百道浜１,地下鉄空港線「西新」徒歩10分,81.73,2LDK,2004年2月,https://suumo.jp//ms/chuko/fukuoka/sc_fukuokashisawara/nc_79121075/,西新,地下鉄空港線,10,2004-02-01,22,79121075
西新コンドミニアム,9980,福岡県福岡市早良区西新２,地下鉄空港線「西新」徒歩3分,121.21,3LDK+S（納戸）,2005年3月,https://suumo.jp//ms/chuko/fukuoka/sc_fukuokashisawara/nc_20453558/,西新,地下鉄空港線,3,2005-03-01,21,20453558
ライオンズマンション大濠パークサイド,10500,福岡県福岡市中央区鳥飼２,地下鉄七隈線「六本松」徒歩11分,103.85,3LDK,2003年2月,https://suumo.jp//ms/chuko/fukuoka/sc_fukuokashichuo/nc_20436133/,六本松,地下鉄七隈線,11,2003-02-01,23,20436133
グランドメゾン西新テラス,10780,福岡県福岡市早良区城西１,地下鉄空港線「西新」徒歩7分,96.41,3LDK,2014年2月,https://suumo.jp//ms/chuko/fukuoka/sc_fukuokashisawara/nc_20043788/,西新,地下鉄空港線,7,2014-02-01,12,20043788
ライオンズマンション大濠パークサイド,10800,福岡県福岡市中央区鳥飼２-1-40,地下鉄七隈線「六本松」徒歩10分,103.85,3LDK,2003年2月,https://suumo.jp//ms/chuko/fukuoka/sc_fukuokashichuo/nc_20030316/,六本松,地下鉄七隈線,10,2003-02-01,23,20030316
アルテマインド浄水平丘,10800,福岡県福岡市中央区平丘町1-16,地下鉄七隈線「薬院大通」徒歩10分,94.63,3LDK,2010年5月,https://suumo.jp//ms/chuko/fukuoka/sc_fukuokashichuo/nc_20249037/,薬院大通,地下鉄七隈線,10,2010-05-01,16,20249037
アルテマインド浄水平丘,10800,福岡県福岡市中央区平丘町,地下鉄七隈線「薬院大通」徒歩9分,94.63,3LDK,2010年4月,https://suumo.jp//ms/chuko/fukuoka/sc_fukuokashichuo/nc_20409313/,薬院大通,地下鉄七隈線,9,2010-04-01,16,20409313
グランドメゾン百道プレイス,10820,福岡県福岡市早良区百道２,地下鉄空港線「藤崎」徒歩3分,90.65,3LDK,2016年2月,https://suumo.jp//ms/chuko/fukuoka/sc_fukuokashisawara/nc_77583529/,藤崎,地下鉄空港線,3,2016-02-01,10,77583529
Ｂｒｉｌｌｉａ平尾浄水,10880,福岡県福岡市中央区平尾浄水町,地下鉄七隈線「薬院大通」徒歩12分,108.17,3LDK,2009年4月,https://suumo.jp//ms/chuko/fukuoka/sc_fukuokashichuo/nc_20160990/,薬院大通,地下鉄七隈線,12,2009-04-01,17,20160990
グランドメゾン福岡Ｔｈｅ　Ｃｅｎｔｒａｌ　Ｌｕｘｅ,10900,福岡県福岡市中央区渡辺通２,西鉄天神大牟田線「薬院」徒歩2分,69.63,1LDK,2025年6月,https://suumo.jp//ms/chuko/fukuoka/sc_fukuokashichuo/nc_78123277/,薬院,西鉄天神大牟田線,2,2025-06-01,1,78123277
百道タワー,10980,福岡県福岡市早良区百道浜１,地下鉄空港線「西新」徒歩13分,108.68,3LDK,2004年2月,https://suumo.jp//ms/chuko/fukuoka/sc_fukuokashisawara/nc_78116650/,西新,地下鉄空港線,13,2004-02-01,22,78116650
グランドメゾン大濠南,10990,福岡県福岡市中央区草香江２,地下鉄七隈線「六本松」徒歩3分,98.79,3LDK+S（納戸）,2001年11月,https://suumo.jp//ms/chuko/fukuoka/sc_fukuokashichuo/nc_20286451/,六本松,地下鉄七隈線,3,2001-11-01,25,20286451
グランドメゾン大濠南,10990,福岡県福岡市中央区草香江２,地下鉄七隈線「六本松」徒歩3分,98.79,3LDK,2001年11月,https://suumo.jp//ms/chuko/fukuoka/sc_fukuokashichuo/nc_20293353/,六本松,地下鉄七隈線,3,2001-11-01,25,20293353
グランドメゾン大濠南,10990,福岡県福岡市中央区草香江２,地下鉄七隈線「六本松」徒歩3分,98.79,3LDK+S（納戸）,2001年11月,https://suumo.jp//ms/chuko/fukuoka/sc_fukuokashichuo/nc_20117698/,六本松,地下鉄七隈線,3,2001-11-01,25,20117698
グランドメゾン大濠南,10990,福岡県福岡市中央区草香江２,地下鉄七隈線「六本松」徒歩3分,98.79,3LDK+S（納戸）,2001年11月,https://suumo.jp//ms/chuko/fukuoka/sc_fukuokashichuo/nc_20181928/,六本松,地下鉄七隈線,3,2001-11-01,25,20181928
グランドメゾン大濠公園南,10990,福岡県福岡市中央区草香江２,地下鉄七隈線「六本松」徒歩4分,98.79,3LDK+S（納戸）,2001年11月,https://suumo.jp//ms/chuko/fukuoka/sc_fukuokashichuo/nc_20171751/,六本松,地下鉄七隈線,4,2001-11-01,25,20171751
グランドメゾン大濠南,10990,福岡県福岡市中央区草香江２-1-38,地下鉄七隈線「六本松」徒歩2分,98.79,3LDK+S（納戸）,2001年11月,https://suumo.jp//ms/chuko/fukuoka/sc_fukuokashichuo/nc_20236709/,六本松,地下鉄七隈線,2,2001-11-01,25,20236709
グランドメゾン大濠南,10990,福岡県福岡市中央区草香江２,地下鉄七隈線「六本松」徒歩3分,98.79,3LDK+S（納戸）,2001年12月,https://suumo.jp//ms/chuko/fukuoka/sc_fukuokashichuo/nc_20181726/,六本松,地下鉄七隈線,3,2001-12-01,25,20181726
グランドメゾン大濠南,10990,福岡県福岡市中央区草香江２-1-38,地下鉄七隈線「六本松」徒歩3分,98.79,3LDK+S（納戸）,2001年11月,https://suumo.jp//ms/chuko/fukuoka/sc_fukuokashichuo/nc_20412861/,六本松,地下鉄七隈線,3,2001-11-01,25,20412861
グランドメゾン福岡The Central Luxe,11000,福岡県福岡市中央区渡辺通２,西鉄天神大牟田線「薬院」徒歩2分,51.35,1LDK,2025年6月,https://suumo.jp//ms/chuko/fukuoka/sc_fukuokashichuo/nc_20024816/,薬院,西鉄天神大牟田線,2,2025-06-01,1,20024816
グランドメゾン福岡The Central Luxe,11000,福岡県福岡市中央区渡辺通２-7-28,西鉄天神大牟田線「薬院」徒歩3分,51.35,1LDK,2025年6月,https://suumo.jp//ms/chuko/fukuoka/sc_fukuokashichuo/nc_20102772/,薬院,西鉄天神大牟田線,3,2025-06-01,1,20102772
プレミスト平尾浄水オークハウス,11000,福岡県福岡市中央区平尾浄水町,地下鉄七隈線「薬院大通」徒歩13分,115.05,4LDK,2010年5月,https://suumo.jp//ms/chuko/fukuoka/sc_fukuokashichuo/nc_79014157/,薬院大通,地下鉄七隈線,13,2010-05-01,16,79014157
グランドメゾン福岡Ｔｈｅ　Ｃｅｎｔｒａｌ　Ｌｕｘｅ,11000,福岡県福岡市中央区渡辺通２,西鉄天神大牟田線「薬院」徒歩3分,51.35,1LDK,2025年6月,https://suumo.jp//ms/chuko/fukuoka/sc_fukuokashichuo/nc_20389892/,薬院,西鉄天神大牟田線,3,2025-06-01,1,20389892
ＭＪＲ博多ザ・レジデンス,11200,福岡県福岡市博多区美野島１,ＪＲ鹿児島本線「博多」徒歩12分,97.26,3LDK,2025年1月,https://suumo.jp//ms/chuko/fukuoka/sc_fukuokashihakata/nc_20162432/,博多,ＪＲ鹿児島本線,12,2025-01-01,1,20162432
ＭＪＲ博多ザ・レジデンス,11200,福岡県福岡市博多区美野島１,ＪＲ鹿児島本線「博多」徒歩13分,97.26,3LDK,2025年1月,https://suumo.jp//ms/chuko/fukuoka/sc_fukuokashihakata/nc_20169488/,博多,ＪＲ鹿児島本線,13,2025-01-01,1,20169488
ＭＪＲ博多ザ・レジデンス,11200,福岡県福岡市博多区美野島１,地下鉄空港線「博多」徒歩12分,97.26,3LDK,2025年1月,https://suumo.jp//ms/chuko/fukuoka/sc_fukuokashihakata/nc_20199483/,博多,地下鉄空港線,12,2025-01-01,1,20199483
グランドメゾン赤坂１丁目,11280,福岡県福岡市中央区赤坂１,地下鉄空港線「赤坂」徒歩6分,88.11,3LDK,2013年5月,https://suumo.jp//ms/chuko/fukuoka/sc_fukuokashichuo/nc_20401837/,赤坂,地下鉄空港線,6,2013-05-01,13,20401837
グランドメゾン大濠公園 THE TOWER,11500,福岡県福岡市中央区唐人町１-2-3,地下鉄空港線「唐人町」徒歩4分,70.67,3LDK,2023年6月,https://suumo.jp//ms/chuko/fukuoka/sc_fukuokashichuo/nc_20170522/,唐人町,地下鉄空港線,4,2023-06-01,3,20170522
ザ・パークハウス赤坂タワーレジデンス,11500,福岡県福岡市中央区長浜２,地下鉄空港線「赤坂」徒歩6分,98.15,3LDK,2019年7月,https://suumo.jp//ms/chuko/fukuoka/sc_fukuokashichuo/nc_79029423/,赤坂,地下鉄空港線,6,2019-07-01,7,79029423
グランドメゾン大濠公園ＴＨＥ　ＴＯＷＥＲ,11500,福岡県福岡市中央区唐人町１,地下鉄空港線「唐人町」徒歩2分,70.67,3LDK,2023年6月,https://suumo.jp//ms/chuko/fukuoka/sc_fukuokashichuo/nc_20179644/,唐人町,地下鉄空港線,2,2023-06-01,3,20179644
フリーディア藤崎レジデンス,11500,福岡県福岡市早良区藤崎１,地下鉄空港線「藤崎」徒歩4分,97.45,3LDK,2019年9月,https://suumo.jp//ms/chuko/fukuoka/sc_fukuokashisawara/nc_79081279/,藤崎,地下鉄空港線,4,2019-09-01,7,79081279
Brillia平尾浄水,11800,福岡県福岡市中央区平尾浄水町,地下鉄七隈線「薬院大通」徒歩12分,114.43,3LDK,2009年4月,https://suumo.jp//ms/chuko/fukuoka/sc_fukuokashichuo/nc_20367604/,薬院大通,地下鉄七隈線,12,2009-04-01,17,20367604
Ｂｒｉｌｌｉａ平尾浄水,11800,福岡県福岡市中央区平尾浄水町,地下鉄七隈線「薬院大通」徒歩12分,114.43,3LDK,2009年4月,https://suumo.jp//ms/chuko/fukuoka/sc_fukuokashichuo/nc_20395544/,薬院大通,地下鉄七隈線,12,2009-04-01,17,20395544
ブリリア平尾浄水,11800,福岡県福岡市中央区平尾浄水町,地下鉄七隈線「薬院大通」徒歩11分,114.43,3LDK,2009年5月,https://suumo.jp//ms/chuko/fukuoka/sc_fukuokashichuo/nc_78952756/,薬院大通,地下鉄七隈線,11,2009-05-01,17,78952756
デュレジア薬院スタンス◆☆上質なデザイン空間☆◆,12000,福岡県福岡市中央区薬院３,地下鉄七隈線「薬院大通」徒歩5分,70.33,2LDK+S（納戸）,2023年2月,https://suumo.jp//ms/chuko/fukuoka/sc_fukuokashichuo/nc_20282820/,薬院大通,地下鉄七隈線,5,2023-02-01,3,20282820
グランドメゾン大濠公園THE CLASS,12000,福岡県福岡市中央区荒戸２-3-9,地下鉄空港線「大濠公園」徒歩6分,60.35,2LDK,2024年1月,https://suumo.jp//ms/chuko/fukuoka/sc_fukuokashichuo/nc_20120081/,大濠公園,地下鉄空港線,6,2024-01-01,2,20120081
グランドメゾン大濠公園ＴＨＥ　ＣＬＡＳＳ,12000,福岡県福岡市中央区荒戸２,地下鉄空港線「大濠公園」徒歩4分,60.35,2LDK,2024年1月,https://suumo.jp//ms/chuko/fukuoka/sc_fukuokashichuo/nc_20346627/,大濠公園,地下鉄空港線,4,2024-01-01,2,20346627
グランドメゾン大濠公園THE CLASS,12000,福岡県福岡市中央区荒戸２,地下鉄空港線「大濠公園」徒歩4分,60.35,2LDK,2024年1月,https://suumo.jp//ms/chuko/fukuoka/sc_fukuokashichuo/nc_20005198/,大濠公園,地下鉄空港線,4,2024-01-01,2,20005198
グランドメゾン福岡　Ｔｈｅ　Ｃｅｎｔｒａｌ　Ｌｕｘｅ,12000,福岡県福岡市中央区渡辺通２,西鉄天神大牟田線「薬院」徒歩2分,69.63,1LDK,2025年7月,https://suumo.jp//ms/chuko/fukuoka/sc_fukuokashichuo/nc_20162431/,薬院,西鉄天神大牟田線,2,2025-07-01,1,20162431
グランドメゾン福岡　ＴＨＥ　ＣＥＮＴＲＡＬ　ＬＵＸＥ,12000,福岡県福岡市中央区渡辺通２,西鉄天神大牟田線「薬院」徒歩3分,69.63,1LDK,2025年6月,https://suumo.jp//ms/chuko/fukuoka/sc_fukuokashichuo/nc_20277314/,薬院,西鉄天神大牟田線,3,2025-06-01,1,20277314
グランドメゾン福岡　Ｔｈｅ　Ｃｅｎｔｒａｌ　Ｌｕｘｅ,12000,福岡県福岡市中央区渡辺通２,西鉄天神大牟田線「薬院」徒歩3分,69.63,ワンルーム,2025年6月,https://suumo.jp//ms/chuko/fukuoka/sc_fukuokashichuo/nc_20420261/,薬院,西鉄天神大牟田線,3,2025-06-01,1,20420261
グランドメゾン浄水ガーデンシティフォレストゲートⅢ,12500,福岡県福岡市中央区薬院４,地下鉄七隈線「薬院大通」徒歩5分,83.15,3LDK,2018年12月,https://suumo.jp//ms/chuko/fukuoka/sc_fukuokashichuo/nc_79074334/,薬院大通,地下鉄七隈線,5,2018-12-01,8,79074334
グランドメゾン大濠サウスサイドレジデンス,12500,福岡県福岡市中央区草香江１,地下鉄七隈線「六本松」徒歩5分,100.43,3LDK,2018年7月,https://suumo.jp//ms/chuko/fukuoka/sc_fukuokashichuo/nc_20408896/,六本松,地下鉄七隈線,5,2018-07-01,8,20408896
グランドメゾン福岡　The Central Luxe,12660,福岡県福岡市中央区渡辺通２-7-23,西鉄天神大牟田線「薬院」徒歩2分,69.72,1LDK,2025年6月,https://suumo.jp//ms/chuko/fukuoka/sc_fukuokashichuo/nc_79102216/,薬院,西鉄天神大牟田線,2,2025-06-01,1,79102216
ザ・パークハウス福岡タワーズ EAST,12800,福岡県福岡市中央区地行浜２,地下鉄空港線「唐人町」徒歩12分,83.96,3LDK,2020年12月,https://suumo.jp//ms/chuko/fukuoka/sc_fukuokashichuo/nc_79049647/,唐人町,地下鉄空港線,12,2020-12-01,6,79049647
三井薬院ハイツ,12800,福岡県福岡市中央区薬院２,地下鉄七隈線「薬院大通」徒歩6分,172.94,8LDK,1982年10月,https://suumo.jp//ms/chuko/fukuoka/sc_fukuokashichuo/nc_20133049/,薬院大通,地下鉄七隈線,6,1982-10-01,44,20133049
グランドパレス浄水通り,12850,福岡県福岡市中央区薬院４,地下鉄七隈線「薬院大通」徒歩6分,101.74,2LDK,2017年2月,https://suumo.jp//ms/chuko/fukuoka/sc_fukuokashichuo/nc_20336580/,薬院大通,地下鉄七隈線,6,2017-02-01,9,20336580
グランドパレス浄水通り,12850,福岡県福岡市中央区薬院４,地下鉄七隈線「薬院大通」徒歩6分,101.74,2LDK+S（納戸）,2017年2月,https://suumo.jp//ms/chuko/fukuoka/sc_fukuokashichuo/nc_20329272/,薬院大通,地下鉄七隈線,6,2017-02-01,9,20329272
グランドパレス浄水通り,12850,福岡県福岡市中央区薬院４-15-10,地下鉄七隈線「薬院大通」徒歩8分,101.74,2LDK+S（納戸）,2017年3月,https://suumo.jp//ms/chuko/fukuoka/sc_fukuokashichuo/nc_20312519/,薬院大通,地下鉄七隈線,8,2017-03-01,9,20312519
グランドメゾン赤坂弐番館,13300,福岡県福岡市中央区赤坂２,地下鉄空港線「赤坂」徒歩12分,110.0,3LDK,2004年9月,https://suumo.jp//ms/chuko/fukuoka/sc_fukuokashichuo/nc_79104390/,赤坂,地下鉄空港線,12,2004-09-01,22,79104390
ネクサス薬院,13300,福岡県福岡市中央区薬院１,地下鉄七隈線「薬院大通」徒歩3分,94.52,3LDK,2015年6月,https://suumo.jp//ms/chuko/fukuoka/sc_fukuokashichuo/nc_78294683/,薬院大通,地下鉄七隈線,3,2015-06-01,11,78294683
ネクサス薬院,13300,福岡県福岡市中央区薬院１,地下鉄七隈線「薬院大通」徒歩4分,94.52,3LDK,2015年6月,https://suumo.jp//ms/chuko/fukuoka/sc_fukuokashichuo/nc_78255043/,薬院大通,地下鉄七隈線,4,2015-06-01,11,78255043
ネクサス薬院,13300,福岡県福岡市中央区薬院１,地下鉄七隈線「薬院大通」徒歩4分,94.52,3LDK,2015年6月,https://suumo.jp//ms/chuko/fukuoka/sc_fukuokashichuo/nc_78680505/,薬院大通,地下鉄七隈線,4,2015-06-01,11,78680505
コアマンションけやき通りプレジオ,13400,福岡県福岡市中央区赤坂３,地下鉄七隈線「六本松」徒歩11分,150.4,3LDK+S（納戸）,2002年10月,https://suumo.jp//ms/chuko/fukuoka/sc_fukuokashichuo/nc_20445148/,六本松,地下鉄七隈線,11,2002-10-01,24,20445148
グランド・サンリヤン大濠公園パークビュー,13480,福岡県福岡市中央区草香江１,地下鉄七隈線「六本松」徒歩9分,91.39,3LDK,2005年3月,https://suumo.jp//ms/chuko/fukuoka/sc_fukuokashichuo/nc_20394561/,六本松,地下鉄七隈線,9,2005-03-01,21,20394561
グランドメゾン大濠公園２０１７,13500,福岡県福岡市中央区荒戸１,地下鉄空港線「大濠公園」徒歩4分,93.44,2LDK,2017年11月,https://suumo.jp//ms/chuko/fukuoka/sc_fukuokashichuo/nc_78085177/,大濠公園,地下鉄空港線,4,2017-11-01,9,78085177
Brillia平尾浄水,13800,福岡県福岡市中央区平尾浄水町4-7,地下鉄七隈線「薬院大通」徒歩11分,127.99,3LDK,2009年4月,https://suumo.jp//ms/chuko/fukuoka/sc_fukuokashichuo/nc_78105959/,薬院大通,地下鉄七隈線,11,2009-04-01,17,78105959
サーパス赤坂マスターズビュー,13800,福岡県福岡市中央区六本松３,地下鉄七隈線「六本松」徒歩8分,90.23,3LDK,2013年10月,https://suumo.jp//ms/chuko/fukuoka/sc_fukuokashichuo/nc_78826360/,六本松,地下鉄七隈線,8,2013-10-01,13,78826360
サーパス赤坂マスターズビュー,13800,福岡県福岡市中央区六本松３-16-27,地下鉄七隈線「六本松」徒歩8分,90.23,3LDK,2013年10月,https://suumo.jp//ms/chuko/fukuoka/sc_fukuokashichuo/nc_78818450/,六本松,地下鉄七隈線,8,2013-10-01,13,78818450
グランドメゾン大濠公園ＴＨＥ　ＣＬＡＳＳ,14000,福岡県福岡市中央区荒戸２,地下鉄空港線「大濠公園」徒歩4分,80.07,3LDK,2024年1月,https://suumo.jp//ms/chuko/fukuoka/sc_fukuokashichuo/nc_77341516/,大濠公園,地下鉄空港線,4,2024-01-01,2,77341516
ルッシュ・西公園,14000,福岡県福岡市中央区荒戸３-5-46,地下鉄空港線「唐人町」徒歩13分,131.05,4LDK,1990年9月,https://suumo.jp//ms/chuko/fukuoka/sc_fukuokashichuo/nc_78996625/,唐人町,地下鉄空港線,13,1990-09-01,36,78996625
グランアルト天神タワー,14500,福岡県福岡市中央区今泉２,地下鉄空港線「天神」徒歩9分,102.07,2LDK,2004年9月,https://suumo.jp//ms/chuko/fukuoka/sc_fukuokashichuo/nc_20203357/,天神,地下鉄空港線,9,2004-09-01,22,20203357
ウェリス大濠公園Z-Stage,14800,福岡県福岡市中央区黒門,地下鉄空港線「唐人町」徒歩2分,86.42,3LDK,2013年9月,https://suumo.jp//ms/chuko/fukuoka/sc_fukuokashichuo/nc_20422608/,唐人町,地下鉄空港線,2,2013-09-01,13,20422608
大濠パークハウス,15000,福岡県福岡市中央区大濠１,地下鉄空港線「唐人町」徒歩10分,179.25,2LDK+S（納戸）,1989年10月,https://suumo.jp//ms/chuko/fukuoka/sc_fukuokashichuo/nc_78946460/,唐人町,地下鉄空港線,10,1989-10-01,37,78946460
レーベン福岡天神ＯＮＥＴＯＷＥＲ,15358,福岡県福岡市中央区天神５,地下鉄空港線「天神」徒歩6分,83.43,3LDK,2024年1月,https://suumo.jp//ms/chuko/fukuoka/sc_fukuokashichuo/nc_78395279/,天神,地下鉄空港線,6,2024-01-01,2,78395279
レーベン福岡天神　ＯＮＥ　ＴＯＷＥＲ,15358,福岡県福岡市中央区天神５,地下鉄空港線「天神」徒歩9分,83.43,3LDK,2024年1月,https://suumo.jp//ms/chuko/fukuoka/sc_fukuokashichuo/nc_77793403/,天神,地下鉄空港線,9,2024-01-01,2,77793403
レーベン福岡天神ONETOWER,15358,福岡県福岡市中央区天神５,地下鉄空港線「天神」徒歩6分,83.43,3LDK,2024年1月,https://suumo.jp//ms/chuko/fukuoka/sc_fukuokashichuo/nc_77748360/,天神,地下鉄空港線,6,2024-01-01,2,77748360
プレミスト天神赤坂タワー,15480,福岡県福岡市中央区大名２,地下鉄空港線「赤坂」徒歩2分,69.76,2LDK,2018年1月,https://suumo.jp//ms/chuko/fukuoka/sc_fukuokashichuo/nc_20324824/,赤坂,地下鉄空港線,2,2018-01-01,8,20324824
MJR赤坂タワー,15800,福岡県福岡市中央区赤坂１,地下鉄空港線「赤坂」徒歩1分,69.03,2LDK,2017年10月,https://suumo.jp//ms/chuko/fukuoka/sc_fukuokashichuo/nc_79059997/,赤坂,地下鉄空港線,1,2017-10-01,9,79059997
MJR赤坂タワー,15800,福岡県福岡市中央区赤坂１,地下鉄空港線「赤坂」徒歩1分,69.03,2LDK,2017年10月,https://suumo.jp//ms/chuko/fukuoka/sc_fukuokashichuo/nc_77915413/,赤坂,地下鉄空港線,1,2017-10-01,9,77915413
ＭＪＲ赤坂タワー,15800,福岡県福岡市中央区赤坂１,地下鉄空港線「赤坂」徒歩1分,69.03,2LDK,2017年10月,https://suumo.jp//ms/chuko/fukuoka/sc_fukuokashichuo/nc_77940319/,赤坂,地下鉄空港線,1,2017-10-01,9,77940319
MJR赤坂タワー,15800,福岡県福岡市中央区赤坂１,地下鉄空港線「赤坂」徒歩1分,69.03,2LDK,2017年10月,https://suumo.jp//ms/chuko/fukuoka/sc_fukuokashichuo/nc_77959137/,赤坂,地下鉄空港線,1,2017-10-01,9,77959137
MJR赤坂タワー,15800,福岡県福岡市中央区赤坂１,地下鉄空港線「赤坂」徒歩1分,69.03,2LDK,2017年11月,https://suumo.jp//ms/chuko/fukuoka/sc_fukuokashichuo/nc_77934409/,赤坂,地下鉄空港線,1,2017-11-01,9,77934409
MJR赤坂タワー,15800,福岡県福岡市中央区赤坂１,地下鉄空港線「赤坂」徒歩1分,69.03,2LDK,2017年10月,https://suumo.jp//ms/chuko/fukuoka/sc_fukuokashichuo/nc_77892861/,赤坂,地下鉄空港線,1,2017-10-01,9,77892861
ザ・パークハウス桜坂サンリヤン,16500,福岡県福岡市中央区桜坂３,地下鉄七隈線「桜坂」徒歩3分,105.07,4LDK,2018年9月,https://suumo.jp//ms/chuko/fukuoka/sc_fukuokashichuo/nc_74279125/,桜坂,地下鉄七隈線,3,2018-09-01,8,74279125
ブリリアタワー西新,16500,福岡県福岡市早良区西新４-1-1,地下鉄空港線「西新」徒歩1分,79.93,2LDK,2021年1月,https://suumo.jp//ms/chuko/fukuoka/sc_fukuokashisawara/nc_20003363/,西新,地下鉄空港線,1,2021-01-01,5,20003363
パークホームズ大濠二丁目,17200,福岡県福岡市中央区大濠２,地下鉄空港線「唐人町」徒歩4分,101.47,3LDK,2017年6月,https://suumo.jp//ms/chuko/fukuoka/sc_fukuokashichuo/nc_20417461/,唐人町,地下鉄空港線,4,2017-06-01,9,20417461
アメックス大濠タワー,17800,福岡県福岡市中央区大手門３-1-30,地下鉄空港線「大濠公園」徒歩5分,145.2,3LDK,2006年7月,https://suumo.jp//ms/chuko/fukuoka/sc_fukuokashichuo/nc_77332781/,大濠公園,地下鉄空港線,5,2006-07-01,20,77332781
ザ・パークハウス天神今泉,17900,福岡県福岡市中央区今泉２,西鉄天神大牟田線「薬院」徒歩6分,104.72,3LDK,2020年7月,https://suumo.jp//ms/chuko/fukuoka/sc_fukuokashichuo/nc_78568146/,薬院,西鉄天神大牟田線,6,2020-07-01,6,78568146
グランドメゾン福岡　Ｔｈｅ　Ｃｅｎｔｒａｌ　Ｌｕｘｅ,18500,福岡県福岡市中央区渡辺通２,西鉄天神大牟田線「薬院」徒歩2分,77.39,2LDK,2025年6月,https://suumo.jp//ms/chuko/fukuoka/sc_fukuokashichuo/nc_20416508/,薬院,西鉄天神大牟田線,2,2025-06-01,1,20416508
ロイヤルアーク大濠公園,18800,福岡県福岡市中央区大手門１,地下鉄空港線「大濠公園」徒歩2分,124.77,3LDK,2001年10月,https://suumo.jp//ms/chuko/fukuoka/sc_fukuokashichuo/nc_20011979/,大濠公園,地下鉄空港線,2,2001-10-01,25,20011979
プレミスト天神赤坂タワー,19800,福岡県福岡市中央区大名２-10-8,地下鉄空港線「赤坂」徒歩3分,62.77,1LDK,2019年1月,https://suumo.jp//ms/chuko/fukuoka/sc_fukuokashichuo/nc_20214629/,赤坂,地下鉄空港線,3,2019-01-01,7,20214629
グランドメゾン浄水ガーデンシティ　フォレストゲートⅢ,19800,福岡県福岡市中央区薬院４,地下鉄七隈線「薬院大通」徒歩5分,100.07,3LDK,2018年12月,https://suumo.jp//ms/chuko/fukuoka/sc_fukuokashichuo/nc_20401001/,薬院大通,地下鉄七隈線,5,2018-12-01,8,20401001
大濠パークハウス,19800,福岡県福岡市中央区大濠１,地下鉄空港線「唐人町」徒歩9分,158.78,3LDK,1989年10月,https://suumo.jp//ms/chuko/fukuoka/sc_fukuokashichuo/nc_78968131/,唐人町,地下鉄空港線,9,1989-10-01,37,78968131
大濠パークハウス,19800,福岡県福岡市中央区大濠１,地下鉄空港線「唐人町」徒歩9分,158.78,3LDK,1989年10月,https://suumo.jp//ms/chuko/fukuoka/sc_fukuokashichuo/nc_20131682/,唐人町,地下鉄空港線,9,1989-10-01,37,20131682
ザ・パークハウス桜坂サンリヤン,19800,福岡県福岡市中央区桜坂３,地下鉄七隈線「桜坂」徒歩3分,105.07,2LDK+S（納戸）,2018年9月,https://suumo.jp//ms/chuko/fukuoka/sc_fukuokashichuo/nc_78879298/,桜坂,地下鉄七隈線,3,2018-09-01,8,78879298
フリーディア赤坂プレミアム,20000,福岡県福岡市中央区舞鶴３,地下鉄空港線「赤坂」徒歩6分,103.54,2LDK,2020年3月,https://suumo.jp//ms/chuko/fukuoka/sc_fukuokashichuo/nc_20401002/,赤坂,地下鉄空港線,6,2020-03-01,6,20401002
パークホームズ大濠二丁目,21000,福岡県福岡市中央区大濠２,地下鉄空港線「唐人町」徒歩4分,101.47,2LDK,2017年6月,https://suumo.jp//ms/chuko/fukuoka/sc_fukuokashichuo/nc_20237744/,唐人町,地下鉄空港線,4,2017-06-01,9,20237744
サンリベラ・プライム天神大名レジデンス,21800,福岡県福岡市中央区大名２,地下鉄空港線「赤坂」徒歩4分,152.03,2LDK+S（納戸）,1992年2月,https://suumo.jp//ms/chuko/fukuoka/sc_fukuokashichuo/nc_77982546/,赤坂,地下鉄空港線,4,1992-02-01,34,77982546
グランドメゾン浄水ガーデンシティセントラルフォレスト…,22000,福岡県福岡市中央区薬院４,地下鉄七隈線「薬院大通」徒歩8分,100.42,3LDK,2023年7月,https://suumo.jp//ms/chuko/fukuoka/sc_fukuokashichuo/nc_79020498/,薬院大通,地下鉄七隈線,8,2023-07-01,3,79020498
ＣＬＵＢ　ＴＨＥ．大濠二丁目,22800,福岡県福岡市中央区大濠２,地下鉄空港線「唐人町」徒歩7分,133.27,4LDK,2019年6月,https://suumo.jp//ms/chuko/fukuoka/sc_fukuokashichuo/nc_20109691/,唐人町,地下鉄空港線,7,2019-06-01,7,20109691
Ｂｒｉｌｌｉａ　Ｔｏｗｅｒ西新・ＰＲＡＬＩＶＡ,23500,福岡県福岡市早良区西新４,地下鉄空港線「西新」徒歩1分,100.08,4LDK,2021年1月,https://suumo.jp//ms/chuko/fukuoka/sc_fukuokashisawara/nc_20100959/,西新,地下鉄空港線,1,2021-01-01,5,20100959
ブリリアタワー西新,23800,福岡県福岡市早良区西新４,地下鉄空港線「西新」徒歩1分,100.08,3LDK,2021年1月,https://suumo.jp//ms/chuko/fukuoka/sc_fukuokashisawara/nc_76364232/,西新,地下鉄空港線,1,2021-01-01,5,76364232
大濠パークハウス,25000,福岡県福岡市中央区大濠１,地下鉄空港線「唐人町」徒歩9分,162.59,1LDK,1989年10月,https://suumo.jp//ms/chuko/fukuoka/sc_fukuokashichuo/nc_20073244/,唐人町,地下鉄空港線,9,1989-10-01,37,20073244
パークホームズ西新トラッドマークス,25000,福岡県福岡市早良区西新２,地下鉄空港線「西新」徒歩3分,163.09,3LDK+S（納戸）,2018年5月,https://suumo.jp//ms/chuko/fukuoka/sc_fukuokashisawara/nc_78668487/,西新,地下鉄空港線,3,2018-05-01,8,78668487
大濠パークハウス,25000,福岡県福岡市中央区大濠１,地下鉄空港線「唐人町」徒歩9分,162.59,1LDK,1989年10月,https://suumo.jp//ms/chuko/fukuoka/sc_fukuokashichuo/nc_79182139/,唐人町,地下鉄空港線,9,1989-10-01,37,79182139
グランドメゾン百道浜オーシャン＆フォレスト,25800,福岡県福岡市早良区百道浜３,地下鉄空港線「西新」徒歩15分,155.52,3LDK,2010年7月,https://suumo.jp//ms/chuko/fukuoka/sc_fukuokashisawara/nc_20416709/,西新,地下鉄空港線,15,2010-07-01,16,20416709
Ｂｒｉｌｌｉａ　Ｔｏｗｅｒ西新・ＰＲＡＬＩＶＡ,26800,福岡県福岡市早良区西新４,地下鉄空港線「西新」徒歩1分,99.1,3LDK,2021年1月,https://suumo.jp//ms/chuko/fukuoka/sc_fukuokashisawara/nc_20043799/,西新,地下鉄空港線,1,2021-01-01,5,20043799
グランドメゾン福岡　Ｔｈｅ　Ｃｅｎｔｒａｌ　Ｌｕｘｅ,27000,福岡県福岡市中央区渡辺通２,西鉄天神大牟田線「薬院」徒歩2分,110.97,3LDK,2025年6月,https://suumo.jp//ms/chuko/fukuoka/sc_fukuokashichuo/nc_20050754/,薬院,西鉄天神大牟田線,2,2025-06-01,1,20050754
グランドメゾン福岡The Central Luxe,27000,福岡県福岡市中央区渡辺通２-7-28,地下鉄七隈線「薬院」徒歩4分,110.97,3LDK,2025年6月,https://suumo.jp//ms/chuko/fukuoka/sc_fukuokashichuo/nc_79010895/,薬院,地下鉄七隈線,4,2025-06-01,1,79010895
ブリリアタワー西新,30000,福岡県福岡市早良区西新４-1-1,地下鉄空港線「西新」徒歩1分,101.65,2LDK,2021年1月,https://suumo.jp//ms/chuko/fukuoka/sc_fukuokashisawara/nc_20407256/,西新,地下鉄空港線,1,2021-01-01,5,20407256
ザ・パークハウス福岡タワーズ　WEST,32000,福岡県福岡市中央区地行浜２,地下鉄空港線「唐人町」徒歩12分,102.56,1LDK,2019年12月,https://suumo.jp//ms/chuko/fukuoka/sc_fukuokashichuo/nc_20445675/,唐人町,地下鉄空港線,12,2019-12-01,7,20445675
ブリリアタワー西新,33000,福岡県福岡市早良区西新４-1-1,地下鉄空港線「西新」徒歩1分,101.82,2LDK+S（納戸）,2021年1月,https://suumo.jp//ms/chuko/fukuoka/sc_fukuokashisawara/nc_79050803/,西新,地下鉄空港線,1,2021-01-01,5,79050803
BrilliaTower西新（ブリリアタワー西新）,33000,福岡県福岡市早良区西新４,地下鉄空港線「西新」徒歩1分,101.82,2LDK+S（納戸）,2021年1月,https://suumo.jp//ms/chuko/fukuoka/sc_fukuokashisawara/nc_77918095/,西新,地下鉄空港線,1,2021-01-01,5,77918095
Brillia　Tower西新,33000,福岡県福岡市早良区西新４,地下鉄空港線「西新」徒歩2分,101.82,2LDK,2021年1月,https://suumo.jp//ms/chuko/fukuoka/sc_fukuokashisawara/nc_77901231/,西新,地下鉄空港線,2,2021-01-01,5,77901231
Brillia Tower西新　ブリリアタワー西新,33000,福岡県福岡市早良区西新４,地下鉄空港線「西新」徒歩1分,101.82,2LDK,2021年1月,https://suumo.jp//ms/chuko/fukuoka/sc_fukuokashisawara/nc_77890908/,西新,地下鉄空港線,1,2021-01-01,5,77890908
Ｂｒｉｌｌｉａ　Ｔｏｗｅｒ西新・ＰＲＡＬＩＶＡ,33000,福岡県福岡市早良区西新４,地下鉄空港線「西新」徒歩1分,101.82,2LDK+S（納戸）,2021年1月,https://suumo.jp//ms/chuko/fukuoka/sc_fukuokashisawara/nc_77940315/,西新,地下鉄空港線,1,2021-01-01,5,77940315
プレミスト大濠公園,35000,福岡県福岡市中央区荒戸３,地下鉄空港線「唐人町」徒歩3分,120.71,3LDK,2025年6月,https://suumo.jp//ms/chuko/fukuoka/sc_fukuokashichuo/nc_20093083/,唐人町,地下鉄空港線,3,2025-06-01,1,20093083
ＣＬＵＢ　ＴＨＥ．薬院ステーションタワー,46000,福岡県福岡市中央区白金１-17-34,西鉄天神大牟田線「薬院」徒歩2分,138.16,2LDK+S（納戸）,2020年4月,https://suumo.jp//ms/chuko/fukuoka/sc_fukuokashichuo/nc_20355816/,薬院,西鉄天神大牟田線,2,2020-04-01,6,20355816
CLUB THE. 薬院ステーションタワー,46000,福岡県福岡市中央区白金１,西鉄天神大牟田線「薬院」徒歩2分,138.16,2LDK+S（納戸）,2020年4月,https://suumo.jp//ms/chuko/fukuoka/sc_fukuokashichuo/nc_77676580/,薬院,西鉄天神大牟田線,2,2020-04-01,6,77676580
ＣＬＵＢ　ＴＨＥ．薬院ステーションタワー,46000,福岡県福岡市中央区白金１,地下鉄七隈線「薬院」徒歩2分,138.16,2LDK+S（納戸）,2020年4月,https://suumo.jp//ms/chuko/fukuoka/sc_fukuokashichuo/nc_20237747/,薬院,地下鉄七隈線,2,2020-04-01,6,20237747
CLUB THE. 薬院ステーションタワー,46000,福岡県福岡市中央区白金１-17-34,地下鉄七隈線「薬院」徒歩2分,138.16,2LDK+S（納戸）,2020年4月,https://suumo.jp//ms/chuko/fukuoka/sc_fukuokashichuo/nc_77605697/,薬院,地下鉄七隈線,2,2020-04-01,6,77605697
