name,price,address,access,area,layout,yyyymm_construction,url,station_name,line,minutes,yyyymm,age,id
シティマンション輝国,950,福岡県福岡市中央区輝国２,地下鉄七隈線「六本松」徒歩15分,55.43,3DK,1984年1月,https://suumo.jp//ms/chuko/fukuoka/sc_fukuokashichuo/nc_20230915/,六本松,地下鉄七隈線,15,1984-01-01,42,20230915
東峰マンション大宮,1200,福岡県福岡市中央区大宮１,西鉄天神大牟田線「薬院」徒歩8分,56.61,3DK,1978年7月,https://suumo.jp//ms/chuko/fukuoka/sc_fukuokashichuo/nc_21806428/,薬院,西鉄天神大牟田線,8,1978-07-01,48,21806428
シティマンション輝国,1430,福岡県福岡市中央区輝国２,地下鉄七隈線「六本松」徒歩15分,55.06,3DK,1984年1月,https://suumo.jp//ms/chuko/fukuoka/sc_fukuokashichuo/nc_20293641/,六本松,地下鉄七隈線,15,1984-01-01,42,20293641
マンション鳥飼204,1600,福岡県福岡市中央区鳥飼１-3-19,地下鉄七隈線「六本松」徒歩12分,49.8,1LDK,1973年12月,https://suumo.jp//ms/chuko/fukuoka/sc_fukuokashichuo/nc_21448109/,六本松,地下鉄七隈線,12,1973-12-01,53,21448109
シャンボール大濠,1690,福岡県福岡市中央区鳥飼３,地下鉄空港線「西新」徒歩9分,74.88,3LDK,1978年8月,https://suumo.jp//ms/chuko/fukuoka/sc_fukuokashichuo/nc_21556414/,西新,地下鉄空港線,9,1978-08-01,48,21556414
シャンボール桜坂,1980,福岡県福岡市中央区古小烏町,地下鉄七隈線「桜坂」徒歩6分,48.9,1LDK,1974年5月,https://suumo.jp//ms/chuko/fukuoka/sc_fukuokashichuo/nc_21832279/,桜坂,地下鉄七隈線,6,1974-05-01,52,21832279
ライオンズマンション高砂第２,2380,福岡県福岡市中央区高砂２,西鉄天神大牟田線「薬院」徒歩15分,58.71,2LDK,1979年10月,https://suumo.jp//ms/chuko/fukuoka/sc_fukuokashichuo/nc_21523861/,薬院,西鉄天神大牟田線,15,1979-10-01,47,21523861
エバーライフすのこ小前,2670,福岡県福岡市中央区港２-1-9,地下鉄空港線「大濠公園」徒歩8分,45.1,1LDK,1983年11月,https://suumo.jp//ms/chuko/fukuoka/sc_fukuokashichuo/nc_21738383/,大濠公園,地下鉄空港線,8,1983-11-01,43,21738383
グランフォーレラグゼ平尾,2699,福岡県福岡市南区市崎１,地下鉄七隈線「薬院大通」徒歩15分,30.18,1LDK,2011年6月,https://suumo.jp//ms/chuko/fukuoka/sc_fukuokashiminami/nc_21286499/,薬院大通,地下鉄七隈線,15,2011-06-01,15,21286499
東カングランドマンション大濠パークサイド,2780,福岡県福岡市中央区鳥飼１-4-58,地下鉄空港線「唐人町」徒歩12分,55.0,2LDK,1974年8月,https://suumo.jp//ms/chuko/fukuoka/sc_fukuokashichuo/nc_21203656/,唐人町,地下鉄空港線,12,1974-08-01,52,21203656
第7プリンス高砂マンション,2780,福岡県福岡市中央区高砂１-15-32,西鉄天神大牟田線「薬院」徒歩9分,50.85,2LDK,1978年12月,https://suumo.jp//ms/chuko/fukuoka/sc_fukuokashichuo/nc_21682760/,薬院,西鉄天神大牟田線,9,1978-12-01,48,21682760
ダイナコート赤坂南,2828,福岡県福岡市中央区桜坂２-5-43,地下鉄七隈線「桜坂」徒歩6分,63.27,3LDK,1988年7月,https://suumo.jp//ms/chuko/fukuoka/sc_fukuokashichuo/nc_21366199/,桜坂,地下鉄七隈線,6,1988-07-01,38,21366199
警固ハウス,2899,福岡県福岡市中央区警固１-15-15,地下鉄七隈線「薬院大通」徒歩8分,66.0,2LDK,1980年3月,https://suumo.jp//ms/chuko/fukuoka/sc_fukuokashichuo/nc_21128916/,薬院大通,地下鉄七隈線,8,1980-03-01,46,21128916
ファミール輝国,2990,福岡県福岡市中央区輝国２-8-20,地下鉄七隈線「六本松」徒歩15分,81.6,3LDK+S（納戸）,1984年3月,https://suumo.jp//ms/chuko/fukuoka/sc_fukuokashichuo/nc_21166001/,六本松,地下鉄七隈線,15,1984-03-01,42,21166001
警固ハウス,2990,福岡県福岡市中央区警固１,地下鉄七隈線「薬院大通」徒歩11分,66.0,3LDK,1980年3月,https://suumo.jp//ms/chuko/fukuoka/sc_fukuokashichuo/nc_21285511/,薬院大通,地下鉄七隈線,11,1980-03-01,46,21285511
警固ハウス,2990,福岡県福岡市中央区警固１,地下鉄七隈線「薬院大通」徒歩8分,66.0,3LDK,1980年3月,https://suumo.jp//ms/chuko/fukuoka/sc_fukuokashichuo/nc_20968843/,薬院大通,地下鉄七隈線,8,1980-03-01,46,20968843
グランフォーレ西新,3090,福岡県福岡市早良区城西１,地下鉄空港線「西新」徒歩6分,40.05,1LDK,2006年9月,https://suumo.jp//ms/chuko/fukuoka/sc_fukuokashisawara/nc_21031110/,西新,地下鉄空港線,6,2006-09-01,20,21031110
エステートマンション西公園,3180,福岡県福岡市中央区荒戸２,地下鉄空港線「大濠公園」徒歩8分,50.28,1LDK,1987年1月,https://suumo.jp//ms/chuko/fukuoka/sc_fukuokashichuo/nc_21472716/,大濠公園,地下鉄空港線,8,1987-01-01,39,21472716
コープ野村博多東,3180,福岡県福岡市博多区比恵町,地下鉄空港線「東比恵」徒歩5分,98.41,3LDK,1980年3月,https://suumo.jp//ms/chuko/fukuoka/sc_fukuokashihakata/nc_21671105/,東比恵,地下鉄空港線,5,1980-03-01,46,21671105
【ロワールマンション博多駅南】博多駅徒歩圏！最新リノ…,3190,福岡県福岡市博多区博多駅南３,ＪＲ鹿児島本線「博多」徒歩15分,69.51,3LDK,1985年9月,https://suumo.jp//ms/chuko/fukuoka/sc_fukuokashihakata/nc_20097897/,博多,ＪＲ鹿児島本線,15,1985-09-01,41,20097897
クレアランドマーク,3280,福岡県福岡市博多区冷泉町2-9,地下鉄空港線「祇園」徒歩4分,40.43,1LDK,2001年1月,https://suumo.jp//ms/chuko/fukuoka/sc_fukuokashihakata/nc_21180321/,祇園,地下鉄空港線,4,2001-01-01,25,21180321
ライフピア舞鶴,3299,福岡県福岡市中央区舞鶴３-3-4,地下鉄空港線「赤坂」徒歩6分,72.3,2LDK,1982年4月,https://suumo.jp//ms/chuko/fukuoka/sc_fukuokashichuo/nc_21373792/,赤坂,地下鉄空港線,6,1982-04-01,44,21373792
オープンレジデンシア大濠西,3300,福岡県福岡市中央区今川２,地下鉄空港線「唐人町」徒歩8分,34.31,1LDK,2024年8月,https://suumo.jp//ms/chuko/fukuoka/sc_fukuokashichuo/nc_21818257/,唐人町,地下鉄空港線,8,2024-08-01,2,21818257
ラフィネスシャトードゥ赤坂,3399,福岡県福岡市中央区大手門１,地下鉄空港線「赤坂」徒歩8分,32.81,1LDK,2002年6月,https://suumo.jp//ms/chuko/fukuoka/sc_fukuokashichuo/nc_20968854/,赤坂,地下鉄空港線,8,2002-06-01,24,20968854
オープンレジデンシア博多駅南,3490,福岡県福岡市博多区博多駅南２,ＪＲ鹿児島本線「博多」徒歩11分,34.7,1LDK,2024年9月,https://suumo.jp//ms/chuko/fukuoka/sc_fukuokashihakata/nc_21176444/,博多,ＪＲ鹿児島本線,11,2024-09-01,2,21176444
オープンレジデンシア天神今泉,3499,福岡県福岡市中央区今泉２,地下鉄七隈線「薬院大通」徒歩6分,34.12,1LDK,2023年9月,https://suumo.jp//ms/chuko/fukuoka/sc_fukuokashichuo/nc_21765754/,薬院大通,地下鉄七隈線,6,2023-09-01,3,21765754
ロマネスク西公園第7,3500,福岡県福岡市中央区港３,地下鉄空港線「大濠公園」徒歩15分,69.3,3LDK,1991年11月,https://suumo.jp//ms/chuko/fukuoka/sc_fukuokashichuo/nc_21742042/,大濠公園,地下鉄空港線,15,1991-11-01,35,21742042
赤坂パインマンション,3500,福岡県福岡市中央区赤坂１,地下鉄空港線「赤坂」徒歩7分,72.0,2LDK,1981年5月,https://suumo.jp//ms/chuko/fukuoka/sc_fukuokashichuo/nc_21221592/,赤坂,地下鉄空港線,7,1981-05-01,45,21221592
オープンレジデンシア薬院南,3580,福岡県福岡市中央区平尾３-5-6,西鉄天神大牟田線「薬院」徒歩9分,34.54,1LDK,2022年9月,https://suumo.jp//ms/chuko/fukuoka/sc_fukuokashichuo/nc_20474520/,薬院,西鉄天神大牟田線,9,2022-09-01,4,20474520
グレイス博多,3680,福岡県福岡市博多区博多駅東３,地下鉄空港線「東比恵」徒歩6分,95.29,3LDK,1980年8月,https://suumo.jp//ms/chuko/fukuoka/sc_fukuokashihakata/nc_21319148/,東比恵,地下鉄空港線,6,1980-08-01,46,21319148
藤和薬院コープ,3698,福岡県福岡市中央区薬院２-3-3,地下鉄七隈線「薬院大通」徒歩1分,73.69,3LDK,1979年3月,https://suumo.jp//ms/chuko/fukuoka/sc_fukuokashichuo/nc_21227604/,薬院大通,地下鉄七隈線,1,1979-03-01,47,21227604
ロマネスク西公園第６,3699,福岡県福岡市中央区荒戸２-4-37,地下鉄空港線「大濠公園」徒歩7分,52.24,2LDK,1991年3月,https://suumo.jp//ms/chuko/fukuoka/sc_fukuokashichuo/nc_20884869/,大濠公園,地下鉄空港線,7,1991-03-01,35,20884869
オープンレジデンシア博多住吉,3750,福岡県福岡市博多区住吉２,地下鉄七隈線「櫛田神社前」徒歩5分,38.65,1LDK,2023年9月,https://suumo.jp//ms/chuko/fukuoka/sc_fukuokashihakata/nc_21851182/,櫛田神社前,地下鉄七隈線,5,2023-09-01,3,21851182
オープンレジデンシア大濠公園,3850,福岡県福岡市中央区大手門２,地下鉄空港線「大濠公園」徒歩5分,34.78,1LDK,2023年4月,https://suumo.jp//ms/chuko/fukuoka/sc_fukuokashichuo/nc_21541625/,大濠公園,地下鉄空港線,5,2023-04-01,3,21541625
オープンレジデンシア西新,3890,福岡県福岡市早良区城西１,地下鉄空港線「西新」徒歩5分,33.64,1LDK,2025年8月,https://suumo.jp//ms/chuko/fukuoka/sc_fukuokashisawara/nc_21818824/,西新,地下鉄空港線,5,2025-08-01,1,21818824
赤坂パインマンション,3899,福岡県福岡市中央区赤坂１-2-6,地下鉄空港線「赤坂」徒歩8分,72.0,2LDK,1981年5月,https://suumo.jp//ms/chuko/fukuoka/sc_fukuokashichuo/nc_20777150/,赤坂,地下鉄空港線,8,1981-05-01,45,20777150
オープンレジデンシア博多住吉,3950,福岡県福岡市博多区住吉２,地下鉄七隈線「櫛田神社前」徒歩6分,38.65,1LDK,2023年9月,https://suumo.jp//ms/chuko/fukuoka/sc_fukuokashihakata/nc_77553274/,櫛田神社前,地下鉄七隈線,6,2023-09-01,3,77553274
アートウィル赤坂,3980,福岡県福岡市中央区赤坂３,地下鉄七隈線「桜坂」徒歩10分,65.61,2LDK,1994年10月,https://suumo.jp//ms/chuko/fukuoka/sc_fukuokashichuo/nc_21805970/,桜坂,地下鉄七隈線,10,1994-10-01,32,21805970
オープンレジデンシア西新,3990,福岡県福岡市早良区城西１,地下鉄空港線「西新」徒歩5分,33.64,1LDK,2025年8月,https://suumo.jp//ms/chuko/fukuoka/sc_fukuokashisawara/nc_21723145/,西新,地下鉄空港線,5,2025-08-01,1,21723145
ロイヤルマンション西新,4299,福岡県福岡市早良区祖原23-20,地下鉄空港線「西新」徒歩12分,84.48,4LDK,1987年11月,https://suumo.jp//ms/chuko/fukuoka/sc_fukuokashisawara/nc_21242564/,西新,地下鉄空港線,12,1987-11-01,39,21242564
【藤崎ロジュマン】高取小・中エリア～専用庭付4LDK…,4350,福岡県福岡市早良区昭代３,地下鉄空港線「藤崎」徒歩10分,82.76,3LDK,1988年3月,https://suumo.jp//ms/chuko/fukuoka/sc_fukuokashisawara/nc_20378888/,藤崎,地下鉄空港線,10,1988-03-01,38,20378888
アートウィル赤坂,4380,福岡県福岡市中央区赤坂３-2-35,地下鉄七隈線「桜坂」徒歩11分,65.61,2LDK,1995年10月,https://suumo.jp//ms/chuko/fukuoka/sc_fukuokashichuo/nc_21450341/,桜坂,地下鉄七隈線,11,1995-10-01,31,21450341
≪10/3（土）4（日）オープンハウス開催！≫　アー…,4380,福岡県福岡市中央区赤坂３,地下鉄七隈線「桜坂」徒歩11分,65.61,2LDK,1994年10月,https://suumo.jp//ms/chuko/fukuoka/sc_fukuokashichuo/nc_20837855/,桜坂,地下鉄七隈線,11,1994-10-01,32,20837855
チサンマンション西公園,4480,福岡県福岡市中央区荒戸２,地下鉄空港線「大濠公園」徒歩8分,68.59,3LDK,1984年12月,https://suumo.jp//ms/chuko/fukuoka/sc_fukuokashichuo/nc_21044780/,大濠公園,地下鉄空港線,8,1984-12-01,42,21044780
クリオ渡辺通アーバンマークス,4498,福岡県福岡市中央区清川２,地下鉄七隈線「渡辺通」徒歩10分,44.58,2LDK,2023年2月,https://suumo.jp//ms/chuko/fukuoka/sc_fukuokashichuo/nc_21530274/,渡辺通,地下鉄七隈線,10,2023-02-01,3,21530274
インペリアル大濠,4599,福岡県福岡市中央区今川１,地下鉄空港線「唐人町」徒歩5分,60.58,2LDK,1990年2月,https://suumo.jp//ms/chuko/fukuoka/sc_fukuokashichuo/nc_21729495/,唐人町,地下鉄空港線,5,1990-02-01,36,21729495
グランフォーレラグゼ博多,4599,福岡県福岡市博多区奈良屋町,地下鉄空港線「中洲川端」徒歩10分,47.02,2LDK,2013年7月,https://suumo.jp//ms/chuko/fukuoka/sc_fukuokashihakata/nc_21710761/,中洲川端,地下鉄空港線,10,2013-07-01,13,21710761
アーベインルネス曙１２棟,4780,福岡県福岡市早良区曙１-11-12,地下鉄空港線「西新」徒歩10分,78.47,3LDK,1994年10月,https://suumo.jp//ms/chuko/fukuoka/sc_fukuokashisawara/nc_21829938/,西新,地下鉄空港線,10,1994-10-01,32,21829938
ロイヤルマンションユトリテ田島,4799,福岡県福岡市城南区田島１-4-18,地下鉄七隈線「別府」徒歩13分,91.98,3LDK+S（納戸）,2005年3月,https://suumo.jp//ms/chuko/fukuoka/sc_fukuokashijonan/nc_21046422/,別府,地下鉄七隈線,13,2005-03-01,21,21046422
オープンレジデンシア天神今泉,4880,福岡県福岡市中央区今泉２,地下鉄七隈線「薬院大通」徒歩6分,46.01,2LDK,2023年9月,https://suumo.jp//ms/chuko/fukuoka/sc_fukuokashichuo/nc_21609930/,薬院大通,地下鉄七隈線,6,2023-09-01,3,21609930
≪大幅価格変更≫ソピア大濠西,4980,福岡県福岡市中央区鳥飼３,地下鉄空港線「西新」徒歩10分,69.57,3LDK,1999年3月,https://suumo.jp//ms/chuko/fukuoka/sc_fukuokashichuo/nc_20835624/,西新,地下鉄空港線,10,1999-03-01,27,20835624
東峰マンションアーバンスクエア博多駅,5399,福岡県福岡市博多区博多駅南１,ＪＲ鹿児島本線「博多」徒歩8分,61.08,2LDK,2000年11月,https://suumo.jp//ms/chuko/fukuoka/sc_fukuokashihakata/nc_21336150/,博多,ＪＲ鹿児島本線,8,2000-11-01,26,21336150
サントーア薬院,5480,福岡県福岡市中央区薬院２-3-12,地下鉄七隈線「薬院大通」徒歩2分,73.35,2LDK,1995年8月,https://suumo.jp//ms/chuko/fukuoka/sc_fukuokashichuo/nc_21737778/,薬院大通,地下鉄七隈線,2,1995-08-01,31,21737778
サントーア薬院,5480,福岡県福岡市中央区薬院２,地下鉄七隈線「薬院大通」徒歩5分,73.35,2LDK,1995年8月,https://suumo.jp//ms/chuko/fukuoka/sc_fukuokashichuo/nc_21618783/,薬院大通,地下鉄七隈線,5,1995-08-01,31,21618783
東峰マンション第二西公園,5480,福岡県福岡市中央区荒戸３,地下鉄空港線「唐人町」徒歩8分,103.54,4LDK,1982年2月,https://suumo.jp//ms/chuko/fukuoka/sc_fukuokashichuo/nc_20851652/,唐人町,地下鉄空港線,8,1982-02-01,44,20851652
パークホームズ室見駅前,5490,福岡県福岡市早良区室見５-7-27,地下鉄空港線「藤崎」徒歩13分,71.47,3LDK,2004年5月,https://suumo.jp//ms/chuko/fukuoka/sc_fukuokashisawara/nc_21259956/,藤崎,地下鉄空港線,13,2004-05-01,22,21259956
アドリーム天神,5740,福岡県福岡市中央区今泉２-3-4,地下鉄七隈線「薬院大通」徒歩6分,72.06,3LDK,1999年6月,https://suumo.jp//ms/chuko/fukuoka/sc_fukuokashichuo/nc_21626143/,薬院大通,地下鉄七隈線,6,1999-06-01,27,21626143
アーバンパレスアルカディア博多駅東,5780,福岡県福岡市博多区東比恵４,地下鉄空港線「東比恵」徒歩2分,86.5,3LDK,1997年1月,https://suumo.jp//ms/chuko/fukuoka/sc_fukuokashihakata/nc_21457348/,東比恵,地下鉄空港線,2,1997-01-01,29,21457348
ロマネスクルアージュ大手門,5780,福岡県福岡市中央区大手門２,地下鉄空港線「大濠公園」徒歩8分,65.43,3LDK,1994年12月,https://suumo.jp//ms/chuko/fukuoka/sc_fukuokashichuo/nc_21521052/,大濠公園,地下鉄空港線,8,1994-12-01,32,21521052
アクセス天神Ⅱ,5980,福岡県福岡市中央区今泉１,西鉄天神大牟田線「薬院」徒歩5分,70.3,3LDK,2001年7月,https://suumo.jp//ms/chuko/fukuoka/sc_fukuokashichuo/nc_21621649/,薬院,西鉄天神大牟田線,5,2001-07-01,25,21621649
クラブエイリック藤崎南ザ・テラス,5980,福岡県福岡市早良区原１,地下鉄空港線「藤崎」徒歩11分,80.24,3LDK,2013年3月,https://suumo.jp//ms/chuko/fukuoka/sc_fukuokashisawara/nc_21825028/,藤崎,地下鉄空港線,11,2013-03-01,13,21825028
ソピア天神,5980,福岡県福岡市中央区警固１,地下鉄七隈線「薬院大通」徒歩7分,66.24,3LDK,1999年2月,https://suumo.jp//ms/chuko/fukuoka/sc_fukuokashichuo/nc_20447816/,薬院大通,地下鉄七隈線,7,1999-02-01,27,20447816
コモダスパッソ天神,5980,福岡県福岡市中央区渡辺通５,地下鉄七隈線「天神南」徒歩4分,64.15,2LDK,2000年10月,https://suumo.jp//ms/chuko/fukuoka/sc_fukuokashichuo/nc_21680208/,天神南,地下鉄七隈線,4,2000-10-01,26,21680208
シティライフ呉服町,5990,福岡県福岡市博多区下呉服町10-6,地下鉄空港線「中洲川端」徒歩15分,82.82,4LDK,2000年2月,https://suumo.jp//ms/chuko/fukuoka/sc_fukuokashihakata/nc_21620963/,中洲川端,地下鉄空港線,15,2000-02-01,26,21620963
グラン・コート薬院,5999,福岡県福岡市中央区薬院１,西鉄天神大牟田線「薬院」徒歩4分,68.04,2LDK+S（納戸）,1998年11月,https://suumo.jp//ms/chuko/fukuoka/sc_fukuokashichuo/nc_21670632/,薬院,西鉄天神大牟田線,4,1998-11-01,28,21670632
グランディア百道浜通り,6180,福岡県福岡市早良区西新２-23-12,地下鉄空港線「西新」徒歩10分,68.66,3LDK,2006年4月,https://suumo.jp//ms/chuko/fukuoka/sc_fukuokashisawara/nc_21737367/,西新,地下鉄空港線,10,2006-04-01,20,21737367
インプレスト天神オークタワー,6180,福岡県福岡市中央区長浜２,地下鉄空港線「赤坂」徒歩8分,57.63,2LDK,2020年5月,https://suumo.jp//ms/chuko/fukuoka/sc_fukuokashichuo/nc_21847150/,赤坂,地下鉄空港線,8,2020-05-01,6,21847150
ロワール赤坂けやき通り,6180,福岡県福岡市中央区赤坂３,地下鉄七隈線「桜坂」徒歩9分,83.6,4LDK,2005年12月,https://suumo.jp//ms/chuko/fukuoka/sc_fukuokashichuo/nc_21096471/,桜坂,地下鉄七隈線,9,2005-12-01,21,21096471
アルフィーネ大濠ウエストパーク,6280,福岡県福岡市中央区鳥飼１,地下鉄空港線「唐人町」徒歩12分,80.07,2LDK+S（納戸）,2007年3月,https://suumo.jp//ms/chuko/fukuoka/sc_fukuokashichuo/nc_21798816/,唐人町,地下鉄空港線,12,2007-03-01,19,21798816
エステートマンション大濠・ＪＦＲＥＩ．ＢＬＤＧ,6380,福岡県福岡市中央区大濠１,地下鉄七隈線「六本松」徒歩9分,102.26,3LDK,1986年7月,https://suumo.jp//ms/chuko/fukuoka/sc_fukuokashichuo/nc_21116549/,六本松,地下鉄七隈線,9,1986-07-01,40,21116549
ソレイユ赤坂南,6499,福岡県福岡市中央区六本松３-5-35,地下鉄七隈線「桜坂」徒歩6分,94.88,4LDK,1989年10月,https://suumo.jp//ms/chuko/fukuoka/sc_fukuokashichuo/nc_21799492/,桜坂,地下鉄七隈線,6,1989-10-01,37,21799492
サーパス城南,6499,福岡県福岡市城南区田島１-4-17,地下鉄七隈線「別府」徒歩14分,94.85,4LDK,2006年11月,https://suumo.jp//ms/chuko/fukuoka/sc_fukuokashijonan/nc_20943175/,別府,地下鉄七隈線,14,2006-11-01,20,20943175
グランドメゾン平尾,6599,福岡県福岡市中央区平尾２-11-11,西鉄天神大牟田線「薬院」徒歩12分,75.34,3LDK,1998年5月,https://suumo.jp//ms/chuko/fukuoka/sc_fukuokashichuo/nc_21485977/,薬院,西鉄天神大牟田線,12,1998-05-01,28,21485977
大濠公園グランドヒルズ,6680,福岡県福岡市中央区荒戸２-3-49,地下鉄空港線「大濠公園」徒歩4分,79.08,2LDK+S（納戸）,1990年9月,https://suumo.jp//ms/chuko/fukuoka/sc_fukuokashichuo/nc_20268504/,大濠公園,地下鉄空港線,4,1990-09-01,36,20268504
アメックス博多ベルテックステージ,6690,福岡県福岡市博多区下川端町10-16,地下鉄空港線「中洲川端」徒歩5分,53.59,2LDK,2010年1月,https://suumo.jp//ms/chuko/fukuoka/sc_fukuokashihakata/nc_21470877/,中洲川端,地下鉄空港線,5,2010-01-01,16,21470877
アクタス渡辺通パークシティ,6980,福岡県福岡市中央区清川２,地下鉄七隈線「渡辺通」徒歩9分,78.47,3LDK,2010年2月,https://suumo.jp//ms/chuko/fukuoka/sc_fukuokashichuo/nc_21856705/,渡辺通,地下鉄七隈線,9,2010-02-01,16,21856705
サークコート大濠公園駅,6980,福岡県福岡市中央区荒戸２,地下鉄空港線「大濠公園」徒歩3分,77.35,4LDK,2001年2月,https://suumo.jp//ms/chuko/fukuoka/sc_fukuokashichuo/nc_21325473/,大濠公園,地下鉄空港線,3,2001-02-01,25,21325473
アクタス渡辺通パークシティ,6980,福岡県福岡市中央区清川２-5-33,地下鉄七隈線「渡辺通」徒歩9分,78.47,3LDK,2010年2月,https://suumo.jp//ms/chuko/fukuoka/sc_fukuokashichuo/nc_21522078/,渡辺通,地下鉄七隈線,9,2010-02-01,16,21522078
クリオラベルヴィ西新グランクラス,7100,福岡県福岡市早良区西新１,地下鉄空港線「西新」徒歩1分,52.2,2LDK,2025年8月,https://suumo.jp//ms/chuko/fukuoka/sc_fukuokashisawara/nc_21320121/,西新,地下鉄空港線,1,2025-08-01,1,21320121
Asobi＋　アーティックス大濠,7490,福岡県福岡市中央区鳥飼１,地下鉄七隈線「六本松」徒歩12分,85.8,3LDK,2004年2月,https://suumo.jp//ms/chuko/fukuoka/sc_fukuokashichuo/nc_20929098/,六本松,地下鉄七隈線,12,2004-02-01,22,20929098
ザ・パークハウス桜坂サンリヤン,7990,福岡県福岡市中央区桜坂３,地下鉄七隈線「桜坂」徒歩3分,70.74,3LDK,2018年9月,https://suumo.jp//ms/chuko/fukuoka/sc_fukuokashichuo/nc_20452057/,桜坂,地下鉄七隈線,3,2018-09-01,8,20452057
ダイアパレス赤坂けやき通り,7999,福岡県福岡市中央区赤坂３,地下鉄空港線「赤坂」徒歩11分,78.63,3LDK,2000年9月,https://suumo.jp//ms/chuko/fukuoka/sc_fukuokashichuo/nc_21373737/,赤坂,地下鉄空港線,11,2000-09-01,26,21373737
ザ・パークハウス福岡タワーズWEST,8220,福岡県福岡市中央区地行浜２,地下鉄空港線「唐人町」徒歩12分,61.74,2LDK,2019年12月,https://suumo.jp//ms/chuko/fukuoka/sc_fukuokashichuo/nc_21184932/,唐人町,地下鉄空港線,12,2019-12-01,7,21184932
百道タワー,8580,福岡県福岡市早良区百道浜１,地下鉄空港線「西新」徒歩10分,81.73,2LDK,2004年2月,https://suumo.jp//ms/chuko/fukuoka/sc_fukuokashisawara/nc_79098275/,西新,地下鉄空港線,10,2004-02-01,22,79098275
グランドメゾン大濠ブルクレール,8780,福岡県福岡市中央区草香江２,地下鉄七隈線「六本松」徒歩9分,85.42,3LDK,2006年3月,https://suumo.jp//ms/chuko/fukuoka/sc_fukuokashichuo/nc_79094486/,六本松,地下鉄七隈線,9,2006-03-01,20,79094486
ザ・パークハウス福岡タワーズ　EAST,8780,福岡県福岡市中央区地行浜２,地下鉄空港線「唐人町」徒歩12分,82.52,2LDK,2020年12月,https://suumo.jp//ms/chuko/fukuoka/sc_fukuokashichuo/nc_20595838/,唐人町,地下鉄空港線,12,2020-12-01,6,20595838
ジョイナス地行浜東【最上階ワンフロア１邸】,8880,福岡県福岡市中央区伊崎,地下鉄空港線「唐人町」徒歩10分,92.52,3LDK,2006年3月,https://suumo.jp//ms/chuko/fukuoka/sc_fukuokashichuo/nc_21640331/,唐人町,地下鉄空港線,10,2006-03-01,20,21640331
ザ・パークハウス 福岡タワーズ EAST,8999,福岡県福岡市中央区地行浜２-2-5,地下鉄空港線「唐人町」徒歩13分,71.77,3LDK,2020年12月,https://suumo.jp//ms/chuko/fukuoka/sc_fukuokashichuo/nc_21648208/,唐人町,地下鉄空港線,13,2020-12-01,6,21648208
ザ・パークハウス福岡タワーズEAST,8999,福岡県福岡市中央区地行浜２,地下鉄空港線「唐人町」徒歩12分,71.77,3LDK,2020年12月,https://suumo.jp//ms/chuko/fukuoka/sc_fukuokashichuo/nc_21600221/,唐人町,地下鉄空港線,12,2020-12-01,6,21600221
ザ・パークハウス福岡タワーズ　EAST,9600,福岡県福岡市中央区地行浜２-2-5,地下鉄空港線「唐人町」徒歩13分,83.96,3LDK,2020年12月,https://suumo.jp//ms/chuko/fukuoka/sc_fukuokashichuo/nc_21652297/,唐人町,地下鉄空港線,13,2020-12-01,6,21652297
ザ・パークハウス天神今泉,10000,福岡県福岡市中央区今泉２,地下鉄七隈線「薬院」徒歩6分,65.84,2LDK,2020年7月,https://suumo.jp//ms/chuko/fukuoka/sc_fukuokashichuo/nc_21767744/,薬院,地下鉄七隈線,6,2020-07-01,6,21767744
ＪＧＭロイヤルガーデン薬院,11500,福岡県福岡市中央区薬院２,地下鉄七隈線「薬院大通」徒歩2分,104.94,4LDK,2004年3月,https://suumo.jp//ms/chuko/fukuoka/sc_fukuokashichuo/nc_21698611/,薬院大通,地下鉄七隈線,2,2004-03-01,22,21698611
グランドメゾン西新ステージ,11500,福岡県福岡市早良区西新５,地下鉄空港線「西新」徒歩9分,93.92,3LDK,2012年2月,https://suumo.jp//ms/chuko/fukuoka/sc_fukuokashisawara/nc_21318619/,西新,地下鉄空港線,9,2012-02-01,14,21318619
グランフォーレ百道三丁目レジデンス,11600,福岡県福岡市早良区百道３,地下鉄空港線「藤崎」徒歩9分,84.93,3LDK,2024年12月,https://suumo.jp//ms/chuko/fukuoka/sc_fukuokashisawara/nc_21847152/,藤崎,地下鉄空港線,9,2024-12-01,2,21847152
グランドメゾン赤坂弐番館,11800,福岡県福岡市中央区赤坂２,地下鉄空港線「赤坂」徒歩11分,110.0,3LDK,2004年9月,https://suumo.jp//ms/chuko/fukuoka/sc_fukuokashichuo/nc_20491491/,赤坂,地下鉄空港線,11,2004-09-01,22,20491491
グランドメゾン赤坂弐番館,11800,福岡県福岡市中央区赤坂２,地下鉄空港線「赤坂」徒歩11分,110.0,3LDK,2004年9月,https://suumo.jp//ms/chuko/fukuoka/sc_fukuokashichuo/nc_20475936/,赤坂,地下鉄空港線,11,2004-09-01,22,20475936
CLUB THE.大濠二丁目,11980,福岡県福岡市中央区大濠２,地下鉄空港線「唐人町」徒歩7分,91.07,2LDK,2019年6月,https://suumo.jp//ms/chuko/fukuoka/sc_fukuokashichuo/nc_20032764/,唐人町,地下鉄空港線,7,2019-06-01,7,20032764
サークコート大濠公園駅,12000,福岡県福岡市中央区荒戸２,地下鉄空港線「大濠公園」徒歩3分,100.78,4LDK,2001年2月,https://suumo.jp//ms/chuko/fukuoka/sc_fukuokashichuo/nc_21175402/,大濠公園,地下鉄空港線,3,2001-02-01,25,21175402
グランドメゾン大手門ザ・レジデンス,12180,福岡県福岡市中央区大手門２,地下鉄空港線「大濠公園」徒歩6分,79.2,3LDK,2024年1月,https://suumo.jp//ms/chuko/fukuoka/sc_fukuokashichuo/nc_21601543/,大濠公園,地下鉄空港線,6,2024-01-01,2,21601543
オーヴィジョン六本松レジデンス,13800,福岡県福岡市中央区六本松３-11-58,地下鉄七隈線「六本松」徒歩8分,93.43,3LDK,2023年2月,https://suumo.jp//ms/chuko/fukuoka/sc_fukuokashichuo/nc_21295922/,六本松,地下鉄七隈線,8,2023-02-01,3,21295922
ザ・パークハウス福岡タワーズＷＥＳＴ,14800,福岡県福岡市中央区地行浜２,地下鉄空港線「唐人町」徒歩12分,92.49,2LDK,2019年12月,https://suumo.jp//ms/chuko/fukuoka/sc_fukuokashichuo/nc_20651837/,唐人町,地下鉄空港線,12,2019-12-01,7,20651837
Brillia　Tower西新・PRALIVA,16000,福岡県福岡市早良区西新４,地下鉄空港線「西新」徒歩1分,73.72,2LDK,2021年1月,https://suumo.jp//ms/chuko/fukuoka/sc_fukuokashisawara/nc_21284739/,西新,地下鉄空港線,1,2021-01-01,5,21284739
グランドメゾン大濠公園PREMIUM,17800,福岡県福岡市中央区黒門,地下鉄空港線「唐人町」徒歩4分,73.68,1LDK,2026年5月,https://suumo.jp//ms/chuko/fukuoka/sc_fukuokashichuo/nc_21680209/,唐人町,地下鉄空港線,4,2026-05-01,0,21680209
プレミスト大濠公園,20000,福岡県福岡市中央区荒戸３,地下鉄空港線「唐人町」徒歩3分,120.71,3LDK,2025年6月,https://suumo.jp//ms/chuko/fukuoka/sc_fukuokashichuo/nc_79003032/,唐人町,地下鉄空港線,3,2025-06-01,1,79003032
グランドメゾン百道浜オーシャン＆フォレスト,25800,福岡県福岡市早良区百道浜３,地下鉄空港線「西新」徒歩15分,155.52,3LDK,2010年6月,https://suumo.jp//ms/chuko/fukuoka/sc_fukuokashisawara/nc_21792032/,西新,地下鉄空港線,15,2010-06-01,16,21792032
Ｂｒｉｌｌｉａ　Ｔｏｗｅｒ西新・ＰＲＡＬＩＶＡ,31000,福岡県福岡市早良区西新４,地下鉄空港線「西新」徒歩1分,101.13,2LDK,2021年1月,https://suumo.jp//ms/chuko/fukuoka/sc_fukuokashisawara/nc_78550441/,西新,地下鉄空港線,1,2021-01-01,5,78550441
パソナール博多,800,福岡県福岡市博多区神屋町9‐20,地下鉄空港線「中洲川端」徒歩15分,25.97,ワンルーム,1973年10月,https://suumo.jp//ms/chuko/fukuoka/sc_fukuokashihakata/nc_21562733/,中洲川端,地下鉄空港線,15,1973-10-01,53,21562733
朝日プラザ天神,960,福岡県福岡市中央区舞鶴１-9-3,地下鉄空港線「天神」徒歩7分,18.68,1K,1986年5月,https://suumo.jp//ms/chuko/fukuoka/sc_fukuokashichuo/nc_21687429/,天神,地下鉄空港線,7,1986-05-01,40,21687429
日商岩井弥生マンション,1390,福岡県福岡市早良区原１,地下鉄空港線「藤崎」徒歩14分,87.49,4LDK,1979年4月,https://suumo.jp//ms/chuko/fukuoka/sc_fukuokashisawara/nc_21609317/,藤崎,地下鉄空港線,14,1979-04-01,47,21609317
ゾンネンハイム大手門,1569,福岡県福岡市中央区大手門２,地下鉄空港線「大濠公園」徒歩7分,33.0,1K,1973年8月,https://suumo.jp//ms/chuko/fukuoka/sc_fukuokashichuo/nc_21376557/,大濠公園,地下鉄空港線,7,1973-08-01,53,21376557
ゾンネンハイム大手門,1569,福岡県福岡市中央区大手門２-5-10,地下鉄空港線「大濠公園」徒歩7分,33.0,1K,1973年8月,https://suumo.jp//ms/chuko/fukuoka/sc_fukuokashichuo/nc_20904816/,大濠公園,地下鉄空港線,7,1973-08-01,53,20904816
ゾンネンハイム大手門,1569,福岡県福岡市中央区大手門２-5-10,地下鉄空港線「大濠公園」徒歩12分,33.0,1K,1973年8月,https://suumo.jp//ms/chuko/fukuoka/sc_fukuokashichuo/nc_21693069/,大濠公園,地下鉄空港線,12,1973-08-01,53,21693069
ゾンネンハイム大手門,1569,福岡県福岡市中央区大手門２,地下鉄空港線「大濠公園」徒歩8分,33.0,1K,1973年8月,https://suumo.jp//ms/chuko/fukuoka/sc_fukuokashichuo/nc_21389336/,大濠公園,地下鉄空港線,8,1973-08-01,53,21389336
シャンボール大濠,1750,福岡県福岡市中央区鳥飼３,地下鉄空港線「西新」徒歩10分,74.88,3DKK,1978年8月,https://suumo.jp//ms/chuko/fukuoka/sc_fukuokashichuo/nc_21683954/,西新,地下鉄空港線,10,1978-08-01,48,21683954
プレイスポットしんばしビル本館,1980,福岡県福岡市博多区中洲２-1-11,地下鉄七隈線「櫛田神社前」徒歩5分,40.63,1DK,1975年2月,https://suumo.jp//ms/chuko/fukuoka/sc_fukuokashihakata/nc_20351680/,櫛田神社前,地下鉄七隈線,5,1975-02-01,51,20351680
ファミール輝国,1980,福岡県福岡市中央区輝国２,地下鉄七隈線「六本松」徒歩15分,81.6,2LDK+S（納戸）,1984年3月,https://suumo.jp//ms/chuko/fukuoka/sc_fukuokashichuo/nc_21511756/,六本松,地下鉄七隈線,15,1984-03-01,42,21511756
プレイスポットしんばしビル本館,1980,福岡県福岡市博多区中洲２,地下鉄七隈線「櫛田神社前」徒歩2分,40.63,1DK,1975年2月,https://suumo.jp//ms/chuko/fukuoka/sc_fukuokashihakata/nc_20310107/,櫛田神社前,地下鉄七隈線,2,1975-02-01,51,20310107
西新ビル,2180,福岡県福岡市早良区高取１,地下鉄空港線「藤崎」徒歩5分,60.8,2LDK,1972年7月,https://suumo.jp//ms/chuko/fukuoka/sc_fukuokashisawara/nc_20458331/,藤崎,地下鉄空港線,5,1972-07-01,54,20458331
ロワールマンション東福岡,2190,福岡県福岡市博多区半道橋１,地下鉄空港線「東比恵」徒歩13分,53.55,1LDK,1984年1月,https://suumo.jp//ms/chuko/fukuoka/sc_fukuokashihakata/nc_21754306/,東比恵,地下鉄空港線,13,1984-01-01,42,21754306
カーサ第弐博多,2280,福岡県福岡市博多区住吉２,地下鉄七隈線「櫛田神社前」徒歩9分,55.27,1LDK,1981年11月,https://suumo.jp//ms/chuko/fukuoka/sc_fukuokashihakata/nc_21185132/,櫛田神社前,地下鉄七隈線,9,1981-11-01,45,21185132
GSハイム博多　中古マンション,2360,福岡県福岡市博多区博多駅東２,地下鉄空港線「東比恵」徒歩7分,66.15,3DK,1980年10月,https://suumo.jp//ms/chuko/fukuoka/sc_fukuokashihakata/nc_21295900/,東比恵,地下鉄空港線,7,1980-10-01,46,21295900
グリーンハイツ輝国,2370,福岡県福岡市中央区輝国２,地下鉄七隈線「六本松」徒歩14分,73.32,3LDK,1980年1月,https://suumo.jp//ms/chuko/fukuoka/sc_fukuokashichuo/nc_21683724/,六本松,地下鉄七隈線,14,1980-01-01,46,21683724
カーサ博多,2390,福岡県福岡市博多区住吉２,地下鉄七隈線「櫛田神社前」徒歩7分,47.69,2LDK,1978年5月,https://suumo.jp//ms/chuko/fukuoka/sc_fukuokashihakata/nc_21844911/,櫛田神社前,地下鉄七隈線,7,1978-05-01,48,21844911
ユーハイム大濠西,2398,福岡県福岡市中央区黒門,地下鉄空港線「唐人町」徒歩3分,48.09,1LDK,1985年8月,https://suumo.jp//ms/chuko/fukuoka/sc_fukuokashichuo/nc_21838731/,唐人町,地下鉄空港線,3,1985-08-01,41,21838731
藤崎センタービル,2450,福岡県福岡市早良区高取２,地下鉄空港線「藤崎」徒歩1分,42.55,1LDK,1979年11月,https://suumo.jp//ms/chuko/fukuoka/sc_fukuokashisawara/nc_20825678/,藤崎,地下鉄空港線,1,1979-11-01,47,20825678
ゾンネンハイム大手門　中古マンション,2475,福岡県福岡市中央区大手門２,地下鉄空港線「大濠公園」徒歩8分,66.0,1LDK,1973年8月,https://suumo.jp//ms/chuko/fukuoka/sc_fukuokashichuo/nc_21277485/,大濠公園,地下鉄空港線,8,1973-08-01,53,21277485
大濠ハウス,2480,福岡県福岡市中央区草香江２,地下鉄七隈線「六本松」徒歩12分,76.18,3LDK,1978年8月,https://suumo.jp//ms/chuko/fukuoka/sc_fukuokashichuo/nc_21019572/,六本松,地下鉄七隈線,12,1978-08-01,48,21019572
大濠ハウス　中古マンション,2480,福岡県福岡市中央区草香江２,地下鉄七隈線「六本松」徒歩12分,76.18,2LDK+S（納戸）,1978年8月,https://suumo.jp//ms/chuko/fukuoka/sc_fukuokashichuo/nc_21167419/,六本松,地下鉄七隈線,12,1978-08-01,48,21167419
大濠ハウス,2480,福岡県福岡市中央区草香江２,地下鉄七隈線「六本松」徒歩12分,76.18,2LDK+S（納戸）,1978年8月,https://suumo.jp//ms/chuko/fukuoka/sc_fukuokashichuo/nc_20923977/,六本松,地下鉄七隈線,12,1978-08-01,48,20923977
東峰マンション西公園,2480,福岡県福岡市中央区荒戸３,地下鉄空港線「大濠公園」徒歩6分,54.7,3DK,1978年9月,https://suumo.jp//ms/chuko/fukuoka/sc_fukuokashichuo/nc_21654309/,大濠公園,地下鉄空港線,6,1978-09-01,48,21654309
第三住吉ハイツ,2569,福岡県福岡市博多区住吉５,ＪＲ鹿児島本線「博多」徒歩15分,67.2,2LDK,1980年5月,https://suumo.jp//ms/chuko/fukuoka/sc_fukuokashihakata/nc_21838730/,博多,ＪＲ鹿児島本線,15,1980-05-01,46,21838730
ライオンズマンション西新,2680,福岡県福岡市早良区西新７,地下鉄空港線「藤崎」徒歩5分,45.97,2DK,1982年2月,https://suumo.jp//ms/chuko/fukuoka/sc_fukuokashisawara/nc_20084916/,藤崎,地下鉄空港線,5,1982-02-01,44,20084916
ライオンズマンション大手門,2680,福岡県福岡市中央区大手門２,地下鉄空港線「赤坂」徒歩9分,56.7,2LDK,1984年6月,https://suumo.jp//ms/chuko/fukuoka/sc_fukuokashichuo/nc_21752310/,赤坂,地下鉄空港線,9,1984-06-01,42,21752310
サンポートハイツ,2690,福岡県福岡市中央区港２-5-32,地下鉄空港線「大濠公園」徒歩8分,60.69,2LDK,1974年9月,https://suumo.jp//ms/chuko/fukuoka/sc_fukuokashichuo/nc_21420201/,大濠公園,地下鉄空港線,8,1974-09-01,52,21420201
サンポートハイツ,2690,福岡県福岡市中央区港２,地下鉄空港線「大濠公園」徒歩7分,60.69,2LDK,1974年9月,https://suumo.jp//ms/chuko/fukuoka/sc_fukuokashichuo/nc_21277952/,大濠公園,地下鉄空港線,7,1974-09-01,52,21277952
サンポートハイツ304,2690,福岡県福岡市中央区港２,地下鉄空港線「大濠公園」徒歩8分,60.69,2LDK,1974年9月,https://suumo.jp//ms/chuko/fukuoka/sc_fukuokashichuo/nc_20812912/,大濠公園,地下鉄空港線,8,1974-09-01,52,20812912
サンポートハイツ,2690,福岡県福岡市中央区港２,地下鉄空港線「大濠公園」徒歩8分,60.69,2LDK,1974年9月,https://suumo.jp//ms/chuko/fukuoka/sc_fukuokashichuo/nc_21409767/,大濠公園,地下鉄空港線,8,1974-09-01,52,21409767
サンポートハイツ,2690,福岡県福岡市中央区港２,地下鉄空港線「大濠公園」徒歩8分,60.69,2LDK,1974年9月,https://suumo.jp//ms/chuko/fukuoka/sc_fukuokashichuo/nc_21576030/,大濠公園,地下鉄空港線,8,1974-09-01,52,21576030
サンポートハイツ　中古マンション,2690,福岡県福岡市中央区港２,地下鉄空港線「大濠公園」徒歩8分,60.69,2LDK,1974年9月,https://suumo.jp//ms/chuko/fukuoka/sc_fukuokashichuo/nc_21263257/,大濠公園,地下鉄空港線,8,1974-09-01,52,21263257
チサンマンション西公園,2690,福岡県福岡市中央区荒戸２-4-23,地下鉄空港線「大濠公園」徒歩8分,41.68,1LDK,1984年12月,https://suumo.jp//ms/chuko/fukuoka/sc_fukuokashichuo/nc_21852825/,大濠公園,地下鉄空港線,8,1984-12-01,42,21852825
サンポートハイツ,2690,福岡県福岡市中央区港２,地下鉄空港線「大濠公園」徒歩7分,60.69,2LDK,1974年9月,https://suumo.jp//ms/chuko/fukuoka/sc_fukuokashichuo/nc_21273339/,大濠公園,地下鉄空港線,7,1974-09-01,52,21273339
ライオンズマンション博多,2699,福岡県福岡市博多区博多駅前３,地下鉄七隈線「櫛田神社前」徒歩3分,47.5,2DK,1981年6月,https://suumo.jp//ms/chuko/fukuoka/sc_fukuokashihakata/nc_21850929/,櫛田神社前,地下鉄七隈線,3,1981-06-01,45,21850929
東カングランドマンション大濠パークサイド,2780,福岡県福岡市中央区鳥飼１-4-58,地下鉄空港線「唐人町」徒歩12分,55.0,2LDK,1974年8月,https://suumo.jp//ms/chuko/fukuoka/sc_fukuokashichuo/nc_21821739/,唐人町,地下鉄空港線,12,1974-08-01,52,21821739
東カングランドマンション大濠パークサイド,2780,福岡県福岡市中央区鳥飼１,地下鉄空港線「唐人町」徒歩12分,55.0,2LDK,1974年8月,https://suumo.jp//ms/chuko/fukuoka/sc_fukuokashichuo/nc_21405586/,唐人町,地下鉄空港線,12,1974-08-01,52,21405586
東カングランドマンション大濠パークサイド,2780,福岡県福岡市中央区鳥飼１,地下鉄七隈線「六本松」徒歩13分,55.0,2LDK,1974年8月,https://suumo.jp//ms/chuko/fukuoka/sc_fukuokashichuo/nc_21450578/,六本松,地下鉄七隈線,13,1974-08-01,52,21450578
東カングランドマンション大濠パークサイド,2780,福岡県福岡市中央区鳥飼１,地下鉄七隈線「六本松」徒歩12分,55.0,2LDK,1974年8月,https://suumo.jp//ms/chuko/fukuoka/sc_fukuokashichuo/nc_21466439/,六本松,地下鉄七隈線,12,1974-08-01,52,21466439
ダイアパレス平尾II,2790,福岡県福岡市中央区大宮２,地下鉄七隈線「薬院」徒歩13分,55.62,1LDK+S（納戸）,1983年3月,https://suumo.jp//ms/chuko/fukuoka/sc_fukuokashichuo/nc_21770696/,薬院,地下鉄七隈線,13,1983-03-01,43,21770696
グランフォーレラグゼ博多駅南,2799,福岡県福岡市博多区博多駅南４-2-26,地下鉄空港線「東比恵」徒歩14分,33.41,1LDK,2016年7月,https://suumo.jp//ms/chuko/fukuoka/sc_fukuokashihakata/nc_21325164/,東比恵,地下鉄空港線,14,2016-07-01,10,21325164
グランフォーレラグゼ博多駅南,2799,福岡県福岡市博多区博多駅南４,地下鉄空港線「東比恵」徒歩15分,33.41,1LDK,2016年7月,https://suumo.jp//ms/chuko/fukuoka/sc_fukuokashihakata/nc_21616831/,東比恵,地下鉄空港線,15,2016-07-01,10,21616831
ライオンズマンション西公園第2,2800,福岡県福岡市中央区荒戸３,地下鉄空港線「大濠公園」徒歩10分,57.75,1LDK+S（納戸）,1983年3月,https://suumo.jp//ms/chuko/fukuoka/sc_fukuokashichuo/nc_21653957/,大濠公園,地下鉄空港線,10,1983-03-01,43,21653957
東カングランドマンション大濠パークサイド,2880,福岡県福岡市中央区鳥飼１-4-58,地下鉄空港線「唐人町」徒歩12分,55.0,2LDK,1974年8月,https://suumo.jp//ms/chuko/fukuoka/sc_fukuokashichuo/nc_21730622/,唐人町,地下鉄空港線,12,1974-08-01,52,21730622
ふよう港ハイツ　中古マンション,2890,福岡県福岡市博多区築港本町,地下鉄空港線「中洲川端」徒歩15分,69.43,3LDK,1982年4月,https://suumo.jp//ms/chuko/fukuoka/sc_fukuokashihakata/nc_20966201/,中洲川端,地下鉄空港線,15,1982-04-01,44,20966201
ふよう港ハイツ,2890,福岡県福岡市博多区築港本町,地下鉄空港線「中洲川端」徒歩14分,69.43,3LDK,1982年4月,https://suumo.jp//ms/chuko/fukuoka/sc_fukuokashihakata/nc_20873029/,中洲川端,地下鉄空港線,14,1982-04-01,44,20873029
ロータリープラザ博多駅東,2890,福岡県福岡市博多区比恵町10-1,地下鉄空港線「東比恵」徒歩8分,56.0,2LDK,1985年3月,https://suumo.jp//ms/chuko/fukuoka/sc_fukuokashihakata/nc_21648819/,東比恵,地下鉄空港線,8,1985-03-01,41,21648819
シャンボール大名A棟,2890,福岡県福岡市中央区大名２,地下鉄空港線「赤坂」徒歩3分,61.08,3DK,1982年1月,https://suumo.jp//ms/chuko/fukuoka/sc_fukuokashichuo/nc_21839205/,赤坂,地下鉄空港線,3,1982-01-01,44,21839205
ロータリープラザ博多駅東,2890,福岡県福岡市博多区比恵町10-1,地下鉄空港線「東比恵」徒歩8分,56.0,2LDK,1985年3月,https://suumo.jp//ms/chuko/fukuoka/sc_fukuokashihakata/nc_21765602/,東比恵,地下鉄空港線,8,1985-03-01,41,21765602
警固ハウス,2899,福岡県福岡市中央区警固１-15-15,地下鉄七隈線「薬院大通」徒歩8分,66.0,2LDK,1980年3月,https://suumo.jp//ms/chuko/fukuoka/sc_fukuokashichuo/nc_21637729/,薬院大通,地下鉄七隈線,8,1980-03-01,46,21637729
グリーンコープ西公園,2980,福岡県福岡市中央区唐人町３,地下鉄空港線「唐人町」徒歩7分,70.74,2LDK,1978年6月,https://suumo.jp//ms/chuko/fukuoka/sc_fukuokashichuo/nc_21293851/,唐人町,地下鉄空港線,7,1978-06-01,48,21293851
警固ハウス　中古マンション,2990,福岡県福岡市中央区警固１,地下鉄七隈線「薬院大通」徒歩9分,66.0,3LDK,1980年3月,https://suumo.jp//ms/chuko/fukuoka/sc_fukuokashichuo/nc_21005838/,薬院大通,地下鉄七隈線,9,1980-03-01,46,21005838
警固ハウス,2990,福岡県福岡市中央区警固１,地下鉄七隈線「薬院大通」徒歩9分,66.0,3LDK,1980年3月,https://suumo.jp//ms/chuko/fukuoka/sc_fukuokashichuo/nc_20802447/,薬院大通,地下鉄七隈線,9,1980-03-01,46,20802447
朝日プラザ博多,2990,福岡県福岡市博多区博多駅前４-33-11,ＪＲ鹿児島本線「博多」徒歩12分,54.18,2LDK,1985年6月,https://suumo.jp//ms/chuko/fukuoka/sc_fukuokashihakata/nc_21584256/,博多,ＪＲ鹿児島本線,12,1985-06-01,41,21584256
警固ハウス,2990,福岡県福岡市中央区警固１-15-15,地下鉄七隈線「薬院大通」徒歩8分,66.0,3LDK,1980年3月,https://suumo.jp//ms/chuko/fukuoka/sc_fukuokashichuo/nc_21130902/,薬院大通,地下鉄七隈線,8,1980-03-01,46,21130902
ファミール輝国,2990,福岡県福岡市中央区輝国２,地下鉄七隈線「六本松」徒歩13分,81.6,3LDK+S（納戸）,1984年3月,https://suumo.jp//ms/chuko/fukuoka/sc_fukuokashichuo/nc_21838727/,六本松,地下鉄七隈線,13,1984-03-01,42,21838727
ファミール輝国,2990,福岡県福岡市中央区輝国２,地下鉄七隈線「六本松」徒歩15分,81.6,3LDK+S（納戸）,1984年3月,https://suumo.jp//ms/chuko/fukuoka/sc_fukuokashichuo/nc_21120021/,六本松,地下鉄七隈線,15,1984-03-01,42,21120021
警固ハウス,2990,福岡県福岡市中央区警固１,地下鉄七隈線「薬院大通」徒歩10分,66.0,3LDK,1955年3月,https://suumo.jp//ms/chuko/fukuoka/sc_fukuokashichuo/nc_21425293/,薬院大通,地下鉄七隈線,10,1955-03-01,71,21425293
警固ハウス,2990,福岡県福岡市中央区警固１,地下鉄空港線「赤坂」徒歩10分,66.0,3LDK,1980年3月,https://suumo.jp//ms/chuko/fukuoka/sc_fukuokashichuo/nc_21437178/,赤坂,地下鉄空港線,10,1980-03-01,46,21437178
ロワールマンション西公園２,2990,福岡県福岡市中央区港３-11-5,地下鉄空港線「大濠公園」徒歩15分,55.04,2LDK,1984年1月,https://suumo.jp//ms/chuko/fukuoka/sc_fukuokashichuo/nc_21484784/,大濠公園,地下鉄空港線,15,1984-01-01,42,21484784
ファミール輝国,2990,福岡県福岡市中央区輝国２,地下鉄七隈線「六本松」徒歩15分,81.6,3LDK+S（納戸）,1984年3月,https://suumo.jp//ms/chuko/fukuoka/sc_fukuokashichuo/nc_21483254/,六本松,地下鉄七隈線,15,1984-03-01,42,21483254
警固ハウス,2990,福岡県福岡市中央区警固１,地下鉄七隈線「薬院大通」徒歩9分,66.0,3LDK,1980年2月,https://suumo.jp//ms/chuko/fukuoka/sc_fukuokashichuo/nc_20995706/,薬院大通,地下鉄七隈線,9,1980-02-01,46,20995706
ファミール輝国　中古マンション,2990,福岡県福岡市中央区輝国２,地下鉄七隈線「六本松」徒歩15分,81.6,3LDK+S（納戸）,1984年3月,https://suumo.jp//ms/chuko/fukuoka/sc_fukuokashichuo/nc_21104942/,六本松,地下鉄七隈線,15,1984-03-01,42,21104942
ファミール輝国,2990,福岡県福岡市中央区輝国２,地下鉄七隈線「六本松」徒歩15分,81.6,3LDK+S（納戸）,1984年3月,https://suumo.jp//ms/chuko/fukuoka/sc_fukuokashichuo/nc_21132891/,六本松,地下鉄七隈線,15,1984-03-01,42,21132891
警固ハウス,2990,福岡県福岡市中央区警固１,地下鉄七隈線「薬院大通」徒歩8分,66.0,3LDK,1980年3月,https://suumo.jp//ms/chuko/fukuoka/sc_fukuokashichuo/nc_20800032/,薬院大通,地下鉄七隈線,8,1980-03-01,46,20800032
警固ハウス,2990,福岡県福岡市中央区警固１,地下鉄七隈線「薬院大通」徒歩9分,66.0,3LDK,1980年3月,https://suumo.jp//ms/chuko/fukuoka/sc_fukuokashichuo/nc_20911506/,薬院大通,地下鉄七隈線,9,1980-03-01,46,20911506
大濠藤和コーポ,2998,福岡県福岡市中央区赤坂３,地下鉄七隈線「六本松」徒歩11分,66.6,2LDK,1971年10月,https://suumo.jp//ms/chuko/fukuoka/sc_fukuokashichuo/nc_21530060/,六本松,地下鉄七隈線,11,1971-10-01,55,21530060
クリオラベルヴィ呉服町ウエスト,3080,福岡県福岡市博多区下呉服町,地下鉄空港線「中洲川端」徒歩11分,34.4,1LDK,2020年11月,https://suumo.jp//ms/chuko/fukuoka/sc_fukuokashihakata/nc_21186021/,中洲川端,地下鉄空港線,11,2020-11-01,6,21186021
警固ハウス,3090,福岡県福岡市中央区警固１,地下鉄七隈線「薬院大通」徒歩9分,66.0,3LDK,1980年3月,https://suumo.jp//ms/chuko/fukuoka/sc_fukuokashichuo/nc_21544518/,薬院大通,地下鉄七隈線,9,1980-03-01,46,21544518
GSハイム博多,3150,福岡県福岡市博多区博多駅東２,地下鉄空港線「東比恵」徒歩5分,66.15,3LDK,1980年10月,https://suumo.jp//ms/chuko/fukuoka/sc_fukuokashihakata/nc_21616824/,東比恵,地下鉄空港線,5,1980-10-01,46,21616824
ロワールマンション高取,3190,福岡県福岡市早良区高取１,地下鉄空港線「藤崎」徒歩3分,50.63,2LDK,1986年7月,https://suumo.jp//ms/chuko/fukuoka/sc_fukuokashisawara/nc_21811173/,藤崎,地下鉄空港線,3,1986-07-01,40,21811173
ロワールマンション高取,3190,福岡県福岡市早良区高取１-28-34,地下鉄空港線「藤崎」徒歩3分,50.63,2LDK,1986年7月,https://suumo.jp//ms/chuko/fukuoka/sc_fukuokashisawara/nc_21831396/,藤崎,地下鉄空港線,3,1986-07-01,40,21831396
オーセントスクエア室見アーバンコンフォート,3200,福岡県福岡市早良区室見４,地下鉄空港線「藤崎」徒歩15分,60.03,2LDK,2004年1月,https://suumo.jp//ms/chuko/fukuoka/sc_fukuokashisawara/nc_74991725/,藤崎,地下鉄空港線,15,2004-01-01,22,74991725
クレアランドマーク,3280,福岡県福岡市博多区冷泉町,地下鉄七隈線「櫛田神社前」徒歩4分,40.43,1LDK,2001年1月,https://suumo.jp//ms/chuko/fukuoka/sc_fukuokashihakata/nc_21017734/,櫛田神社前,地下鉄七隈線,4,2001-01-01,25,21017734
ライオンズマンション舞鶴第2,3280,福岡県福岡市中央区舞鶴３,地下鉄空港線「赤坂」徒歩6分,52.72,2DK+S（納戸）,1982年9月,https://suumo.jp//ms/chuko/fukuoka/sc_fukuokashichuo/nc_20591721/,赤坂,地下鉄空港線,6,1982-09-01,44,20591721
ライオンズマンション薬院第3,3290,福岡県福岡市中央区薬院３-11-16,地下鉄七隈線「薬院大通」徒歩5分,56.1,2LDK,1980年11月,https://suumo.jp//ms/chuko/fukuoka/sc_fukuokashichuo/nc_21477405/,薬院大通,地下鉄七隈線,5,1980-11-01,46,21477405
ライフピア舞鶴,3299,福岡県福岡市中央区舞鶴３-3-4,地下鉄空港線「赤坂」徒歩6分,72.3,2LDK,1982年4月,https://suumo.jp//ms/chuko/fukuoka/sc_fukuokashichuo/nc_21637733/,赤坂,地下鉄空港線,6,1982-04-01,44,21637733
サーパス大博通り,3299,福岡県福岡市博多区大博町,地下鉄空港線「中洲川端」徒歩15分,48.39,1LDK,1990年3月,https://suumo.jp//ms/chuko/fukuoka/sc_fukuokashihakata/nc_21341127/,中洲川端,地下鉄空港線,15,1990-03-01,36,21341127
ライフピア舞鶴,3299,福岡県福岡市中央区舞鶴３,地下鉄空港線「赤坂」徒歩7分,72.3,2LDK,1982年4月,https://suumo.jp//ms/chuko/fukuoka/sc_fukuokashichuo/nc_21383627/,赤坂,地下鉄空港線,7,1982-04-01,44,21383627
ライフピア舞鶴,3299,福岡県福岡市中央区舞鶴３,地下鉄空港線「赤坂」徒歩6分,72.3,2LDK,1982年4月,https://suumo.jp//ms/chuko/fukuoka/sc_fukuokashichuo/nc_21414118/,赤坂,地下鉄空港線,6,1982-04-01,44,21414118
サーパス大博通り,3299,福岡県福岡市博多区大博町,地下鉄空港線「中洲川端」徒歩15分,48.39,1LDK,1990年3月,https://suumo.jp//ms/chuko/fukuoka/sc_fukuokashihakata/nc_21190896/,中洲川端,地下鉄空港線,15,1990-03-01,36,21190896
ライフピア舞鶴　301,3299,福岡県福岡市中央区舞鶴３-3-4,地下鉄空港線「赤坂」徒歩7分,72.3,2LDK,1982年4月,https://suumo.jp//ms/chuko/fukuoka/sc_fukuokashichuo/nc_21699728/,赤坂,地下鉄空港線,7,1982-04-01,44,21699728
サーパス大博通り,3299,福岡県福岡市博多区大博町,地下鉄箱崎線「中洲川端」徒歩15分,48.39,1LDK,1990年3月,https://suumo.jp//ms/chuko/fukuoka/sc_fukuokashihakata/nc_21118621/,中洲川端,地下鉄箱崎線,15,1990-03-01,36,21118621
サーパス大博通り,3299,福岡県福岡市博多区大博町5-27,地下鉄箱崎線「中洲川端」徒歩15分,48.39,1LDK,1990年3月,https://suumo.jp//ms/chuko/fukuoka/sc_fukuokashihakata/nc_20984761/,中洲川端,地下鉄箱崎線,15,1990-03-01,36,20984761
アムール山王公園南,3380,福岡県福岡市博多区半道橋１,地下鉄空港線「東比恵」徒歩15分,64.89,3LDK,1998年7月,https://suumo.jp//ms/chuko/fukuoka/sc_fukuokashihakata/nc_21633842/,東比恵,地下鉄空港線,15,1998-07-01,28,21633842
藤和コープソシエ大名,3490,福岡県福岡市中央区大名１,地下鉄七隈線「天神南」徒歩8分,67.0,2LDK,1979年11月,https://suumo.jp//ms/chuko/fukuoka/sc_fukuokashichuo/nc_20919736/,天神南,地下鉄七隈線,8,1979-11-01,47,20919736
グランフォーレ西新,3499,福岡県福岡市早良区城西１,地下鉄空港線「西新」徒歩5分,40.05,1LDK,2006年9月,https://suumo.jp//ms/chuko/fukuoka/sc_fukuokashisawara/nc_21844296/,西新,地下鉄空港線,5,2006-09-01,20,21844296
グランフォーレ西新,3499,福岡県福岡市早良区城西１,地下鉄空港線「西新」徒歩5分,40.05,1LDK,2006年9月,https://suumo.jp//ms/chuko/fukuoka/sc_fukuokashisawara/nc_21535908/,西新,地下鉄空港線,5,2006-09-01,20,21535908
グランフォーレ西新,3499,福岡県福岡市早良区城西１,地下鉄空港線「西新」徒歩5分,40.05,1LDK,2006年9月,https://suumo.jp//ms/chuko/fukuoka/sc_fukuokashisawara/nc_20965679/,西新,地下鉄空港線,5,2006-09-01,20,20965679
ライオンズマンション城南,3675,福岡県福岡市城南区荒江１,地下鉄七隈線「別府」徒歩15分,77.5,3LDK,1987年9月,https://suumo.jp//ms/chuko/fukuoka/sc_fukuokashijonan/nc_21783025/,別府,地下鉄七隈線,15,1987-09-01,39,21783025
エステートマンション赤坂けやき通り,3790,福岡県福岡市中央区赤坂３-6-32,地下鉄七隈線「桜坂」徒歩11分,68.53,3LDK,1995年3月,https://suumo.jp//ms/chuko/fukuoka/sc_fukuokashichuo/nc_21733126/,桜坂,地下鉄七隈線,11,1995-03-01,31,21733126
ライオンズマンション警固南,3800,福岡県福岡市中央区薬院２,地下鉄七隈線「薬院大通」徒歩6分,67.43,2LDK,1983年7月,https://suumo.jp//ms/chuko/fukuoka/sc_fukuokashichuo/nc_21045538/,薬院大通,地下鉄七隈線,6,1983-07-01,43,21045538
赤坂パインマンション　中古マンション,3899,福岡県福岡市中央区赤坂１,地下鉄空港線「赤坂」徒歩7分,72.0,2LDK,1981年5月,https://suumo.jp//ms/chuko/fukuoka/sc_fukuokashichuo/nc_21531937/,赤坂,地下鉄空港線,7,1981-05-01,45,21531937
赤坂パインマンション,3899,福岡県福岡市中央区赤坂１,地下鉄空港線「赤坂」徒歩7分,72.0,2LDK,1981年5月,https://suumo.jp//ms/chuko/fukuoka/sc_fukuokashichuo/nc_21527843/,赤坂,地下鉄空港線,7,1981-05-01,45,21527843
赤坂パインマンション,3899,福岡県福岡市中央区赤坂１,地下鉄空港線「赤坂」徒歩8分,72.0,2LDK,1981年5月,https://suumo.jp//ms/chuko/fukuoka/sc_fukuokashichuo/nc_21838734/,赤坂,地下鉄空港線,8,1981-05-01,45,21838734
赤坂パインマンション,3899,福岡県福岡市中央区赤坂１,地下鉄空港線「赤坂」徒歩7分,72.0,2LDK,1981年5月,https://suumo.jp//ms/chuko/fukuoka/sc_fukuokashichuo/nc_21541412/,赤坂,地下鉄空港線,7,1981-05-01,45,21541412
赤坂パインマンション,3899,福岡県福岡市中央区赤坂１,地下鉄空港線「赤坂」徒歩7分,72.0,2LDK,1981年5月,https://suumo.jp//ms/chuko/fukuoka/sc_fukuokashichuo/nc_21747916/,赤坂,地下鉄空港線,7,1981-05-01,45,21747916
赤坂パインマンション,3899,福岡県福岡市中央区赤坂１,地下鉄空港線「赤坂」徒歩7分,72.0,2LDK,1981年5月,https://suumo.jp//ms/chuko/fukuoka/sc_fukuokashichuo/nc_21535366/,赤坂,地下鉄空港線,7,1981-05-01,45,21535366
赤坂パインマンション,3899,福岡県福岡市中央区赤坂１,地下鉄空港線「赤坂」徒歩7分,72.0,2LDK,1981年5月,https://suumo.jp//ms/chuko/fukuoka/sc_fukuokashichuo/nc_21578930/,赤坂,地下鉄空港線,7,1981-05-01,45,21578930
赤坂パインマンション,3899,福岡県福岡市中央区赤坂１,地下鉄空港線「赤坂」徒歩7分,72.0,2LDK,1981年5月,https://suumo.jp//ms/chuko/fukuoka/sc_fukuokashichuo/nc_21590182/,赤坂,地下鉄空港線,7,1981-05-01,45,21590182
ヒューマインド博多駅東ネクスタイル,3899,福岡県福岡市博多区東比恵３,地下鉄空港線「東比恵」徒歩4分,58.3,2LDK,2005年4月,https://suumo.jp//ms/chuko/fukuoka/sc_fukuokashihakata/nc_21466839/,東比恵,地下鉄空港線,4,2005-04-01,21,21466839
アートウィル赤坂,3980,福岡県福岡市中央区赤坂３-2-35,地下鉄七隈線「桜坂」徒歩11分,65.61,3LDK,1994年10月,https://suumo.jp//ms/chuko/fukuoka/sc_fukuokashichuo/nc_21798240/,桜坂,地下鉄七隈線,11,1994-10-01,32,21798240
朝日プラザ天神,3980,福岡県福岡市中央区舞鶴１-9‐3,地下鉄空港線「天神」徒歩7分,63.0,1LDK,1986年5月,https://suumo.jp//ms/chuko/fukuoka/sc_fukuokashichuo/nc_21562160/,天神,地下鉄空港線,7,1986-05-01,40,21562160
アンピール空港駅前,3990,福岡県糟屋郡志免町別府西３-4-1,地下鉄空港線「福岡空港」徒歩14分,91.44,4LDK,2004年7月,https://suumo.jp//ms/chuko/fukuoka/sc_kasuyagunshime/nc_21844064/,福岡空港,地下鉄空港線,14,2004-07-01,22,21844064
ダイアパレス大名第2,3999,福岡県福岡市中央区大名１-8-32,地下鉄空港線「赤坂」徒歩6分,63.0,3LDK,1986年1月,https://suumo.jp//ms/chuko/fukuoka/sc_fukuokashichuo/nc_21847594/,赤坂,地下鉄空港線,6,1986-01-01,40,21847594
リファレンス天神南,4099,福岡県福岡市中央区清川２-4-9,地下鉄七隈線「渡辺通」徒歩13分,65.32,3LDK,2002年3月,https://suumo.jp//ms/chuko/fukuoka/sc_fukuokashichuo/nc_20816310/,渡辺通,地下鉄七隈線,13,2002-03-01,24,20816310
モントーレ東比恵クレア,4099,福岡県福岡市博多区東比恵３,地下鉄空港線「東比恵」徒歩5分,42.77,1LDK+S（納戸）,1988年5月,https://suumo.jp//ms/chuko/fukuoka/sc_fukuokashihakata/nc_21551621/,東比恵,地下鉄空港線,5,1988-05-01,38,21551621
モントーレ東比恵クレア,4099,福岡県福岡市博多区東比恵３,地下鉄空港線「東比恵」徒歩3分,42.77,1LDK,2019年2月,https://suumo.jp//ms/chuko/fukuoka/sc_fukuokashihakata/nc_79172819/,東比恵,地下鉄空港線,3,2019-02-01,7,79172819
リファレンス天神南,4099,福岡県福岡市中央区清川２,地下鉄七隈線「渡辺通」徒歩12分,65.32,3LDK,2002年3月,https://suumo.jp//ms/chuko/fukuoka/sc_fukuokashichuo/nc_20589194/,渡辺通,地下鉄七隈線,12,2002-03-01,24,20589194
モントーレ東比恵クレア,4099,福岡県福岡市博多区東比恵３,地下鉄空港線「東比恵」徒歩3分,42.77,1LDK,2019年2月,https://suumo.jp//ms/chuko/fukuoka/sc_fukuokashihakata/nc_21546071/,東比恵,地下鉄空港線,3,2019-02-01,7,21546071
リファレンス天神南,4099,福岡県福岡市中央区清川２,地下鉄七隈線「渡辺通」徒歩13分,65.32,3LDK,2002年3月,https://suumo.jp//ms/chuko/fukuoka/sc_fukuokashichuo/nc_20232459/,渡辺通,地下鉄七隈線,13,2002-03-01,24,20232459
リファレンス天神南,4099,福岡県福岡市中央区清川２,地下鉄七隈線「渡辺通」徒歩13分,65.32,3LDK,2002年3月,https://suumo.jp//ms/chuko/fukuoka/sc_fukuokashichuo/nc_20401158/,渡辺通,地下鉄七隈線,13,2002-03-01,24,20401158
リファレンス天神南,4099,福岡県福岡市中央区清川２,地下鉄七隈線「渡辺通」徒歩13分,65.32,3LDK,2002年3月,https://suumo.jp//ms/chuko/fukuoka/sc_fukuokashichuo/nc_20056310/,渡辺通,地下鉄七隈線,13,2002-03-01,24,20056310
リファレンス天神南,4099,福岡県福岡市中央区清川２,地下鉄七隈線「渡辺通」徒歩13分,65.32,3LDK,2002年3月,https://suumo.jp//ms/chuko/fukuoka/sc_fukuokashichuo/nc_21199655/,渡辺通,地下鉄七隈線,13,2002-03-01,24,21199655
リファレンス天神南,4099,福岡県福岡市中央区清川２,地下鉄七隈線「渡辺通」徒歩14分,65.32,3LDK,2002年3月,https://suumo.jp//ms/chuko/fukuoka/sc_fukuokashichuo/nc_21351500/,渡辺通,地下鉄七隈線,14,2002-03-01,24,21351500
モントーレ東比恵クレア,4099,福岡県福岡市博多区東比恵３,地下鉄空港線「東比恵」徒歩3分,42.77,1LDK+S（納戸）,2019年2月,https://suumo.jp//ms/chuko/fukuoka/sc_fukuokashihakata/nc_21616827/,東比恵,地下鉄空港線,3,2019-02-01,7,21616827
ジョイナス天神タワー,4100,福岡県福岡市博多区対馬小路,地下鉄空港線「中洲川端」徒歩11分,56.14,2LDK,1997年1月,https://suumo.jp//ms/chuko/fukuoka/sc_fukuokashihakata/nc_21646228/,中洲川端,地下鉄空港線,11,1997-01-01,29,21646228
ロマネスク室見,4180,福岡県福岡市早良区室見１,地下鉄空港線「藤崎」徒歩7分,67.67,3LDK,1985年7月,https://suumo.jp//ms/chuko/fukuoka/sc_fukuokashisawara/nc_20707189/,藤崎,地下鉄空港線,7,1985-07-01,41,20707189
アンピール百年橋,4190,福岡県福岡市中央区清川３,地下鉄七隈線「渡辺通」徒歩15分,70.11,3LDK,1995年8月,https://suumo.jp//ms/chuko/fukuoka/sc_fukuokashichuo/nc_21467812/,渡辺通,地下鉄七隈線,15,1995-08-01,31,21467812
アンピール百年橋　中古マンション,4190,福岡県福岡市中央区清川３,地下鉄七隈線「渡辺通」徒歩15分,70.11,3LDK,1995年8月,https://suumo.jp//ms/chuko/fukuoka/sc_fukuokashichuo/nc_21639555/,渡辺通,地下鉄七隈線,15,1995-08-01,31,21639555
アンピール百年橋,4190,福岡県福岡市中央区清川３,地下鉄七隈線「渡辺通」徒歩15分,70.11,3LDK,1995年8月,https://suumo.jp//ms/chuko/fukuoka/sc_fukuokashichuo/nc_21476300/,渡辺通,地下鉄七隈線,15,1995-08-01,31,21476300
アンピール百年橋,4190,福岡県福岡市中央区清川３-9-23,地下鉄七隈線「渡辺通」徒歩15分,70.11,3LDK,1995年8月,https://suumo.jp//ms/chuko/fukuoka/sc_fukuokashichuo/nc_21456527/,渡辺通,地下鉄七隈線,15,1995-08-01,31,21456527
イニシア大濠公園,4199,福岡県福岡市中央区荒戸２,地下鉄空港線「大濠公園」徒歩3分,40.15,1LDK,2008年2月,https://suumo.jp//ms/chuko/fukuoka/sc_fukuokashichuo/nc_21775152/,大濠公園,地下鉄空港線,3,2008-02-01,18,21775152
エバーライフ赤坂,4280,福岡県福岡市中央区赤坂３,地下鉄七隈線「桜坂」徒歩14分,63.63,1LDK,1988年12月,https://suumo.jp//ms/chuko/fukuoka/sc_fukuokashichuo/nc_20426588/,桜坂,地下鉄七隈線,14,1988-12-01,38,20426588
ロイヤルマンション西新,4299,福岡県福岡市早良区祖原,地下鉄空港線「西新」徒歩12分,84.48,4LDK,1987年11月,https://suumo.jp//ms/chuko/fukuoka/sc_fukuokashisawara/nc_21011970/,西新,地下鉄空港線,12,1987-11-01,39,21011970
ロイヤルマンション西新,4299,福岡県福岡市早良区祖原,地下鉄空港線「西新」徒歩10分,84.48,4LDK,1987年11月,https://suumo.jp//ms/chuko/fukuoka/sc_fukuokashisawara/nc_20617864/,西新,地下鉄空港線,10,1987-11-01,39,20617864
ロイヤルマンション西新,4299,福岡県福岡市早良区祖原,地下鉄空港線「西新」徒歩12分,84.48,4LDK,1987年11月,https://suumo.jp//ms/chuko/fukuoka/sc_fukuokashisawara/nc_20516591/,西新,地下鉄空港線,12,1987-11-01,39,20516591
ロイヤルマンション西新,4299,福岡県福岡市早良区祖原23‐20,地下鉄空港線「西新」徒歩12分,84.48,4LDK,1987年11月,https://suumo.jp//ms/chuko/fukuoka/sc_fukuokashisawara/nc_21744770/,西新,地下鉄空港線,12,1987-11-01,39,21744770
ロマネスク西新,4299,福岡県福岡市早良区祖原14-13,地下鉄空港線「西新」徒歩8分,65.96,2LDK,1984年6月,https://suumo.jp//ms/chuko/fukuoka/sc_fukuokashisawara/nc_21697746/,西新,地下鉄空港線,8,1984-06-01,42,21697746
藤崎ロジュマン,4350,福岡県福岡市早良区昭代３-9-5,地下鉄空港線「藤崎」徒歩13分,82.76,4LDK,1988年3月,https://suumo.jp//ms/chuko/fukuoka/sc_fukuokashisawara/nc_21539151/,藤崎,地下鉄空港線,13,1988-03-01,38,21539151
藤崎ロジュマン,4350,福岡県福岡市早良区昭代３,地下鉄空港線「藤崎」徒歩11分,82.76,4LDK,1988年3月,https://suumo.jp//ms/chuko/fukuoka/sc_fukuokashisawara/nc_20812024/,藤崎,地下鉄空港線,11,1988-03-01,38,20812024
藤崎ロジュマン,4350,福岡県福岡市早良区昭代３,地下鉄空港線「藤崎」徒歩12分,82.76,4LDK,1988年3月,https://suumo.jp//ms/chuko/fukuoka/sc_fukuokashisawara/nc_21838728/,藤崎,地下鉄空港線,12,1988-03-01,38,21838728
藤崎ロジュマン,4350,福岡県福岡市早良区昭代３,地下鉄空港線「藤崎」徒歩11分,82.76,4LDK,1988年3月,https://suumo.jp//ms/chuko/fukuoka/sc_fukuokashisawara/nc_78705032/,藤崎,地下鉄空港線,11,1988-03-01,38,78705032
藤崎ロジュマン,4350,福岡県福岡市早良区昭代３,地下鉄空港線「藤崎」徒歩13分,82.76,4LDK,1988年3月,https://suumo.jp//ms/chuko/fukuoka/sc_fukuokashisawara/nc_20214981/,藤崎,地下鉄空港線,13,1988-03-01,38,20214981
藤崎ロジュマン,4350,福岡県福岡市早良区昭代３,地下鉄空港線「藤崎」徒歩10分,82.76,4LDK,1988年3月,https://suumo.jp//ms/chuko/fukuoka/sc_fukuokashisawara/nc_21199643/,藤崎,地下鉄空港線,10,1988-03-01,38,21199643
藤崎ロジュマン,4350,福岡県福岡市早良区昭代３,地下鉄空港線「藤崎」徒歩13分,82.76,4LDK,1988年3月,https://suumo.jp//ms/chuko/fukuoka/sc_fukuokashisawara/nc_20187670/,藤崎,地下鉄空港線,13,1988-03-01,38,20187670
アートウィル赤坂,4380,福岡県福岡市中央区赤坂３,地下鉄七隈線「桜坂」徒歩11分,65.61,2LDK,1995年10月,https://suumo.jp//ms/chuko/fukuoka/sc_fukuokashichuo/nc_21846806/,桜坂,地下鉄七隈線,11,1995-10-01,31,21846806
アートウィル赤坂,4380,福岡県福岡市中央区赤坂３,地下鉄七隈線「桜坂」徒歩11分,65.61,2LDK,1995年10月,https://suumo.jp//ms/chuko/fukuoka/sc_fukuokashichuo/nc_21448134/,桜坂,地下鉄七隈線,11,1995-10-01,31,21448134
アートウィル赤坂,4380,福岡県福岡市中央区赤坂３-2-35,地下鉄七隈線「桜坂」徒歩10分,65.61,2LDK,1995年10月,https://suumo.jp//ms/chuko/fukuoka/sc_fukuokashichuo/nc_21687061/,桜坂,地下鉄七隈線,10,1995-10-01,31,21687061
三井薬院ハイツ,4380,福岡県福岡市中央区薬院２,地下鉄七隈線「薬院大通」徒歩5分,92.86,4LDK,1982年10月,https://suumo.jp//ms/chuko/fukuoka/sc_fukuokashichuo/nc_21663708/,薬院大通,地下鉄七隈線,5,1982-10-01,44,21663708
アートウィル赤坂,4380,福岡県福岡市中央区赤坂３-2-35,地下鉄七隈線「桜坂」徒歩11分,65.61,2LDK,1995年10月,https://suumo.jp//ms/chuko/fukuoka/sc_fukuokashichuo/nc_21721248/,桜坂,地下鉄七隈線,11,1995-10-01,31,21721248
アルファライフ博多プレシャス,4399,福岡県福岡市博多区住吉５,ＪＲ鹿児島本線「博多」徒歩14分,53.04,1LDK,2011年3月,https://suumo.jp//ms/chuko/fukuoka/sc_fukuokashihakata/nc_21266844/,博多,ＪＲ鹿児島本線,14,2011-03-01,15,21266844
ラ・ミリオーレ室見河畔,4399,福岡県福岡市早良区室見５,地下鉄空港線「藤崎」徒歩15分,54.79,1LDK+S（納戸）,2005年5月,https://suumo.jp//ms/chuko/fukuoka/sc_fukuokashisawara/nc_21179636/,藤崎,地下鉄空港線,15,2005-05-01,21,21179636
アルファライフ博多,4399,福岡県福岡市博多区住吉５,ＪＲ鹿児島本線「博多」徒歩14分,53.04,1LDK,2011年3月,https://suumo.jp//ms/chuko/fukuoka/sc_fukuokashihakata/nc_21617310/,博多,ＪＲ鹿児島本線,14,2011-03-01,15,21617310
ロイヤルマンション西新,4399,福岡県福岡市早良区祖原,地下鉄空港線「西新」徒歩8分,84.48,4LDK,1987年11月,https://suumo.jp//ms/chuko/fukuoka/sc_fukuokashisawara/nc_20588692/,西新,地下鉄空港線,8,1987-11-01,39,20588692
シティマンション大名,4499,福岡県福岡市中央区大名１-9-14,地下鉄空港線「赤坂」徒歩6分,64.98,2LDK,1987年1月,https://suumo.jp//ms/chuko/fukuoka/sc_fukuokashichuo/nc_21847595/,赤坂,地下鉄空港線,6,1987-01-01,39,21847595
アルファライフ博多プレシャス,4499,福岡県福岡市博多区住吉５,ＪＲ鹿児島本線「博多」徒歩14分,53.04,1LDK,2011年3月,https://suumo.jp//ms/chuko/fukuoka/sc_fukuokashihakata/nc_21265681/,博多,ＪＲ鹿児島本線,14,2011-03-01,15,21265681
朝日プラザ天神,4499,福岡県福岡市中央区舞鶴１-9-3,地下鉄空港線「天神」徒歩4分,55.5,2LDK,1986年5月,https://suumo.jp//ms/chuko/fukuoka/sc_fukuokashichuo/nc_20822755/,天神,地下鉄空港線,4,1986-05-01,40,20822755
アートウィル赤坂,4580,福岡県福岡市中央区赤坂３,地下鉄七隈線「桜坂」徒歩10分,65.61,2LDK,1994年10月,https://suumo.jp//ms/chuko/fukuoka/sc_fukuokashichuo/nc_21578906/,桜坂,地下鉄七隈線,10,1994-10-01,32,21578906
エステートマンション大濠グランディール,4780,福岡県福岡市中央区今川２,地下鉄空港線「西新」徒歩9分,68.37,3LDK,1991年3月,https://suumo.jp//ms/chuko/fukuoka/sc_fukuokashichuo/nc_21246756/,西新,地下鉄空港線,9,1991-03-01,35,21246756
エステートマンション大濠グランディール,4780,福岡県福岡市中央区今川２-7-52,地下鉄空港線「唐人町」徒歩8分,68.37,3LDK,1991年3月,https://suumo.jp//ms/chuko/fukuoka/sc_fukuokashichuo/nc_21216421/,唐人町,地下鉄空港線,8,1991-03-01,35,21216421
ロイヤルマンションユトリテ田島,4799,福岡県福岡市城南区田島１,地下鉄七隈線「別府」徒歩15分,91.98,3LDK+S（納戸）,2005年3月,https://suumo.jp//ms/chuko/fukuoka/sc_fukuokashijonan/nc_21051303/,別府,地下鉄七隈線,15,2005-03-01,21,21051303
ロイヤルマンションユトリテ田島,4799,福岡県福岡市城南区田島１-4-18,地下鉄七隈線「別府」徒歩13分,91.98,3LDK+S（納戸）,2005年3月,https://suumo.jp//ms/chuko/fukuoka/sc_fukuokashijonan/nc_21602009/,別府,地下鉄七隈線,13,2005-03-01,21,21602009
ソレイユ赤坂南,4898,福岡県福岡市中央区六本松３-5-35,地下鉄七隈線「桜坂」徒歩6分,75.03,3LDK,1989年10月,https://suumo.jp//ms/chuko/fukuoka/sc_fukuokashichuo/nc_21792764/,桜坂,地下鉄七隈線,6,1989-10-01,37,21792764
パーク・エステート博多,4899,福岡県福岡市博多区店屋町,地下鉄空港線「祇園」徒歩7分,60.81,2LDK,1997年3月,https://suumo.jp//ms/chuko/fukuoka/sc_fukuokashihakata/nc_20612025/,祇園,地下鉄空港線,7,1997-03-01,29,20612025
パーク・エステート博多503号室,4899,福岡県福岡市博多区店屋町,地下鉄空港線「祇園」徒歩6分,60.81,2LDK,1997年2月,https://suumo.jp//ms/chuko/fukuoka/sc_fukuokashihakata/nc_20387762/,祇園,地下鉄空港線,6,1997-02-01,29,20387762
ソピア大濠西,4980,福岡県福岡市中央区鳥飼３,地下鉄空港線「西新」徒歩10分,69.57,3LDK,1999年3月,https://suumo.jp//ms/chuko/fukuoka/sc_fukuokashichuo/nc_21533580/,西新,地下鉄空港線,10,1999-03-01,27,21533580
ソピア大濠西,4980,福岡県福岡市中央区鳥飼３,地下鉄空港線「西新」徒歩11分,69.57,3LDK,1999年11月,https://suumo.jp//ms/chuko/fukuoka/sc_fukuokashichuo/nc_21838737/,西新,地下鉄空港線,11,1999-11-01,27,21838737
アンピール博多駅,4990,福岡県福岡市博多区堅粕３-15-23,地下鉄空港線「博多」徒歩12分,84.77,4LDK,1997年10月,https://suumo.jp//ms/chuko/fukuoka/sc_fukuokashihakata/nc_21750411/,博多,地下鉄空港線,12,1997-10-01,29,21750411
クリスタージュ2番館,5080,福岡県福岡市早良区百道浜４-2-2,地下鉄空港線「藤崎」徒歩11分,99.8,4LDK,1992年5月,https://suumo.jp//ms/chuko/fukuoka/sc_fukuokashisawara/nc_21783291/,藤崎,地下鉄空港線,11,1992-05-01,34,21783291
サングレート博多駅南センターステージ,5090,福岡県福岡市博多区博多駅南２,ＪＲ鹿児島本線「博多」徒歩13分,60.91,2LDK,2000年9月,https://suumo.jp//ms/chuko/fukuoka/sc_fukuokashihakata/nc_21126548/,博多,ＪＲ鹿児島本線,13,2000-09-01,26,21126548
第３３プリンスマンション城南,5180,福岡県福岡市城南区別府１,地下鉄七隈線「別府」徒歩4分,85.4,3LDK,1986年8月,https://suumo.jp//ms/chuko/fukuoka/sc_fukuokashijonan/nc_21205678/,別府,地下鉄七隈線,4,1986-08-01,40,21205678
ペルル大濠公園,5199,福岡県福岡市中央区荒戸３,地下鉄空港線「唐人町」徒歩9分,59.03,2LDK,1999年7月,https://suumo.jp//ms/chuko/fukuoka/sc_fukuokashichuo/nc_21845456/,唐人町,地下鉄空港線,9,1999-07-01,27,21845456
東急ドエルアルス桜坂,5390,福岡県福岡市中央区桜坂１,地下鉄七隈線「桜坂」徒歩7分,77.6,3LDK,1993年2月,https://suumo.jp//ms/chuko/fukuoka/sc_fukuokashichuo/nc_21826943/,桜坂,地下鉄七隈線,7,1993-02-01,33,21826943
ライオンズマンション梅光園,5390,福岡県福岡市中央区梅光園２,地下鉄七隈線「六本松」徒歩8分,88.41,4LDK,1999年2月,https://suumo.jp//ms/chuko/fukuoka/sc_fukuokashichuo/nc_21766872/,六本松,地下鉄七隈線,8,1999-02-01,27,21766872
浄水通りパーク・ホームズ,5399,福岡県福岡市中央区薬院４-6-7,地下鉄七隈線「薬院大通」徒歩4分,61.48,3LDK,1994年3月,https://suumo.jp//ms/chuko/fukuoka/sc_fukuokashichuo/nc_21690527/,薬院大通,地下鉄七隈線,4,1994-03-01,32,21690527
パークホームズ室見駅前,5490,福岡県福岡市早良区室見５-7-27,地下鉄空港線「藤崎」徒歩13分,71.47,3LDK,2004年5月,https://suumo.jp//ms/chuko/fukuoka/sc_fukuokashisawara/nc_21820709/,藤崎,地下鉄空港線,13,2004-05-01,22,21820709
パークホームズ室見駅前,5490,福岡県福岡市早良区室見５,地下鉄空港線「藤崎」徒歩13分,71.47,3LDK,2004年5月,https://suumo.jp//ms/chuko/fukuoka/sc_fukuokashisawara/nc_21251965/,藤崎,地下鉄空港線,13,2004-05-01,22,21251965
パークホームズ室見駅前,5490,福岡県福岡市早良区室見５,地下鉄空港線「藤崎」徒歩12分,71.47,3LDK,2004年5月,https://suumo.jp//ms/chuko/fukuoka/sc_fukuokashisawara/nc_21227568/,藤崎,地下鉄空港線,12,2004-05-01,22,21227568
ライオンズプラザ平尾,5498,福岡県福岡市中央区平尾１,地下鉄七隈線「薬院」徒歩9分,73.76,3LDK,1996年2月,https://suumo.jp//ms/chuko/fukuoka/sc_fukuokashichuo/nc_21456616/,薬院,地下鉄七隈線,9,1996-02-01,30,21456616
ロイヤルアーク藤崎,5498,福岡県福岡市早良区昭代３,地下鉄空港線「藤崎」徒歩12分,75.28,3LDK,2002年6月,https://suumo.jp//ms/chuko/fukuoka/sc_fukuokashisawara/nc_21714096/,藤崎,地下鉄空港線,12,2002-06-01,24,21714096
シーサイドももちヴェルデコート　5番館,5499,福岡県福岡市早良区百道浜３-3-5,地下鉄空港線「藤崎」徒歩12分,80.88,3LDK,1991年2月,https://suumo.jp//ms/chuko/fukuoka/sc_fukuokashisawara/nc_21690528/,藤崎,地下鉄空港線,12,1991-02-01,35,21690528
シーサイドももちヴェルデコート5番館,5499,福岡県福岡市早良区百道浜３,地下鉄空港線「藤崎」徒歩12分,80.88,3LDK,1991年2月,https://suumo.jp//ms/chuko/fukuoka/sc_fukuokashisawara/nc_21311119/,藤崎,地下鉄空港線,12,1991-02-01,35,21311119
サントーア地行,5499,福岡県福岡市中央区地行１,地下鉄空港線「唐人町」徒歩4分,72.0,3LDK,1995年10月,https://suumo.jp//ms/chuko/fukuoka/sc_fukuokashichuo/nc_20890373/,唐人町,地下鉄空港線,4,1995-10-01,31,20890373
三井薬院ハイツ,5500,福岡県福岡市中央区薬院２,地下鉄七隈線「薬院大通」徒歩6分,98.7,4LDK,1982年10月,https://suumo.jp//ms/chuko/fukuoka/sc_fukuokashichuo/nc_21185449/,薬院大通,地下鉄七隈線,6,1982-10-01,44,21185449
クラブエイリック藤崎南ザ・テラス,5690,福岡県福岡市早良区原１,地下鉄空港線「藤崎」徒歩12分,93.55,4LDK,2013年5月,https://suumo.jp//ms/chuko/fukuoka/sc_fukuokashisawara/nc_21509242/,藤崎,地下鉄空港線,12,2013-05-01,13,21509242
クラブエイリック藤崎南ザ・テラス,5690,福岡県福岡市早良区原１,地下鉄空港線「藤崎」徒歩12分,93.55,4LDK,2013年4月,https://suumo.jp//ms/chuko/fukuoka/sc_fukuokashisawara/nc_21704536/,藤崎,地下鉄空港線,12,2013-04-01,13,21704536
ダイアパレス大濠公園Ⅱ,5699,福岡県福岡市中央区荒戸２-2-32,地下鉄空港線「大濠公園」徒歩6分,70.92,3LDK,1996年3月,https://suumo.jp//ms/chuko/fukuoka/sc_fukuokashichuo/nc_21107656/,大濠公園,地下鉄空港線,6,1996-03-01,30,21107656
ロマネスクルアージュ大手門,5780,福岡県福岡市中央区大手門２,地下鉄空港線「大濠公園」徒歩8分,65.43,3LDK,1996年3月,https://suumo.jp//ms/chuko/fukuoka/sc_fukuokashichuo/nc_21827362/,大濠公園,地下鉄空港線,8,1996-03-01,30,21827362
ロマネスクルアージュ大手門,5780,福岡県福岡市中央区大手門２,地下鉄空港線「大濠公園」徒歩7分,65.43,3LDK,1996年3月,https://suumo.jp//ms/chuko/fukuoka/sc_fukuokashichuo/nc_21735464/,大濠公園,地下鉄空港線,7,1996-03-01,30,21735464
ヒューマインド博多駅東ネクスタイル,5799,福岡県福岡市博多区東比恵３-24-24,地下鉄空港線「東比恵」徒歩6分,80.11,3LDK,2005年4月,https://suumo.jp//ms/chuko/fukuoka/sc_fukuokashihakata/nc_21752902/,東比恵,地下鉄空港線,6,2005-04-01,21,21752902
ヒューマインド博多駅東ネクスタイル,5799,福岡県福岡市博多区東比恵３,地下鉄空港線「東比恵」徒歩5分,80.11,3LDK,2005年4月,https://suumo.jp//ms/chuko/fukuoka/sc_fukuokashihakata/nc_21603678/,東比恵,地下鉄空港線,5,2005-04-01,21,21603678
ヒューマインド博多駅東ネクスタイル,5799,福岡県福岡市博多区東比恵３,地下鉄空港線「東比恵」徒歩7分,80.11,3LDK,2005年4月,https://suumo.jp//ms/chuko/fukuoka/sc_fukuokashihakata/nc_21346885/,東比恵,地下鉄空港線,7,2005-04-01,21,21346885
ヒューマインド博多駅東ネクスタイル,5799,福岡県福岡市博多区東比恵３,地下鉄空港線「東比恵」徒歩7分,80.11,3LDK,2005年4月,https://suumo.jp//ms/chuko/fukuoka/sc_fukuokashihakata/nc_21137414/,東比恵,地下鉄空港線,7,2005-04-01,21,21137414
ヒューマインド博多駅東ネクスタイル,5799,福岡県福岡市博多区東比恵３-24-24,地下鉄空港線「東比恵」徒歩6分,80.11,3LDK,2005年4月,https://suumo.jp//ms/chuko/fukuoka/sc_fukuokashihakata/nc_21637730/,東比恵,地下鉄空港線,6,2005-04-01,21,21637730
ヒューマインド博多駅東ネクスタイル,5799,福岡県福岡市博多区東比恵３-24-24,地下鉄空港線「東比恵」徒歩5分,80.11,3LDK,2005年4月,https://suumo.jp//ms/chuko/fukuoka/sc_fukuokashihakata/nc_21654634/,東比恵,地下鉄空港線,5,2005-04-01,21,21654634
ヒューマインド博多駅東ネクスタイル,5799,福岡県福岡市博多区東比恵３,地下鉄空港線「東比恵」徒歩5分,80.11,3LDK,2005年4月,https://suumo.jp//ms/chuko/fukuoka/sc_fukuokashihakata/nc_21117161/,東比恵,地下鉄空港線,5,2005-04-01,21,21117161
ヒューマインド博多駅東ネクスタイル,5799,福岡県福岡市博多区東比恵３,地下鉄空港線「東比恵」徒歩5分,80.11,3LDK,2005年4月,https://suumo.jp//ms/chuko/fukuoka/sc_fukuokashihakata/nc_21381889/,東比恵,地下鉄空港線,5,2005-04-01,21,21381889
ヒューマインド博多駅東ネクスタイル,5799,福岡県福岡市博多区東比恵３,地下鉄空港線「東比恵」徒歩7分,80.11,3LDK,2005年4月,https://suumo.jp//ms/chuko/fukuoka/sc_fukuokashihakata/nc_21601995/,東比恵,地下鉄空港線,7,2005-04-01,21,21601995
ヒューマインド博多駅東ネクスタイル,5799,福岡県福岡市博多区東比恵３,地下鉄空港線「東比恵」徒歩7分,80.11,3LDK,2005年4月,https://suumo.jp//ms/chuko/fukuoka/sc_fukuokashihakata/nc_21475943/,東比恵,地下鉄空港線,7,2005-04-01,21,21475943
ティアラ薬院,5800,福岡県福岡市中央区薬院２,地下鉄七隈線「薬院大通」徒歩4分,100.84,3LDK,1991年12月,https://suumo.jp//ms/chuko/fukuoka/sc_fukuokashichuo/nc_21809110/,薬院大通,地下鉄七隈線,4,1991-12-01,35,21809110
インプレスト天神オークタワー,5980,福岡県福岡市中央区長浜２,地下鉄空港線「赤坂」徒歩9分,61.28,2LDK,2020年5月,https://suumo.jp//ms/chuko/fukuoka/sc_fukuokashichuo/nc_21464547/,赤坂,地下鉄空港線,9,2020-05-01,6,21464547
アンピール六本松,5980,福岡県福岡市中央区六本松４,地下鉄七隈線「六本松」徒歩6分,71.23,3LDK,1994年9月,https://suumo.jp//ms/chuko/fukuoka/sc_fukuokashichuo/nc_20605017/,六本松,地下鉄七隈線,6,1994-09-01,32,20605017
シティライフ呉服町,5990,福岡県福岡市博多区下呉服町10-4,地下鉄空港線「中洲川端」徒歩14分,82.82,4LDK,2000年2月,https://suumo.jp//ms/chuko/fukuoka/sc_fukuokashihakata/nc_21520955/,中洲川端,地下鉄空港線,14,2000-02-01,26,21520955
デュ・レジア博多住吉,5998,福岡県福岡市博多区住吉４,ＪＲ鹿児島本線「博多」徒歩15分,60.03,2LDK,2018年2月,https://suumo.jp//ms/chuko/fukuoka/sc_fukuokashihakata/nc_21714097/,博多,ＪＲ鹿児島本線,15,2018-02-01,8,21714097
グリーンマンション薬院,5999,福岡県福岡市中央区薬院２,地下鉄七隈線「薬院大通」徒歩6分,88.26,3LDK,1986年8月,https://suumo.jp//ms/chuko/fukuoka/sc_fukuokashichuo/nc_21826796/,薬院大通,地下鉄七隈線,6,1986-08-01,40,21826796
ペルル奈良屋,5999,福岡県福岡市博多区奈良屋町7-21,地下鉄空港線「中洲川端」徒歩11分,79.96,3LDK,1999年8月,https://suumo.jp//ms/chuko/fukuoka/sc_fukuokashihakata/nc_21637732/,中洲川端,地下鉄空港線,11,1999-08-01,27,21637732
グリーンマンション薬院,5999,福岡県福岡市中央区薬院２,地下鉄七隈線「薬院大通」徒歩5分,88.26,3LDK,1986年8月,https://suumo.jp//ms/chuko/fukuoka/sc_fukuokashichuo/nc_21336648/,薬院大通,地下鉄七隈線,5,1986-08-01,40,21336648
ロマネスク浄水通り第2,5999,福岡県福岡市中央区薬院４-21-15,地下鉄七隈線「薬院大通」徒歩6分,84.47,4LDK,1987年12月,https://suumo.jp//ms/chuko/fukuoka/sc_fukuokashichuo/nc_21413515/,薬院大通,地下鉄七隈線,6,1987-12-01,39,21413515
デュオヴェール西新corso,6000,福岡県福岡市早良区西新５,地下鉄空港線「藤崎」徒歩8分,44.27,2LDK,2024年12月,https://suumo.jp//ms/chuko/fukuoka/sc_fukuokashisawara/nc_21672470/,藤崎,地下鉄空港線,8,2024-12-01,2,21672470
シティハウス室見ステーションコート,6130,福岡県福岡市早良区室見１,地下鉄空港線「藤崎」徒歩9分,66.12,3LDK,2018年1月,https://suumo.jp//ms/chuko/fukuoka/sc_fukuokashisawara/nc_21411020/,藤崎,地下鉄空港線,9,2018-01-01,8,21411020
グランディア百道浜通り,6180,福岡県福岡市早良区西新２,地下鉄空港線「西新」徒歩9分,68.66,3LDK,2006年4月,https://suumo.jp//ms/chuko/fukuoka/sc_fukuokashisawara/nc_21107580/,西新,地下鉄空港線,9,2006-04-01,20,21107580
ネストピア渡辺通,6180,福岡県福岡市中央区清川１,地下鉄七隈線「渡辺通」徒歩6分,53.87,2LDK,2023年2月,https://suumo.jp//ms/chuko/fukuoka/sc_fukuokashichuo/nc_21464546/,渡辺通,地下鉄七隈線,6,2023-02-01,3,21464546
グランディア百道浜通り,6180,福岡県福岡市早良区西新２-23-12,地下鉄空港線「西新」徒歩9分,68.66,3LDK,2006年4月,https://suumo.jp//ms/chuko/fukuoka/sc_fukuokashisawara/nc_21615842/,西新,地下鉄空港線,9,2006-04-01,20,21615842
グランディア百道浜通り,6180,福岡県福岡市早良区西新２,地下鉄空港線「西新」徒歩9分,68.66,3LDK,2006年4月,https://suumo.jp//ms/chuko/fukuoka/sc_fukuokashisawara/nc_21467015/,西新,地下鉄空港線,9,2006-04-01,20,21467015
グランディア百道浜通り,6180,福岡県福岡市早良区西新２-23-12,地下鉄空港線「西新」徒歩9分,68.66,3LDK,2006年4月,https://suumo.jp//ms/chuko/fukuoka/sc_fukuokashisawara/nc_21694571/,西新,地下鉄空港線,9,2006-04-01,20,21694571
グランディア百道浜通り,6180,福岡県福岡市早良区西新２,地下鉄空港線「西新」徒歩10分,68.66,3LDK,2006年4月,https://suumo.jp//ms/chuko/fukuoka/sc_fukuokashisawara/nc_21421313/,西新,地下鉄空港線,10,2006-04-01,20,21421313
シーサイドももちヴェルデコート６番館,6198,福岡県福岡市早良区百道浜３,地下鉄空港線「藤崎」徒歩10分,94.47,3LDK,1991年7月,https://suumo.jp//ms/chuko/fukuoka/sc_fukuokashisawara/nc_20970626/,藤崎,地下鉄空港線,10,1991-07-01,35,20970626
アダージュ薬院弐番館,6198,福岡県福岡市中央区薬院２,地下鉄七隈線「薬院大通」徒歩3分,65.11,2LDK,2003年3月,https://suumo.jp//ms/chuko/fukuoka/sc_fukuokashichuo/nc_21323946/,薬院大通,地下鉄七隈線,3,2003-03-01,23,21323946
ライオンズタワー城南別府,6198,福岡県福岡市城南区別府５,地下鉄七隈線「別府」徒歩5分,75.72,3LDK,2002年11月,https://suumo.jp//ms/chuko/fukuoka/sc_fukuokashijonan/nc_21429306/,別府,地下鉄七隈線,5,2002-11-01,24,21429306
コモダスパッソ天神,6390,福岡県福岡市中央区渡辺通５-6-18,地下鉄七隈線「天神南」徒歩4分,64.15,2LDK,2000年10月,https://suumo.jp//ms/chuko/fukuoka/sc_fukuokashichuo/nc_21274206/,天神南,地下鉄七隈線,4,2000-10-01,26,21274206
ジョイナス地行浜東　内装リフォーム,6395,福岡県福岡市中央区伊崎17-11,地下鉄空港線「唐人町」徒歩12分,85.47,4LDK,2006年3月,https://suumo.jp//ms/chuko/fukuoka/sc_fukuokashichuo/nc_20588156/,唐人町,地下鉄空港線,12,2006-03-01,20,20588156
アメックス大濠,6480,福岡県福岡市中央区今川２,地下鉄空港線「西新」徒歩9分,79.73,3LDK,2004年3月,https://suumo.jp//ms/chuko/fukuoka/sc_fukuokashichuo/nc_21376978/,西新,地下鉄空港線,9,2004-03-01,22,21376978
ソレイユ赤坂南,6499,福岡県福岡市中央区六本松３-5-35,地下鉄七隈線「桜坂」徒歩6分,94.88,4LDK,1989年10月,https://suumo.jp//ms/chuko/fukuoka/sc_fukuokashichuo/nc_21789298/,桜坂,地下鉄七隈線,6,1989-10-01,37,21789298
ソレイユ赤坂南,6499,福岡県福岡市中央区六本松３-5-35,地下鉄七隈線「桜坂」徒歩8分,94.88,4LDK,1989年10月,https://suumo.jp//ms/chuko/fukuoka/sc_fukuokashichuo/nc_21798110/,桜坂,地下鉄七隈線,8,1989-10-01,37,21798110
ソレイユ赤坂南,6499,福岡県福岡市中央区六本松３,地下鉄七隈線「桜坂」徒歩7分,94.88,4LDK,1989年10月,https://suumo.jp//ms/chuko/fukuoka/sc_fukuokashichuo/nc_21778259/,桜坂,地下鉄七隈線,7,1989-10-01,37,21778259
エステートマンション大濠グランディール,6499,福岡県福岡市中央区今川２,地下鉄空港線「西新」徒歩9分,85.23,3LDK,1991年3月,https://suumo.jp//ms/chuko/fukuoka/sc_fukuokashichuo/nc_21756589/,西新,地下鉄空港線,9,1991-03-01,35,21756589
エステートマンション大濠グランディール,6499,福岡県福岡市中央区今川２-7-52,地下鉄空港線「西新」徒歩12分,85.23,3LDK,1991年3月,https://suumo.jp//ms/chuko/fukuoka/sc_fukuokashichuo/nc_21150902/,西新,地下鉄空港線,12,1991-03-01,35,21150902
グランドメゾン平尾,6599,福岡県福岡市中央区平尾２-11-11,西鉄天神大牟田線「薬院」徒歩11分,75.34,3LDK,1998年5月,https://suumo.jp//ms/chuko/fukuoka/sc_fukuokashichuo/nc_21671581/,薬院,西鉄天神大牟田線,11,1998-05-01,28,21671581
クリスタージュ壱番館,6599,福岡県福岡市早良区百道浜４-2-1,地下鉄空港線「藤崎」徒歩11分,95.53,3LDK,1992年5月,https://suumo.jp//ms/chuko/fukuoka/sc_fukuokashisawara/nc_21690529/,藤崎,地下鉄空港線,11,1992-05-01,34,21690529
ライオンズ大濠公園グランゲイト,6780,福岡県福岡市中央区大手門２,地下鉄空港線「大濠公園」徒歩7分,67.03,3LDK,2015年2月,https://suumo.jp//ms/chuko/fukuoka/sc_fukuokashichuo/nc_20572204/,大濠公園,地下鉄空港線,7,2015-02-01,11,20572204
アクロス天神Vタワー,6799,福岡県福岡市中央区舞鶴１-3-47,地下鉄空港線「赤坂」徒歩8分,61.45,2LDK,2005年3月,https://suumo.jp//ms/chuko/fukuoka/sc_fukuokashichuo/nc_21283884/,赤坂,地下鉄空港線,8,2005-03-01,21,21283884
東峰マンションアーバンスクエア博多駅,6980,福岡県福岡市博多区博多駅南１-15-6,ＪＲ鹿児島本線「博多」徒歩9分,73.32,3LDK,2000年11月,https://suumo.jp//ms/chuko/fukuoka/sc_fukuokashihakata/nc_21748812/,博多,ＪＲ鹿児島本線,9,2000-11-01,26,21748812
東峰マンションアーバンスクエア博多駅,6980,福岡県福岡市博多区博多駅南１,ＪＲ鹿児島本線「博多」徒歩8分,73.32,3LDK,2000年11月,https://suumo.jp//ms/chuko/fukuoka/sc_fukuokashihakata/nc_21764738/,博多,ＪＲ鹿児島本線,8,2000-11-01,26,21764738
コスモ六本松シティフォルム,6999,福岡県福岡市中央区草香江２,地下鉄七隈線「六本松」徒歩4分,70.58,3LDK,2000年2月,https://suumo.jp//ms/chuko/fukuoka/sc_fukuokashichuo/nc_21190286/,六本松,地下鉄七隈線,4,2000-02-01,26,21190286
コスモ六本松シティフォルム,6999,福岡県福岡市中央区草香江２-1-13,地下鉄七隈線「六本松」徒歩4分,70.58,3LDK,2000年2月,https://suumo.jp//ms/chuko/fukuoka/sc_fukuokashichuo/nc_21539155/,六本松,地下鉄七隈線,4,2000-02-01,26,21539155
コスモ六本松シティフォルム,6999,福岡県福岡市中央区草香江２,地下鉄七隈線「六本松」徒歩5分,70.58,3LDK,2000年2月,https://suumo.jp//ms/chuko/fukuoka/sc_fukuokashichuo/nc_20597892/,六本松,地下鉄七隈線,5,2000-02-01,26,20597892
コスモ六本松シティフォルム,6999,福岡県福岡市中央区草香江２-1-13,地下鉄七隈線「六本松」徒歩4分,70.58,3LDK,2000年12月,https://suumo.jp//ms/chuko/fukuoka/sc_fukuokashichuo/nc_21559098/,六本松,地下鉄七隈線,4,2000-12-01,26,21559098
コスモ六本松シティフォルム,6999,福岡県福岡市中央区草香江２,地下鉄七隈線「六本松」徒歩4分,70.58,3LDK,2000年2月,https://suumo.jp//ms/chuko/fukuoka/sc_fukuokashichuo/nc_21190414/,六本松,地下鉄七隈線,4,2000-02-01,26,21190414
アンピール西新,7200,福岡県福岡市早良区城西３,地下鉄空港線「西新」徒歩10分,93.58,4LDK,2004年5月,https://suumo.jp//ms/chuko/fukuoka/sc_fukuokashisawara/nc_21167401/,西新,地下鉄空港線,10,2004-05-01,22,21167401
アンピール西新,7200,福岡県福岡市早良区城西３-12－27,地下鉄空港線「西新」徒歩10分,93.58,4LDK,2004年5月,https://suumo.jp//ms/chuko/fukuoka/sc_fukuokashisawara/nc_20721532/,西新,地下鉄空港線,10,2004-05-01,22,20721532
ライオンズガーデンシティ鳥飼3番館,7399,福岡県福岡市城南区鳥飼４-4-44,地下鉄七隈線「別府」徒歩8分,83.86,4LDK,1998年3月,https://suumo.jp//ms/chuko/fukuoka/sc_fukuokashijonan/nc_21824573/,別府,地下鉄七隈線,8,1998-03-01,28,21824573
コアマンション百道プレジオ,7890,福岡県福岡市早良区百道１,地下鉄空港線「藤崎」徒歩10分,92.92,3LDK+S（納戸）,2006年2月,https://suumo.jp//ms/chuko/fukuoka/sc_fukuokashisawara/nc_21053033/,藤崎,地下鉄空港線,10,2006-02-01,20,21053033
サングレート薬院駅ロイヤルウィン,7980,福岡県福岡市中央区平尾１,西鉄天神大牟田線「薬院」徒歩4分,72.67,2LDK,2003年11月,https://suumo.jp//ms/chuko/fukuoka/sc_fukuokashichuo/nc_21714098/,薬院,西鉄天神大牟田線,4,2003-11-01,23,21714098
グリーンマンション平尾,7999,福岡県福岡市中央区平尾２-8-13,地下鉄七隈線「薬院」徒歩15分,85.9,3LDK+S（納戸）,1996年4月,https://suumo.jp//ms/chuko/fukuoka/sc_fukuokashichuo/nc_21539167/,薬院,地下鉄七隈線,15,1996-04-01,30,21539167
グランドステイツ大濠公園南,8280,福岡県福岡市中央区六本松３,地下鉄七隈線「六本松」徒歩3分,80.69,3LDK,2004年6月,https://suumo.jp//ms/chuko/fukuoka/sc_fukuokashichuo/nc_77539723/,六本松,地下鉄七隈線,3,2004-06-01,22,77539723
ダイアパレス赤坂,8299,福岡県福岡市中央区赤坂２-1-33,地下鉄空港線「赤坂」徒歩10分,88.58,4LDK,2001年9月,https://suumo.jp//ms/chuko/fukuoka/sc_fukuokashichuo/nc_21690522/,赤坂,地下鉄空港線,10,2001-09-01,25,21690522
日商岩井レジオン薬院,8490,福岡県福岡市中央区薬院２,地下鉄七隈線「薬院大通」徒歩5分,81.22,4LDK,1999年3月,https://suumo.jp//ms/chuko/fukuoka/sc_fukuokashichuo/nc_21110395/,薬院大通,地下鉄七隈線,5,1999-03-01,27,21110395
ザ・パークハウス福岡タワーズEAST,8999,福岡県福岡市中央区地行浜２,地下鉄空港線「唐人町」徒歩11分,71.77,3LDK,2020年12月,https://suumo.jp//ms/chuko/fukuoka/sc_fukuokashichuo/nc_21712499/,唐人町,地下鉄空港線,11,2020-12-01,6,21712499
百道タワー,9200,福岡県福岡市早良区百道浜１,地下鉄空港線「西新」徒歩9分,88.62,2LDK,2004年2月,https://suumo.jp//ms/chuko/fukuoka/sc_fukuokashisawara/nc_21224471/,西新,地下鉄空港線,9,2004-02-01,22,21224471
コアマンション桜坂プレジオ弐番館,9290,福岡県福岡市中央区六本松３,地下鉄七隈線「桜坂」徒歩3分,111.51,3LDK,2001年1月,https://suumo.jp//ms/chuko/fukuoka/sc_fukuokashichuo/nc_21778835/,桜坂,地下鉄七隈線,3,2001-01-01,25,21778835
パークコート赤坂ヒルトップレジデンス,9800,福岡県福岡市中央区赤坂３,地下鉄七隈線「桜坂」徒歩9分,88.76,3LDK,2010年2月,https://suumo.jp//ms/chuko/fukuoka/sc_fukuokashichuo/nc_78598929/,桜坂,地下鉄七隈線,9,2010-02-01,16,78598929
アクタス大手門パークシティ,9980,福岡県福岡市中央区大手門１,地下鉄空港線「赤坂」徒歩6分,93.92,3LDK,2005年2月,https://suumo.jp//ms/chuko/fukuoka/sc_fukuokashichuo/nc_77427348/,赤坂,地下鉄空港線,6,2005-02-01,21,77427348
グランフォーレ西新レジデンス,9995,福岡県福岡市早良区西新２-4-40,地下鉄空港線「西新」徒歩4分,90.01,3LDK,2017年3月,https://suumo.jp//ms/chuko/fukuoka/sc_fukuokashisawara/nc_21746123/,西新,地下鉄空港線,4,2017-03-01,9,21746123
デュ・レジア薬院ザ シティ,10980,福岡県福岡市中央区平尾１-7-以下未詳,地下鉄七隈線「薬院」徒歩6分,71.79,3LDK,2026年8月,https://suumo.jp//ms/chuko/fukuoka/sc_fukuokashichuo/nc_21742876/,薬院,地下鉄七隈線,6,2026-08-01,0,21742876
プレミスト天神赤坂タワー,11000,福岡県福岡市中央区大名２,地下鉄空港線「赤坂」徒歩3分,67.73,1LDK,2019年1月,https://suumo.jp//ms/chuko/fukuoka/sc_fukuokashichuo/nc_21579196/,赤坂,地下鉄空港線,3,2019-01-01,7,21579196
グランドメゾン浄水ガーデンシティサウスフォレスト,11750,福岡県福岡市中央区薬院４,地下鉄七隈線「薬院大通」徒歩7分,82.49,2LDK,2015年7月,https://suumo.jp//ms/chuko/fukuoka/sc_fukuokashichuo/nc_21238190/,薬院大通,地下鉄七隈線,7,2015-07-01,11,21238190
MJR赤坂タワー,12500,福岡県福岡市中央区赤坂１,地下鉄空港線「赤坂」徒歩1分,64.8,2LDK,2017年10月,https://suumo.jp//ms/chuko/fukuoka/sc_fukuokashichuo/nc_79200862/,赤坂,地下鉄空港線,1,2017-10-01,9,79200862
グランドメゾン浄水ガーデンシティフォレストゲートⅢ,12800,福岡県福岡市中央区薬院４,地下鉄七隈線「薬院大通」徒歩6分,84.22,3LDK,2018年12月,https://suumo.jp//ms/chuko/fukuoka/sc_fukuokashichuo/nc_21756156/,薬院大通,地下鉄七隈線,6,2018-12-01,8,21756156
ライオンズマンション大濠パークサイド,12999,福岡県福岡市中央区鳥飼２,地下鉄七隈線「六本松」徒歩11分,103.85,4LDK,2003年2月,https://suumo.jp//ms/chuko/fukuoka/sc_fukuokashichuo/nc_21851002/,六本松,地下鉄七隈線,11,2003-02-01,23,21851002
ＭＪＲ赤坂タワー,13900,福岡県福岡市中央区赤坂１,地下鉄空港線「赤坂」徒歩1分,69.03,2LDK,2017年10月,https://suumo.jp//ms/chuko/fukuoka/sc_fukuokashichuo/nc_21704406/,赤坂,地下鉄空港線,1,2017-10-01,9,21704406
ザ・パークハウス桜坂サンリヤン,13980,福岡県福岡市中央区桜坂３,地下鉄七隈線「桜坂」徒歩3分,84.98,3LDK+S（納戸）,2018年9月,https://suumo.jp//ms/chuko/fukuoka/sc_fukuokashichuo/nc_20546042/,桜坂,地下鉄七隈線,3,2018-09-01,8,20546042
ブリリアタワー西新,15800,福岡県福岡市早良区西新４,地下鉄空港線「西新」徒歩1分,79.93,2LDK,2021年1月,https://suumo.jp//ms/chuko/fukuoka/sc_fukuokashisawara/nc_79220468/,西新,地下鉄空港線,1,2021-01-01,5,79220468
レーベン福岡天神　ＯＮＥ　ＴＯＷＥＲ,19800,福岡県福岡市中央区天神５,地下鉄空港線「天神」徒歩6分,102.74,2LDK,2024年1月,https://suumo.jp//ms/chuko/fukuoka/sc_fukuokashichuo/nc_21571314/,天神,地下鉄空港線,6,2024-01-01,2,21571314
グランドメゾン薬院レジデンス,20000,福岡県福岡市中央区薬院２,地下鉄七隈線「薬院大通」徒歩5分,105.5,4LDK,2017年7月,https://suumo.jp//ms/chuko/fukuoka/sc_fukuokashichuo/nc_21174631/,薬院大通,地下鉄七隈線,5,2017-07-01,9,21174631
グランドメゾン赤坂LUXE,23500,福岡県福岡市中央区赤坂２,地下鉄空港線「赤坂」徒歩8分,142.11,3LDK,2016年9月,https://suumo.jp//ms/chuko/fukuoka/sc_fukuokashichuo/nc_20673715/,赤坂,地下鉄空港線,8,2016-09-01,10,20673715
グランドメゾン福岡THE Central Luxe,25000,福岡県福岡市中央区渡辺通２,西鉄天神大牟田線「薬院」徒歩4分,110.97,3LDK,2025年7月,https://suumo.jp//ms/chuko/fukuoka/sc_fukuokashichuo/nc_20844164/,薬院,西鉄天神大牟田線,4,2025-07-01,1,20844164
ＣＬＵＢ　ＴＨＥ．薬院ステーションタワー,46000,福岡県福岡市中央区白金１,地下鉄七隈線「薬院」徒歩2分,138.16,2LDK+S（納戸）,2020年4月,https://suumo.jp//ms/chuko/fukuoka/sc_fukuokashichuo/nc_21015987/,薬院,地下鉄七隈線,2,2020-04-01,6,21015987
プチメゾン薬院,430,福岡県福岡市中央区白金１-13-11,西鉄天神大牟田線「薬院」徒歩7分,15.0,ワンルーム,1984年9月,https://suumo.jp//ms/chuko/fukuoka/sc_fukuokashichuo/nc_20708382/,薬院,西鉄天神大牟田線,7,1984-09-01,42,20708382
プチメゾン薬院,430,福岡県福岡市中央区白金１-１２－２９,西鉄天神大牟田線「薬院」徒歩7分,15.0,ワンルーム,1984年9月,https://suumo.jp//ms/chuko/fukuoka/sc_fukuokashichuo/nc_21776552/,薬院,西鉄天神大牟田線,7,1984-09-01,42,21776552
第７プリンスマンション,590,福岡県福岡市中央区高砂１-15-23,地下鉄七隈線「渡辺通」徒歩9分,25.2,1DK,1987年12月,https://suumo.jp//ms/chuko/fukuoka/sc_fukuokashichuo/nc_20979544/,渡辺通,地下鉄七隈線,9,1987-12-01,39,20979544
ダイナコート大濠II,630,福岡県福岡市中央区黒門,地下鉄空港線「唐人町」徒歩2分,17.76,ワンルーム,1987年11月,https://suumo.jp//ms/chuko/fukuoka/sc_fukuokashichuo/nc_21801848/,唐人町,地下鉄空港線,2,1987-11-01,39,21801848
ルネス・ロワール東公園,640,福岡県福岡市博多区千代２,地下鉄空港線「祇園」徒歩13分,21.6,ワンルーム,1991年8月,https://suumo.jp//ms/chuko/fukuoka/sc_fukuokashihakata/nc_21559356/,祇園,地下鉄空港線,13,1991-08-01,35,21559356
エスポワール大濠公園,650,福岡県福岡市中央区黒門6-4,地下鉄空港線「唐人町」徒歩2分,16.54,ワンルーム,1987年5月,https://suumo.jp//ms/chuko/fukuoka/sc_fukuokashichuo/nc_21352289/,唐人町,地下鉄空港線,2,1987-05-01,39,21352289
スカイ・クリエート天神南,690,福岡県福岡市中央区春吉２,地下鉄七隈線「渡辺通」徒歩7分,19.71,ワンルーム,1991年3月,https://suumo.jp//ms/chuko/fukuoka/sc_fukuokashichuo/nc_20665914/,渡辺通,地下鉄七隈線,7,1991-03-01,35,20665914
スカイ・クリエート天神南,730,福岡県福岡市中央区春吉２-19-17,地下鉄七隈線「渡辺通」徒歩7分,19.71,ワンルーム,1991年3月,https://suumo.jp//ms/chuko/fukuoka/sc_fukuokashichuo/nc_79200824/,渡辺通,地下鉄七隈線,7,1991-03-01,35,79200824
カーサ大濠,780,福岡県福岡市中央区六本松３,地下鉄七隈線「六本松」徒歩8分,25.36,ワンルーム,1974年4月,https://suumo.jp//ms/chuko/fukuoka/sc_fukuokashichuo/nc_21665215/,六本松,地下鉄七隈線,8,1974-04-01,52,21665215
ライオンズステーションプラザ博多,790,福岡県福岡市博多区博多駅前４-14-20,ＪＲ鹿児島本線「博多」徒歩5分,22.0,ワンルーム,1984年2月,https://suumo.jp//ms/chuko/fukuoka/sc_fukuokashihakata/nc_21442810/,博多,ＪＲ鹿児島本線,5,1984-02-01,42,21442810
朝日プラザ博多Ｖターミナルスクエア,797,福岡県福岡市博多区堅粕４,ＪＲ鹿児島本線「博多」徒歩10分,16.8,ワンルーム,1991年2月,https://suumo.jp//ms/chuko/fukuoka/sc_fukuokashihakata/nc_21391671/,博多,ＪＲ鹿児島本線,10,1991-02-01,35,21391671
グリーンハイツ輝国,1180,福岡県福岡市中央区輝国２,地下鉄七隈線「六本松」徒歩14分,62.04,2DK,1980年5月,https://suumo.jp//ms/chuko/fukuoka/sc_fukuokashichuo/nc_21208962/,六本松,地下鉄七隈線,14,1980-05-01,46,21208962
東峰マンション大宮,1200,福岡県福岡市中央区大宮１,西鉄天神大牟田線「薬院」徒歩8分,56.61,3DK,1978年7月,https://suumo.jp//ms/chuko/fukuoka/sc_fukuokashichuo/nc_21788989/,薬院,西鉄天神大牟田線,8,1978-07-01,48,21788989
西公園下住宅１０号棟,1233,福岡県福岡市中央区福浜２,地下鉄空港線「唐人町」徒歩11分,60.24,3LDK,1971年11月,https://suumo.jp//ms/chuko/fukuoka/sc_fukuokashichuo/nc_21851619/,唐人町,地下鉄空港線,11,1971-11-01,55,21851619
ハイライフ平尾,1280,福岡県福岡市中央区平尾４,地下鉄七隈線「薬院」徒歩15分,40.38,1LDK,1977年9月,https://suumo.jp//ms/chuko/fukuoka/sc_fukuokashichuo/nc_21733044/,薬院,地下鉄七隈線,15,1977-09-01,49,21733044
輝国住宅1号棟,1280,福岡県福岡市中央区輝国２,地下鉄七隈線「六本松」徒歩13分,65.68,3LDK,1974年3月,https://suumo.jp//ms/chuko/fukuoka/sc_fukuokashichuo/nc_20845382/,六本松,地下鉄七隈線,13,1974-03-01,52,20845382
エステート・モア・薬院倶楽部,1280,福岡県福岡市中央区薬院２,地下鉄七隈線「薬院大通」徒歩5分,24.93,1K,2000年7月,https://suumo.jp//ms/chuko/fukuoka/sc_fukuokashichuo/nc_21307794/,薬院大通,地下鉄七隈線,5,2000-07-01,26,21307794
西公園下住宅　3階,1280,福岡県福岡市中央区福浜２,地下鉄空港線「唐人町」徒歩13分,63.22,3LDK,1971年11月,https://suumo.jp//ms/chuko/fukuoka/sc_fukuokashichuo/nc_21265957/,唐人町,地下鉄空港線,13,1971-11-01,55,21265957
西公園下住宅4号棟　3階,1280,福岡県福岡市中央区福浜２-５－４,地下鉄空港線「唐人町」徒歩12分,63.22,3LDK,1971年11月,https://suumo.jp//ms/chuko/fukuoka/sc_fukuokashichuo/nc_21713074/,唐人町,地下鉄空港線,12,1971-11-01,55,21713074
ライオンズマンション舞鶴第3-413号室,1300,福岡県福岡市中央区舞鶴２-7-1,地下鉄空港線「赤坂」徒歩6分,26.54,1DK,1985年5月,https://suumo.jp//ms/chuko/fukuoka/sc_fukuokashichuo/nc_21810708/,赤坂,地下鉄空港線,6,1985-05-01,41,21810708
マンションアベニュー,1380,福岡県福岡市早良区西新５,地下鉄空港線「西新」徒歩3分,53.91,2LDK,1974年3月,https://suumo.jp//ms/chuko/fukuoka/sc_fukuokashisawara/nc_21517744/,西新,地下鉄空港線,3,1974-03-01,52,21517744
日商岩井弥生マンション,1390,福岡県福岡市早良区原１,地下鉄空港線「藤崎」徒歩12分,87.49,4LDK,1979年4月,https://suumo.jp//ms/chuko/fukuoka/sc_fukuokashisawara/nc_21460353/,藤崎,地下鉄空港線,12,1979-04-01,47,21460353
じゅうグランドモア渡辺通南,1400,福岡県福岡市中央区高砂２,地下鉄七隈線「渡辺通」徒歩10分,35.19,1DK,1990年9月,https://suumo.jp//ms/chuko/fukuoka/sc_fukuokashichuo/nc_21478020/,渡辺通,地下鉄七隈線,10,1990-09-01,36,21478020
第二プリンスビル,1450,福岡県福岡市中央区大名２-９－２９,地下鉄空港線「赤坂」徒歩7分,24.77,ワンルーム,1974年11月,https://suumo.jp//ms/chuko/fukuoka/sc_fukuokashichuo/nc_21426917/,赤坂,地下鉄空港線,7,1974-11-01,52,21426917
サニークレスト荒江,1480,福岡県福岡市城南区荒江１,地下鉄七隈線「別府」徒歩14分,81.47,3LDK,1982年7月,https://suumo.jp//ms/chuko/fukuoka/sc_fukuokashijonan/nc_21013233/,別府,地下鉄七隈線,14,1982-07-01,44,21013233
ライオンズマンション六本松第２,1480,福岡県福岡市中央区六本松３,地下鉄七隈線「桜坂」徒歩6分,44.96,2DK,1988年9月,https://suumo.jp//ms/chuko/fukuoka/sc_fukuokashichuo/nc_21188030/,桜坂,地下鉄七隈線,6,1988-09-01,38,21188030
西公園下住宅2号棟2階,1490,福岡県福岡市中央区福浜２-５－２,地下鉄空港線「唐人町」徒歩11分,63.22,3LDK,1972年6月,https://suumo.jp//ms/chuko/fukuoka/sc_fukuokashichuo/nc_21444701/,唐人町,地下鉄空港線,11,1972-06-01,54,21444701
ドミール鳥飼,1500,福岡県福岡市中央区鳥飼３,地下鉄空港線「西新」徒歩7分,54.96,1LDK,1974年7月,https://suumo.jp//ms/chuko/fukuoka/sc_fukuokashichuo/nc_21193526/,西新,地下鉄空港線,7,1974-07-01,52,21193526
ゾンネンハイム大手門,1569,福岡県福岡市中央区大手門２,地下鉄空港線「大濠公園」徒歩7分,33.0,1K,1973年8月,https://suumo.jp//ms/chuko/fukuoka/sc_fukuokashichuo/nc_21793149/,大濠公園,地下鉄空港線,7,1973-08-01,53,21793149
ゾンネンハイム大手門,1569,福岡県福岡市中央区大手門２-5-10,地下鉄空港線「大濠公園」徒歩8分,33.0,1K,1973年8月,https://suumo.jp//ms/chuko/fukuoka/sc_fukuokashichuo/nc_21637734/,大濠公園,地下鉄空港線,8,1973-08-01,53,21637734
ゾンネンハイム大手門,1569,福岡県福岡市中央区大手門２,地下鉄空港線「大濠公園」徒歩8分,33.0,1K,1973年8月,https://suumo.jp//ms/chuko/fukuoka/sc_fukuokashichuo/nc_21859659/,大濠公園,地下鉄空港線,8,1973-08-01,53,21859659
ゾンネンハイム大手門,1569,福岡県福岡市中央区大手門２-5-10,地下鉄空港線「大濠公園」徒歩6分,33.0,1K,1973年8月,https://suumo.jp//ms/chuko/fukuoka/sc_fukuokashichuo/nc_21752139/,大濠公園,地下鉄空港線,6,1973-08-01,53,21752139
ゾンネンハイム大手門,1569,福岡県福岡市中央区大手門２,地下鉄空港線「大濠公園」徒歩7分,33.0,1K,1973年8月,https://suumo.jp//ms/chuko/fukuoka/sc_fukuokashichuo/nc_21626036/,大濠公園,地下鉄空港線,7,1973-08-01,53,21626036
ゾンネンハイム大手門,1569,福岡県福岡市中央区大手門２-5-10,地下鉄空港線「大濠公園」徒歩8分,33.0,1K,1973年8月,https://suumo.jp//ms/chuko/fukuoka/sc_fukuokashichuo/nc_21374647/,大濠公園,地下鉄空港線,8,1973-08-01,53,21374647
ゾンネンハイム大手門,1569,福岡県福岡市中央区大手門２-5-10,地下鉄空港線「大濠公園」徒歩7分,33.0,1K,1973年8月,https://suumo.jp//ms/chuko/fukuoka/sc_fukuokashichuo/nc_21488188/,大濠公園,地下鉄空港線,7,1973-08-01,53,21488188
ゾンネンハイム大手門,1569,福岡県福岡市中央区大手門２-５－１０,地下鉄空港線「大濠公園」徒歩7分,33.0,1K,1973年8月,https://suumo.jp//ms/chuko/fukuoka/sc_fukuokashichuo/nc_21562854/,大濠公園,地下鉄空港線,7,1973-08-01,53,21562854
ゾンネンハイム大手門,1569,福岡県福岡市中央区大手門２,地下鉄空港線「大濠公園」徒歩8分,33.0,1K,1973年8月,https://suumo.jp//ms/chuko/fukuoka/sc_fukuokashichuo/nc_21467105/,大濠公園,地下鉄空港線,8,1973-08-01,53,21467105
サニークレスト荒江,1580,福岡県福岡市城南区荒江１,地下鉄七隈線「別府」徒歩14分,81.47,4LDK,1982年7月,https://suumo.jp//ms/chuko/fukuoka/sc_fukuokashijonan/nc_78393758/,別府,地下鉄七隈線,14,1982-07-01,44,78393758
古河平丘台マンション,1598,福岡県福岡市中央区平尾３-25-1,地下鉄七隈線「薬院大通」徒歩13分,56.35,2DK,1971年12月,https://suumo.jp//ms/chuko/fukuoka/sc_fukuokashichuo/nc_21710583/,薬院大通,地下鉄七隈線,13,1971-12-01,55,21710583
第二プリンスビル,1620,福岡県福岡市中央区大名２-９－２９,地下鉄空港線「赤坂」徒歩7分,28.94,ワンルーム,1974年11月,https://suumo.jp//ms/chuko/fukuoka/sc_fukuokashichuo/nc_21426890/,赤坂,地下鉄空港線,7,1974-11-01,52,21426890
西新中央マンション,1650,福岡県福岡市早良区西新７-1番7号,地下鉄空港線「藤崎」徒歩5分,44.79,1LDK,1983年3月,https://suumo.jp//ms/chuko/fukuoka/sc_fukuokashisawara/nc_21490892/,藤崎,地下鉄空港線,5,1983-03-01,43,21490892
グレイス祇園,1680,福岡県福岡市博多区御供所町,地下鉄空港線「祇園」徒歩4分,45.6,2DK,1979年11月,https://suumo.jp//ms/chuko/fukuoka/sc_fukuokashihakata/nc_21314819/,祇園,地下鉄空港線,4,1979-11-01,47,21314819
第2住吉ハイツ,1680,福岡県福岡市博多区住吉３,地下鉄七隈線「渡辺通」徒歩10分,55.55,1LDK,1979年10月,https://suumo.jp//ms/chuko/fukuoka/sc_fukuokashihakata/nc_20367370/,渡辺通,地下鉄七隈線,10,1979-10-01,47,20367370
シャンボール大濠,1690,福岡県福岡市中央区鳥飼３,地下鉄空港線「西新」徒歩9分,74.88,3LDK,1978年8月,https://suumo.jp//ms/chuko/fukuoka/sc_fukuokashichuo/nc_21553251/,西新,地下鉄空港線,9,1978-08-01,48,21553251
ダイアパレス西新,1700,福岡県福岡市早良区祖原,地下鉄空港線「西新」徒歩9分,40.77,1LDK,1984年2月,https://suumo.jp//ms/chuko/fukuoka/sc_fukuokashisawara/nc_20696773/,西新,地下鉄空港線,9,1984-02-01,42,20696773
グリーンハイツ輝国,1750,福岡県福岡市中央区輝国２,地下鉄七隈線「六本松」徒歩14分,76.3,3LDK,1980年5月,https://suumo.jp//ms/chuko/fukuoka/sc_fukuokashichuo/nc_21237014/,六本松,地下鉄七隈線,14,1980-05-01,46,21237014
西新中央マンション,1780,福岡県福岡市早良区西新７,地下鉄空港線「藤崎」徒歩7分,44.79,1LDK,1983年3月,https://suumo.jp//ms/chuko/fukuoka/sc_fukuokashisawara/nc_21357254/,藤崎,地下鉄空港線,7,1983-03-01,43,21357254
サヴォイ　ザ・セントラルガーデン,1780,福岡県福岡市博多区住吉３,地下鉄七隈線「渡辺通」徒歩10分,24.63,1K,2007年2月,https://suumo.jp//ms/chuko/fukuoka/sc_fukuokashihakata/nc_21174285/,渡辺通,地下鉄七隈線,10,2007-02-01,19,21174285
シャンボール警固,1800,福岡県福岡市中央区警固２-２－１１,地下鉄七隈線「薬院大通」徒歩8分,34.56,1DK,1982年5月,https://suumo.jp//ms/chuko/fukuoka/sc_fukuokashichuo/nc_21434452/,薬院大通,地下鉄七隈線,8,1982-05-01,44,21434452
KBCマンションユーハイム室見,1899,福岡県福岡市早良区室見５,地下鉄空港線「藤崎」徒歩14分,48.41,2DK,1985年3月,https://suumo.jp//ms/chuko/fukuoka/sc_fukuokashisawara/nc_21316536/,藤崎,地下鉄空港線,14,1985-03-01,41,21316536
ライオンズマンション南薬院,1980,福岡県福岡市中央区薬院３,西鉄天神大牟田線「薬院」徒歩5分,47.79,1LDK,1983年1月,https://suumo.jp//ms/chuko/fukuoka/sc_fukuokashichuo/nc_20354638/,薬院,西鉄天神大牟田線,5,1983-01-01,43,20354638
ライオンズマンションマキシム浄水通り,1980,福岡県福岡市中央区薬院４-18-15,地下鉄七隈線「薬院大通」徒歩3分,36.55,ワンルーム,1981年3月,https://suumo.jp//ms/chuko/fukuoka/sc_fukuokashichuo/nc_78092052/,薬院大通,地下鉄七隈線,3,1981-03-01,45,78092052
コアマンション植物園,1980,福岡県福岡市中央区小笹５,地下鉄七隈線「桜坂」徒歩12分,71.28,3LDK,1994年8月,https://suumo.jp//ms/chuko/fukuoka/sc_fukuokashichuo/nc_21730980/,桜坂,地下鉄七隈線,12,1994-08-01,32,21730980
ファミール輝国,1980,福岡県福岡市中央区輝国２,地下鉄七隈線「六本松」徒歩15分,81.6,2LDK,1984年3月,https://suumo.jp//ms/chuko/fukuoka/sc_fukuokashichuo/nc_21550310/,六本松,地下鉄七隈線,15,1984-03-01,42,21550310
皐月マンション博多,1999,福岡県福岡市博多区博多駅前３,ＪＲ鹿児島本線「博多」徒歩6分,34.65,1DK,1979年2月,https://suumo.jp//ms/chuko/fukuoka/sc_fukuokashihakata/nc_21438137/,博多,ＪＲ鹿児島本線,6,1979-02-01,47,21438137
ライオンズマンション六本松第2,2050,福岡県福岡市中央区六本松３,地下鉄七隈線「六本松」徒歩7分,40.74,2DK,1988年9月,https://suumo.jp//ms/chuko/fukuoka/sc_fukuokashichuo/nc_20532937/,六本松,地下鉄七隈線,7,1988-09-01,38,20532937
スワローハイツ山荘通,2180,福岡県福岡市中央区平尾４,地下鉄七隈線「薬院大通」徒歩14分,79.27,3LDK,1986年3月,https://suumo.jp//ms/chuko/fukuoka/sc_fukuokashichuo/nc_71893185/,薬院大通,地下鉄七隈線,14,1986-03-01,40,71893185
ハイツ21,2180,福岡県福岡市早良区城西１,地下鉄空港線「西新」徒歩6分,61.83,2LDK,1977年3月,https://suumo.jp//ms/chuko/fukuoka/sc_fukuokashisawara/nc_78708894/,西新,地下鉄空港線,6,1977-03-01,49,78708894
東急ドエルアルス天神,2180,福岡県福岡市中央区渡辺通５,地下鉄七隈線「天神南」徒歩1分,36.62,ワンルーム,1983年2月,https://suumo.jp//ms/chuko/fukuoka/sc_fukuokashichuo/nc_21763771/,天神南,地下鉄七隈線,1,1983-02-01,43,21763771
西新ビル,2180,福岡県福岡市早良区高取１,地下鉄空港線「西新」徒歩5分,60.8,2LDK,1972年7月,https://suumo.jp//ms/chuko/fukuoka/sc_fukuokashisawara/nc_20255236/,西新,地下鉄空港線,5,1972-07-01,54,20255236
西新ビル　中古マンション,2180,福岡県福岡市早良区高取１,地下鉄空港線「藤崎」徒歩6分,60.8,2LDK,1972年7月,https://suumo.jp//ms/chuko/fukuoka/sc_fukuokashisawara/nc_20596775/,藤崎,地下鉄空港線,6,1972-07-01,54,20596775
西新ビル,2180,福岡県福岡市早良区高取１-1 53,地下鉄空港線「藤崎」徒歩6分,60.8,2LDK,1972年7月,https://suumo.jp//ms/chuko/fukuoka/sc_fukuokashisawara/nc_21364670/,藤崎,地下鉄空港線,6,1972-07-01,54,21364670
グレイス博多,2210,福岡県福岡市博多区博多駅東３,地下鉄空港線「東比恵」徒歩10分,63.53,2LDK,1980年8月,https://suumo.jp//ms/chuko/fukuoka/sc_fukuokashihakata/nc_20893718/,東比恵,地下鉄空港線,10,1980-08-01,46,20893718
ライオンズマンション薬院,2280,福岡県福岡市中央区薬院３,地下鉄七隈線「薬院大通」徒歩7分,40.87,1LDK,1979年9月,https://suumo.jp//ms/chuko/fukuoka/sc_fukuokashichuo/nc_20863777/,薬院大通,地下鉄七隈線,7,1979-09-01,47,20863777
カーサ第弐博多,2280,福岡県福岡市博多区住吉２,地下鉄七隈線「櫛田神社前」徒歩9分,55.27,1LDK,1981年1月,https://suumo.jp//ms/chuko/fukuoka/sc_fukuokashihakata/nc_21069711/,櫛田神社前,地下鉄七隈線,9,1981-01-01,45,21069711
日商岩井新福陵マンション3号棟,2280,福岡県福岡市早良区荒江３,地下鉄空港線「藤崎」徒歩14分,92.26,4LDK,1978年3月,https://suumo.jp//ms/chuko/fukuoka/sc_fukuokashisawara/nc_21165863/,藤崎,地下鉄空港線,14,1978-03-01,48,21165863
カーサ第２博多,2280,福岡県福岡市博多区住吉２,地下鉄七隈線「渡辺通」徒歩10分,55.27,1LDK,1981年11月,https://suumo.jp//ms/chuko/fukuoka/sc_fukuokashihakata/nc_21105486/,渡辺通,地下鉄七隈線,10,1981-11-01,45,21105486
日商岩井新福陵マンション,2280,福岡県福岡市早良区荒江３,地下鉄空港線「藤崎」徒歩14分,92.26,4LDK,1978年3月,https://suumo.jp//ms/chuko/fukuoka/sc_fukuokashisawara/nc_78371177/,藤崎,地下鉄空港線,14,1978-03-01,48,78371177
サンライフ西公園,2280,福岡県福岡市中央区荒戸３,地下鉄空港線「唐人町」徒歩6分,61.92,2LDK,1977年1月,https://suumo.jp//ms/chuko/fukuoka/sc_fukuokashichuo/nc_21481655/,唐人町,地下鉄空港線,6,1977-01-01,49,21481655
グランピア住吉,2299,福岡県福岡市博多区住吉３,地下鉄七隈線「渡辺通」徒歩9分,51.68,2LDK,1983年1月,https://suumo.jp//ms/chuko/fukuoka/sc_fukuokashihakata/nc_21860363/,渡辺通,地下鉄七隈線,9,1983-01-01,43,21860363
グランピア住吉,2299,福岡県福岡市博多区住吉３,地下鉄七隈線「渡辺通」徒歩9分,51.68,2LDK,1983年1月,https://suumo.jp//ms/chuko/fukuoka/sc_fukuokashihakata/nc_20558546/,渡辺通,地下鉄七隈線,9,1983-01-01,43,20558546
GSハイム博多,2350,福岡県福岡市博多区博多駅東２,地下鉄空港線「東比恵」徒歩5分,66.15,3LDK,1980年10月,https://suumo.jp//ms/chuko/fukuoka/sc_fukuokashihakata/nc_20130351/,東比恵,地下鉄空港線,5,1980-10-01,46,20130351
GSハイム博多,2370,福岡県福岡市博多区博多駅東２,地下鉄空港線「東比恵」徒歩7分,66.15,4DK,1980年10月,https://suumo.jp//ms/chuko/fukuoka/sc_fukuokashihakata/nc_20337474/,東比恵,地下鉄空港線,7,1980-10-01,46,20337474
グリーンハイツ輝国,2370,福岡県福岡市中央区輝国２-24-55,地下鉄七隈線「六本松」徒歩13分,73.32,3LDK,1980年5月,https://suumo.jp//ms/chuko/fukuoka/sc_fukuokashichuo/nc_20675253/,六本松,地下鉄七隈線,13,1980-05-01,46,20675253
グリーンハイツ輝国,2370,福岡県福岡市中央区輝国２-24-55,地下鉄七隈線「六本松」徒歩14分,73.32,3LDK,1980年1月,https://suumo.jp//ms/chuko/fukuoka/sc_fukuokashichuo/nc_21798213/,六本松,地下鉄七隈線,14,1980-01-01,46,21798213
グリーンハイツ輝国,2370,福岡県福岡市中央区輝国２-24-55,地下鉄七隈線「六本松」徒歩13分,73.32,3LDK,1980年1月,https://suumo.jp//ms/chuko/fukuoka/sc_fukuokashichuo/nc_21756106/,六本松,地下鉄七隈線,13,1980-01-01,46,21756106
グリーンハイツ輝国,2370,福岡県福岡市中央区輝国２-24-55,地下鉄七隈線「六本松」徒歩13分,73.32,3LDK,1980年1月,https://suumo.jp//ms/chuko/fukuoka/sc_fukuokashichuo/nc_21586112/,六本松,地下鉄七隈線,13,1980-01-01,46,21586112
グリーンハイツ輝国,2370,福岡県福岡市中央区輝国２,地下鉄七隈線「六本松」徒歩13分,73.32,3LDK,1980年5月,https://suumo.jp//ms/chuko/fukuoka/sc_fukuokashichuo/nc_21029226/,六本松,地下鉄七隈線,13,1980-05-01,46,21029226
西公園ハウス,2380,福岡県福岡市中央区西公園11-10,地下鉄空港線「大濠公園」徒歩14分,71.7,2LDK,1986年5月,https://suumo.jp//ms/chuko/fukuoka/sc_fukuokashichuo/nc_77529888/,大濠公園,地下鉄空港線,14,1986-05-01,40,77529888
ライオンズマンション高砂第2,2380,福岡県福岡市中央区高砂２,地下鉄七隈線「薬院」徒歩14分,58.71,2LDK,1979年10月,https://suumo.jp//ms/chuko/fukuoka/sc_fukuokashichuo/nc_21507119/,薬院,地下鉄七隈線,14,1979-10-01,47,21507119
ダイアパレス薬院,2380,福岡県福岡市中央区薬院２-2-26,地下鉄七隈線「薬院大通」徒歩4分,36.37,1LDK,1984年5月,https://suumo.jp//ms/chuko/fukuoka/sc_fukuokashichuo/nc_20582551/,薬院大通,地下鉄七隈線,4,1984-05-01,42,20582551
ダイアパレス薬院,2380,福岡県福岡市中央区薬院２-2-26,地下鉄七隈線「薬院大通」徒歩2分,36.37,ワンルーム,1984年7月,https://suumo.jp//ms/chuko/fukuoka/sc_fukuokashichuo/nc_21863715/,薬院大通,地下鉄七隈線,2,1984-07-01,42,21863715
チサンマンション天神Ⅲ,2380,福岡県福岡市中央区大名２-4-38,地下鉄空港線「赤坂」徒歩3分,47.25,3DK,1980年1月,https://suumo.jp//ms/chuko/fukuoka/sc_fukuokashichuo/nc_21013053/,赤坂,地下鉄空港線,3,1980-01-01,46,21013053
アクタス天神スクエア,2380,福岡県福岡市中央区春吉１,地下鉄七隈線「渡辺通」徒歩5分,30.36,1LDK,2017年5月,https://suumo.jp//ms/chuko/fukuoka/sc_fukuokashichuo/nc_20801987/,渡辺通,地下鉄七隈線,5,2017-05-01,9,20801987
カーサ博多,2390,福岡県福岡市博多区住吉２,地下鉄空港線「祇園」徒歩11分,47.69,2LDK,1978年5月,https://suumo.jp//ms/chuko/fukuoka/sc_fukuokashihakata/nc_21854379/,祇園,地下鉄空港線,11,1978-05-01,48,21854379
エクセレンス谷,2398,福岡県福岡市中央区谷１-16-58,地下鉄七隈線「六本松」徒歩7分,76.28,3LDK,1979年8月,https://suumo.jp//ms/chuko/fukuoka/sc_fukuokashichuo/nc_21674350/,六本松,地下鉄七隈線,7,1979-08-01,47,21674350
グリーンハイツ輝国,2430,福岡県福岡市中央区輝国２,地下鉄七隈線「六本松」徒歩14分,73.32,3LDK,1980年1月,https://suumo.jp//ms/chuko/fukuoka/sc_fukuokashichuo/nc_21838696/,六本松,地下鉄七隈線,14,1980-01-01,46,21838696
グリーンハイツ輝国,2430,福岡県福岡市中央区輝国２,地下鉄七隈線「六本松」徒歩13分,73.32,3LDK,1980年5月,https://suumo.jp//ms/chuko/fukuoka/sc_fukuokashichuo/nc_20910067/,六本松,地下鉄七隈線,13,1980-05-01,46,20910067
グリーンハイツ輝国,2430,福岡県福岡市中央区輝国２,地下鉄七隈線「六本松」徒歩13分,73.32,3LDK,1980年5月,https://suumo.jp//ms/chuko/fukuoka/sc_fukuokashichuo/nc_79174995/,六本松,地下鉄七隈線,13,1980-05-01,46,79174995
藤崎センタービル,2450,福岡県福岡市早良区高取２,地下鉄空港線「藤崎」徒歩1分,42.55,1LDK,1979年11月,https://suumo.jp//ms/chuko/fukuoka/sc_fukuokashisawara/nc_21202027/,藤崎,地下鉄空港線,1,1979-11-01,47,21202027
藤崎センタービル,2450,福岡県福岡市早良区高取２,地下鉄空港線「藤崎」徒歩1分,42.55,1LDK,1979年11月,https://suumo.jp//ms/chuko/fukuoka/sc_fukuokashisawara/nc_20751441/,藤崎,地下鉄空港線,1,1979-11-01,47,20751441
藤崎センタービル,2450,福岡県福岡市早良区高取２-18-6,地下鉄空港線「藤崎」徒歩1分,42.55,1LDK,1979年11月,https://suumo.jp//ms/chuko/fukuoka/sc_fukuokashisawara/nc_20547675/,藤崎,地下鉄空港線,1,1979-11-01,47,20547675
藤崎センタービル,2450,福岡県福岡市早良区高取２-18-6,地下鉄空港線「藤崎」徒歩3分,42.55,1LDK,1979年11月,https://suumo.jp//ms/chuko/fukuoka/sc_fukuokashisawara/nc_21135595/,藤崎,地下鉄空港線,3,1979-11-01,47,21135595
ゾンネンハイム大手門,2465,福岡県福岡市中央区大手門２,地下鉄空港線「大濠公園」徒歩7分,66.0,3LDK,1973年8月,https://suumo.jp//ms/chuko/fukuoka/sc_fukuokashichuo/nc_78773022/,大濠公園,地下鉄空港線,7,1973-08-01,53,78773022
ゾンネンハイム大手門,2475,福岡県福岡市中央区大手門２-5-10,地下鉄空港線「大濠公園」徒歩9分,66.0,3LDK,1973年8月,https://suumo.jp//ms/chuko/fukuoka/sc_fukuokashichuo/nc_21724872/,大濠公園,地下鉄空港線,9,1973-08-01,53,21724872
大濠ハウス,2480,福岡県福岡市中央区草香江２,地下鉄七隈線「六本松」徒歩10分,76.18,2LDK+S（納戸）,1978年8月,https://suumo.jp//ms/chuko/fukuoka/sc_fukuokashichuo/nc_20824198/,六本松,地下鉄七隈線,10,1978-08-01,48,20824198
大濠ハウス,2480,福岡県福岡市中央区草香江１,地下鉄七隈線「六本松」徒歩12分,76.18,2LDK+S（納戸）,1978年8月,https://suumo.jp//ms/chuko/fukuoka/sc_fukuokashichuo/nc_20931984/,六本松,地下鉄七隈線,12,1978-08-01,48,20931984
大濠ハウス,2480,福岡県福岡市中央区草香江２,地下鉄七隈線「六本松」徒歩12分,76.18,2LDK+S（納戸）,1978年8月,https://suumo.jp//ms/chuko/fukuoka/sc_fukuokashichuo/nc_20949898/,六本松,地下鉄七隈線,12,1978-08-01,48,20949898
大濠ハウス,2480,福岡県福岡市中央区草香江２-18-1,地下鉄七隈線「六本松」徒歩12分,76.18,2LDK+S（納戸）,1978年8月,https://suumo.jp//ms/chuko/fukuoka/sc_fukuokashichuo/nc_20949136/,六本松,地下鉄七隈線,12,1978-08-01,48,20949136
ハイムニュー桜坂,2480,福岡県福岡市中央区桜坂３,地下鉄七隈線「桜坂」徒歩4分,70.33,2LDK+S（納戸）,1975年4月,https://suumo.jp//ms/chuko/fukuoka/sc_fukuokashichuo/nc_21444845/,桜坂,地下鉄七隈線,4,1975-04-01,51,21444845
大濠ハウス,2480,福岡県福岡市中央区草香江２,地下鉄七隈線「六本松」徒歩10分,76.18,2LDK+S（納戸）,1978年8月,https://suumo.jp//ms/chuko/fukuoka/sc_fukuokashichuo/nc_20956552/,六本松,地下鉄七隈線,10,1978-08-01,48,20956552
大濠ハウス,2480,福岡県福岡市中央区草香江２-18-1,地下鉄七隈線「六本松」徒歩11分,76.18,2LDK+S（納戸）,1978年8月,https://suumo.jp//ms/chuko/fukuoka/sc_fukuokashichuo/nc_20946031/,六本松,地下鉄七隈線,11,1978-08-01,48,20946031
ゾンネンハイム大手門,2485,福岡県福岡市中央区大手門２-5,地下鉄空港線「大濠公園」徒歩9分,66.0,1LDK,1973年8月,https://suumo.jp//ms/chuko/fukuoka/sc_fukuokashichuo/nc_20761464/,大濠公園,地下鉄空港線,9,1973-08-01,53,20761464
大濠ハウス,2498,福岡県福岡市中央区草香江２-18-1,地下鉄七隈線「六本松」徒歩11分,76.18,2LDK+S（納戸）,1978年8月,https://suumo.jp//ms/chuko/fukuoka/sc_fukuokashichuo/nc_21370905/,六本松,地下鉄七隈線,11,1978-08-01,48,21370905
西公園ハウス,2500,福岡県福岡市中央区西公園11-10,地下鉄空港線「大濠公園」徒歩14分,71.7,1LDK,1986年5月,https://suumo.jp//ms/chuko/fukuoka/sc_fukuokashichuo/nc_21350875/,大濠公園,地下鉄空港線,14,1986-05-01,40,21350875
チサンマンション天神3,2550,福岡県福岡市中央区大名２,地下鉄空港線「赤坂」徒歩3分,40.52,1LDK+S（納戸）,1980年1月,https://suumo.jp//ms/chuko/fukuoka/sc_fukuokashichuo/nc_21825110/,赤坂,地下鉄空港線,3,1980-01-01,46,21825110
東峰マンション西公園,2580,福岡県福岡市中央区荒戸３,地下鉄空港線「大濠公園」徒歩5分,43.24,1LDK,1978年9月,https://suumo.jp//ms/chuko/fukuoka/sc_fukuokashichuo/nc_21853811/,大濠公園,地下鉄空港線,5,1978-09-01,48,21853811
東峰マンション西公園,2580,福岡県福岡市中央区荒戸３,地下鉄空港線「大濠公園」徒歩5分,43.24,1LDK,1978年9月,https://suumo.jp//ms/chuko/fukuoka/sc_fukuokashichuo/nc_21853810/,大濠公園,地下鉄空港線,5,1978-09-01,48,21853810
朝日プラザ赤坂,2580,福岡県福岡市中央区警固２,地下鉄空港線「赤坂」徒歩10分,39.26,ワンルーム,1982年3月,https://suumo.jp//ms/chuko/fukuoka/sc_fukuokashichuo/nc_20884866/,赤坂,地下鉄空港線,10,1982-03-01,44,20884866
ビレッタ百道,2598,福岡県福岡市早良区百道１-33-22,地下鉄空港線「藤崎」徒歩12分,55.39,2LDK,1975年4月,https://suumo.jp//ms/chuko/fukuoka/sc_fukuokashisawara/nc_21567445/,藤崎,地下鉄空港線,12,1975-04-01,51,21567445
エバーライフすのこ小前,2670,福岡県福岡市中央区港２-1-9,地下鉄空港線「大濠公園」徒歩8分,45.1,ワンルーム,1983年11月,https://suumo.jp//ms/chuko/fukuoka/sc_fukuokashichuo/nc_21209087/,大濠公園,地下鉄空港線,8,1983-11-01,43,21209087
古河平丘台マンション,2680,福岡県福岡市中央区平尾３,地下鉄七隈線「薬院大通」徒歩13分,91.64,3LDK,1971年12月,https://suumo.jp//ms/chuko/fukuoka/sc_fukuokashichuo/nc_21659834/,薬院大通,地下鉄七隈線,13,1971-12-01,55,21659834
コープ野村博多東,2680,福岡県福岡市博多区比恵町4-27,地下鉄空港線「東比恵」徒歩5分,69.36,2LDK,1980年3月,https://suumo.jp//ms/chuko/fukuoka/sc_fukuokashihakata/nc_77951272/,東比恵,地下鉄空港線,5,1980-03-01,46,77951272
ビレッタ百道,2680,福岡県福岡市早良区百道１,地下鉄空港線「藤崎」徒歩11分,55.39,2LDK,1975年4月,https://suumo.jp//ms/chuko/fukuoka/sc_fukuokashisawara/nc_79060704/,藤崎,地下鉄空港線,11,1975-04-01,51,79060704
ローラン赤坂南,2680,福岡県福岡市中央区桜坂１,地下鉄七隈線「桜坂」徒歩4分,60.52,2LDK,1983年10月,https://suumo.jp//ms/chuko/fukuoka/sc_fukuokashichuo/nc_21619113/,桜坂,地下鉄七隈線,4,1983-10-01,43,21619113
サンポートハイツ,2690,福岡県福岡市中央区港２,地下鉄空港線「大濠公園」徒歩8分,60.69,2LDK,1974年9月,https://suumo.jp//ms/chuko/fukuoka/sc_fukuokashichuo/nc_21589525/,大濠公園,地下鉄空港線,8,1974-09-01,52,21589525
サンポートハイツ,2690,福岡県福岡市中央区港２,地下鉄空港線「大濠公園」徒歩7分,60.69,2LDK,1974年9月,https://suumo.jp//ms/chuko/fukuoka/sc_fukuokashichuo/nc_21379024/,大濠公園,地下鉄空港線,7,1974-09-01,52,21379024
サンポートハイツ,2690,福岡県福岡市中央区港２,地下鉄空港線「大濠公園」徒歩7分,60.69,2LDK+S（納戸）,1974年9月,https://suumo.jp//ms/chuko/fukuoka/sc_fukuokashichuo/nc_21437179/,大濠公園,地下鉄空港線,7,1974-09-01,52,21437179
サンポートハイツ,2690,福岡県福岡市中央区港２,地下鉄空港線「大濠公園」徒歩6分,60.69,2LDK,1974年9月,https://suumo.jp//ms/chuko/fukuoka/sc_fukuokashichuo/nc_21711633/,大濠公園,地下鉄空港線,6,1974-09-01,52,21711633
サンポートハイツ,2690,福岡県福岡市中央区港２,地下鉄空港線「大濠公園」徒歩8分,60.69,2LDK,1974年9月,https://suumo.jp//ms/chuko/fukuoka/sc_fukuokashichuo/nc_21410495/,大濠公園,地下鉄空港線,8,1974-09-01,52,21410495
サンポートハイツ,2690,福岡県福岡市中央区港２-５－３２,地下鉄空港線「大濠公園」徒歩8分,60.69,2LDK,1974年9月,https://suumo.jp//ms/chuko/fukuoka/sc_fukuokashichuo/nc_21344961/,大濠公園,地下鉄空港線,8,1974-09-01,52,21344961
ラ・セーヌ浄水,2690,福岡県福岡市中央区薬院４,地下鉄七隈線「薬院大通」徒歩2分,54.77,2LDK,1982年1月,https://suumo.jp//ms/chuko/fukuoka/sc_fukuokashichuo/nc_21855144/,薬院大通,地下鉄七隈線,2,1982-01-01,44,21855144
サンポートハイツ,2690,福岡県福岡市中央区港２,地下鉄空港線「大濠公園」徒歩7分,60.69,2LDK,1974年9月,https://suumo.jp//ms/chuko/fukuoka/sc_fukuokashichuo/nc_21364074/,大濠公園,地下鉄空港線,7,1974-09-01,52,21364074
サンポートハイツ,2690,福岡県福岡市中央区港２-5-32,地下鉄空港線「大濠公園」徒歩8分,60.69,2LDK,1974年9月,https://suumo.jp//ms/chuko/fukuoka/sc_fukuokashichuo/nc_21304550/,大濠公園,地下鉄空港線,8,1974-09-01,52,21304550
チサンマンション西公園,2690,福岡県福岡市中央区荒戸２,地下鉄空港線「大濠公園」徒歩8分,41.68,1LDK,1984年12月,https://suumo.jp//ms/chuko/fukuoka/sc_fukuokashichuo/nc_21782325/,大濠公園,地下鉄空港線,8,1984-12-01,42,21782325
サンポートハイツ,2690,福岡県福岡市中央区港２-5-32,地下鉄空港線「大濠公園」徒歩6分,60.69,2LDK,1974年9月,https://suumo.jp//ms/chuko/fukuoka/sc_fukuokashichuo/nc_21317556/,大濠公園,地下鉄空港線,6,1974-09-01,52,21317556
サンポートハイツ　304号,2690,福岡県福岡市中央区港２,地下鉄空港線「大濠公園」徒歩6分,60.69,2LDK,1974年9月,https://suumo.jp//ms/chuko/fukuoka/sc_fukuokashichuo/nc_21753376/,大濠公園,地下鉄空港線,6,1974-09-01,52,21753376
サンポートハイツ,2690,福岡県福岡市中央区港２-5-32,地下鉄空港線「大濠公園」徒歩8分,60.69,2LDK,1974年9月,https://suumo.jp//ms/chuko/fukuoka/sc_fukuokashichuo/nc_21527331/,大濠公園,地下鉄空港線,8,1974-09-01,52,21527331
サンポートハイツ,2690,福岡県福岡市中央区港２,地下鉄空港線「大濠公園」徒歩8分,60.69,2LDK,1974年9月,https://suumo.jp//ms/chuko/fukuoka/sc_fukuokashichuo/nc_21855734/,大濠公園,地下鉄空港線,8,1974-09-01,52,21855734
チサンマンション西公園,2690,福岡県福岡市中央区荒戸２,地下鉄空港線「大濠公園」徒歩8分,41.68,1LDK,1984年12月,https://suumo.jp//ms/chuko/fukuoka/sc_fukuokashichuo/nc_21427035/,大濠公園,地下鉄空港線,8,1984-12-01,42,21427035
サンポートハイツ,2690,福岡県福岡市中央区港２,地下鉄空港線「大濠公園」徒歩8分,60.69,2LDK,1974年9月,https://suumo.jp//ms/chuko/fukuoka/sc_fukuokashichuo/nc_21274074/,大濠公園,地下鉄空港線,8,1974-09-01,52,21274074
ハイライフ平尾,2690,福岡県福岡市中央区平尾４-7-17,地下鉄七隈線「薬院大通」徒歩14分,57.13,1LDK,1977年9月,https://suumo.jp//ms/chuko/fukuoka/sc_fukuokashichuo/nc_77821582/,薬院大通,地下鉄七隈線,14,1977-09-01,49,77821582
サンポートハイツ,2690,福岡県福岡市中央区港２-5-32,地下鉄空港線「大濠公園」徒歩7分,60.69,2LDK,1974年9月,https://suumo.jp//ms/chuko/fukuoka/sc_fukuokashichuo/nc_21268183/,大濠公園,地下鉄空港線,7,1974-09-01,52,21268183
チサンマンション西公園,2690,福岡県福岡市中央区荒戸２,地下鉄空港線「大濠公園」徒歩8分,41.68,1LDK,1984年12月,https://suumo.jp//ms/chuko/fukuoka/sc_fukuokashichuo/nc_21406298/,大濠公園,地下鉄空港線,8,1984-12-01,42,21406298
グランフォーレラグゼ平尾,2699,福岡県福岡市南区市崎１,地下鉄七隈線「薬院大通」徒歩15分,30.18,1LDK,2011年6月,https://suumo.jp//ms/chuko/fukuoka/sc_fukuokashiminami/nc_21067437/,薬院大通,地下鉄七隈線,15,2011-06-01,15,21067437
ライオンズマンション博多,2699,福岡県福岡市博多区博多駅前３-30-15,地下鉄空港線「祇園」徒歩8分,47.5,2DK,1981年6月,https://suumo.jp//ms/chuko/fukuoka/sc_fukuokashihakata/nc_21847598/,祇園,地下鉄空港線,8,1981-06-01,45,21847598
グランフォーレラグゼ平尾,2699,福岡県福岡市南区市崎１-17-25,地下鉄七隈線「薬院大通」徒歩15分,30.18,1LDK,2011年6月,https://suumo.jp//ms/chuko/fukuoka/sc_fukuokashiminami/nc_20801795/,薬院大通,地下鉄七隈線,15,2011-06-01,15,20801795
グランフォーレラグゼ平尾,2699,福岡県福岡市南区市崎１-17,地下鉄七隈線「薬院」徒歩13分,30.18,1LDK,2011年6月,https://suumo.jp//ms/chuko/fukuoka/sc_fukuokashiminami/nc_21710070/,薬院,地下鉄七隈線,13,2011-06-01,15,21710070
ライオンズマンション博多　404,2699,福岡県福岡市博多区博多駅前３,地下鉄七隈線「櫛田神社前」徒歩4分,47.5,2DK,1981年6月,https://suumo.jp//ms/chuko/fukuoka/sc_fukuokashihakata/nc_21863688/,櫛田神社前,地下鉄七隈線,4,1981-06-01,45,21863688
グランフォーレラグゼ平尾,2699,福岡県福岡市南区市崎１,地下鉄七隈線「薬院」徒歩15分,30.18,1LDK,2011年6月,https://suumo.jp//ms/chuko/fukuoka/sc_fukuokashiminami/nc_21507334/,薬院,地下鉄七隈線,15,2011-06-01,15,21507334
ローズマンション川端,2700,福岡県福岡市博多区上川端町,地下鉄空港線「中洲川端」徒歩2分,45.46,ワンルーム,1974年8月,https://suumo.jp//ms/chuko/fukuoka/sc_fukuokashihakata/nc_21392140/,中洲川端,地下鉄空港線,2,1974-08-01,52,21392140
ローズマンション川端,2700,福岡県福岡市博多区上川端町,地下鉄空港線「中洲川端」徒歩3分,45.46,ワンルーム,1974年8月,https://suumo.jp//ms/chuko/fukuoka/sc_fukuokashihakata/nc_21456420/,中洲川端,地下鉄空港線,3,1974-08-01,52,21456420
ローズマンション川端,2700,福岡県福岡市博多区上川端町,地下鉄空港線「中洲川端」徒歩2分,45.46,ワンルーム,1974年8月,https://suumo.jp//ms/chuko/fukuoka/sc_fukuokashihakata/nc_21428865/,中洲川端,地下鉄空港線,2,1974-08-01,52,21428865
東カングランドマンション大濠パークサイド,2780,福岡県福岡市中央区鳥飼１,地下鉄七隈線「六本松」徒歩12分,55.0,2LDK,1974年8月,https://suumo.jp//ms/chuko/fukuoka/sc_fukuokashichuo/nc_21122262/,六本松,地下鉄七隈線,12,1974-08-01,52,21122262
東カングランドマンション大濠パークサイド,2780,福岡県福岡市中央区鳥飼１,地下鉄空港線「唐人町」徒歩14分,55.0,2LDK,1974年8月,https://suumo.jp//ms/chuko/fukuoka/sc_fukuokashichuo/nc_21146325/,唐人町,地下鉄空港線,14,1974-08-01,52,21146325
東カングランドマンション大濠パークサイド,2780,福岡県福岡市中央区鳥飼１-4-58,地下鉄空港線「唐人町」徒歩12分,55.0,2LDK,1974年8月,https://suumo.jp//ms/chuko/fukuoka/sc_fukuokashichuo/nc_21563571/,唐人町,地下鉄空港線,12,1974-08-01,52,21563571
東カングランドマンション大濠パークサイド,2780,福岡県福岡市中央区鳥飼１-4-58,地下鉄七隈線「六本松」徒歩12分,55.0,2LDK,1974年8月,https://suumo.jp//ms/chuko/fukuoka/sc_fukuokashichuo/nc_21107659/,六本松,地下鉄七隈線,12,1974-08-01,52,21107659
東カングランドマンション大濠パークサイド,2780,福岡県福岡市中央区鳥飼１-4-58,地下鉄七隈線「六本松」徒歩13分,55.0,2LDK,1974年8月,https://suumo.jp//ms/chuko/fukuoka/sc_fukuokashichuo/nc_21085719/,六本松,地下鉄七隈線,13,1974-08-01,52,21085719
東カングランドマンション大濠パークサイド,2780,福岡県福岡市中央区鳥飼１,地下鉄七隈線「六本松」徒歩12分,55.0,2LDK,1974年8月,https://suumo.jp//ms/chuko/fukuoka/sc_fukuokashichuo/nc_21513534/,六本松,地下鉄七隈線,12,1974-08-01,52,21513534
ダイアパレス平尾Ⅱ,2790,福岡県福岡市中央区大宮２,西鉄天神大牟田線「薬院」徒歩11分,55.62,1LDK+S（納戸）,1983年3月,https://suumo.jp//ms/chuko/fukuoka/sc_fukuokashichuo/nc_20635589/,薬院,西鉄天神大牟田線,11,1983-03-01,43,20635589
ドエル長浜,2798,福岡県福岡市中央区長浜２,地下鉄空港線「赤坂」徒歩8分,49.28,2LDK,1979年9月,https://suumo.jp//ms/chuko/fukuoka/sc_fukuokashichuo/nc_21811649/,赤坂,地下鉄空港線,8,1979-09-01,47,21811649
グランフォーレラグゼ博多駅南,2799,福岡県福岡市博多区博多駅南４,地下鉄空港線「東比恵」徒歩15分,33.41,1LDK,2016年7月,https://suumo.jp//ms/chuko/fukuoka/sc_fukuokashihakata/nc_20152980/,東比恵,地下鉄空港線,15,2016-07-01,10,20152980
ライオンズマンション西公園第2,2800,福岡県福岡市中央区荒戸３-5-51,地下鉄空港線「大濠公園」徒歩10分,57.75,2LDK,1983年3月,https://suumo.jp//ms/chuko/fukuoka/sc_fukuokashichuo/nc_21798214/,大濠公園,地下鉄空港線,10,1983-03-01,43,21798214
ダイナコート赤坂南,2828,福岡県福岡市中央区桜坂２,地下鉄七隈線「桜坂」徒歩6分,63.27,3LDK,1988年7月,https://suumo.jp//ms/chuko/fukuoka/sc_fukuokashichuo/nc_21187914/,桜坂,地下鉄七隈線,6,1988-07-01,38,21187914
エステートマンション西公園,2850,福岡県福岡市中央区荒戸２,地下鉄空港線「大濠公園」徒歩5分,51.22,1LDK,1987年1月,https://suumo.jp//ms/chuko/fukuoka/sc_fukuokashichuo/nc_21530294/,大濠公園,地下鉄空港線,5,1987-01-01,39,21530294
ふよう港ハイツ,2890,福岡県福岡市博多区築港本町2-3,地下鉄箱崎線「中洲川端」徒歩15分,69.43,3LDK,1982年4月,https://suumo.jp//ms/chuko/fukuoka/sc_fukuokashihakata/nc_21558598/,中洲川端,地下鉄箱崎線,15,1982-04-01,44,21558598
ふよう港ハイツ,2890,福岡県福岡市博多区築港本町2-3,地下鉄空港線「中洲川端」徒歩15分,69.43,3LDK,1982年4月,https://suumo.jp//ms/chuko/fukuoka/sc_fukuokashihakata/nc_20913735/,中洲川端,地下鉄空港線,15,1982-04-01,44,20913735
ふよう港ハイツ,2890,福岡県福岡市博多区築港本町,地下鉄空港線「中洲川端」徒歩14分,69.43,3LDK,1982年4月,https://suumo.jp//ms/chuko/fukuoka/sc_fukuokashihakata/nc_20878226/,中洲川端,地下鉄空港線,14,1982-04-01,44,20878226
エバーライフ住吉,2890,福岡県福岡市博多区住吉４-4-21,地下鉄七隈線「渡辺通」徒歩14分,52.48,2LDK+S（納戸）,1985年9月,https://suumo.jp//ms/chuko/fukuoka/sc_fukuokashihakata/nc_20753447/,渡辺通,地下鉄七隈線,14,1985-09-01,41,20753447
ふよう港ハイツ,2890,福岡県福岡市博多区築港本町2-3,地下鉄箱崎線「中洲川端」徒歩15分,69.43,3LDK,1982年4月,https://suumo.jp//ms/chuko/fukuoka/sc_fukuokashihakata/nc_20977290/,中洲川端,地下鉄箱崎線,15,1982-04-01,44,20977290
ふよう港ハイツ,2890,福岡県福岡市博多区築港本町,地下鉄空港線「中洲川端」徒歩14分,69.43,3LDK,1982年4月,https://suumo.jp//ms/chuko/fukuoka/sc_fukuokashihakata/nc_21289350/,中洲川端,地下鉄空港線,14,1982-04-01,44,21289350
ロータリープラザ博多駅東,2890,福岡県福岡市博多区比恵町,地下鉄空港線「東比恵」徒歩8分,56.0,2LDK,1985年3月,https://suumo.jp//ms/chuko/fukuoka/sc_fukuokashihakata/nc_21856011/,東比恵,地下鉄空港線,8,1985-03-01,41,21856011
ロータリープラザ博多駅東,2890,福岡県福岡市博多区比恵町,地下鉄空港線「東比恵」徒歩8分,56.0,2LDK,1985年3月,https://suumo.jp//ms/chuko/fukuoka/sc_fukuokashihakata/nc_21571949/,東比恵,地下鉄空港線,8,1985-03-01,41,21571949
ダイナコート六本松,2899,福岡県福岡市中央区谷１,地下鉄七隈線「六本松」徒歩8分,59.9,2LDK,1987年3月,https://suumo.jp//ms/chuko/fukuoka/sc_fukuokashichuo/nc_21368381/,六本松,地下鉄七隈線,8,1987-03-01,39,21368381
警固ハウス,2899,福岡県福岡市中央区警固１,地下鉄七隈線「薬院大通」徒歩9分,66.0,2LDK,1980年3月,https://suumo.jp//ms/chuko/fukuoka/sc_fukuokashichuo/nc_21838700/,薬院大通,地下鉄七隈線,9,1980-03-01,46,21838700
警固ハウス,2899,福岡県福岡市中央区警固１,地下鉄七隈線「薬院大通」徒歩8分,66.0,2LDK,1980年3月,https://suumo.jp//ms/chuko/fukuoka/sc_fukuokashichuo/nc_79225116/,薬院大通,地下鉄七隈線,8,1980-03-01,46,79225116
ダイナコート六本松,2899,福岡県福岡市中央区谷１,地下鉄七隈線「桜坂」徒歩6分,59.9,2LDK,1987年3月,https://suumo.jp//ms/chuko/fukuoka/sc_fukuokashichuo/nc_20460207/,桜坂,地下鉄七隈線,6,1987-03-01,39,20460207
ダイナコート六本松,2899,福岡県福岡市中央区谷１-16-5,地下鉄七隈線「六本松」徒歩8分,59.9,2LDK,1987年3月,https://suumo.jp//ms/chuko/fukuoka/sc_fukuokashichuo/nc_21458498/,六本松,地下鉄七隈線,8,1987-03-01,39,21458498
ライオンズマンション薬院第５,2930,福岡県福岡市中央区薬院２,地下鉄七隈線「薬院大通」徒歩2分,46.35,1LDK,1982年7月,https://suumo.jp//ms/chuko/fukuoka/sc_fukuokashichuo/nc_20962483/,薬院大通,地下鉄七隈線,2,1982-07-01,44,20962483
ライオンズマンション西新,2980,福岡県福岡市早良区西新７,地下鉄空港線「藤崎」徒歩5分,66.36,2LDK,1982年2月,https://suumo.jp//ms/chuko/fukuoka/sc_fukuokashisawara/nc_21854579/,藤崎,地下鉄空港線,5,1982-02-01,44,21854579
ライオンズマンション西新,2980,福岡県福岡市早良区西新７,地下鉄空港線「藤崎」徒歩4分,66.36,2LDK,1982年2月,https://suumo.jp//ms/chuko/fukuoka/sc_fukuokashisawara/nc_77788575/,藤崎,地下鉄空港線,4,1982-02-01,44,77788575
ライオンズマンション西新,2980,福岡県福岡市早良区西新７,地下鉄空港線「藤崎」徒歩5分,66.36,2LDK,1982年2月,https://suumo.jp//ms/chuko/fukuoka/sc_fukuokashisawara/nc_20435512/,藤崎,地下鉄空港線,5,1982-02-01,44,20435512
ビバライフ奈良屋,2980,福岡県福岡市博多区奈良屋町,地下鉄空港線「中洲川端」徒歩8分,52.65,2LDK,1979年10月,https://suumo.jp//ms/chuko/fukuoka/sc_fukuokashihakata/nc_21343472/,中洲川端,地下鉄空港線,8,1979-10-01,47,21343472
ビバライフ奈良屋,2980,福岡県福岡市博多区奈良屋町,地下鉄空港線「中洲川端」徒歩9分,52.65,2LDK,1979年10月,https://suumo.jp//ms/chuko/fukuoka/sc_fukuokashihakata/nc_21838708/,中洲川端,地下鉄空港線,9,1979-10-01,47,21838708
西公園ハウス,2980,福岡県福岡市中央区西公園,地下鉄空港線「大濠公園」徒歩14分,67.9,3LDK,1986年4月,https://suumo.jp//ms/chuko/fukuoka/sc_fukuokashichuo/nc_21776362/,大濠公園,地下鉄空港線,14,1986-04-01,40,21776362
◆☆ビバライフ奈良屋☆◆,2980,福岡県福岡市博多区奈良屋町,地下鉄空港線「中洲川端」徒歩10分,52.65,2LDK,1979年10月,https://suumo.jp//ms/chuko/fukuoka/sc_fukuokashihakata/nc_21845610/,中洲川端,地下鉄空港線,10,1979-10-01,47,21845610
警固ハウス,2990,福岡県福岡市中央区警固１-15-15,地下鉄七隈線「薬院大通」徒歩10分,66.0,3LDK,1980年3月,https://suumo.jp//ms/chuko/fukuoka/sc_fukuokashichuo/nc_20863666/,薬院大通,地下鉄七隈線,10,1980-03-01,46,20863666
ロワールマンション西公園2,2990,福岡県福岡市中央区港３,地下鉄空港線「大濠公園」徒歩15分,55.04,2LDK,1984年1月,https://suumo.jp//ms/chuko/fukuoka/sc_fukuokashichuo/nc_21607020/,大濠公園,地下鉄空港線,15,1984-01-01,42,21607020
警固ハウス,2990,福岡県福岡市中央区警固１-15-15,地下鉄七隈線「薬院大通」徒歩10分,66.0,3LDK,1980年3月,https://suumo.jp//ms/chuko/fukuoka/sc_fukuokashichuo/nc_20874418/,薬院大通,地下鉄七隈線,10,1980-03-01,46,20874418
ロワールマンション西公園2,2990,福岡県福岡市中央区港３,地下鉄空港線「大濠公園」徒歩15分,55.04,2LDK,1984年1月,https://suumo.jp//ms/chuko/fukuoka/sc_fukuokashichuo/nc_21432617/,大濠公園,地下鉄空港線,15,1984-01-01,42,21432617
ファミール輝国,2990,福岡県福岡市中央区輝国２-8-20,地下鉄七隈線「六本松」徒歩15分,81.6,3LDK+S（納戸）,1984年3月,https://suumo.jp//ms/chuko/fukuoka/sc_fukuokashichuo/nc_21744774/,六本松,地下鉄七隈線,15,1984-03-01,42,21744774
ファミール輝国,2990,福岡県福岡市中央区輝国２,地下鉄七隈線「六本松」徒歩15分,91.6,3LDK+S（納戸）,1984年3月,https://suumo.jp//ms/chuko/fukuoka/sc_fukuokashichuo/nc_21552684/,六本松,地下鉄七隈線,15,1984-03-01,42,21552684
警固ハウス,2990,福岡県福岡市中央区警固１,地下鉄七隈線「薬院大通」徒歩10分,66.0,3LDK,1980年3月,https://suumo.jp//ms/chuko/fukuoka/sc_fukuokashichuo/nc_20828263/,薬院大通,地下鉄七隈線,10,1980-03-01,46,20828263
警固ハウス,2990,福岡県福岡市中央区警固１-15-15,地下鉄七隈線「薬院大通」徒歩9分,66.0,3LDK,1980年3月,https://suumo.jp//ms/chuko/fukuoka/sc_fukuokashichuo/nc_20434666/,薬院大通,地下鉄七隈線,9,1980-03-01,46,20434666
警固ハウス,2990,福岡県福岡市中央区警固１-15-15,地下鉄七隈線「薬院大通」徒歩7分,66.0,3LDK,1955年3月,https://suumo.jp//ms/chuko/fukuoka/sc_fukuokashichuo/nc_21832149/,薬院大通,地下鉄七隈線,7,1955-03-01,71,21832149
朝日プラザ博多,2990,福岡県福岡市博多区博多駅前４,ＪＲ鹿児島本線「博多」徒歩13分,54.18,2LDK,1985年6月,https://suumo.jp//ms/chuko/fukuoka/sc_fukuokashihakata/nc_21469830/,博多,ＪＲ鹿児島本線,13,1985-06-01,41,21469830
警固ハウス,2990,福岡県福岡市中央区警固１-１５－１５,地下鉄七隈線「薬院大通」徒歩8分,66.0,3LDK,1955年3月,https://suumo.jp//ms/chuko/fukuoka/sc_fukuokashichuo/nc_20829059/,薬院大通,地下鉄七隈線,8,1955-03-01,71,20829059
警固ハウス,2990,福岡県福岡市中央区警固１,地下鉄七隈線「薬院大通」徒歩8分,66.0,3LDK,1980年3月,https://suumo.jp//ms/chuko/fukuoka/sc_fukuokashichuo/nc_20889105/,薬院大通,地下鉄七隈線,8,1980-03-01,46,20889105
警固ハウス,2990,福岡県福岡市中央区警固１,地下鉄七隈線「薬院大通」徒歩8分,66.0,3LDK,1980年3月,https://suumo.jp//ms/chuko/fukuoka/sc_fukuokashichuo/nc_20896321/,薬院大通,地下鉄七隈線,8,1980-03-01,46,20896321
フアミール輝国,2990,福岡県福岡市中央区輝国２,地下鉄七隈線「六本松」徒歩14分,81.6,4LDK,1984年3月,https://suumo.jp//ms/chuko/fukuoka/sc_fukuokashichuo/nc_21711632/,六本松,地下鉄七隈線,14,1984-03-01,42,21711632
警固ハウス,2990,福岡県福岡市中央区警固１-15-15,地下鉄七隈線「薬院大通」徒歩8分,66.0,3LDK,1980年3月,https://suumo.jp//ms/chuko/fukuoka/sc_fukuokashichuo/nc_21637727/,薬院大通,地下鉄七隈線,8,1980-03-01,46,21637727
ファミール輝国,2990,福岡県福岡市中央区輝国２,地下鉄七隈線「六本松」徒歩15分,81.6,3LDK+S（納戸）,1984年3月,https://suumo.jp//ms/chuko/fukuoka/sc_fukuokashichuo/nc_21512457/,六本松,地下鉄七隈線,15,1984-03-01,42,21512457
ファミール輝国,2990,福岡県福岡市中央区輝国２,地下鉄七隈線「六本松」徒歩15分,81.6,3LDK+S（納戸）,1984年3月,https://suumo.jp//ms/chuko/fukuoka/sc_fukuokashichuo/nc_21507126/,六本松,地下鉄七隈線,15,1984-03-01,42,21507126
グランフォーレ西新パサージュ,2990,福岡県福岡市早良区高取１,地下鉄空港線「藤崎」徒歩5分,31.02,1LDK,2021年11月,https://suumo.jp//ms/chuko/fukuoka/sc_fukuokashisawara/nc_21406306/,藤崎,地下鉄空港線,5,2021-11-01,5,21406306
警固ハウス,2990,福岡県福岡市中央区警固１,地下鉄空港線「赤坂」徒歩10分,66.0,3LDK,1980年3月,https://suumo.jp//ms/chuko/fukuoka/sc_fukuokashichuo/nc_20863593/,赤坂,地下鉄空港線,10,1980-03-01,46,20863593
シャンボール大名C棟1105号室,2990,福岡県福岡市中央区大名２-10-1,地下鉄空港線「赤坂」徒歩2分,41.92,1LDK,1982年1月,https://suumo.jp//ms/chuko/fukuoka/sc_fukuokashichuo/nc_21741289/,赤坂,地下鉄空港線,2,1982-01-01,44,21741289
ファミール輝国,2990,福岡県福岡市中央区輝国２,地下鉄七隈線「六本松」徒歩15分,81.6,3LDK,1984年3月,https://suumo.jp//ms/chuko/fukuoka/sc_fukuokashichuo/nc_21195416/,六本松,地下鉄七隈線,15,1984-03-01,42,21195416
警固ハウス,2990,福岡県福岡市中央区警固１,地下鉄七隈線「薬院大通」徒歩9分,66.0,3LDK,1980年3月,https://suumo.jp//ms/chuko/fukuoka/sc_fukuokashichuo/nc_20869192/,薬院大通,地下鉄七隈線,9,1980-03-01,46,20869192
警固ハウス,2990,福岡県福岡市中央区警固１-15-15,地下鉄七隈線「薬院大通」徒歩9分,66.0,3LDK,1980年3月,https://suumo.jp//ms/chuko/fukuoka/sc_fukuokashichuo/nc_21762575/,薬院大通,地下鉄七隈線,9,1980-03-01,46,21762575
警固ハウス,2990,福岡県福岡市中央区警固１-15-15,地下鉄七隈線「薬院大通」徒歩8分,66.0,3LDK,1955年3月,https://suumo.jp//ms/chuko/fukuoka/sc_fukuokashichuo/nc_20808256/,薬院大通,地下鉄七隈線,8,1955-03-01,71,20808256
ファミール輝国,2990,福岡県福岡市中央区輝国２,地下鉄七隈線「六本松」徒歩15分,81.6,3LDK,1984年3月,https://suumo.jp//ms/chuko/fukuoka/sc_fukuokashichuo/nc_21089973/,六本松,地下鉄七隈線,15,1984-03-01,42,21089973
大濠藤和コーポ,2998,福岡県福岡市中央区赤坂３-4-6,地下鉄七隈線「六本松」徒歩10分,66.6,2LDK,1971年10月,https://suumo.jp//ms/chuko/fukuoka/sc_fukuokashichuo/nc_21509901/,六本松,地下鉄七隈線,10,1971-10-01,55,21509901
グリーンハイツ赤坂,2998,福岡県福岡市中央区赤坂２-６番２３号,地下鉄七隈線「六本松」徒歩11分,72.57,2LDK,1974年10月,https://suumo.jp//ms/chuko/fukuoka/sc_fukuokashichuo/nc_20098723/,六本松,地下鉄七隈線,11,1974-10-01,52,20098723
藤和大名コープ,3000,福岡県福岡市中央区大名１,地下鉄空港線「赤坂」徒歩5分,52.5,2LDK,1977年3月,https://suumo.jp//ms/chuko/fukuoka/sc_fukuokashichuo/nc_21697799/,赤坂,地下鉄空港線,5,1977-03-01,49,21697799
藤和大名コープ,3000,福岡県福岡市中央区大名１,地下鉄空港線「赤坂」徒歩5分,52.5,2LDK,1977年3月,https://suumo.jp//ms/chuko/fukuoka/sc_fukuokashichuo/nc_21677238/,赤坂,地下鉄空港線,5,1977-03-01,49,21677238
ライオンズマンション赤坂,3000,福岡県福岡市中央区赤坂２,地下鉄空港線「赤坂」徒歩8分,58.66,2LDK,1979年11月,https://suumo.jp//ms/chuko/fukuoka/sc_fukuokashichuo/nc_21271723/,赤坂,地下鉄空港線,8,1979-11-01,47,21271723
天神スカイマンション,3090,福岡県福岡市中央区長浜１,地下鉄空港線「天神」徒歩10分,63.61,3LDK,1981年2月,https://suumo.jp//ms/chuko/fukuoka/sc_fukuokashichuo/nc_21655955/,天神,地下鉄空港線,10,1981-02-01,45,21655955
エステートマンション西公園,3090,福岡県福岡市中央区荒戸２-４－３,地下鉄空港線「赤坂」徒歩6分,51.22,1LDK,1987年1月,https://suumo.jp//ms/chuko/fukuoka/sc_fukuokashichuo/nc_21404432/,赤坂,地下鉄空港線,6,1987-01-01,39,21404432
モントーレラコルタユニバ通り,3090,福岡県糟屋郡志免町別府西３-13-7,地下鉄空港線「福岡空港」徒歩9分,80.57,3LDK,2013年6月,https://suumo.jp//ms/chuko/fukuoka/sc_kasuyagunshime/nc_21345416/,福岡空港,地下鉄空港線,9,2013-06-01,13,21345416
グレイス博多,3100,福岡県福岡市博多区博多駅東３,地下鉄空港線「東比恵」徒歩5分,95.29,4LDK+S（納戸）,1980年8月,https://suumo.jp//ms/chuko/fukuoka/sc_fukuokashihakata/nc_21515635/,東比恵,地下鉄空港線,5,1980-08-01,46,21515635
東峰マンションハイツ今川,3180,福岡県福岡市中央区今川１,地下鉄空港線「唐人町」徒歩6分,68.35,2LDK,1979年9月,https://suumo.jp//ms/chuko/fukuoka/sc_fukuokashichuo/nc_21505466/,唐人町,地下鉄空港線,6,1979-09-01,47,21505466
エステートマンション西公園,3180,福岡県福岡市中央区荒戸２,地下鉄空港線「大濠公園」徒歩5分,50.28,1LDK,1987年1月,https://suumo.jp//ms/chuko/fukuoka/sc_fukuokashichuo/nc_21569334/,大濠公園,地下鉄空港線,5,1987-01-01,39,21569334
エステートマンション西公園,3180,福岡県福岡市中央区荒戸２,地下鉄空港線「大濠公園」徒歩5分,50.28,1LDK,1987年1月,https://suumo.jp//ms/chuko/fukuoka/sc_fukuokashichuo/nc_21694598/,大濠公園,地下鉄空港線,5,1987-01-01,39,21694598
ハイライフ大濠,3180,福岡県福岡市中央区草香江２,地下鉄七隈線「六本松」徒歩9分,66.78,1LDK+S（納戸）,1982年1月,https://suumo.jp//ms/chuko/fukuoka/sc_fukuokashichuo/nc_21760406/,六本松,地下鉄七隈線,9,1982-01-01,44,21760406
ハイライフ大濠,3180,福岡県福岡市中央区草香江２,地下鉄七隈線「六本松」徒歩9分,66.78,2LDK,1982年1月,https://suumo.jp//ms/chuko/fukuoka/sc_fukuokashichuo/nc_21730981/,六本松,地下鉄七隈線,9,1982-01-01,44,21730981
グリーンコープ室見川,3190,福岡県福岡市西区愛宕１,地下鉄空港線「藤崎」徒歩15分,84.24,4LDK,1982年6月,https://suumo.jp//ms/chuko/fukuoka/sc_fukuokashinishi/nc_21553434/,藤崎,地下鉄空港線,15,1982-06-01,44,21553434
ロワールマンション博多駅南,3190,福岡県福岡市博多区博多駅南３,ＪＲ鹿児島本線「博多」徒歩13分,69.51,3LDK,1985年9月,https://suumo.jp//ms/chuko/fukuoka/sc_fukuokashihakata/nc_20984952/,博多,ＪＲ鹿児島本線,13,1985-09-01,41,20984952
ロワールマンション高取,3190,福岡県福岡市早良区高取１,地下鉄空港線「藤崎」徒歩3分,50.63,2LDK,1986年7月,https://suumo.jp//ms/chuko/fukuoka/sc_fukuokashisawara/nc_21832980/,藤崎,地下鉄空港線,3,1986-07-01,40,21832980
シャンボール大濠,3195,福岡県福岡市中央区鳥飼３,地下鉄空港線「西新」徒歩10分,74.88,2LDK,1978年8月,https://suumo.jp//ms/chuko/fukuoka/sc_fukuokashichuo/nc_20993568/,西新,地下鉄空港線,10,1978-08-01,48,20993568
クリオラベルヴィ呉服町,3199,福岡県福岡市博多区下呉服町,地下鉄空港線「中洲川端」徒歩11分,34.4,1LDK,2018年1月,https://suumo.jp//ms/chuko/fukuoka/sc_fukuokashihakata/nc_21412887/,中洲川端,地下鉄空港線,11,2018-01-01,8,21412887
クリオラベルヴィ呉服町,3199,福岡県福岡市博多区下呉服町3-19,地下鉄空港線「中洲川端」徒歩12分,34.4,1LDK,2018年1月,https://suumo.jp//ms/chuko/fukuoka/sc_fukuokashihakata/nc_79028575/,中洲川端,地下鉄空港線,12,2018-01-01,8,79028575
藤和大名コープ,3200,福岡県福岡市中央区大名１,地下鉄空港線「赤坂」徒歩5分,57.33,1LDK+S（納戸）,1977年3月,https://suumo.jp//ms/chuko/fukuoka/sc_fukuokashichuo/nc_21697798/,赤坂,地下鉄空港線,5,1977-03-01,49,21697798
藤和大名コープ,3200,福岡県福岡市中央区大名１,地下鉄空港線「赤坂」徒歩5分,57.33,2LDK,1977年3月,https://suumo.jp//ms/chuko/fukuoka/sc_fukuokashichuo/nc_21666802/,赤坂,地下鉄空港線,5,1977-03-01,49,21666802
オープンレジデンシア渡辺通南,3250,福岡県福岡市中央区清川２-18-10,地下鉄七隈線「渡辺通」徒歩9分,34.3,1LDK,2024年8月,https://suumo.jp//ms/chuko/fukuoka/sc_fukuokashichuo/nc_20817855/,渡辺通,地下鉄七隈線,9,2024-08-01,2,20817855
クレアランドマーク,3280,福岡県福岡市博多区冷泉町,地下鉄七隈線「櫛田神社前」徒歩3分,40.43,1LDK,2001年1月,https://suumo.jp//ms/chuko/fukuoka/sc_fukuokashihakata/nc_21036009/,櫛田神社前,地下鉄七隈線,3,2001-01-01,25,21036009
ステイツ天神,3280,福岡県福岡市中央区警固１-6-41,地下鉄七隈線「薬院大通」徒歩9分,46.8,2LDK,1990年10月,https://suumo.jp//ms/chuko/fukuoka/sc_fukuokashichuo/nc_20458386/,薬院大通,地下鉄七隈線,9,1990-10-01,36,20458386
クレアランドマーク,3280,福岡県福岡市博多区冷泉町,地下鉄空港線「祇園」徒歩3分,40.43,1LDK,2001年1月,https://suumo.jp//ms/chuko/fukuoka/sc_fukuokashihakata/nc_21168948/,祇園,地下鉄空港線,3,2001-01-01,25,21168948
クレアランドマーク,3280,福岡県福岡市博多区冷泉町2-9,地下鉄七隈線「櫛田神社前」徒歩5分,40.43,1LDK,2001年1月,https://suumo.jp//ms/chuko/fukuoka/sc_fukuokashihakata/nc_20939258/,櫛田神社前,地下鉄七隈線,5,2001-01-01,25,20939258
サーパス大博通り,3299,福岡県福岡市博多区大博町5-27,地下鉄箱崎線「中洲川端」徒歩15分,48.39,1LDK,1990年3月,https://suumo.jp//ms/chuko/fukuoka/sc_fukuokashihakata/nc_20870523/,中洲川端,地下鉄箱崎線,15,1990-03-01,36,20870523
ライフピア舞鶴,3299,福岡県福岡市中央区舞鶴３,地下鉄空港線「赤坂」徒歩6分,72.3,2LDK,1982年4月,https://suumo.jp//ms/chuko/fukuoka/sc_fukuokashichuo/nc_21741780/,赤坂,地下鉄空港線,6,1982-04-01,44,21741780
ライフピア舞鶴,3299,福岡県福岡市中央区舞鶴３-3-4,地下鉄空港線「赤坂」徒歩7分,72.3,2LDK,1982年4月,https://suumo.jp//ms/chuko/fukuoka/sc_fukuokashichuo/nc_21463429/,赤坂,地下鉄空港線,7,1982-04-01,44,21463429
サーパス大博通り,3299,福岡県福岡市博多区大博町,地下鉄空港線「中洲川端」徒歩15分,48.39,1LDK,1990年3月,https://suumo.jp//ms/chuko/fukuoka/sc_fukuokashihakata/nc_21644888/,中洲川端,地下鉄空港線,15,1990-03-01,36,21644888
ライフピア舞鶴,3299,福岡県福岡市中央区舞鶴３,地下鉄空港線「赤坂」徒歩7分,72.3,2LDK,1982年4月,https://suumo.jp//ms/chuko/fukuoka/sc_fukuokashichuo/nc_21445802/,赤坂,地下鉄空港線,7,1982-04-01,44,21445802
ライフピア舞鶴,3299,福岡県福岡市中央区舞鶴３-3-4,地下鉄空港線「赤坂」徒歩7分,72.3,2LDK,1982年4月,https://suumo.jp//ms/chuko/fukuoka/sc_fukuokashichuo/nc_21385331/,赤坂,地下鉄空港線,7,1982-04-01,44,21385331
◆☆サーパス大博通り☆◆,3299,福岡県福岡市博多区大博町,地下鉄空港線「中洲川端」徒歩15分,49.39,1LDK,1990年3月,https://suumo.jp//ms/chuko/fukuoka/sc_fukuokashihakata/nc_21839111/,中洲川端,地下鉄空港線,15,1990-03-01,36,21839111
ライフピア舞鶴,3299,福岡県福岡市中央区舞鶴３-3-4,地下鉄空港線「赤坂」徒歩6分,72.3,2LDK,1982年4月,https://suumo.jp//ms/chuko/fukuoka/sc_fukuokashichuo/nc_21453062/,赤坂,地下鉄空港線,6,1982-04-01,44,21453062
ライフピア舞鶴,3299,福岡県福岡市中央区舞鶴３-3-4,地下鉄空港線「赤坂」徒歩7分,72.3,2LDK,1982年4月,https://suumo.jp//ms/chuko/fukuoka/sc_fukuokashichuo/nc_21405881/,赤坂,地下鉄空港線,7,1982-04-01,44,21405881
サーパス大博通り,3299,福岡県福岡市博多区大博町,地下鉄空港線「中洲川端」徒歩13分,48.39,1LDK,1990年3月,https://suumo.jp//ms/chuko/fukuoka/sc_fukuokashihakata/nc_20884860/,中洲川端,地下鉄空港線,13,1990-03-01,36,20884860
ライフピア舞鶴,3299,福岡県福岡市中央区舞鶴３,地下鉄空港線「赤坂」徒歩7分,72.3,2LDK,1982年4月,https://suumo.jp//ms/chuko/fukuoka/sc_fukuokashichuo/nc_21626037/,赤坂,地下鉄空港線,7,1982-04-01,44,21626037
ライフピア舞鶴,3299,福岡県福岡市中央区舞鶴３,地下鉄空港線「赤坂」徒歩5分,72.3,2LDK,1982年4月,https://suumo.jp//ms/chuko/fukuoka/sc_fukuokashichuo/nc_21382047/,赤坂,地下鉄空港線,5,1982-04-01,44,21382047
ライフピア舞鶴,3299,福岡県福岡市中央区舞鶴３,地下鉄空港線「赤坂」徒歩7分,72.3,2LDK,1982年4月,https://suumo.jp//ms/chuko/fukuoka/sc_fukuokashichuo/nc_21802699/,赤坂,地下鉄空港線,7,1982-04-01,44,21802699
ライフピア舞鶴,3299,福岡県福岡市中央区舞鶴３,地下鉄空港線「赤坂」徒歩7分,72.3,2LDK,1982年4月,https://suumo.jp//ms/chuko/fukuoka/sc_fukuokashichuo/nc_21393826/,赤坂,地下鉄空港線,7,1982-04-01,44,21393826
サーパス大博通り,3299,福岡県福岡市博多区大博町5-27,地下鉄空港線「中洲川端」徒歩10分,48.39,1LDK,1990年3月,https://suumo.jp//ms/chuko/fukuoka/sc_fukuokashihakata/nc_21685134/,中洲川端,地下鉄空港線,10,1990-03-01,36,21685134
ライフピア舞鶴,3299,福岡県福岡市中央区舞鶴３,地下鉄空港線「赤坂」徒歩6分,72.3,2LDK,1982年4月,https://suumo.jp//ms/chuko/fukuoka/sc_fukuokashichuo/nc_21838702/,赤坂,地下鉄空港線,6,1982-04-01,44,21838702
ライフピア舞鶴301号,3299,福岡県福岡市中央区舞鶴３,地下鉄空港線「赤坂」徒歩7分,72.3,2LDK,1982年4月,https://suumo.jp//ms/chuko/fukuoka/sc_fukuokashichuo/nc_21448317/,赤坂,地下鉄空港線,7,1982-04-01,44,21448317
ライフピア舞鶴,3299,福岡県福岡市中央区舞鶴３,地下鉄空港線「赤坂」徒歩7分,72.3,2LDK,1982年4月,https://suumo.jp//ms/chuko/fukuoka/sc_fukuokashichuo/nc_21127107/,赤坂,地下鉄空港線,7,1982-04-01,44,21127107
ライフピア舞鶴,3299,福岡県福岡市中央区舞鶴３,地下鉄空港線「赤坂」徒歩6分,72.3,2LDK,1982年4月,https://suumo.jp//ms/chuko/fukuoka/sc_fukuokashichuo/nc_21502626/,赤坂,地下鉄空港線,6,1982-04-01,44,21502626
ライフピア舞鶴,3299,福岡県福岡市中央区舞鶴３,地下鉄空港線「赤坂」徒歩6分,72.3,2LDK,1982年4月,https://suumo.jp//ms/chuko/fukuoka/sc_fukuokashichuo/nc_21489839/,赤坂,地下鉄空港線,6,1982-04-01,44,21489839
秀和舞鶴レジデンス,3300,福岡県福岡市中央区舞鶴１-6-12,地下鉄空港線「天神」徒歩10分,44.45,1K,1974年5月,https://suumo.jp//ms/chuko/fukuoka/sc_fukuokashichuo/nc_21560114/,天神,地下鉄空港線,10,1974-05-01,52,21560114
アムール山王公園南,3380,福岡県福岡市博多区半道橋１,地下鉄空港線「東比恵」徒歩15分,64.89,3LDK,1998年7月,https://suumo.jp//ms/chuko/fukuoka/sc_fukuokashihakata/nc_20642325/,東比恵,地下鉄空港線,15,1998-07-01,28,20642325
コープ野村博多東,3380,福岡県福岡市博多区比恵町4-27,地下鉄空港線「東比恵」徒歩6分,98.41,3LDK,1980年3月,https://suumo.jp//ms/chuko/fukuoka/sc_fukuokashihakata/nc_21776654/,東比恵,地下鉄空港線,6,1980-03-01,46,21776654
リベール博多駅前,3380,福岡県福岡市博多区博多駅前４,ＪＲ鹿児島本線「博多」徒歩9分,32.83,1LDK,2024年7月,https://suumo.jp//ms/chuko/fukuoka/sc_fukuokashihakata/nc_21578637/,博多,ＪＲ鹿児島本線,9,2024-07-01,2,21578637
ダイアパレス輝国,3390,福岡県福岡市中央区輝国２,地下鉄七隈線「六本松」徒歩10分,90.2,3LDK,1981年3月,https://suumo.jp//ms/chuko/fukuoka/sc_fukuokashichuo/nc_21656877/,六本松,地下鉄七隈線,10,1981-03-01,45,21656877
ダイアパレス輝国,3390,福岡県福岡市中央区輝国２-16-30,地下鉄七隈線「六本松」徒歩11分,90.2,3LDK,1981年3月,https://suumo.jp//ms/chuko/fukuoka/sc_fukuokashichuo/nc_21814938/,六本松,地下鉄七隈線,11,1981-03-01,45,21814938
ダイアパレス輝国,3390,福岡県福岡市中央区輝国２,地下鉄七隈線「六本松」徒歩11分,90.2,3LDK,1981年3月,https://suumo.jp//ms/chuko/fukuoka/sc_fukuokashichuo/nc_21349299/,六本松,地下鉄七隈線,11,1981-03-01,45,21349299
ラフィネスシャトードゥ赤坂,3399,福岡県福岡市中央区大手門１,地下鉄空港線「赤坂」徒歩7分,32.81,1LDK,2002年6月,https://suumo.jp//ms/chuko/fukuoka/sc_fukuokashichuo/nc_20946505/,赤坂,地下鉄空港線,7,2002-06-01,24,20946505
ラフィネスシャトードゥ赤坂,3399,福岡県福岡市中央区大手門１,地下鉄空港線「赤坂」徒歩7分,32.81,1LDK,2002年6月,https://suumo.jp//ms/chuko/fukuoka/sc_fukuokashichuo/nc_20814457/,赤坂,地下鉄空港線,7,2002-06-01,24,20814457
ラフィネスシャトードゥ赤坂,3399,福岡県福岡市中央区大手門１,地下鉄空港線「大濠公園」徒歩7分,32.81,1LDK,2002年6月,https://suumo.jp//ms/chuko/fukuoka/sc_fukuokashichuo/nc_20917050/,大濠公園,地下鉄空港線,7,2002-06-01,24,20917050
◆☆ラフィネスシャトードゥ赤坂☆◆,3399,福岡県福岡市中央区大手門１,地下鉄空港線「赤坂」徒歩7分,32.81,1LDK,2002年6月,https://suumo.jp//ms/chuko/fukuoka/sc_fukuokashichuo/nc_21839112/,赤坂,地下鉄空港線,7,2002-06-01,24,21839112
ラフィネスシャトードゥ赤坂,3399,福岡県福岡市中央区大手門１,地下鉄空港線「赤坂」徒歩8分,32.81,1LDK,2002年6月,https://suumo.jp//ms/chuko/fukuoka/sc_fukuokashichuo/nc_20726051/,赤坂,地下鉄空港線,8,2002-06-01,24,20726051
ラフィネスシャトードゥ赤坂,3399,福岡県福岡市中央区大手門１-3-31,地下鉄空港線「赤坂」徒歩8分,32.81,1LDK,2002年6月,https://suumo.jp//ms/chuko/fukuoka/sc_fukuokashichuo/nc_20755435/,赤坂,地下鉄空港線,8,2002-06-01,24,20755435
ラフィネスシャトードゥ赤坂,3399,福岡県福岡市中央区大手門１,地下鉄空港線「赤坂」徒歩8分,32.81,1LDK,2002年6月,https://suumo.jp//ms/chuko/fukuoka/sc_fukuokashichuo/nc_20997469/,赤坂,地下鉄空港線,8,2002-06-01,24,20997469
ラフィネスシャトードゥ赤坂,3399,福岡県福岡市中央区大手門１,地下鉄空港線「赤坂」徒歩7分,32.81,1LDK,2002年6月,https://suumo.jp//ms/chuko/fukuoka/sc_fukuokashichuo/nc_21079957/,赤坂,地下鉄空港線,7,2002-06-01,24,21079957
ラフィネスシャトードゥ赤坂,3399,福岡県福岡市中央区大手門１-3-31,地下鉄空港線「赤坂」徒歩7分,32.81,1LDK,2002年6月,https://suumo.jp//ms/chuko/fukuoka/sc_fukuokashichuo/nc_20801769/,赤坂,地下鉄空港線,7,2002-06-01,24,20801769
ラフィネスシャトードゥ赤坂,3399,福岡県福岡市中央区大手門１,地下鉄空港線「赤坂」徒歩7分,32.81,1LDK,2002年6月,https://suumo.jp//ms/chuko/fukuoka/sc_fukuokashichuo/nc_20392329/,赤坂,地下鉄空港線,7,2002-06-01,24,20392329
ラフィネスシャトードゥ赤坂,3399,福岡県福岡市中央区大手門１,地下鉄空港線「赤坂」徒歩7分,32.81,1LDK,2002年6月,https://suumo.jp//ms/chuko/fukuoka/sc_fukuokashichuo/nc_20294623/,赤坂,地下鉄空港線,7,2002-06-01,24,20294623
オープンレジデンシア西新,3400,福岡県福岡市早良区城西１,地下鉄空港線「西新」徒歩5分,31.65,1LDK,2025年9月,https://suumo.jp//ms/chuko/fukuoka/sc_fukuokashisawara/nc_78668157/,西新,地下鉄空港線,5,2025-09-01,1,78668157
オープンレジデンシア博多空港通り,3480,福岡県福岡市博多区東光２,地下鉄空港線「東比恵」徒歩10分,34.38,1LDK,2024年9月,https://suumo.jp//ms/chuko/fukuoka/sc_fukuokashihakata/nc_20714459/,東比恵,地下鉄空港線,10,2024-09-01,2,20714459
朝日プラザ大濠,3480,福岡県福岡市中央区草香江２,地下鉄七隈線「六本松」徒歩4分,69.12,3LDK,1983年2月,https://suumo.jp//ms/chuko/fukuoka/sc_fukuokashichuo/nc_21570321/,六本松,地下鉄七隈線,4,1983-02-01,43,21570321
シャンボール舞鶴,3480,福岡県福岡市中央区舞鶴２,地下鉄空港線「赤坂」徒歩3分,56.7,1LDK+S（納戸）,1979年4月,https://suumo.jp//ms/chuko/fukuoka/sc_fukuokashichuo/nc_79039453/,赤坂,地下鉄空港線,3,1979-04-01,47,79039453
オープンレジデンシア薬院南,3490,福岡県福岡市中央区平尾３,西鉄天神大牟田線「薬院」徒歩8分,39.99,1LDK,2022年8月,https://suumo.jp//ms/chuko/fukuoka/sc_fukuokashichuo/nc_20586988/,薬院,西鉄天神大牟田線,8,2022-08-01,4,20586988
サンシャイン別府 ペット飼育可、室内美麗,3490,福岡県福岡市城南区別府４,地下鉄七隈線「別府」徒歩8分,85.62,2LDK,1979年10月,https://suumo.jp//ms/chuko/fukuoka/sc_fukuokashijonan/nc_21838807/,別府,地下鉄七隈線,8,1979-10-01,47,21838807
サンシャイン別府,3490,福岡県福岡市城南区別府４,地下鉄七隈線「別府」徒歩8分,85.62,2LDK+S（納戸）,1979年10月,https://suumo.jp//ms/chuko/fukuoka/sc_fukuokashijonan/nc_21754669/,別府,地下鉄七隈線,8,1979-10-01,47,21754669
クリオラベルヴィ赤坂,3490,福岡県福岡市中央区大手門２,地下鉄空港線「赤坂」徒歩7分,34.92,1LDK,2021年4月,https://suumo.jp//ms/chuko/fukuoka/sc_fukuokashichuo/nc_21363161/,赤坂,地下鉄空港線,7,2021-04-01,5,21363161
オープンレジデンシア博多住吉,3490,福岡県福岡市博多区住吉２-7-1,地下鉄七隈線「櫛田神社前」徒歩8分,31.13,1LDK,2023年9月,https://suumo.jp//ms/chuko/fukuoka/sc_fukuokashihakata/nc_75745223/,櫛田神社前,地下鉄七隈線,8,2023-09-01,3,75745223
メゾン高砂,3498,福岡県福岡市中央区高砂２,地下鉄七隈線「渡辺通」徒歩10分,80.13,3LDK,1978年3月,https://suumo.jp//ms/chuko/fukuoka/sc_fukuokashichuo/nc_21711713/,渡辺通,地下鉄七隈線,10,1978-03-01,48,21711713
コアマンションルネス空港東,3498,福岡県糟屋郡志免町別府北１-13-1,地下鉄空港線「福岡空港」徒歩14分,77.19,3LDK,1996年8月,https://suumo.jp//ms/chuko/fukuoka/sc_kasuyagunshime/nc_21536647/,福岡空港,地下鉄空港線,14,1996-08-01,30,21536647
グランフォーレ西新602号,3499,福岡県福岡市早良区城西１,地下鉄空港線「西新」徒歩5分,40.05,1LDK,2006年9月,https://suumo.jp//ms/chuko/fukuoka/sc_fukuokashisawara/nc_21668824/,西新,地下鉄空港線,5,2006-09-01,20,21668824
グランフォーレ西新,3499,福岡県福岡市早良区城西１-8-14,地下鉄空港線「西新」徒歩5分,40.05,1LDK,2006年9月,https://suumo.jp//ms/chuko/fukuoka/sc_fukuokashisawara/nc_21400377/,西新,地下鉄空港線,5,2006-09-01,20,21400377
オープンレジデンシア天神今泉,3499,福岡県福岡市中央区今泉２,地下鉄七隈線「薬院大通」徒歩6分,34.12,1LDK,2023年9月,https://suumo.jp//ms/chuko/fukuoka/sc_fukuokashichuo/nc_21779134/,薬院大通,地下鉄七隈線,6,2023-09-01,3,21779134
グランフォーレ西新,3499,福岡県福岡市早良区城西１-8-14,地下鉄空港線「西新」徒歩7分,40.05,1LDK,2006年9月,https://suumo.jp//ms/chuko/fukuoka/sc_fukuokashisawara/nc_21177479/,西新,地下鉄空港線,7,2006-09-01,20,21177479
グランフォーレ西新,3499,福岡県福岡市早良区城西１,地下鉄空港線「西新」徒歩7分,40.05,1LDK,2006年9月,https://suumo.jp//ms/chuko/fukuoka/sc_fukuokashisawara/nc_21412696/,西新,地下鉄空港線,7,2006-09-01,20,21412696
グランフォーレ西新,3499,福岡県福岡市早良区城西１-8-14,地下鉄空港線「西新」徒歩5分,40.05,1LDK,2006年9月,https://suumo.jp//ms/chuko/fukuoka/sc_fukuokashisawara/nc_21046332/,西新,地下鉄空港線,5,2006-09-01,20,21046332
グランフォーレ西新,3499,福岡県福岡市早良区城西１,地下鉄空港線「西新」徒歩5分,40.05,1LDK,2006年9月,https://suumo.jp//ms/chuko/fukuoka/sc_fukuokashisawara/nc_21249165/,西新,地下鉄空港線,5,2006-09-01,20,21249165
グランフォーレ西新602号室,3499,福岡県福岡市早良区城西１,地下鉄空港線「西新」徒歩6分,40.05,1LDK,2006年9月,https://suumo.jp//ms/chuko/fukuoka/sc_fukuokashisawara/nc_21161920/,西新,地下鉄空港線,6,2006-09-01,20,21161920
グランフォーレ西新,3499,福岡県福岡市早良区城西１-8-14,地下鉄空港線「西新」徒歩7分,40.05,1LDK,2006年9月,https://suumo.jp//ms/chuko/fukuoka/sc_fukuokashisawara/nc_20966218/,西新,地下鉄空港線,7,2006-09-01,20,20966218
グランフォーレ西新,3499,福岡県福岡市早良区城西１,地下鉄空港線「西新」徒歩6分,40.05,1LDK,2006年9月,https://suumo.jp//ms/chuko/fukuoka/sc_fukuokashisawara/nc_21146280/,西新,地下鉄空港線,6,2006-09-01,20,21146280
グランフォーレ西新,3499,福岡県福岡市早良区城西１,地下鉄空港線「西新」徒歩6分,40.05,1LDK,2006年9月,https://suumo.jp//ms/chuko/fukuoka/sc_fukuokashisawara/nc_21097552/,西新,地下鉄空港線,6,2006-09-01,20,21097552
デュオヴェール大濠公園,3499,福岡県福岡市中央区荒戸３,地下鉄空港線「大濠公園」徒歩6分,32.08,1LDK,2019年2月,https://suumo.jp//ms/chuko/fukuoka/sc_fukuokashichuo/nc_21383177/,大濠公園,地下鉄空港線,6,2019-02-01,7,21383177
三井薬院ハイツ,3500,福岡県福岡市中央区薬院２,地下鉄七隈線「薬院大通」徒歩5分,74.24,2LDK,1982年11月,https://suumo.jp//ms/chuko/fukuoka/sc_fukuokashichuo/nc_21428723/,薬院大通,地下鉄七隈線,5,1982-11-01,44,21428723
シャンボール大名 D棟,3500,福岡県福岡市中央区大名２,地下鉄空港線「赤坂」徒歩3分,58.88,3DK,1982年1月,https://suumo.jp//ms/chuko/fukuoka/sc_fukuokashichuo/nc_21099765/,赤坂,地下鉄空港線,3,1982-01-01,44,21099765
サンブリック桜坂,3570,福岡県福岡市中央区谷２,地下鉄七隈線「桜坂」徒歩7分,88.52,3LDK,1981年8月,https://suumo.jp//ms/chuko/fukuoka/sc_fukuokashichuo/nc_21678866/,桜坂,地下鉄七隈線,7,1981-08-01,45,21678866
朝日プラザ大濠,3580,福岡県福岡市中央区草香江２,地下鉄七隈線「六本松」徒歩4分,69.12,3LDK,1983年3月,https://suumo.jp//ms/chuko/fukuoka/sc_fukuokashichuo/nc_20449512/,六本松,地下鉄七隈線,4,1983-03-01,43,20449512
パークリュクス博多駅前,3580,福岡県福岡市博多区博多駅前４,ＪＲ鹿児島本線「博多」徒歩11分,30.04,1LDK,2024年12月,https://suumo.jp//ms/chuko/fukuoka/sc_fukuokashihakata/nc_20530374/,博多,ＪＲ鹿児島本線,11,2024-12-01,2,20530374
アンピール空港駅前,3580,福岡県糟屋郡志免町別府西３,地下鉄空港線「福岡空港」徒歩13分,113.47,3LDK,2004年7月,https://suumo.jp//ms/chuko/fukuoka/sc_kasuyagunshime/nc_21518572/,福岡空港,地下鉄空港線,13,2004-07-01,22,21518572
コープ野村博多東,3598,福岡県福岡市博多区比恵町,地下鉄空港線「東比恵」徒歩4分,98.41,4LDK,1980年3月,https://suumo.jp//ms/chuko/fukuoka/sc_fukuokashihakata/nc_21233451/,東比恵,地下鉄空港線,4,1980-03-01,46,21233451
コープ野村博多東,3598,福岡県福岡市博多区比恵町4-27,地下鉄空港線「東比恵」徒歩6分,98.41,4LDK,1980年3月,https://suumo.jp//ms/chuko/fukuoka/sc_fukuokashihakata/nc_21363469/,東比恵,地下鉄空港線,6,1980-03-01,46,21363469
コープ野村博多駅東,3598,福岡県福岡市博多区比恵町4-27,地下鉄空港線「東比恵」徒歩8分,98.41,4LDK,1980年3月,https://suumo.jp//ms/chuko/fukuoka/sc_fukuokashihakata/nc_21415113/,東比恵,地下鉄空港線,8,1980-03-01,46,21415113
コープ野村博多東,3598,福岡県福岡市博多区比恵町4-27,地下鉄空港線「東比恵」徒歩6分,98.41,4LDK,1980年3月,https://suumo.jp//ms/chuko/fukuoka/sc_fukuokashihakata/nc_21553918/,東比恵,地下鉄空港線,6,1980-03-01,46,21553918
グランフォーレ西新,3599,福岡県福岡市早良区城西１,地下鉄空港線「西新」徒歩5分,40.05,1LDK,2006年9月,https://suumo.jp//ms/chuko/fukuoka/sc_fukuokashisawara/nc_20704362/,西新,地下鉄空港線,5,2006-09-01,20,20704362
グランフォーレ西新,3599,福岡県福岡市早良区城西１,地下鉄空港線「西新」徒歩7分,40.05,1LDK,2006年9月,https://suumo.jp//ms/chuko/fukuoka/sc_fukuokashisawara/nc_21746436/,西新,地下鉄空港線,7,2006-09-01,20,21746436
ブラントン六本松,3620,福岡県福岡市中央区草香江２,地下鉄七隈線「六本松」徒歩3分,33.61,1LDK,2020年3月,https://suumo.jp//ms/chuko/fukuoka/sc_fukuokashichuo/nc_20737121/,六本松,地下鉄七隈線,3,2020-03-01,6,20737121
オープンレジデンシア渡辺通南,3650,福岡県福岡市中央区清川２,地下鉄七隈線「渡辺通」徒歩10分,38.25,1LDK,2024年8月,https://suumo.jp//ms/chuko/fukuoka/sc_fukuokashichuo/nc_21518027/,渡辺通,地下鉄七隈線,10,2024-08-01,2,21518027
アクロス空港イーストステージ,3680,福岡県糟屋郡志免町別府西３,地下鉄空港線「福岡空港」徒歩11分,91.26,4LDK,2004年2月,https://suumo.jp//ms/chuko/fukuoka/sc_kasuyagunshime/nc_21649367/,福岡空港,地下鉄空港線,11,2004-02-01,22,21649367
ロマネスク大濠公園,3680,福岡県福岡市中央区大濠２,地下鉄空港線「唐人町」徒歩6分,57.11,2LDK,1985年8月,https://suumo.jp//ms/chuko/fukuoka/sc_fukuokashichuo/nc_21711629/,唐人町,地下鉄空港線,6,1985-08-01,41,21711629
ロマネスク西公園,3680,福岡県福岡市中央区荒戸３,地下鉄空港線「唐人町」徒歩6分,87.1,3LDK,1981年4月,https://suumo.jp//ms/chuko/fukuoka/sc_fukuokashichuo/nc_21359955/,唐人町,地下鉄空港線,6,1981-04-01,45,21359955
ライオンズマンション大名,3690,福岡県福岡市中央区大名１,地下鉄空港線「赤坂」徒歩8分,56.72,2LDK,1982年2月,https://suumo.jp//ms/chuko/fukuoka/sc_fukuokashichuo/nc_21523389/,赤坂,地下鉄空港線,8,1982-02-01,44,21523389
ライオンズマンション大名,3690,福岡県福岡市中央区大名１,地下鉄空港線「赤坂」徒歩9分,56.72,2LDK,1982年2月,https://suumo.jp//ms/chuko/fukuoka/sc_fukuokashichuo/nc_21551589/,赤坂,地下鉄空港線,9,1982-02-01,44,21551589
ライオンズマンション大名,3690,福岡県福岡市中央区大名１,地下鉄空港線「赤坂」徒歩8分,56.72,2LDK,1982年2月,https://suumo.jp//ms/chuko/fukuoka/sc_fukuokashichuo/nc_21549988/,赤坂,地下鉄空港線,8,1982-02-01,44,21549988
藤和薬院コープ,3698,福岡県福岡市中央区薬院２,地下鉄七隈線「薬院大通」徒歩3分,71.18,3LDK,1979年3月,https://suumo.jp//ms/chuko/fukuoka/sc_fukuokashichuo/nc_21454496/,薬院大通,地下鉄七隈線,3,1979-03-01,47,21454496
藤和薬院コープ,3698,福岡県福岡市中央区薬院２,地下鉄七隈線「薬院大通」徒歩2分,71.18,3LDK,1979年3月,https://suumo.jp//ms/chuko/fukuoka/sc_fukuokashichuo/nc_20590770/,薬院大通,地下鉄七隈線,2,1979-03-01,47,20590770
シャンピア大濠,3698,福岡県福岡市中央区黒門,地下鉄空港線「唐人町」徒歩2分,66.9,2LDK,1984年5月,https://suumo.jp//ms/chuko/fukuoka/sc_fukuokashichuo/nc_21535436/,唐人町,地下鉄空港線,2,1984-05-01,42,21535436
藤和薬院コープ,3698,福岡県福岡市中央区薬院２-3-3,地下鉄七隈線「薬院大通」徒歩2分,71.18,3LDK,1979年3月,https://suumo.jp//ms/chuko/fukuoka/sc_fukuokashichuo/nc_21008454/,薬院大通,地下鉄七隈線,2,1979-03-01,47,21008454
シャンピア大濠,3698,福岡県福岡市中央区黒門8-13,地下鉄空港線「唐人町」徒歩3分,66.9,3LDK,1984年5月,https://suumo.jp//ms/chuko/fukuoka/sc_fukuokashichuo/nc_21559557/,唐人町,地下鉄空港線,3,1984-05-01,42,21559557
ロマネスク西公園第6,3699,福岡県福岡市中央区荒戸２,地下鉄空港線「大濠公園」徒歩7分,52.24,2LDK,1991年3月,https://suumo.jp//ms/chuko/fukuoka/sc_fukuokashichuo/nc_21246960/,大濠公園,地下鉄空港線,7,1991-03-01,35,21246960
ロマネスク西公園第6,3699,福岡県福岡市中央区荒戸２,地下鉄空港線「大濠公園」徒歩7分,52.24,2LDK,1991年3月,https://suumo.jp//ms/chuko/fukuoka/sc_fukuokashichuo/nc_21745082/,大濠公園,地下鉄空港線,7,1991-03-01,35,21745082
ロマネスク西公園第６,3699,福岡県福岡市中央区荒戸２,地下鉄空港線「大濠公園」徒歩7分,52.24,2LDK,1991年3月,https://suumo.jp//ms/chuko/fukuoka/sc_fukuokashichuo/nc_20952543/,大濠公園,地下鉄空港線,7,1991-03-01,35,20952543
オープンレジデンシア天神今泉,3750,福岡県福岡市中央区今泉２,地下鉄七隈線「薬院大通」徒歩7分,34.12,1LDK,2023年9月,https://suumo.jp//ms/chuko/fukuoka/sc_fukuokashichuo/nc_75894792/,薬院大通,地下鉄七隈線,7,2023-09-01,3,75894792
ハイツ別府,3780,福岡県福岡市城南区別府２,地下鉄七隈線「別府」徒歩1分,65.57,3LDK,1985年11月,https://suumo.jp//ms/chuko/fukuoka/sc_fukuokashijonan/nc_21713593/,別府,地下鉄七隈線,1,1985-11-01,41,21713593
アンピール百年橋,3780,福岡県福岡市中央区清川３-9-23,地下鉄七隈線「渡辺通」徒歩15分,73.11,3LDK,1995年9月,https://suumo.jp//ms/chuko/fukuoka/sc_fukuokashichuo/nc_20914350/,渡辺通,地下鉄七隈線,15,1995-09-01,31,20914350
ダイアパレス六本松,3780,福岡県福岡市中央区六本松４,地下鉄七隈線「六本松」徒歩2分,66.85,2LDK+S（納戸）,1985年3月,https://suumo.jp//ms/chuko/fukuoka/sc_fukuokashichuo/nc_21315844/,六本松,地下鉄七隈線,2,1985-03-01,41,21315844
エステートマンション赤坂けやき通り,3790,福岡県福岡市中央区赤坂３,地下鉄七隈線「桜坂」徒歩11分,68.53,3LDK,1995年3月,https://suumo.jp//ms/chuko/fukuoka/sc_fukuokashichuo/nc_21757952/,桜坂,地下鉄七隈線,11,1995-03-01,31,21757952
エステートマンション赤坂けやき通り,3790,福岡県福岡市中央区赤坂３,地下鉄七隈線「桜坂」徒歩11分,68.53,3LDK,1995年3月,https://suumo.jp//ms/chuko/fukuoka/sc_fukuokashichuo/nc_21471749/,桜坂,地下鉄七隈線,11,1995-03-01,31,21471749
オープンレジデンシア渡辺通南,3800,福岡県福岡市中央区清川２,地下鉄七隈線「渡辺通」徒歩10分,38.25,1LDK,2024年9月,https://suumo.jp//ms/chuko/fukuoka/sc_fukuokashichuo/nc_78135127/,渡辺通,地下鉄七隈線,10,2024-09-01,2,78135127
藤和薬院コープ,3880,福岡県福岡市中央区薬院２,地下鉄七隈線「薬院大通」徒歩1分,73.69,2LDK,1979年3月,https://suumo.jp//ms/chuko/fukuoka/sc_fukuokashichuo/nc_21717720/,薬院大通,地下鉄七隈線,1,1979-03-01,47,21717720
ゾンネンハイム大手門,3880,福岡県福岡市中央区大手門２,地下鉄空港線「大濠公園」徒歩7分,76.54,2LDK,1973年8月,https://suumo.jp//ms/chuko/fukuoka/sc_fukuokashichuo/nc_21702808/,大濠公園,地下鉄空港線,7,1973-08-01,53,21702808
赤坂エクセル,3898,福岡県福岡市中央区赤坂３,地下鉄空港線「赤坂」徒歩12分,99.0,1LDK,1974年11月,https://suumo.jp//ms/chuko/fukuoka/sc_fukuokashichuo/nc_21734439/,赤坂,地下鉄空港線,12,1974-11-01,52,21734439
赤坂パインマンション,3899,福岡県福岡市中央区赤坂１-2-6,地下鉄空港線「赤坂」徒歩8分,72.0,2LDK,1981年5月,https://suumo.jp//ms/chuko/fukuoka/sc_fukuokashichuo/nc_21744776/,赤坂,地下鉄空港線,8,1981-05-01,45,21744776
赤坂パインマンション,3899,福岡県福岡市中央区赤坂１-2-6,地下鉄空港線「赤坂」徒歩7分,72.0,2LDK,1981年5月,https://suumo.jp//ms/chuko/fukuoka/sc_fukuokashichuo/nc_21553543/,赤坂,地下鉄空港線,7,1981-05-01,45,21553543
赤坂パインマンション,3899,福岡県福岡市中央区赤坂１,地下鉄空港線「赤坂」徒歩8分,72.0,2LDK,1981年5月,https://suumo.jp//ms/chuko/fukuoka/sc_fukuokashichuo/nc_21581969/,赤坂,地下鉄空港線,8,1981-05-01,45,21581969
赤坂パインマンション,3899,福岡県福岡市中央区赤坂１,地下鉄空港線「赤坂」徒歩7分,72.0,2LDK,1981年5月,https://suumo.jp//ms/chuko/fukuoka/sc_fukuokashichuo/nc_21548623/,赤坂,地下鉄空港線,7,1981-05-01,45,21548623
赤坂パインマンション,3899,福岡県福岡市中央区赤坂１-2-6,地下鉄空港線「赤坂」徒歩6分,7.32,2LDK,1981年5月,https://suumo.jp//ms/chuko/fukuoka/sc_fukuokashichuo/nc_21752137/,赤坂,地下鉄空港線,6,1981-05-01,45,21752137
赤坂パインマンション,3899,福岡県福岡市中央区赤坂１,地下鉄空港線「赤坂」徒歩7分,72.0,2LDK,1981年5月,https://suumo.jp//ms/chuko/fukuoka/sc_fukuokashichuo/nc_21535055/,赤坂,地下鉄空港線,7,1981-05-01,45,21535055
赤坂パインマンション,3899,福岡県福岡市中央区赤坂１,地下鉄空港線「赤坂」徒歩7分,72.0,2LDK,1981年5月,https://suumo.jp//ms/chuko/fukuoka/sc_fukuokashichuo/nc_21657420/,赤坂,地下鉄空港線,7,1981-05-01,45,21657420
赤坂パインマンション,3899,福岡県福岡市中央区赤坂１-2-6,地下鉄空港線「赤坂」徒歩7分,72.0,2LDK,1981年5月,https://suumo.jp//ms/chuko/fukuoka/sc_fukuokashichuo/nc_21559960/,赤坂,地下鉄空港線,7,1981-05-01,45,21559960
赤坂パインマンション,3899,福岡県福岡市中央区赤坂１-2-6,地下鉄空港線「赤坂」徒歩7分,72.0,2LDK,1981年5月,https://suumo.jp//ms/chuko/fukuoka/sc_fukuokashichuo/nc_21611334/,赤坂,地下鉄空港線,7,1981-05-01,45,21611334
赤坂パインマンション,3899,福岡県福岡市中央区赤坂１-2-6,地下鉄空港線「赤坂」徒歩7分,72.0,2LDK,1981年5月,https://suumo.jp//ms/chuko/fukuoka/sc_fukuokashichuo/nc_21548400/,赤坂,地下鉄空港線,7,1981-05-01,45,21548400
赤坂パインマンション　406号,3899,福岡県福岡市中央区赤坂１,地下鉄空港線「赤坂」徒歩6分,72.0,2LDK,1981年5月,https://suumo.jp//ms/chuko/fukuoka/sc_fukuokashichuo/nc_21597594/,赤坂,地下鉄空港線,6,1981-05-01,45,21597594
赤坂パインマンション,3899,福岡県福岡市中央区赤坂１,地下鉄空港線「赤坂」徒歩7分,72.0,2LDK,1981年5月,https://suumo.jp//ms/chuko/fukuoka/sc_fukuokashichuo/nc_21563532/,赤坂,地下鉄空港線,7,1981-05-01,45,21563532
赤坂パインマンション,3899,福岡県福岡市中央区赤坂１,地下鉄空港線「赤坂」徒歩7分,72.0,2LDK,1981年5月,https://suumo.jp//ms/chuko/fukuoka/sc_fukuokashichuo/nc_21537045/,赤坂,地下鉄空港線,7,1981-05-01,45,21537045
赤坂パインマンション,3899,福岡県福岡市中央区赤坂１,地下鉄空港線「赤坂」徒歩7分,72.0,2LDK,1981年5月,https://suumo.jp//ms/chuko/fukuoka/sc_fukuokashichuo/nc_21617995/,赤坂,地下鉄空港線,7,1981-05-01,45,21617995
舞鶴パークホームズ,3900,福岡県福岡市中央区舞鶴２,地下鉄空港線「赤坂」徒歩7分,80.05,4LDK,1980年4月,https://suumo.jp//ms/chuko/fukuoka/sc_fukuokashichuo/nc_20520587/,赤坂,地下鉄空港線,7,1980-04-01,46,20520587
アクロス六本松ラ・クラス,3940,福岡県福岡市中央区梅光園１,地下鉄七隈線「六本松」徒歩4分,32.88,1LDK,2025年12月,https://suumo.jp//ms/chuko/fukuoka/sc_fukuokashichuo/nc_21779349/,六本松,地下鉄七隈線,4,2025-12-01,1,21779349
アートウィル赤坂,3980,福岡県福岡市中央区赤坂３,地下鉄七隈線「桜坂」徒歩9分,65.61,3LDK,1994年10月,https://suumo.jp//ms/chuko/fukuoka/sc_fukuokashichuo/nc_21832440/,桜坂,地下鉄七隈線,9,1994-10-01,32,21832440
アートウィル赤坂,3980,福岡県福岡市中央区赤坂３-2-35,地下鉄七隈線「桜坂」徒歩9分,65.61,3LDK,1994年10月,https://suumo.jp//ms/chuko/fukuoka/sc_fukuokashichuo/nc_21820766/,桜坂,地下鉄七隈線,9,1994-10-01,32,21820766
アートウィル赤坂,3980,福岡県福岡市中央区赤坂３,地下鉄七隈線「桜坂」徒歩9分,65.61,3LDK,1994年10月,https://suumo.jp//ms/chuko/fukuoka/sc_fukuokashichuo/nc_21798890/,桜坂,地下鉄七隈線,9,1994-10-01,32,21798890
ゾンネンハイム大手門,3980,福岡県福岡市中央区大手門２,地下鉄空港線「大濠公園」徒歩7分,76.54,2LDK,1973年8月,https://suumo.jp//ms/chuko/fukuoka/sc_fukuokashichuo/nc_21734083/,大濠公園,地下鉄空港線,7,1973-08-01,53,21734083
パーク・サンリヤン博多の森,3980,福岡県糟屋郡志免町別府西２,地下鉄空港線「福岡空港」徒歩14分,99.56,4LDK,2005年12月,https://suumo.jp//ms/chuko/fukuoka/sc_kasuyagunshime/nc_21463293/,福岡空港,地下鉄空港線,14,2005-12-01,21,21463293
グリーンマンション平尾,3980,福岡県福岡市中央区平尾２,地下鉄七隈線「薬院」徒歩13分,71.38,3LDK,1996年4月,https://suumo.jp//ms/chuko/fukuoka/sc_fukuokashichuo/nc_21348261/,薬院,地下鉄七隈線,13,1996-04-01,30,21348261
ハイツ平尾,3980,福岡県福岡市中央区平尾２-19-7,地下鉄七隈線「薬院大通」徒歩12分,80.02,4LDK,1987年7月,https://suumo.jp//ms/chuko/fukuoka/sc_fukuokashichuo/nc_21285036/,薬院大通,地下鉄七隈線,12,1987-07-01,39,21285036
ライオンズマンション室見,3998,福岡県福岡市早良区室見１,地下鉄空港線「藤崎」徒歩4分,72.58,3LDK,1984年7月,https://suumo.jp//ms/chuko/fukuoka/sc_fukuokashisawara/nc_21663328/,藤崎,地下鉄空港線,4,1984-07-01,42,21663328
アンピール・ラトゥール別府,3999,福岡県福岡市城南区別府３,地下鉄七隈線「別府」徒歩3分,67.44,2LDK+S（納戸）,1995年10月,https://suumo.jp//ms/chuko/fukuoka/sc_fukuokashijonan/nc_21418153/,別府,地下鉄七隈線,3,1995-10-01,31,21418153
赤坂パインマンション406号室◆☆上質なデザイン空間…,3999,福岡県福岡市中央区赤坂１,地下鉄空港線「赤坂」徒歩7分,72.0,2LDK,1981年5月,https://suumo.jp//ms/chuko/fukuoka/sc_fukuokashichuo/nc_21839114/,赤坂,地下鉄空港線,7,1981-05-01,45,21839114
ダイアパレス大名第2,3999,福岡県福岡市中央区大名１,地下鉄空港線「赤坂」徒歩5分,63.0,3LDK,1986年1月,https://suumo.jp//ms/chuko/fukuoka/sc_fukuokashichuo/nc_21856043/,赤坂,地下鉄空港線,5,1986-01-01,40,21856043
赤坂パインマンション,3999,福岡県福岡市中央区赤坂１,地下鉄空港線「赤坂」徒歩7分,72.0,2LDK,1981年5月,https://suumo.jp//ms/chuko/fukuoka/sc_fukuokashichuo/nc_21797223/,赤坂,地下鉄空港線,7,1981-05-01,45,21797223
ダイアパレス大名第2,3999,福岡県福岡市中央区大名１,地下鉄空港線「赤坂」徒歩5分,63.0,3LDK,1986年1月,https://suumo.jp//ms/chuko/fukuoka/sc_fukuokashichuo/nc_21851604/,赤坂,地下鉄空港線,5,1986-01-01,40,21851604
ダイアパレス大名第２,3999,福岡県福岡市中央区大名１,地下鉄空港線「赤坂」徒歩5分,63.0,3LDK,1986年1月,https://suumo.jp//ms/chuko/fukuoka/sc_fukuokashichuo/nc_21859920/,赤坂,地下鉄空港線,5,1986-01-01,40,21859920
西公園ツインタワー,4000,福岡県福岡市中央区荒戸２,地下鉄空港線「大濠公園」徒歩10分,81.69,4LDK,1990年1月,https://suumo.jp//ms/chuko/fukuoka/sc_fukuokashichuo/nc_20666923/,大濠公園,地下鉄空港線,10,1990-01-01,36,20666923
アーバンパレス天神南ハートランドタワーB棟,4000,福岡県福岡市中央区清川３,地下鉄七隈線「渡辺通」徒歩15分,62.93,1LDK,1998年7月,https://suumo.jp//ms/chuko/fukuoka/sc_fukuokashichuo/nc_21671150/,渡辺通,地下鉄七隈線,15,1998-07-01,28,21671150
ガイアコート赤坂浄水壱番館,4000,福岡県福岡市中央区六本松３,地下鉄七隈線「六本松」徒歩10分,60.41,2LDK,1993年9月,https://suumo.jp//ms/chuko/fukuoka/sc_fukuokashichuo/nc_21365320/,六本松,地下鉄七隈線,10,1993-09-01,33,21365320
ダイナコートエスパシオ舞鶴,4080,福岡県福岡市中央区舞鶴２,地下鉄空港線「赤坂」徒歩6分,52.92,2LDK,1996年11月,https://suumo.jp//ms/chuko/fukuoka/sc_fukuokashichuo/nc_21830312/,赤坂,地下鉄空港線,6,1996-11-01,30,21830312
リファレンス天神南,4099,福岡県福岡市中央区清川２,地下鉄七隈線「渡辺通」徒歩13分,65.32,3LDK,2002年3月,https://suumo.jp//ms/chuko/fukuoka/sc_fukuokashichuo/nc_21209107/,渡辺通,地下鉄七隈線,13,2002-03-01,24,21209107
モントーレ東比恵クレア,4099,福岡県福岡市博多区東比恵３,地下鉄空港線「東比恵」徒歩3分,42.77,1LDK,2019年2月,https://suumo.jp//ms/chuko/fukuoka/sc_fukuokashihakata/nc_20106814/,東比恵,地下鉄空港線,3,2019-02-01,7,20106814
モントーレ東比恵クレア205号,4099,福岡県福岡市博多区東比恵３-19-10,地下鉄空港線「東比恵」徒歩3分,42.77,1LDK,2019年2月,https://suumo.jp//ms/chuko/fukuoka/sc_fukuokashihakata/nc_21599114/,東比恵,地下鉄空港線,3,2019-02-01,7,21599114
モントーレ東比恵クレア,4099,福岡県福岡市博多区東比恵３-19-10,地下鉄空港線「東比恵」徒歩2分,42.77,1LDK,2019年2月,https://suumo.jp//ms/chuko/fukuoka/sc_fukuokashihakata/nc_20082171/,東比恵,地下鉄空港線,2,2019-02-01,7,20082171
リファレンス天神南,4099,福岡県福岡市中央区清川２,地下鉄七隈線「渡辺通」徒歩13分,65.32,3LDK,2002年3月,https://suumo.jp//ms/chuko/fukuoka/sc_fukuokashichuo/nc_20646744/,渡辺通,地下鉄七隈線,13,2002-03-01,24,20646744
リファレンス天神南,4099,福岡県福岡市中央区清川２-4-9,地下鉄七隈線「渡辺通」徒歩13分,65.32,3LDK,2002年3月,https://suumo.jp//ms/chuko/fukuoka/sc_fukuokashichuo/nc_21637718/,渡辺通,地下鉄七隈線,13,2002-03-01,24,21637718
モントーレ東比恵クレア,4099,福岡県福岡市博多区東比恵３,地下鉄空港線「東比恵」徒歩4分,42.77,1LDK,2019年2月,https://suumo.jp//ms/chuko/fukuoka/sc_fukuokashihakata/nc_20985954/,東比恵,地下鉄空港線,4,2019-02-01,7,20985954
リファレンス天神南,4099,福岡県福岡市中央区清川２-4-9,地下鉄七隈線「渡辺通」徒歩13分,65.32,3LDK,2002年3月,https://suumo.jp//ms/chuko/fukuoka/sc_fukuokashichuo/nc_20249542/,渡辺通,地下鉄七隈線,13,2002-03-01,24,20249542
リファレンス天神南,4099,福岡県福岡市中央区清川２,地下鉄七隈線「渡辺通」徒歩13分,65.32,3LDK,2002年3月,https://suumo.jp//ms/chuko/fukuoka/sc_fukuokashichuo/nc_20997466/,渡辺通,地下鉄七隈線,13,2002-03-01,24,20997466
モントーレ東比恵クレア,4099,福岡県福岡市博多区東比恵３,地下鉄空港線「東比恵」徒歩3分,42.77,1LDK,2019年2月,https://suumo.jp//ms/chuko/fukuoka/sc_fukuokashihakata/nc_20590555/,東比恵,地下鉄空港線,3,2019-02-01,7,20590555
リファレンス天神南,4099,福岡県福岡市中央区清川２,地下鉄七隈線「渡辺通」徒歩13分,65.32,3LDK,2002年3月,https://suumo.jp//ms/chuko/fukuoka/sc_fukuokashichuo/nc_20096135/,渡辺通,地下鉄七隈線,13,2002-03-01,24,20096135
モントーレ東比恵クレア【担当：鍋嶋】　までお気軽にお…,4099,福岡県福岡市博多区東比恵３,地下鉄空港線「東比恵」徒歩2分,42.77,1LDK,2019年2月,https://suumo.jp//ms/chuko/fukuoka/sc_fukuokashihakata/nc_21838900/,東比恵,地下鉄空港線,2,2019-02-01,7,21838900
モントーレ東比恵クレア,4099,福岡県福岡市博多区東比恵３,地下鉄空港線「東比恵」徒歩3分,42.77,1LDK,2019年2月,https://suumo.jp//ms/chuko/fukuoka/sc_fukuokashihakata/nc_79197908/,東比恵,地下鉄空港線,3,2019-02-01,7,79197908
リファレンス天神南,4099,福岡県福岡市中央区清川２-4-9,地下鉄七隈線「渡辺通」徒歩13分,65.32,3LDK,2002年3月,https://suumo.jp//ms/chuko/fukuoka/sc_fukuokashichuo/nc_20660235/,渡辺通,地下鉄七隈線,13,2002-03-01,24,20660235
リファレンス天神南,4099,福岡県福岡市中央区清川２,地下鉄七隈線「渡辺通」徒歩12分,65.32,3LDK,2002年3月,https://suumo.jp//ms/chuko/fukuoka/sc_fukuokashichuo/nc_79226606/,渡辺通,地下鉄七隈線,12,2002-03-01,24,79226606
モントーレ東比恵クレア,4099,福岡県福岡市博多区東比恵３,地下鉄空港線「東比恵」徒歩2分,42.77,1LDK,2019年2月,https://suumo.jp//ms/chuko/fukuoka/sc_fukuokashihakata/nc_20935569/,東比恵,地下鉄空港線,2,2019-02-01,7,20935569
リファレンス天神南,4099,福岡県福岡市中央区清川２,地下鉄七隈線「渡辺通」徒歩14分,65.32,3LDK,2002年3月,https://suumo.jp//ms/chuko/fukuoka/sc_fukuokashichuo/nc_21292245/,渡辺通,地下鉄七隈線,14,2002-03-01,24,21292245
モントーレ東比恵クレア,4099,福岡県福岡市博多区博多駅東３,地下鉄空港線「東比恵」徒歩11分,42.77,1LDK,2019年2月,https://suumo.jp//ms/chuko/fukuoka/sc_fukuokashihakata/nc_21834601/,東比恵,地下鉄空港線,11,2019-02-01,7,21834601
モントーレ東比恵クレア,4099,福岡県福岡市博多区東比恵３-19-10,地下鉄空港線「東比恵」徒歩2分,42.77,1LDK,2019年3月,https://suumo.jp//ms/chuko/fukuoka/sc_fukuokashihakata/nc_20956730/,東比恵,地下鉄空港線,2,2019-03-01,7,20956730
モントーレ東比恵クレア,4099,福岡県福岡市博多区東比恵３,地下鉄空港線「東比恵」徒歩3分,42.77,1LDK,2019年2月,https://suumo.jp//ms/chuko/fukuoka/sc_fukuokashihakata/nc_20760864/,東比恵,地下鉄空港線,3,2019-02-01,7,20760864
リファレンス天神南,4099,福岡県福岡市中央区清川２,地下鉄七隈線「渡辺通」徒歩13分,65.32,3LDK,2002年3月,https://suumo.jp//ms/chuko/fukuoka/sc_fukuokashichuo/nc_21097447/,渡辺通,地下鉄七隈線,13,2002-03-01,24,21097447
リファレンス天神南,4099,福岡県福岡市中央区清川２,地下鉄七隈線「渡辺通」徒歩13分,65.32,3LDK,2002年3月,https://suumo.jp//ms/chuko/fukuoka/sc_fukuokashichuo/nc_20033456/,渡辺通,地下鉄七隈線,13,2002-03-01,24,20033456
リファレンス天神南,4099,福岡県福岡市中央区清川２-4-9,地下鉄七隈線「渡辺通」徒歩13分,65.32,3LDK,2002年3月,https://suumo.jp//ms/chuko/fukuoka/sc_fukuokashichuo/nc_20213313/,渡辺通,地下鉄七隈線,13,2002-03-01,24,20213313
モントーレ東比恵クレア,4099,福岡県福岡市博多区東比恵３-19-10,地下鉄空港線「東比恵」徒歩3分,42.77,1LDK,2019年2月,https://suumo.jp//ms/chuko/fukuoka/sc_fukuokashihakata/nc_21685137/,東比恵,地下鉄空港線,3,2019-02-01,7,21685137
リファレンス天神南,4099,福岡県福岡市中央区清川２,地下鉄七隈線「渡辺通」徒歩13分,65.32,3LDK,2002年3月,https://suumo.jp//ms/chuko/fukuoka/sc_fukuokashichuo/nc_21740329/,渡辺通,地下鉄七隈線,13,2002-03-01,24,21740329
アクロス大濠公園グランビュー,4180,福岡県福岡市中央区黒門,地下鉄空港線「唐人町」徒歩3分,37.11,1LDK,2025年2月,https://suumo.jp//ms/chuko/fukuoka/sc_fukuokashichuo/nc_20401004/,唐人町,地下鉄空港線,3,2025-02-01,1,20401004
ロイヤルアーク空港前,4180,福岡県福岡市博多区空港前３,地下鉄空港線「福岡空港」徒歩8分,90.13,4LDK,2008年3月,https://suumo.jp//ms/chuko/fukuoka/sc_fukuokashihakata/nc_21469826/,福岡空港,地下鉄空港線,8,2008-03-01,18,21469826
ライオンズマンショングレース天神,4180,福岡県福岡市中央区天神４,地下鉄空港線「天神」徒歩7分,62.21,1LDK,1981年9月,https://suumo.jp//ms/chuko/fukuoka/sc_fukuokashichuo/nc_21765075/,天神,地下鉄空港線,7,1981-09-01,45,21765075
トラスト福岡空港駅レジデンス,4180,福岡県糟屋郡志免町別府北４,地下鉄空港線「福岡空港」徒歩12分,67.85,3LDK,2024年5月,https://suumo.jp//ms/chuko/fukuoka/sc_kasuyagunshime/nc_21853813/,福岡空港,地下鉄空港線,12,2024-05-01,2,21853813
アンピール百年橋,4190,福岡県福岡市中央区清川３,地下鉄七隈線「渡辺通」徒歩15分,70.11,3LDK,1995年8月,https://suumo.jp//ms/chuko/fukuoka/sc_fukuokashichuo/nc_21514350/,渡辺通,地下鉄七隈線,15,1995-08-01,31,21514350
アンピール百年橋,4190,福岡県福岡市中央区清川３,地下鉄七隈線「渡辺通」徒歩14分,70.11,3LDK,1995年8月,https://suumo.jp//ms/chuko/fukuoka/sc_fukuokashichuo/nc_21473933/,渡辺通,地下鉄七隈線,14,1995-08-01,31,21473933
アンピール百年橋,4190,福岡県福岡市中央区清川３,地下鉄七隈線「渡辺通」徒歩14分,70.11,3LDK,1995年8月,https://suumo.jp//ms/chuko/fukuoka/sc_fukuokashichuo/nc_21588625/,渡辺通,地下鉄七隈線,14,1995-08-01,31,21588625
アンピール百年橋,4190,福岡県福岡市中央区清川３-9-23,地下鉄七隈線「渡辺通」徒歩15分,70.11,3LDK,1995年8月,https://suumo.jp//ms/chuko/fukuoka/sc_fukuokashichuo/nc_21552680/,渡辺通,地下鉄七隈線,15,1995-08-01,31,21552680
アンピール百年橋,4190,福岡県福岡市中央区清川３-9-23,地下鉄七隈線「渡辺通」徒歩4分,70.11,3LDK,1995年8月,https://suumo.jp//ms/chuko/fukuoka/sc_fukuokashichuo/nc_21527134/,渡辺通,地下鉄七隈線,4,1995-08-01,31,21527134
アンピール百年橋,4190,福岡県福岡市中央区清川３,地下鉄七隈線「渡辺通」徒歩15分,70.11,3LDK,1995年8月,https://suumo.jp//ms/chuko/fukuoka/sc_fukuokashichuo/nc_21855735/,渡辺通,地下鉄七隈線,15,1995-08-01,31,21855735
アンピール百年橋,4190,福岡県福岡市中央区清川３,地下鉄七隈線「渡辺通」徒歩15分,70.11,3LDK,1995年8月,https://suumo.jp//ms/chuko/fukuoka/sc_fukuokashichuo/nc_21489300/,渡辺通,地下鉄七隈線,15,1995-08-01,31,21489300
アンピール百年橋,4190,福岡県福岡市中央区清川３-9-23,地下鉄七隈線「渡辺通」徒歩15分,70.11,3LDK,1995年8月,https://suumo.jp//ms/chuko/fukuoka/sc_fukuokashichuo/nc_21464318/,渡辺通,地下鉄七隈線,15,1995-08-01,31,21464318
ライオンズマンション西新第２,4198,福岡県福岡市早良区西新７-1-41,地下鉄空港線「藤崎」徒歩5分,68.04,3LDK,1987年7月,https://suumo.jp//ms/chuko/fukuoka/sc_fukuokashisawara/nc_21664842/,藤崎,地下鉄空港線,5,1987-07-01,39,21664842
地行パーク・マンション,4199,福岡県福岡市中央区地行２,地下鉄空港線「唐人町」徒歩7分,68.85,3LDK,1993年3月,https://suumo.jp//ms/chuko/fukuoka/sc_fukuokashichuo/nc_21842338/,唐人町,地下鉄空港線,7,1993-03-01,33,21842338
ニューライフ西公園,4250,福岡県福岡市中央区荒戸３,地下鉄空港線「唐人町」徒歩10分,87.56,3LDK,1982年3月,https://suumo.jp//ms/chuko/fukuoka/sc_fukuokashichuo/nc_21458221/,唐人町,地下鉄空港線,10,1982-03-01,44,21458221
オープンレジデンシア大濠公園,4250,福岡県福岡市中央区大手門２,地下鉄空港線「大濠公園」徒歩5分,34.78,1LDK,2023年4月,https://suumo.jp//ms/chuko/fukuoka/sc_fukuokashichuo/nc_20576519/,大濠公園,地下鉄空港線,5,2023-04-01,3,20576519
西新・曙パーク・ホームズ,4280,福岡県福岡市早良区曙１,地下鉄空港線「西新」徒歩9分,70.19,3LDK,1995年5月,https://suumo.jp//ms/chuko/fukuoka/sc_fukuokashisawara/nc_21852793/,西新,地下鉄空港線,9,1995-05-01,31,21852793
ハイツ大手門,4298,福岡県福岡市中央区大手門２,地下鉄空港線「大濠公園」徒歩5分,67.63,3LDK,1982年5月,https://suumo.jp//ms/chuko/fukuoka/sc_fukuokashichuo/nc_21147524/,大濠公園,地下鉄空港線,5,1982-05-01,44,21147524
ロイヤルマンション西新,4299,福岡県福岡市早良区祖原23-20,地下鉄空港線「西新」徒歩11分,84.48,4LDK,1987年11月,https://suumo.jp//ms/chuko/fukuoka/sc_fukuokashisawara/nc_21780269/,西新,地下鉄空港線,11,1987-11-01,39,21780269
ロイヤルマンション西新,4299,福岡県福岡市早良区祖原,地下鉄空港線「西新」徒歩10分,84.48,4LDK,1987年11月,https://suumo.jp//ms/chuko/fukuoka/sc_fukuokashisawara/nc_21097448/,西新,地下鉄空港線,10,1987-11-01,39,21097448
ロイヤルマンション西新,4299,福岡県福岡市早良区祖原,地下鉄空港線「西新」徒歩11分,84.48,4LDK,1987年11月,https://suumo.jp//ms/chuko/fukuoka/sc_fukuokashisawara/nc_21787259/,西新,地下鉄空港線,11,1987-11-01,39,21787259
◆☆ ロイヤルマンション西新☆◆,4299,福岡県福岡市早良区祖原,地下鉄空港線「西新」徒歩8分,84.48,4LDK,1987年11月,https://suumo.jp//ms/chuko/fukuoka/sc_fukuokashisawara/nc_21842863/,西新,地下鉄空港線,8,1987-11-01,39,21842863
ロイヤルマンション西新,4299,福岡県福岡市早良区祖原,地下鉄空港線「西新」徒歩11分,84.48,4LDK,1987年11月,https://suumo.jp//ms/chuko/fukuoka/sc_fukuokashisawara/nc_21283174/,西新,地下鉄空港線,11,1987-11-01,39,21283174
ロイヤルマンション西新,4299,福岡県福岡市早良区祖原,地下鉄空港線「西新」徒歩8分,84.48,4LDK,1987年11月,https://suumo.jp//ms/chuko/fukuoka/sc_fukuokashisawara/nc_20544576/,西新,地下鉄空港線,8,1987-11-01,39,20544576
ロイヤルマンション西新,4299,福岡県福岡市早良区祖原,地下鉄空港線「西新」徒歩9分,84.48,4LDK,1987年11月,https://suumo.jp//ms/chuko/fukuoka/sc_fukuokashisawara/nc_20596774/,西新,地下鉄空港線,9,1987-11-01,39,20596774
ロイヤルマンション西新,4299,福岡県福岡市早良区祖原23-20,地下鉄空港線「西新」徒歩8分,84.48,4LDK,1987年11月,https://suumo.jp//ms/chuko/fukuoka/sc_fukuokashisawara/nc_21832146/,西新,地下鉄空港線,8,1987-11-01,39,21832146
ロイヤルマンション西新,4299,福岡県福岡市早良区祖原,地下鉄空港線「西新」徒歩10分,84.48,4LDK,1987年11月,https://suumo.jp//ms/chuko/fukuoka/sc_fukuokashisawara/nc_20798870/,西新,地下鉄空港線,10,1987-11-01,39,20798870
ロイヤルマンション西新【担当：高橋】　までお気軽にお…,4299,福岡県福岡市早良区祖原,地下鉄空港線「西新」徒歩12分,84.48,4LDK,1987年11月,https://suumo.jp//ms/chuko/fukuoka/sc_fukuokashisawara/nc_21838898/,西新,地下鉄空港線,12,1987-11-01,39,21838898
藤崎ロジュマン,4350,福岡県福岡市早良区昭代３,地下鉄空港線「藤崎」徒歩12分,82.76,4LDK,1988年3月,https://suumo.jp//ms/chuko/fukuoka/sc_fukuokashisawara/nc_21090386/,藤崎,地下鉄空港線,12,1988-03-01,38,21090386
藤崎ロジュマン,4350,福岡県福岡市早良区昭代３,地下鉄空港線「藤崎」徒歩10分,82.76,4LDK,1988年3月,https://suumo.jp//ms/chuko/fukuoka/sc_fukuokashisawara/nc_78457540/,藤崎,地下鉄空港線,10,1988-03-01,38,78457540
藤崎ロジュマン,4350,福岡県福岡市早良区昭代３-9-5,地下鉄空港線「藤崎」徒歩10分,82.76,4LDK,1988年3月,https://suumo.jp//ms/chuko/fukuoka/sc_fukuokashisawara/nc_78392749/,藤崎,地下鉄空港線,10,1988-03-01,38,78392749
藤崎ロジュマン,4350,福岡県福岡市早良区昭代３,地下鉄空港線「藤崎」徒歩12分,82.76,4LDK,1988年3月,https://suumo.jp//ms/chuko/fukuoka/sc_fukuokashisawara/nc_21008385/,藤崎,地下鉄空港線,12,1988-03-01,38,21008385
藤崎ロジュマン,4350,福岡県福岡市早良区昭代３-9-5,地下鉄空港線「藤崎」徒歩10分,82.76,4LDK,1988年3月,https://suumo.jp//ms/chuko/fukuoka/sc_fukuokashisawara/nc_21463466/,藤崎,地下鉄空港線,10,1988-03-01,38,21463466
オープンレジデンシア薬院二丁目,4350,福岡県福岡市中央区薬院２,西鉄天神大牟田線「薬院」徒歩9分,34.21,1LDK,2023年1月,https://suumo.jp//ms/chuko/fukuoka/sc_fukuokashichuo/nc_20642323/,薬院,西鉄天神大牟田線,9,2023-01-01,3,20642323
藤崎ロジュマン,4350,福岡県福岡市早良区昭代３,地下鉄空港線「藤崎」徒歩12分,82.76,4LDK,1988年3月,https://suumo.jp//ms/chuko/fukuoka/sc_fukuokashisawara/nc_21785205/,藤崎,地下鉄空港線,12,1988-03-01,38,21785205
藤崎ロジュマン,4350,福岡県福岡市早良区昭代３,地下鉄空港線「藤崎」徒歩11分,82.76,4LDK,1988年3月,https://suumo.jp//ms/chuko/fukuoka/sc_fukuokashisawara/nc_79053877/,藤崎,地下鉄空港線,11,1988-03-01,38,79053877
藤崎ロジュマン,4350,福岡県福岡市早良区昭代３,地下鉄空港線「藤崎」徒歩11分,82.76,4LDK,1988年3月,https://suumo.jp//ms/chuko/fukuoka/sc_fukuokashisawara/nc_21283560/,藤崎,地下鉄空港線,11,1988-03-01,38,21283560
藤崎ロジュマン,4350,福岡県福岡市早良区昭代３-9-5,地下鉄空港線「藤崎」徒歩11分,82.76,4LDK,1988年3月,https://suumo.jp//ms/chuko/fukuoka/sc_fukuokashisawara/nc_21486584/,藤崎,地下鉄空港線,11,1988-03-01,38,21486584
アートウィル赤坂,4380,福岡県福岡市中央区赤坂３-2-35,地下鉄七隈線「桜坂」徒歩10分,65.61,2LDK,1995年10月,https://suumo.jp//ms/chuko/fukuoka/sc_fukuokashichuo/nc_21672198/,桜坂,地下鉄七隈線,10,1995-10-01,31,21672198
三井薬院ハイツ,4380,福岡県福岡市中央区薬院２,地下鉄七隈線「薬院大通」徒歩6分,92.86,4LDK,1982年10月,https://suumo.jp//ms/chuko/fukuoka/sc_fukuokashichuo/nc_21610110/,薬院大通,地下鉄七隈線,6,1982-10-01,44,21610110
アートウィル赤坂,4380,福岡県福岡市中央区赤坂３,地下鉄七隈線「桜坂」徒歩11分,65.61,2LDK,1994年10月,https://suumo.jp//ms/chuko/fukuoka/sc_fukuokashichuo/nc_21576558/,桜坂,地下鉄七隈線,11,1994-10-01,32,21576558
アートウィル赤坂,4380,福岡県福岡市中央区赤坂３,地下鉄七隈線「桜坂」徒歩10分,65.61,2LDK,1994年9月,https://suumo.jp//ms/chuko/fukuoka/sc_fukuokashichuo/nc_21714570/,桜坂,地下鉄七隈線,10,1994-09-01,32,21714570
エンゼルハイム鳥飼中央,4380,福岡県福岡市中央区鳥飼１,地下鉄七隈線「六本松」徒歩15分,75.68,3LDK,2001年3月,https://suumo.jp//ms/chuko/fukuoka/sc_fukuokashichuo/nc_21793679/,六本松,地下鉄七隈線,15,2001-03-01,25,21793679
アーバンパレス大濠,4380,福岡県福岡市中央区荒戸２,地下鉄空港線「大濠公園」徒歩4分,53.88,2DK,1992年6月,https://suumo.jp//ms/chuko/fukuoka/sc_fukuokashichuo/nc_21187898/,大濠公園,地下鉄空港線,4,1992-06-01,34,21187898
アートウィル赤坂,4380,福岡県福岡市中央区赤坂３,地下鉄七隈線「桜坂」徒歩10分,65.61,2LDK,1995年10月,https://suumo.jp//ms/chuko/fukuoka/sc_fukuokashichuo/nc_21695872/,桜坂,地下鉄七隈線,10,1995-10-01,31,21695872
アートウィル赤坂,4380,福岡県福岡市中央区赤坂３,地下鉄七隈線「桜坂」徒歩11分,65.61,2LDK,1995年10月,https://suumo.jp//ms/chuko/fukuoka/sc_fukuokashichuo/nc_21650387/,桜坂,地下鉄七隈線,11,1995-10-01,31,21650387
三井薬院ハイツ,4380,福岡県福岡市中央区薬院２,地下鉄七隈線「薬院大通」徒歩6分,92.86,4LDK,1982年10月,https://suumo.jp//ms/chuko/fukuoka/sc_fukuokashichuo/nc_21664182/,薬院大通,地下鉄七隈線,6,1982-10-01,44,21664182
三井薬院ハイツ,4380,福岡県福岡市中央区薬院２-11-33,地下鉄七隈線「薬院大通」徒歩6分,92.86,4LDK,1982年10月,https://suumo.jp//ms/chuko/fukuoka/sc_fukuokashichuo/nc_21668314/,薬院大通,地下鉄七隈線,6,1982-10-01,44,21668314
アートウィル赤坂,4380,福岡県福岡市中央区赤坂３-2-35,地下鉄七隈線「桜坂」徒歩10分,65.61,2LDK,1995年10月,https://suumo.jp//ms/chuko/fukuoka/sc_fukuokashichuo/nc_21780760/,桜坂,地下鉄七隈線,10,1995-10-01,31,21780760
ペルル奈良屋,4390,福岡県福岡市博多区奈良屋町,地下鉄空港線「中洲川端」徒歩10分,60.2,2LDK,1999年8月,https://suumo.jp//ms/chuko/fukuoka/sc_fukuokashihakata/nc_21482232/,中洲川端,地下鉄空港線,10,1999-08-01,27,21482232
ロイヤルマンション西新,4399,福岡県福岡市早良区祖原,地下鉄空港線「西新」徒歩12分,84.48,4LDK,1987年11月,https://suumo.jp//ms/chuko/fukuoka/sc_fukuokashisawara/nc_21742193/,西新,地下鉄空港線,12,1987-11-01,39,21742193
アルファライフ博多プレシャス,4399,福岡県福岡市博多区住吉５,地下鉄七隈線「博多」徒歩15分,53.04,1LDK,2011年3月,https://suumo.jp//ms/chuko/fukuoka/sc_fukuokashihakata/nc_20590548/,博多,地下鉄七隈線,15,2011-03-01,15,20590548
ロイヤルマンション西新,4399,福岡県福岡市早良区祖原23-20,地下鉄空港線「西新」徒歩12分,84.48,4LDK,1987年11月,https://suumo.jp//ms/chuko/fukuoka/sc_fukuokashisawara/nc_21410487/,西新,地下鉄空港線,12,1987-11-01,39,21410487
アルファライフ博多,4399,福岡県福岡市博多区住吉５,ＪＲ鹿児島本線「博多」徒歩14分,53.04,1LDK,2011年3月,https://suumo.jp//ms/chuko/fukuoka/sc_fukuokashihakata/nc_21086949/,博多,ＪＲ鹿児島本線,14,2011-03-01,15,21086949
アルファライフ博多,4399,福岡県福岡市博多区住吉５,ＪＲ鹿児島本線「博多」徒歩13分,53.04,1LDK,2011年3月,https://suumo.jp//ms/chuko/fukuoka/sc_fukuokashihakata/nc_20823573/,博多,ＪＲ鹿児島本線,13,2011-03-01,15,20823573
アルファライフ博多,4399,福岡県福岡市博多区住吉５,ＪＲ鹿児島本線「博多」徒歩14分,53.04,1LDK,2011年3月,https://suumo.jp//ms/chuko/fukuoka/sc_fukuokashihakata/nc_20875883/,博多,ＪＲ鹿児島本線,14,2011-03-01,15,20875883
アンピール空港通り２,4399,福岡県福岡市博多区豊２,地下鉄空港線「東比恵」徒歩11分,77.26,3LDK,2009年3月,https://suumo.jp//ms/chuko/fukuoka/sc_fukuokashihakata/nc_21404214/,東比恵,地下鉄空港線,11,2009-03-01,17,21404214
アルファライフ博多,4399,福岡県福岡市博多区住吉５,地下鉄空港線「博多」徒歩13分,53.04,1LDK,2011年3月,https://suumo.jp//ms/chuko/fukuoka/sc_fukuokashihakata/nc_20997471/,博多,地下鉄空港線,13,2011-03-01,15,20997471
アルファライフ博多,4399,福岡県福岡市博多区住吉５-5-22,ＪＲ篠栗線「博多」徒歩14分,53.04,1LDK,2011年3月,https://suumo.jp//ms/chuko/fukuoka/sc_fukuokashihakata/nc_20163293/,博多,ＪＲ篠栗線,14,2011-03-01,15,20163293
アルファライフ博多,4399,福岡県福岡市博多区住吉５,ＪＲ鹿児島本線「博多」徒歩14分,53.04,1LDK,2011年3月,https://suumo.jp//ms/chuko/fukuoka/sc_fukuokashihakata/nc_79167310/,博多,ＪＲ鹿児島本線,14,2011-03-01,15,79167310
アルファライフ博多プレシャス,4399,福岡県福岡市博多区住吉５,ＪＲ篠栗線「博多」徒歩14分,53.04,1LDK,2011年3月,https://suumo.jp//ms/chuko/fukuoka/sc_fukuokashihakata/nc_21468214/,博多,ＪＲ篠栗線,14,2011-03-01,15,21468214
アルファライフ博多,4399,福岡県福岡市博多区住吉５,地下鉄七隈線「博多」徒歩13分,53.04,1LDK,2011年3月,https://suumo.jp//ms/chuko/fukuoka/sc_fukuokashihakata/nc_20155224/,博多,地下鉄七隈線,13,2011-03-01,15,20155224
アルファライフ博多プレシャス,4399,福岡県福岡市博多区住吉５-5-22,ＪＲ鹿児島本線「博多」徒歩14分,53.04,1LDK,2011年3月,https://suumo.jp//ms/chuko/fukuoka/sc_fukuokashihakata/nc_20956727/,博多,ＪＲ鹿児島本線,14,2011-03-01,15,20956727
エクセルハイツ大濠第２,4399,福岡県福岡市中央区今川１,地下鉄空港線「唐人町」徒歩6分,73.56,3LDK,1983年2月,https://suumo.jp//ms/chuko/fukuoka/sc_fukuokashichuo/nc_21389732/,唐人町,地下鉄空港線,6,1983-02-01,43,21389732
オープンレジデンシア博多空港通り(未入居),4448,福岡県福岡市博多区東光２-6-12,ＪＲ鹿児島本線「博多」徒歩14分,48.97,2LDK,2024年8月,https://suumo.jp//ms/chuko/fukuoka/sc_fukuokashihakata/nc_78334003/,博多,ＪＲ鹿児島本線,14,2024-08-01,2,78334003
オープンレジデンシア博多空港通り,4448,福岡県福岡市博多区東光２,ＪＲ鹿児島本線「博多」徒歩10分,48.97,2LDK,2024年9月,https://suumo.jp//ms/chuko/fukuoka/sc_fukuokashihakata/nc_21853564/,博多,ＪＲ鹿児島本線,10,2024-09-01,2,21853564
皐月マンション南薬院,4450,福岡県福岡市中央区警固３-１－３,地下鉄七隈線「薬院大通」徒歩5分,83.87,3LDK,1982年5月,https://suumo.jp//ms/chuko/fukuoka/sc_fukuokashichuo/nc_21628302/,薬院大通,地下鉄七隈線,5,1982-05-01,44,21628302
エグゼ博多コンドミニアム,4480,福岡県福岡市博多区博多駅前１,地下鉄空港線「祇園」徒歩3分,42.04,1LDK,2015年2月,https://suumo.jp//ms/chuko/fukuoka/sc_fukuokashihakata/nc_21296020/,祇園,地下鉄空港線,3,2015-02-01,11,21296020
高取パークファミリア,4480,福岡県福岡市早良区高取１,地下鉄空港線「藤崎」徒歩3分,83.36,3LDK,1982年2月,https://suumo.jp//ms/chuko/fukuoka/sc_fukuokashisawara/nc_21623380/,藤崎,地下鉄空港線,3,1982-02-01,44,21623380
平尾フェニックスマンション,4480,福岡県福岡市中央区平尾１,西鉄天神大牟田線「薬院」徒歩6分,61.29,3LDK,1991年10月,https://suumo.jp//ms/chuko/fukuoka/sc_fukuokashichuo/nc_21830310/,薬院,西鉄天神大牟田線,6,1991-10-01,35,21830310
サーパス原一丁目,4480,福岡県福岡市早良区原１,地下鉄空港線「藤崎」徒歩14分,74.41,3LDK,2008年4月,https://suumo.jp//ms/chuko/fukuoka/sc_fukuokashisawara/nc_21452699/,藤崎,地下鉄空港線,14,2008-04-01,18,21452699
パーク・サンリヤン博多の森Ⅰ・Ⅱ番館,4490,福岡県糟屋郡志免町別府西２,地下鉄空港線「福岡空港」徒歩10分,96.27,4LDK,2003年3月,https://suumo.jp//ms/chuko/fukuoka/sc_kasuyagunshime/nc_21414595/,福岡空港,地下鉄空港線,10,2003-03-01,23,21414595
パロス・リバーコート博多壱番館,4490,福岡県福岡市博多区美野島４,地下鉄空港線「博多」徒歩15分,78.46,3LDK,1998年2月,https://suumo.jp//ms/chuko/fukuoka/sc_fukuokashihakata/nc_21642397/,博多,地下鉄空港線,15,1998-02-01,28,21642397
オリエントハイツ別府,4490,福岡県福岡市城南区別府１,地下鉄七隈線「別府」徒歩1分,84.0,3LDK,1990年5月,https://suumo.jp//ms/chuko/fukuoka/sc_fukuokashijonan/nc_20199429/,別府,地下鉄七隈線,1,1990-05-01,36,20199429
アルデ別府,4490,福岡県福岡市城南区別府１-16-28,地下鉄七隈線「別府」徒歩6分,107.96,4LDK,2006年1月,https://suumo.jp//ms/chuko/fukuoka/sc_fukuokashijonan/nc_77889490/,別府,地下鉄七隈線,6,2006-01-01,20,77889490
アルファライフ博多,4499,福岡県福岡市博多区住吉５,ＪＲ鹿児島本線「博多」徒歩13分,53.04,1LDK,2011年3月,https://suumo.jp//ms/chuko/fukuoka/sc_fukuokashihakata/nc_20610221/,博多,ＪＲ鹿児島本線,13,2011-03-01,15,20610221
アルファライフ博多,4499,福岡県福岡市博多区住吉５,ＪＲ鹿児島本線「博多」徒歩14分,53.04,1LDK,2011年3月,https://suumo.jp//ms/chuko/fukuoka/sc_fukuokashihakata/nc_20564572/,博多,ＪＲ鹿児島本線,14,2011-03-01,15,20564572
アルファライフ博多,4499,福岡県福岡市博多区住吉５-5-22,ＪＲ篠栗線「博多」徒歩14分,53.04,1LDK,2011年3月,https://suumo.jp//ms/chuko/fukuoka/sc_fukuokashihakata/nc_20733990/,博多,ＪＲ篠栗線,14,2011-03-01,15,20733990
アルファライフ博多,4499,福岡県福岡市博多区住吉５-5-22,ＪＲ篠栗線「博多」徒歩14分,53.04,1LDK,2011年3月,https://suumo.jp//ms/chuko/fukuoka/sc_fukuokashihakata/nc_21511557/,博多,ＪＲ篠栗線,14,2011-03-01,15,21511557
アルファライフ博多,4499,福岡県福岡市博多区住吉５,地下鉄空港線「博多」徒歩13分,53.04,1LDK,2011年3月,https://suumo.jp//ms/chuko/fukuoka/sc_fukuokashihakata/nc_20997475/,博多,地下鉄空港線,13,2011-03-01,15,20997475
アルファライフ博多,4499,福岡県福岡市博多区住吉５-5-22,ＪＲ博多南線「博多」徒歩11分,53.04,1LDK,2011年3月,https://suumo.jp//ms/chuko/fukuoka/sc_fukuokashihakata/nc_21685132/,博多,ＪＲ博多南線,11,2011-03-01,15,21685132
シティマンション大名,4499,福岡県福岡市中央区大名１,地下鉄空港線「赤坂」徒歩6分,64.98,2LDK,1987年1月,https://suumo.jp//ms/chuko/fukuoka/sc_fukuokashichuo/nc_21858674/,赤坂,地下鉄空港線,6,1987-01-01,39,21858674
アルファライフ博多プレシャス,4499,福岡県福岡市博多区住吉５,地下鉄七隈線「博多」徒歩15分,53.04,1LDK,2011年3月,https://suumo.jp//ms/chuko/fukuoka/sc_fukuokashihakata/nc_21209105/,博多,地下鉄七隈線,15,2011-03-01,15,21209105
アルファライフ博多,4499,福岡県福岡市博多区住吉５,ＪＲ鹿児島本線「博多」徒歩14分,53.04,1LDK,2011年3月,https://suumo.jp//ms/chuko/fukuoka/sc_fukuokashihakata/nc_21737232/,博多,ＪＲ鹿児島本線,14,2011-03-01,15,21737232
アートウィル赤坂,4580,福岡県福岡市中央区赤坂３,地下鉄七隈線「桜坂」徒歩9分,65.61,2LDK,1994年10月,https://suumo.jp//ms/chuko/fukuoka/sc_fukuokashichuo/nc_20964533/,桜坂,地下鉄七隈線,9,1994-10-01,32,20964533
渡辺通カステリア,4580,福岡県福岡市中央区渡辺通２,地下鉄七隈線「薬院」徒歩4分,69.76,3LDK,1980年4月,https://suumo.jp//ms/chuko/fukuoka/sc_fukuokashichuo/nc_21365550/,薬院,地下鉄七隈線,4,1980-04-01,46,21365550
ティアラ薬院,4580,福岡県福岡市中央区薬院２,地下鉄七隈線「薬院大通」徒歩3分,87.4,2LDK,1991年12月,https://suumo.jp//ms/chuko/fukuoka/sc_fukuokashichuo/nc_74671558/,薬院大通,地下鉄七隈線,3,1991-12-01,35,74671558
ダイアパレス大名第２,4580,福岡県福岡市中央区大名１,地下鉄空港線「赤坂」徒歩6分,63.0,2LDK,1986年1月,https://suumo.jp//ms/chuko/fukuoka/sc_fukuokashichuo/nc_21838735/,赤坂,地下鉄空港線,6,1986-01-01,40,21838735
コーポ大濠,4580,福岡県福岡市中央区荒戸１,地下鉄空港線「大濠公園」徒歩2分,149.22,3LDK,1985年3月,https://suumo.jp//ms/chuko/fukuoka/sc_fukuokashichuo/nc_21149220/,大濠公園,地下鉄空港線,2,1985-03-01,41,21149220
ロマネスク六本松第２　Ａ棟,4590,福岡県福岡市中央区谷１,地下鉄七隈線「六本松」徒歩4分,78.12,3LDK,1987年8月,https://suumo.jp//ms/chuko/fukuoka/sc_fukuokashichuo/nc_21029230/,六本松,地下鉄七隈線,4,1987-08-01,39,21029230
アルファライフ博多,4599,福岡県福岡市博多区住吉５-5-22,地下鉄七隈線「博多」徒歩13分,53.04,1LDK,2011年3月,https://suumo.jp//ms/chuko/fukuoka/sc_fukuokashihakata/nc_21637723/,博多,地下鉄七隈線,13,2011-03-01,15,21637723
朝日プラザ天神,4600,福岡県福岡市中央区舞鶴１,地下鉄空港線「天神」徒歩7分,59.08,2LDK,1986年5月,https://suumo.jp//ms/chuko/fukuoka/sc_fukuokashichuo/nc_21172212/,天神,地下鉄空港線,7,1986-05-01,40,21172212
コアマンション城南ネクステージ,4650,福岡県福岡市城南区田島１,地下鉄七隈線「別府」徒歩13分,77.02,3LDK,2004年10月,https://suumo.jp//ms/chuko/fukuoka/sc_fukuokashijonan/nc_21802769/,別府,地下鉄七隈線,13,2004-10-01,22,21802769
朝日プラザ天神,4690,福岡県福岡市中央区舞鶴１,地下鉄空港線「天神」徒歩4分,69.3,3LDK+S（納戸）,1986年5月,https://suumo.jp//ms/chuko/fukuoka/sc_fukuokashichuo/nc_21676819/,天神,地下鉄空港線,4,1986-05-01,40,21676819
東急ドエル・アルス博多・古門戸町,4690,福岡県福岡市博多区古門戸町,地下鉄箱崎線「中洲川端」徒歩6分,55.39,2LDK,1997年2月,https://suumo.jp//ms/chuko/fukuoka/sc_fukuokashihakata/nc_20667143/,中洲川端,地下鉄箱崎線,6,1997-02-01,29,20667143
デュ・レジア大濠,4780,福岡県福岡市中央区黒門,地下鉄空港線「唐人町」徒歩2分,35.56,1LDK,2020年11月,https://suumo.jp//ms/chuko/fukuoka/sc_fukuokashichuo/nc_21838719/,唐人町,地下鉄空港線,2,2020-11-01,6,21838719
エステートマンション大濠グランディール,4780,福岡県福岡市中央区今川２-7-52,地下鉄空港線「唐人町」徒歩8分,68.37,3LDK,1991年3月,https://suumo.jp//ms/chuko/fukuoka/sc_fukuokashichuo/nc_21240480/,唐人町,地下鉄空港線,8,1991-03-01,35,21240480
エステートマンション大濠グランディール,4780,福岡県福岡市中央区今川２,地下鉄空港線「唐人町」徒歩8分,68.37,3LDK,1991年3月,https://suumo.jp//ms/chuko/fukuoka/sc_fukuokashichuo/nc_21322623/,唐人町,地下鉄空港線,8,1991-03-01,35,21322623
シティハウス室見リバーサイドコート,4780,福岡県福岡市早良区室見２,地下鉄空港線「藤崎」徒歩8分,77.69,3LDK,2005年1月,https://suumo.jp//ms/chuko/fukuoka/sc_fukuokashisawara/nc_21377305/,藤崎,地下鉄空港線,8,2005-01-01,21,21377305
ロマネスク浄水通り,4790,福岡県福岡市中央区薬院４,地下鉄七隈線「薬院大通」徒歩5分,91.98,3LDK,1986年7月,https://suumo.jp//ms/chuko/fukuoka/sc_fukuokashichuo/nc_21120042/,薬院大通,地下鉄七隈線,5,1986-07-01,40,21120042
ロマネスク浄水通り,4790,福岡県福岡市中央区薬院４,地下鉄七隈線「薬院大通」徒歩5分,91.98,3LDK,1986年7月,https://suumo.jp//ms/chuko/fukuoka/sc_fukuokashichuo/nc_21763770/,薬院大通,地下鉄七隈線,5,1986-07-01,40,21763770
ロイヤルマンションユトリテ田島,4799,福岡県福岡市城南区田島１-4-18,地下鉄七隈線「別府」徒歩13分,91.98,3LDK+S（納戸）,2005年3月,https://suumo.jp//ms/chuko/fukuoka/sc_fukuokashijonan/nc_20646788/,別府,地下鉄七隈線,13,2005-03-01,21,20646788
ロイヤルマンションユトリテ田島,4799,福岡県福岡市城南区田島１,地下鉄七隈線「別府」徒歩15分,91.98,3LDK+S（納戸）,2005年3月,https://suumo.jp//ms/chuko/fukuoka/sc_fukuokashijonan/nc_21086708/,別府,地下鉄七隈線,15,2005-03-01,21,21086708
西公園パーク・マンシヨン　404号,4799,福岡県福岡市中央区荒戸２,地下鉄空港線「大濠公園」徒歩7分,64.07,3LDK,1986年9月,https://suumo.jp//ms/chuko/fukuoka/sc_fukuokashichuo/nc_21852231/,大濠公園,地下鉄空港線,7,1986-09-01,40,21852231
コモダス奈良屋,4880,福岡県福岡市博多区奈良屋町,地下鉄空港線「中洲川端」徒歩12分,56.3,2LDK,2001年10月,https://suumo.jp//ms/chuko/fukuoka/sc_fukuokashihakata/nc_20902271/,中洲川端,地下鉄空港線,12,2001-10-01,25,20902271
ライオンズタワー城南別府,4880,福岡県福岡市城南区別府５,地下鉄七隈線「別府」徒歩5分,75.72,3LDK,2002年11月,https://suumo.jp//ms/chuko/fukuoka/sc_fukuokashijonan/nc_21642398/,別府,地下鉄七隈線,5,2002-11-01,24,21642398
東峰マンション六本松,4890,福岡県福岡市中央区輝国２,地下鉄七隈線「六本松」徒歩8分,78.87,2LDK,1989年5月,https://suumo.jp//ms/chuko/fukuoka/sc_fukuokashichuo/nc_21221610/,六本松,地下鉄七隈線,8,1989-05-01,37,21221610
アーバンパレスアクス大濠Ⅱ,4890,福岡県福岡市中央区荒戸３-3-15,地下鉄空港線「唐人町」徒歩5分,74.2,3LDK,1999年3月,https://suumo.jp//ms/chuko/fukuoka/sc_fukuokashichuo/nc_76431436/,唐人町,地下鉄空港線,5,1999-03-01,27,76431436
ソレイユ赤坂南,4898,福岡県福岡市中央区六本松３,地下鉄七隈線「桜坂」徒歩6分,75.03,3LDK,1989年10月,https://suumo.jp//ms/chuko/fukuoka/sc_fukuokashichuo/nc_21230346/,桜坂,地下鉄七隈線,6,1989-10-01,37,21230346
ソレイユ赤坂南,4898,福岡県福岡市中央区六本松３,地下鉄七隈線「桜坂」徒歩7分,75.03,3LDK,1989年10月,https://suumo.jp//ms/chuko/fukuoka/sc_fukuokashichuo/nc_21454848/,桜坂,地下鉄七隈線,7,1989-10-01,37,21454848
ソレイユ赤坂南,4898,福岡県福岡市中央区六本松３-5-35,地下鉄七隈線「桜坂」徒歩7分,75.03,3LDK,1989年10月,https://suumo.jp//ms/chuko/fukuoka/sc_fukuokashichuo/nc_20631173/,桜坂,地下鉄七隈線,7,1989-10-01,37,20631173
ソレイユ赤坂南,4898,福岡県福岡市中央区六本松３,地下鉄七隈線「桜坂」徒歩6分,75.03,3LDK,1989年10月,https://suumo.jp//ms/chuko/fukuoka/sc_fukuokashichuo/nc_21187884/,桜坂,地下鉄七隈線,6,1989-10-01,37,21187884
ソレイユ赤坂南,4898,福岡県福岡市中央区六本松３,地下鉄七隈線「桜坂」徒歩7分,75.03,3LDK,1989年10月,https://suumo.jp//ms/chuko/fukuoka/sc_fukuokashichuo/nc_20932015/,桜坂,地下鉄七隈線,7,1989-10-01,37,20932015
ソレイユ赤坂南,4898,福岡県福岡市中央区六本松３,地下鉄七隈線「桜坂」徒歩7分,75.03,3LDK,1989年10月,https://suumo.jp//ms/chuko/fukuoka/sc_fukuokashichuo/nc_20975360/,桜坂,地下鉄七隈線,7,1989-10-01,37,20975360
パークエステート博多,4899,福岡県福岡市博多区店屋町,地下鉄空港線「中洲川端」徒歩6分,60.81,2LDK,1997年3月,https://suumo.jp//ms/chuko/fukuoka/sc_fukuokashihakata/nc_21842628/,中洲川端,地下鉄空港線,6,1997-03-01,29,21842628
パークエステート博多,4948,福岡県福岡市博多区店屋町,地下鉄箱崎線「中洲川端」徒歩6分,60.81,3LDK,1997年3月,https://suumo.jp//ms/chuko/fukuoka/sc_fukuokashihakata/nc_20758909/,中洲川端,地下鉄箱崎線,6,1997-03-01,29,20758909
イニシアイオ大名,4980,福岡県福岡市中央区大名１,地下鉄空港線「赤坂」徒歩7分,45.0,1LDK,2008年1月,https://suumo.jp//ms/chuko/fukuoka/sc_fukuokashichuo/nc_21818736/,赤坂,地下鉄空港線,7,2008-01-01,18,21818736
天神スカイマンション,4980,福岡県福岡市中央区長浜１,地下鉄空港線「天神」徒歩10分,100.94,3LDK,1981年2月,https://suumo.jp//ms/chuko/fukuoka/sc_fukuokashichuo/nc_20503717/,天神,地下鉄空港線,10,1981-02-01,45,20503717
ライオンズマンション薬院第5　【担当：高橋】　までお…,4980,福岡県福岡市中央区薬院２,地下鉄七隈線「薬院大通」徒歩4分,80.06,3LDK,1982年7月,https://suumo.jp//ms/chuko/fukuoka/sc_fukuokashichuo/nc_21838901/,薬院大通,地下鉄七隈線,4,1982-07-01,44,21838901
ウェルリバービュー天神,4980,福岡県福岡市博多区中洲中島町,地下鉄空港線「中洲川端」徒歩5分,55.54,2LDK,2006年3月,https://suumo.jp//ms/chuko/fukuoka/sc_fukuokashihakata/nc_21841036/,中洲川端,地下鉄空港線,5,2006-03-01,20,21841036
ソピア大濠西,4980,福岡県福岡市中央区鳥飼３,地下鉄空港線「西新」徒歩10分,69.57,3LDK,1999年3月,https://suumo.jp//ms/chuko/fukuoka/sc_fukuokashichuo/nc_21653448/,西新,地下鉄空港線,10,1999-03-01,27,21653448
ソピア大濠西,4980,福岡県福岡市中央区鳥飼３-16-3,地下鉄空港線「西新」徒歩9分,69.57,3LDK,1999年3月,https://suumo.jp//ms/chuko/fukuoka/sc_fukuokashichuo/nc_21744771/,西新,地下鉄空港線,9,1999-03-01,27,21744771
ソピア大濠西,4980,福岡県福岡市中央区鳥飼３-16-9,地下鉄空港線「西新」徒歩10分,69.57,3LDK,1999年3月,https://suumo.jp//ms/chuko/fukuoka/sc_fukuokashichuo/nc_21791446/,西新,地下鉄空港線,10,1999-03-01,27,21791446
オーセントスクエア弥生,4980,福岡県福岡市早良区弥生２,地下鉄空港線「藤崎」徒歩10分,70.3,2LDK,2005年2月,https://suumo.jp//ms/chuko/fukuoka/sc_fukuokashisawara/nc_21392051/,藤崎,地下鉄空港線,10,2005-02-01,21,21392051
ロイヤルアーク西新,4980,福岡県福岡市早良区城西２,地下鉄空港線「西新」徒歩9分,69.46,3LDK,1994年3月,https://suumo.jp//ms/chuko/fukuoka/sc_fukuokashisawara/nc_21646819/,西新,地下鉄空港線,9,1994-03-01,32,21646819
ソピア大濠西,4980,福岡県福岡市中央区鳥飼３,地下鉄空港線「西新」徒歩10分,69.57,3LDK,1999年3月,https://suumo.jp//ms/chuko/fukuoka/sc_fukuokashichuo/nc_20977249/,西新,地下鉄空港線,10,1999-03-01,27,20977249
ライオンズマンション天神南,4980,福岡県福岡市中央区今泉２,地下鉄七隈線「薬院大通」徒歩7分,86.02,1LDK,1992年3月,https://suumo.jp//ms/chuko/fukuoka/sc_fukuokashichuo/nc_20435722/,薬院大通,地下鉄七隈線,7,1992-03-01,34,20435722
ガーデンハイツ大濠,4980,福岡県福岡市中央区草香江１,地下鉄七隈線「六本松」徒歩6分,82.0,4LDK,1985年3月,https://suumo.jp//ms/chuko/fukuoka/sc_fukuokashichuo/nc_21792033/,六本松,地下鉄七隈線,6,1985-03-01,41,21792033
サーパス桜坂,4980,福岡県福岡市中央区桜坂３,地下鉄七隈線「桜坂」徒歩3分,71.63,2LDK,2000年7月,https://suumo.jp//ms/chuko/fukuoka/sc_fukuokashichuo/nc_21863710/,桜坂,地下鉄七隈線,3,2000-07-01,26,21863710
ソピア大濠西　601,4980,福岡県福岡市中央区鳥飼３-16-9,地下鉄空港線「西新」徒歩10分,69.57,3LDK,1999年3月,https://suumo.jp//ms/chuko/fukuoka/sc_fukuokashichuo/nc_21644409/,西新,地下鉄空港線,10,1999-03-01,27,21644409
リーベスト祖原公園アソシア,4990,福岡県福岡市早良区昭代１,地下鉄空港線「藤崎」徒歩10分,88.35,4LDK,1999年3月,https://suumo.jp//ms/chuko/fukuoka/sc_fukuokashisawara/nc_21305469/,藤崎,地下鉄空港線,10,1999-03-01,27,21305469
クリスタージュ２番館,4990,福岡県福岡市早良区百道浜４,地下鉄空港線「藤崎」徒歩11分,102.28,4LDK,1992年5月,https://suumo.jp//ms/chuko/fukuoka/sc_fukuokashisawara/nc_78014368/,藤崎,地下鉄空港線,11,1992-05-01,34,78014368
アンピール博多駅,4990,福岡県福岡市博多区堅粕３,ＪＲ鹿児島本線「博多」徒歩13分,84.77,4LDK,1997年10月,https://suumo.jp//ms/chuko/fukuoka/sc_fukuokashihakata/nc_21672232/,博多,ＪＲ鹿児島本線,13,1997-10-01,29,21672232
ダイアパレスグランデージ西新Ⅱ,4999,福岡県福岡市早良区曙１,地下鉄空港線「西新」徒歩10分,65.97,3LDK,1998年10月,https://suumo.jp//ms/chuko/fukuoka/sc_fukuokashisawara/nc_21859574/,西新,地下鉄空港線,10,1998-10-01,28,21859574
アーバンパレス大濠,4999,福岡県福岡市中央区荒戸２,地下鉄空港線「大濠公園」徒歩4分,53.88,2LDK,1992年6月,https://suumo.jp//ms/chuko/fukuoka/sc_fukuokashichuo/nc_21602083/,大濠公園,地下鉄空港線,4,1992-06-01,34,21602083
フェニックスマンション平尾,5080,福岡県福岡市中央区平尾１,西鉄天神大牟田線「薬院」徒歩7分,79.07,3LDK,1991年10月,https://suumo.jp//ms/chuko/fukuoka/sc_fukuokashichuo/nc_21861532/,薬院,西鉄天神大牟田線,7,1991-10-01,35,21861532
平尾フェニックスマンション,5080,福岡県福岡市中央区平尾１,西鉄天神大牟田線「薬院」徒歩6分,79.07,3LDK,1991年10月,https://suumo.jp//ms/chuko/fukuoka/sc_fukuokashichuo/nc_21830313/,薬院,西鉄天神大牟田線,6,1991-10-01,35,21830313
平尾フェニックスマンション,5080,福岡県福岡市中央区平尾１,地下鉄七隈線「薬院」徒歩5分,79.07,3LDK,1991年10月,https://suumo.jp//ms/chuko/fukuoka/sc_fukuokashichuo/nc_21863707/,薬院,地下鉄七隈線,5,1991-10-01,35,21863707
サングレート博多駅南センターステージ,5090,福岡県福岡市博多区博多駅南２,ＪＲ鹿児島本線「博多」徒歩10分,60.91,2LDK,2000年9月,https://suumo.jp//ms/chuko/fukuoka/sc_fukuokashihakata/nc_21654160/,博多,ＪＲ鹿児島本線,10,2000-09-01,26,21654160
サングレート博多駅南センターステージ,5090,福岡県福岡市博多区博多駅南２,地下鉄空港線「博多」徒歩10分,60.91,2LDK,2000年9月,https://suumo.jp//ms/chuko/fukuoka/sc_fukuokashihakata/nc_21588626/,博多,地下鉄空港線,10,2000-09-01,26,21588626
皐月マンション冷泉公園,5100,福岡県福岡市博多区上川端町,地下鉄空港線「中洲川端」徒歩4分,100.38,4LDK,1986年3月,https://suumo.jp//ms/chuko/fukuoka/sc_fukuokashihakata/nc_21659051/,中洲川端,地下鉄空港線,4,1986-03-01,40,21659051
アクロス天神センタープラザ,5180,福岡県福岡市中央区渡辺通３,地下鉄空港線「天神」徒歩13分,55.46,2LDK,2005年7月,https://suumo.jp//ms/chuko/fukuoka/sc_fukuokashichuo/nc_21815277/,天神,地下鉄空港線,13,2005-07-01,21,21815277
シャンボール舞鶴,5200,福岡県福岡市中央区舞鶴２,地下鉄空港線「赤坂」徒歩3分,91.9,4LDK,1979年4月,https://suumo.jp//ms/chuko/fukuoka/sc_fukuokashichuo/nc_21829652/,赤坂,地下鉄空港線,3,1979-04-01,47,21829652
ファミール平尾,5280,福岡県福岡市中央区那の川２,地下鉄七隈線「薬院」徒歩15分,70.4,2LDK,1996年1月,https://suumo.jp//ms/chuko/fukuoka/sc_fukuokashichuo/nc_21469823/,薬院,地下鉄七隈線,15,1996-01-01,30,21469823
コアマンション神屋町,5280,福岡県福岡市博多区神屋町,地下鉄空港線「中洲川端」徒歩10分,71.85,3LDK,1996年7月,https://suumo.jp//ms/chuko/fukuoka/sc_fukuokashihakata/nc_21187880/,中洲川端,地下鉄空港線,10,1996-07-01,30,21187880
トラスト福岡空港駅レジデンス,5280,福岡県糟屋郡志免町別府北４,地下鉄空港線「福岡空港」徒歩12分,79.35,4LDK,2024年5月,https://suumo.jp//ms/chuko/fukuoka/sc_kasuyagunshime/nc_21418129/,福岡空港,地下鉄空港線,12,2024-05-01,2,21418129
グランドメゾン鳥飼,5280,福岡県福岡市城南区鳥飼６,地下鉄七隈線「別府」徒歩7分,85.21,3LDK,2000年1月,https://suumo.jp//ms/chuko/fukuoka/sc_fukuokashijonan/nc_21542569/,別府,地下鉄七隈線,7,2000-01-01,26,21542569
アクロス六本松ラ・クラス,5300,福岡県福岡市中央区梅光園１,地下鉄七隈線「六本松」徒歩4分,43.76,2LDK,2025年12月,https://suumo.jp//ms/chuko/fukuoka/sc_fukuokashichuo/nc_21517439/,六本松,地下鉄七隈線,4,2025-12-01,1,21517439
アーバンパレス天神南ハートランドタワー,5370,福岡県福岡市中央区清川３,地下鉄七隈線「渡辺通」徒歩14分,80.98,4LDK,1998年7月,https://suumo.jp//ms/chuko/fukuoka/sc_fukuokashichuo/nc_21586267/,渡辺通,地下鉄七隈線,14,1998-07-01,28,21586267
東峰マンションアーバンスクエア博多駅,5380,福岡県福岡市博多区博多駅南１,地下鉄空港線「博多」徒歩9分,70.37,2LDK,2000年11月,https://suumo.jp//ms/chuko/fukuoka/sc_fukuokashihakata/nc_21861746/,博多,地下鉄空港線,9,2000-11-01,26,21861746
シャトレ平尾　リ ノ ベ,5380,福岡県福岡市中央区平尾１-12-6,西鉄天神大牟田線「薬院」徒歩8分,88.92,3LDK,1985年7月,https://suumo.jp//ms/chuko/fukuoka/sc_fukuokashichuo/nc_20985236/,薬院,西鉄天神大牟田線,8,1985-07-01,41,20985236
東急ドエルアルス桜坂,5390,福岡県福岡市中央区桜坂１,地下鉄七隈線「桜坂」徒歩7分,77.6,3LDK,1996年3月,https://suumo.jp//ms/chuko/fukuoka/sc_fukuokashichuo/nc_21381109/,桜坂,地下鉄七隈線,7,1996-03-01,30,21381109
浄水通りパーク・ホームズ,5399,福岡県福岡市中央区薬院４,地下鉄七隈線「薬院大通」徒歩2分,61.48,3LDK,1994年3月,https://suumo.jp//ms/chuko/fukuoka/sc_fukuokashichuo/nc_21861408/,薬院大通,地下鉄七隈線,2,1994-03-01,32,21861408
浄水通りパーク・ホームズ,5399,福岡県福岡市中央区薬院４,地下鉄七隈線「薬院大通」徒歩4分,61.48,3LDK,1994年3月,https://suumo.jp//ms/chuko/fukuoka/sc_fukuokashichuo/nc_21118149/,薬院大通,地下鉄七隈線,4,1994-03-01,32,21118149
クリオラベルヴィ博多,5480,福岡県福岡市博多区比恵町,地下鉄空港線「東比恵」徒歩4分,54.01,2LDK,2019年10月,https://suumo.jp//ms/chuko/fukuoka/sc_fukuokashihakata/nc_20577788/,東比恵,地下鉄空港線,4,2019-10-01,7,20577788
ライオンズプラザ大濠公園,5480,福岡県福岡市中央区荒戸３-2-41,地下鉄空港線「唐人町」徒歩6分,66.63,3LDK,1995年11月,https://suumo.jp//ms/chuko/fukuoka/sc_fukuokashichuo/nc_21104833/,唐人町,地下鉄空港線,6,1995-11-01,31,21104833
ダイアパレスグランデージ博多駅前,5480,福岡県福岡市博多区博多駅前４-23-12,ＪＲ鹿児島本線「博多」徒歩11分,64.64,2LDK,1998年7月,https://suumo.jp//ms/chuko/fukuoka/sc_fukuokashihakata/nc_21823117/,博多,ＪＲ鹿児島本線,11,1998-07-01,28,21823117
ライオンズプラザ大濠公園,5480,福岡県福岡市中央区荒戸３,地下鉄空港線「唐人町」徒歩6分,66.63,3LDK,1995年11月,https://suumo.jp//ms/chuko/fukuoka/sc_fukuokashichuo/nc_79107636/,唐人町,地下鉄空港線,6,1995-11-01,31,79107636
サントーア薬院,5480,福岡県福岡市中央区薬院２-5-33,地下鉄七隈線「薬院大通」徒歩3分,73.35,2LDK,1995年8月,https://suumo.jp//ms/chuko/fukuoka/sc_fukuokashichuo/nc_21662106/,薬院大通,地下鉄七隈線,3,1995-08-01,31,21662106
サントーア薬院,5480,福岡県福岡市中央区薬院２,地下鉄七隈線「薬院大通」徒歩5分,73.35,2LDK,1995年8月,https://suumo.jp//ms/chuko/fukuoka/sc_fukuokashichuo/nc_21838704/,薬院大通,地下鉄七隈線,5,1995-08-01,31,21838704
オープンレジデンシア博多住吉,5480,福岡県福岡市博多区住吉２,地下鉄七隈線「櫛田神社前」徒歩5分,51.18,1LDK,2023年9月,https://suumo.jp//ms/chuko/fukuoka/sc_fukuokashihakata/nc_21740549/,櫛田神社前,地下鉄七隈線,5,2023-09-01,3,21740549
クリスタージュ２番館,5480,福岡県福岡市早良区百道浜４,地下鉄空港線「藤崎」徒歩11分,102.28,4LDK,1992年5月,https://suumo.jp//ms/chuko/fukuoka/sc_fukuokashisawara/nc_78722109/,藤崎,地下鉄空港線,11,1992-05-01,34,78722109
オープンレジデンシア渡辺通南,5480,福岡県福岡市中央区清川２,地下鉄七隈線「渡辺通」徒歩11分,52.27,2LDK,2024年8月,https://suumo.jp//ms/chuko/fukuoka/sc_fukuokashichuo/nc_21405715/,渡辺通,地下鉄七隈線,11,2024-08-01,2,21405715
パークホームズ室見駅前,5490,福岡県福岡市早良区室見５,地下鉄空港線「藤崎」徒歩13分,71.47,3LDK,2004年5月,https://suumo.jp//ms/chuko/fukuoka/sc_fukuokashisawara/nc_21656275/,藤崎,地下鉄空港線,13,2004-05-01,22,21656275
パークホームズ室見駅前,5490,福岡県福岡市早良区室見５,地下鉄空港線「藤崎」徒歩13分,71.47,3LDK,2004年5月,https://suumo.jp//ms/chuko/fukuoka/sc_fukuokashisawara/nc_21215024/,藤崎,地下鉄空港線,13,2004-05-01,22,21215024
シーサイドももちヴェルデコート5番館,5499,福岡県福岡市早良区百道浜３,地下鉄空港線「藤崎」徒歩10分,80.88,3LDK,1991年2月,https://suumo.jp//ms/chuko/fukuoka/sc_fukuokashisawara/nc_21861118/,藤崎,地下鉄空港線,10,1991-02-01,35,21861118
シーサイドももちヴェルデコート5番館,5499,福岡県福岡市早良区百道浜３,地下鉄空港線「藤崎」徒歩11分,80.88,3LDK,1991年2月,https://suumo.jp//ms/chuko/fukuoka/sc_fukuokashisawara/nc_21829557/,藤崎,地下鉄空港線,11,1991-02-01,35,21829557
サントーア地行,5499,福岡県福岡市中央区地行１,地下鉄空港線「唐人町」徒歩4分,72.0,3LDK,1995年10月,https://suumo.jp//ms/chuko/fukuoka/sc_fukuokashichuo/nc_21861022/,唐人町,地下鉄空港線,4,1995-10-01,31,21861022
ヴェルデコート城南弐番館,5500,福岡県福岡市城南区別府７,地下鉄七隈線「別府」徒歩9分,87.4,3LDK,2005年11月,https://suumo.jp//ms/chuko/fukuoka/sc_fukuokashijonan/nc_21842647/,別府,地下鉄七隈線,9,2005-11-01,21,21842647
グランフォーレ大濠西,5500,福岡県福岡市中央区鳥飼３,地下鉄空港線「西新」徒歩10分,60.08,2LDK,2018年10月,https://suumo.jp//ms/chuko/fukuoka/sc_fukuokashichuo/nc_21698749/,西新,地下鉄空港線,10,2018-10-01,8,21698749
ライオンズシティ高砂,5590,福岡県福岡市中央区高砂１,地下鉄七隈線「薬院」徒歩7分,88.06,4LDK,2002年7月,https://suumo.jp//ms/chuko/fukuoka/sc_fukuokashichuo/nc_21312064/,薬院,地下鉄七隈線,7,2002-07-01,24,21312064
モントーレ舞鶴ベイレジデンス,5680,福岡県福岡市中央区港１-9-26,地下鉄空港線「大濠公園」徒歩12分,60.65,2LDK,2019年6月,https://suumo.jp//ms/chuko/fukuoka/sc_fukuokashichuo/nc_21820768/,大濠公園,地下鉄空港線,12,2019-06-01,7,21820768
サングレート薬院駅ロイヤルウィン,5680,福岡県福岡市中央区平尾１,西鉄天神大牟田線「薬院」徒歩4分,55.72,1LDK,2003年12月,https://suumo.jp//ms/chuko/fukuoka/sc_fukuokashichuo/nc_73662868/,薬院,西鉄天神大牟田線,4,2003-12-01,23,73662868
サングレート薬院駅ロイヤルウィン,5680,福岡県福岡市中央区平尾１,西鉄天神大牟田線「薬院」徒歩4分,55.72,1LDK,2003年11月,https://suumo.jp//ms/chuko/fukuoka/sc_fukuokashichuo/nc_21687596/,薬院,西鉄天神大牟田線,4,2003-11-01,23,21687596
サングレート薬院駅ロイヤルウィン,5680,福岡県福岡市中央区平尾１,西鉄天神大牟田線「薬院」徒歩4分,55.72,1LDK,2003年11月,https://suumo.jp//ms/chuko/fukuoka/sc_fukuokashichuo/nc_21656104/,薬院,西鉄天神大牟田線,4,2003-11-01,23,21656104
サングレート薬院駅ロイヤルウィン,5680,福岡県福岡市中央区平尾１,西鉄天神大牟田線「薬院」徒歩4分,55.72,1LDK,2003年11月,https://suumo.jp//ms/chuko/fukuoka/sc_fukuokashichuo/nc_21694599/,薬院,西鉄天神大牟田線,4,2003-11-01,23,21694599
クラブエイリック藤崎南ザ・テラス,5690,福岡県福岡市早良区原１,地下鉄空港線「藤崎」徒歩12分,93.55,4LDK,2013年5月,https://suumo.jp//ms/chuko/fukuoka/sc_fukuokashisawara/nc_21554129/,藤崎,地下鉄空港線,12,2013-05-01,13,21554129
ダイアパレス大濠公園Ⅱ,5699,福岡県福岡市中央区荒戸２,地下鉄空港線「大濠公園」徒歩7分,70.92,3LDK,1996年3月,https://suumo.jp//ms/chuko/fukuoka/sc_fukuokashichuo/nc_21117643/,大濠公園,地下鉄空港線,7,1996-03-01,30,21117643
ジェネラスマンション百道,5700,福岡県福岡市早良区西新７,地下鉄空港線「藤崎」徒歩9分,92.0,4LDK,2004年1月,https://suumo.jp//ms/chuko/fukuoka/sc_fukuokashisawara/nc_20704171/,藤崎,地下鉄空港線,9,2004-01-01,22,20704171
アーバンパレスアルカディア博多駅東,5700,福岡県福岡市博多区東比恵４,地下鉄空港線「東比恵」徒歩1分,86.5,4LDK,1997年1月,https://suumo.jp//ms/chuko/fukuoka/sc_fukuokashihakata/nc_21275515/,東比恵,地下鉄空港線,1,1997-01-01,29,21275515
百道タワー,5780,福岡県福岡市早良区百道浜１,地下鉄空港線「西新」徒歩9分,57.44,1LDK,2004年2月,https://suumo.jp//ms/chuko/fukuoka/sc_fukuokashisawara/nc_21651274/,西新,地下鉄空港線,9,2004-02-01,22,21651274
コモダス天神,5780,福岡県福岡市中央区今泉２,地下鉄七隈線「薬院大通」徒歩7分,72.24,2LDK,1997年5月,https://suumo.jp//ms/chuko/fukuoka/sc_fukuokashichuo/nc_21393844/,薬院大通,地下鉄七隈線,7,1997-05-01,29,21393844
コモダス天神,5780,福岡県福岡市中央区今泉２,地下鉄七隈線「薬院大通」徒歩5分,72.24,2LDK,1997年5月,https://suumo.jp//ms/chuko/fukuoka/sc_fukuokashichuo/nc_21413363/,薬院大通,地下鉄七隈線,5,1997-05-01,29,21413363
アメックス大濠タワー,5780,福岡県福岡市中央区大手門３,地下鉄空港線「大濠公園」徒歩5分,55.76,1LDK,2006年7月,https://suumo.jp//ms/chuko/fukuoka/sc_fukuokashichuo/nc_21835951/,大濠公園,地下鉄空港線,5,2006-07-01,20,21835951
パストラルハイム六本松,5780,福岡県福岡市中央区谷１,地下鉄七隈線「六本松」徒歩7分,93.85,4LDK,1991年7月,https://suumo.jp//ms/chuko/fukuoka/sc_fukuokashichuo/nc_20683145/,六本松,地下鉄七隈線,7,1991-07-01,35,20683145
ネクサス百道　Ｓ棟,5780,福岡県福岡市早良区百道浜４,地下鉄空港線「藤崎」徒歩10分,89.1,3LDK,1989年11月,https://suumo.jp//ms/chuko/fukuoka/sc_fukuokashisawara/nc_21182813/,藤崎,地下鉄空港線,10,1989-11-01,37,21182813
パストラルハイム六本松,5780,福岡県福岡市中央区谷１,地下鉄七隈線「六本松」徒歩6分,93.85,4LDK,1991年7月,https://suumo.jp//ms/chuko/fukuoka/sc_fukuokashichuo/nc_20676273/,六本松,地下鉄七隈線,6,1991-07-01,35,20676273
コモダス天神,5780,福岡県福岡市中央区今泉２,地下鉄七隈線「薬院大通」徒歩6分,72.24,2LDK,1997年5月,https://suumo.jp//ms/chuko/fukuoka/sc_fukuokashichuo/nc_21528545/,薬院大通,地下鉄七隈線,6,1997-05-01,29,21528545
ロワールマンション西公園東,5780,福岡県福岡市中央区港２,地下鉄空港線「大濠公園」徒歩7分,70.17,3LDK,1999年1月,https://suumo.jp//ms/chuko/fukuoka/sc_fukuokashichuo/nc_21765076/,大濠公園,地下鉄空港線,7,1999-01-01,27,21765076
パストラルハイム六本松,5780,福岡県福岡市中央区谷１,地下鉄七隈線「六本松」徒歩6分,93.85,4LDK,1991年7月,https://suumo.jp//ms/chuko/fukuoka/sc_fukuokashichuo/nc_21260831/,六本松,地下鉄七隈線,6,1991-07-01,35,21260831
コモダス天神,5780,福岡県福岡市中央区今泉２,地下鉄七隈線「薬院大通」徒歩5分,72.24,2LDK,1997年5月,https://suumo.jp//ms/chuko/fukuoka/sc_fukuokashichuo/nc_21418220/,薬院大通,地下鉄七隈線,5,1997-05-01,29,21418220
ソピア天神,5780,福岡県福岡市中央区警固１,地下鉄空港線「赤坂」徒歩10分,74.0,2LDK+S（納戸）,1999年2月,https://suumo.jp//ms/chuko/fukuoka/sc_fukuokashichuo/nc_21642436/,赤坂,地下鉄空港線,10,1999-02-01,27,21642436
ヒューマインド博多駅東ネクスタイル,5799,福岡県福岡市博多区東比恵３-24,地下鉄空港線「東比恵」徒歩4分,80.11,3LDK,2005年4月,https://suumo.jp//ms/chuko/fukuoka/sc_fukuokashihakata/nc_21685131/,東比恵,地下鉄空港線,4,2005-04-01,21,21685131
ヒューマインド博多駅東ネクスタイル,5799,福岡県福岡市博多区東比恵３,地下鉄空港線「東比恵」徒歩5分,80.11,3LDK,2005年4月,https://suumo.jp//ms/chuko/fukuoka/sc_fukuokashihakata/nc_21221614/,東比恵,地下鉄空港線,5,2005-04-01,21,21221614
ヒューマインド博多駅東ネクスタイル,5799,福岡県福岡市博多区東比恵３-24-24,地下鉄空港線「東比恵」徒歩7分,80.11,3LDK,2005年4月,https://suumo.jp//ms/chuko/fukuoka/sc_fukuokashihakata/nc_21600190/,東比恵,地下鉄空港線,7,2005-04-01,21,21600190
ヒューマインド博多駅東ネクスタイル,5799,福岡県福岡市博多区東比恵３,地下鉄空港線「東比恵」徒歩5分,80.11,3LDK+S（納戸）,2005年4月,https://suumo.jp//ms/chuko/fukuoka/sc_fukuokashihakata/nc_21795551/,東比恵,地下鉄空港線,5,2005-04-01,21,21795551
ヒューマインド博多駅東ネクスタイル,5799,福岡県福岡市博多区東比恵３,地下鉄空港線「東比恵」徒歩5分,80.11,3LDK,2005年4月,https://suumo.jp//ms/chuko/fukuoka/sc_fukuokashihakata/nc_21199676/,東比恵,地下鉄空港線,5,2005-04-01,21,21199676
ヒューマインド博多駅東ネクスタイル,5799,福岡県福岡市博多区東比恵３-24-24,地下鉄空港線「東比恵」徒歩7分,80.11,3LDK,2005年4月,https://suumo.jp//ms/chuko/fukuoka/sc_fukuokashihakata/nc_21399271/,東比恵,地下鉄空港線,7,2005-04-01,21,21399271
ヒューマインド博多駅東ネクスタイル,5799,福岡県福岡市博多区東比恵３-24-24,地下鉄空港線「東比恵」徒歩5分,80.11,3LDK,2005年4月,https://suumo.jp//ms/chuko/fukuoka/sc_fukuokashihakata/nc_21823562/,東比恵,地下鉄空港線,5,2005-04-01,21,21823562
ヒューマインド博多駅東ネクスタイル,5799,福岡県福岡市博多区東比恵３-24-24,地下鉄空港線「東比恵」徒歩5分,80.11,3LDK,2005年4月,https://suumo.jp//ms/chuko/fukuoka/sc_fukuokashihakata/nc_21240893/,東比恵,地下鉄空港線,5,2005-04-01,21,21240893
ヒューマインド博多駅東ネクスタイル,5799,福岡県福岡市博多区東比恵３-24-24,地下鉄空港線「東比恵」徒歩6分,80.11,3LDK,2005年4月,https://suumo.jp//ms/chuko/fukuoka/sc_fukuokashihakata/nc_21766993/,東比恵,地下鉄空港線,6,2005-04-01,21,21766993
ヒューマインド博多駅東ネクスタイル,5799,福岡県福岡市博多区東比恵３,地下鉄空港線「東比恵」徒歩5分,80.11,3LDK,2005年4月,https://suumo.jp//ms/chuko/fukuoka/sc_fukuokashihakata/nc_21507120/,東比恵,地下鉄空港線,5,2005-04-01,21,21507120
ヒューマインド博多駅東ネクスタイル,5799,福岡県福岡市博多区東比恵３,地下鉄空港線「東比恵」徒歩7分,80.11,3LDK,2005年4月,https://suumo.jp//ms/chuko/fukuoka/sc_fukuokashihakata/nc_21667661/,東比恵,地下鉄空港線,7,2005-04-01,21,21667661
ヒューマインド博多駅東ネクスタイル,5799,福岡県福岡市博多区東比恵３,地下鉄空港線「東比恵」徒歩5分,80.11,3LDK,2005年4月,https://suumo.jp//ms/chuko/fukuoka/sc_fukuokashihakata/nc_21116231/,東比恵,地下鉄空港線,5,2005-04-01,21,21116231
ヒューマインド博多駅東ネクスタイル,5799,福岡県福岡市博多区東比恵３-24-24,地下鉄空港線「東比恵」徒歩4分,80.11,3LDK,2005年4月,https://suumo.jp//ms/chuko/fukuoka/sc_fukuokashihakata/nc_21135834/,東比恵,地下鉄空港線,4,2005-04-01,21,21135834
アーサー大濠倶楽部スカイコート,5800,福岡県福岡市中央区荒戸３,地下鉄空港線「唐人町」徒歩4分,72.12,3LDK,1996年2月,https://suumo.jp//ms/chuko/fukuoka/sc_fukuokashichuo/nc_21795523/,唐人町,地下鉄空港線,4,1996-02-01,30,21795523
モントーレ舞鶴ベイレジデンス,5800,福岡県福岡市中央区港１,地下鉄空港線「大濠公園」徒歩10分,60.65,2LDK,2019年6月,https://suumo.jp//ms/chuko/fukuoka/sc_fukuokashichuo/nc_21816113/,大濠公園,地下鉄空港線,10,2019-06-01,7,21816113
ティアラ薬院,5800,福岡県福岡市中央区薬院２,地下鉄七隈線「薬院大通」徒歩4分,100.84,3LDK,1991年6月,https://suumo.jp//ms/chuko/fukuoka/sc_fukuokashichuo/nc_20504005/,薬院大通,地下鉄七隈線,4,1991-06-01,35,20504005
オープンレジデンシア薬院二丁目,5800,福岡県福岡市中央区薬院２,地下鉄七隈線「薬院大通」徒歩3分,42.54,2LDK,2023年2月,https://suumo.jp//ms/chuko/fukuoka/sc_fukuokashichuo/nc_20469143/,薬院大通,地下鉄七隈線,3,2023-02-01,3,20469143
薬院中央パーク・ホームズ　イーストコート,5820,福岡県福岡市中央区薬院２,地下鉄七隈線「薬院大通」徒歩3分,68.07,3LDK,1997年3月,https://suumo.jp//ms/chuko/fukuoka/sc_fukuokashichuo/nc_21056078/,薬院大通,地下鉄七隈線,3,1997-03-01,29,21056078
シーサイドももちイーストステージ　１号棟,5880,福岡県福岡市早良区百道浜１,地下鉄空港線「西新」徒歩14分,90.76,3LDK,1990年3月,https://suumo.jp//ms/chuko/fukuoka/sc_fukuokashisawara/nc_21844285/,西新,地下鉄空港線,14,1990-03-01,36,21844285
インプレスト天神オークタワー,5880,福岡県福岡市中央区長浜２,地下鉄空港線「赤坂」徒歩9分,56.79,2LDK,2020年5月,https://suumo.jp//ms/chuko/fukuoka/sc_fukuokashichuo/nc_20764595/,赤坂,地下鉄空港線,9,2020-05-01,6,20764595
エクレール平尾,5890,福岡県福岡市中央区平尾１,西鉄天神大牟田線「薬院」徒歩9分,78.53,3LDK,1996年9月,https://suumo.jp//ms/chuko/fukuoka/sc_fukuokashichuo/nc_21830883/,薬院,西鉄天神大牟田線,9,1996-09-01,30,21830883
オープンレジデンシア大濠西,5950,福岡県福岡市中央区今川２,地下鉄空港線「唐人町」徒歩10分,53.62,2LDK,2024年8月,https://suumo.jp//ms/chuko/fukuoka/sc_fukuokashichuo/nc_20690267/,唐人町,地下鉄空港線,10,2024-08-01,2,20690267
グランドパレス百道,5960,福岡県福岡市早良区百道３,地下鉄空港線「藤崎」徒歩8分,62.61,2LDK,2022年1月,https://suumo.jp//ms/chuko/fukuoka/sc_fukuokashisawara/nc_21281673/,藤崎,地下鉄空港線,8,2022-01-01,4,21281673
グランアルト天神タワー,5980,福岡県福岡市中央区今泉２,地下鉄空港線「天神」徒歩9分,55.68,1LDK,2004年9月,https://suumo.jp//ms/chuko/fukuoka/sc_fukuokashichuo/nc_21595197/,天神,地下鉄空港線,9,2004-09-01,22,21595197
西新百道パークホームズ,5980,福岡県福岡市早良区西新７,地下鉄空港線「西新」徒歩12分,76.83,3LDK,2001年3月,https://suumo.jp//ms/chuko/fukuoka/sc_fukuokashisawara/nc_20745034/,西新,地下鉄空港線,12,2001-03-01,25,20745034
コスモ西新七丁目　【担当：中見】　までお気軽にお問合…,5980,福岡県福岡市早良区西新７-1-17,地下鉄空港線「藤崎」徒歩4分,70.01,2LDK+S（納戸）,2000年9月,https://suumo.jp//ms/chuko/fukuoka/sc_fukuokashisawara/nc_20292711/,藤崎,地下鉄空港線,4,2000-09-01,26,20292711
シティライフ博多駅南,5980,福岡県福岡市博多区博多駅南３,ＪＲ鹿児島本線「博多」徒歩15分,80.18,3LDK,2000年8月,https://suumo.jp//ms/chuko/fukuoka/sc_fukuokashihakata/nc_21730984/,博多,ＪＲ鹿児島本線,15,2000-08-01,26,21730984
アルバガーデングランデージ大濠西,5980,福岡県福岡市中央区今川２-5-23,地下鉄空港線「西新」徒歩7分,72.84,3LDK,2011年8月,https://suumo.jp//ms/chuko/fukuoka/sc_fukuokashichuo/nc_21567153/,西新,地下鉄空港線,7,2011-08-01,15,21567153
インプレスト天神オークタワー,5980,福岡県福岡市中央区長浜２,地下鉄空港線「赤坂」徒歩8分,61.28,2LDK,2020年5月,https://suumo.jp//ms/chuko/fukuoka/sc_fukuokashichuo/nc_21188010/,赤坂,地下鉄空港線,8,2020-05-01,6,21188010
サンリヤン薬院公園,5980,福岡県福岡市中央区薬院３-10-42,地下鉄七隈線「薬院」徒歩5分,62.84,2LDK,2002年3月,https://suumo.jp//ms/chuko/fukuoka/sc_fukuokashichuo/nc_21294623/,薬院,地下鉄七隈線,5,2002-03-01,24,21294623
ミスモ薬院ネクスト,5980,福岡県福岡市中央区高砂１,地下鉄七隈線「渡辺通」徒歩7分,52.7,1LDK,2026年4月,https://suumo.jp//ms/chuko/fukuoka/sc_fukuokashichuo/nc_21785810/,渡辺通,地下鉄七隈線,7,2026-04-01,0,21785810
コスモ西新七丁目,5980,福岡県福岡市早良区西新７,地下鉄空港線「藤崎」徒歩4分,70.01,2LDK+S（納戸）,2000年9月,https://suumo.jp//ms/chuko/fukuoka/sc_fukuokashisawara/nc_21838810/,藤崎,地下鉄空港線,4,2000-09-01,26,21838810
ロワールガーデン西公園東２,5980,福岡県福岡市中央区港１,地下鉄空港線「大濠公園」徒歩7分,73.15,3LDK,2000年6月,https://suumo.jp//ms/chuko/fukuoka/sc_fukuokashichuo/nc_21460978/,大濠公園,地下鉄空港線,7,2000-06-01,26,21460978
グランアルト天神タワー,5980,福岡県福岡市中央区今泉２,地下鉄七隈線「天神南」徒歩9分,55.68,1LDK,2004年9月,https://suumo.jp//ms/chuko/fukuoka/sc_fukuokashichuo/nc_21657728/,天神南,地下鉄七隈線,9,2004-09-01,22,21657728
ブライトパークサンリヤン地行Ⅲ番館,5980,福岡県福岡市中央区地行３,地下鉄空港線「西新」徒歩9分,70.33,3LDK,2012年10月,https://suumo.jp//ms/chuko/fukuoka/sc_fukuokashichuo/nc_21815275/,西新,地下鉄空港線,9,2012-10-01,14,21815275
アクロス薬院レジーナガーデン,5980,福岡県福岡市中央区高砂２,西鉄天神大牟田線「薬院」徒歩9分,60.65,2LDK,2019年8月,https://suumo.jp//ms/chuko/fukuoka/sc_fukuokashichuo/nc_20826822/,薬院,西鉄天神大牟田線,9,2019-08-01,7,20826822
コモダス天神,5980,福岡県福岡市中央区今泉２,地下鉄七隈線「薬院大通」徒歩6分,71.02,3LDK,1997年5月,https://suumo.jp//ms/chuko/fukuoka/sc_fukuokashichuo/nc_21675899/,薬院大通,地下鉄七隈線,6,1997-05-01,29,21675899
シティライフ博多駅南,5980,福岡県福岡市博多区博多駅南３,ＪＲ鹿児島本線「博多」徒歩15分,80.18,3LDK,2000年8月,https://suumo.jp//ms/chuko/fukuoka/sc_fukuokashihakata/nc_21801836/,博多,ＪＲ鹿児島本線,15,2000-08-01,26,21801836
パストラルハイム六本松,5980,福岡県福岡市中央区谷１-１６－５３,地下鉄七隈線「六本松」徒歩7分,93.85,4LDK,1991年7月,https://suumo.jp//ms/chuko/fukuoka/sc_fukuokashichuo/nc_21057054/,六本松,地下鉄七隈線,7,1991-07-01,35,21057054
シティライフ呉服町,5990,福岡県福岡市博多区下呉服町,地下鉄空港線「中洲川端」徒歩15分,82.82,4LDK,2000年2月,https://suumo.jp//ms/chuko/fukuoka/sc_fukuokashihakata/nc_21375206/,中洲川端,地下鉄空港線,15,2000-02-01,26,21375206
インプレスト天神オークタワー,5990,福岡県福岡市中央区長浜２,地下鉄空港線「赤坂」徒歩9分,56.79,2LDK,2020年5月,https://suumo.jp//ms/chuko/fukuoka/sc_fukuokashichuo/nc_78973290/,赤坂,地下鉄空港線,9,2020-05-01,6,78973290
インプレスト天神オークタワー,5990,福岡県福岡市中央区長浜２,地下鉄空港線「赤坂」徒歩9分,56.79,2LDK,2020年5月,https://suumo.jp//ms/chuko/fukuoka/sc_fukuokashichuo/nc_78957814/,赤坂,地下鉄空港線,9,2020-05-01,6,78957814
アソシアビュー博多アドレス,5990,福岡県福岡市博多区豊１,地下鉄空港線「東比恵」徒歩11分,90.64,3LDK,2015年2月,https://suumo.jp//ms/chuko/fukuoka/sc_fukuokashihakata/nc_21530296/,東比恵,地下鉄空港線,11,2015-02-01,11,21530296
インプレスト天神オークタワー,5990,福岡県福岡市中央区長浜２,地下鉄空港線「赤坂」徒歩10分,56.79,2LDK,2020年5月,https://suumo.jp//ms/chuko/fukuoka/sc_fukuokashichuo/nc_79072559/,赤坂,地下鉄空港線,10,2020-05-01,6,79072559
アースコート渡辺通り,5990,福岡県福岡市中央区清川１,地下鉄七隈線「渡辺通」徒歩7分,71.66,2LDK,1999年11月,https://suumo.jp//ms/chuko/fukuoka/sc_fukuokashichuo/nc_21721652/,渡辺通,地下鉄七隈線,7,1999-11-01,27,21721652
ペルル大濠公園,5999,福岡県福岡市中央区荒戸３,地下鉄空港線「大濠公園」徒歩9分,59.03,2LDK,1999年7月,https://suumo.jp//ms/chuko/fukuoka/sc_fukuokashichuo/nc_21801217/,大濠公園,地下鉄空港線,9,1999-07-01,27,21801217
グリーンマンション薬院,5999,福岡県福岡市中央区薬院２,地下鉄七隈線「薬院大通」徒歩5分,88.26,3LDK,1986年8月,https://suumo.jp//ms/chuko/fukuoka/sc_fukuokashichuo/nc_21307795/,薬院大通,地下鉄七隈線,5,1986-08-01,40,21307795
グリーンマンション薬院,5999,福岡県福岡市中央区薬院２-６－１９,地下鉄七隈線「薬院大通」徒歩5分,88.26,3LDK,1986年8月,https://suumo.jp//ms/chuko/fukuoka/sc_fukuokashichuo/nc_21569168/,薬院大通,地下鉄七隈線,5,1986-08-01,40,21569168
リーベスト祖原公園アソシア,5999,福岡県福岡市早良区昭代１,地下鉄空港線「西新」徒歩14分,74.67,3LDK,1999年3月,https://suumo.jp//ms/chuko/fukuoka/sc_fukuokashisawara/nc_21795570/,西新,地下鉄空港線,14,1999-03-01,27,21795570
リーベスト祖原公園アソシア,5999,福岡県福岡市早良区昭代１,地下鉄空港線「西新」徒歩11分,74.67,3LDK,1999年3月,https://suumo.jp//ms/chuko/fukuoka/sc_fukuokashisawara/nc_21802771/,西新,地下鉄空港線,11,1999-03-01,27,21802771
グリーンマンション薬院,5999,福岡県福岡市中央区薬院２,地下鉄七隈線「薬院大通」徒歩5分,88.26,3LDK,1986年8月,https://suumo.jp//ms/chuko/fukuoka/sc_fukuokashichuo/nc_21694600/,薬院大通,地下鉄七隈線,5,1986-08-01,40,21694600
ペルル奈良屋,5999,福岡県福岡市博多区奈良屋町7-21,地下鉄空港線「中洲川端」徒歩7分,79.96,3LDK,1999年8月,https://suumo.jp//ms/chuko/fukuoka/sc_fukuokashihakata/nc_21685133/,中洲川端,地下鉄空港線,7,1999-08-01,27,21685133
リーベスト祖原公園アソシア,5999,福岡県福岡市早良区昭代１,地下鉄空港線「西新」徒歩12分,74.67,3LDK,1999年3月,https://suumo.jp//ms/chuko/fukuoka/sc_fukuokashisawara/nc_21846807/,西新,地下鉄空港線,12,1999-03-01,27,21846807
ロマネスク浄水通り第２,5999,福岡県福岡市中央区薬院４,地下鉄七隈線「薬院大通」徒歩7分,84.47,3LDK,1987年12月,https://suumo.jp//ms/chuko/fukuoka/sc_fukuokashichuo/nc_21708617/,薬院大通,地下鉄七隈線,7,1987-12-01,39,21708617
ヒューマンインド博多駅東ネクスタイル,5999,福岡県福岡市博多区東比恵３,地下鉄空港線「東比恵」徒歩6分,80.11,3LDK,2005年4月,https://suumo.jp//ms/chuko/fukuoka/sc_fukuokashihakata/nc_21134993/,東比恵,地下鉄空港線,6,2005-04-01,21,21134993
シティライフ呉服町,6080,福岡県福岡市博多区下呉服町,地下鉄空港線「中洲川端」徒歩13分,82.82,3LDK,2000年2月,https://suumo.jp//ms/chuko/fukuoka/sc_fukuokashihakata/nc_21734084/,中洲川端,地下鉄空港線,13,2000-02-01,26,21734084
デュオヴェール大濠公園,6080,福岡県福岡市中央区荒戸３,地下鉄空港線「大濠公園」徒歩8分,49.42,2LDK,2019年2月,https://suumo.jp//ms/chuko/fukuoka/sc_fukuokashichuo/nc_20598684/,大濠公園,地下鉄空港線,8,2019-02-01,7,20598684
シティハウス室見ステーションコート,6130,福岡県福岡市早良区室見１-4-1,地下鉄空港線「藤崎」徒歩9分,66.12,3LDK,2018年1月,https://suumo.jp//ms/chuko/fukuoka/sc_fukuokashisawara/nc_21413587/,藤崎,地下鉄空港線,9,2018-01-01,8,21413587
グランディア百道浜通り,6180,福岡県福岡市早良区西新２-23-12,地下鉄空港線「西新」徒歩9分,68.66,3LDK,2006年4月,https://suumo.jp//ms/chuko/fukuoka/sc_fukuokashisawara/nc_21085228/,西新,地下鉄空港線,9,2006-04-01,20,21085228
グランディア百道浜通り,6180,福岡県福岡市早良区西新２,地下鉄空港線「西新」徒歩9分,68.66,3LDK,2006年4月,https://suumo.jp//ms/chuko/fukuoka/sc_fukuokashisawara/nc_21623207/,西新,地下鉄空港線,9,2006-04-01,20,21623207
グランディア百道浜通り,6180,福岡県福岡市早良区西新２-23-12,地下鉄空港線「西新」徒歩9分,68.66,3LDK,2006年4月,https://suumo.jp//ms/chuko/fukuoka/sc_fukuokashisawara/nc_21563572/,西新,地下鉄空港線,9,2006-04-01,20,21563572
プレミスト赤坂けやき通り,6180,福岡県福岡市中央区赤坂２,地下鉄空港線「赤坂」徒歩10分,47.69,2LDK,2023年8月,https://suumo.jp//ms/chuko/fukuoka/sc_fukuokashichuo/nc_21023626/,赤坂,地下鉄空港線,10,2023-08-01,3,21023626
グランディア百道浜通り,6180,福岡県福岡市早良区西新２,地下鉄空港線「西新」徒歩9分,68.66,3LDK,2006年4月,https://suumo.jp//ms/chuko/fukuoka/sc_fukuokashisawara/nc_21146283/,西新,地下鉄空港線,9,2006-04-01,20,21146283
グランディア百道浜通り,6180,福岡県福岡市早良区西新２-23-12,地下鉄空港線「西新」徒歩8分,68.66,3LDK,2006年4月,https://suumo.jp//ms/chuko/fukuoka/sc_fukuokashisawara/nc_21453046/,西新,地下鉄空港線,8,2006-04-01,20,21453046
グランディア百道浜通り,6180,福岡県福岡市早良区西新２,地下鉄空港線「西新」徒歩10分,68.66,3LDK,2006年4月,https://suumo.jp//ms/chuko/fukuoka/sc_fukuokashisawara/nc_21277287/,西新,地下鉄空港線,10,2006-04-01,20,21277287
グランディア百道浜通り,6180,福岡県福岡市早良区西新２,地下鉄空港線「西新」徒歩9分,68.66,3LDK,2006年4月,https://suumo.jp//ms/chuko/fukuoka/sc_fukuokashisawara/nc_21129688/,西新,地下鉄空港線,9,2006-04-01,20,21129688
クリオ渡辺通アーバンマークス,6200,福岡県福岡市中央区清川２,地下鉄七隈線「渡辺通」徒歩10分,53.94,2LDK,2023年2月,https://suumo.jp//ms/chuko/fukuoka/sc_fukuokashichuo/nc_21322482/,渡辺通,地下鉄七隈線,10,2023-02-01,3,21322482
東急ドエルプレステージ平尾,6200,福岡県福岡市中央区平尾４,地下鉄七隈線「薬院大通」徒歩12分,103.96,3LDK,1997年3月,https://suumo.jp//ms/chuko/fukuoka/sc_fukuokashichuo/nc_21785485/,薬院大通,地下鉄七隈線,12,1997-03-01,29,21785485
西新二丁目パーク・ホームズ,6280,福岡県福岡市早良区西新２,地下鉄空港線「西新」徒歩7分,76.8,3LDK,2001年5月,https://suumo.jp//ms/chuko/fukuoka/sc_fukuokashisawara/nc_21603761/,西新,地下鉄空港線,7,2001-05-01,25,21603761
シティハウス室見ステーションコート,6280,福岡県福岡市早良区室見１,地下鉄空港線「藤崎」徒歩8分,66.12,3LDK,2018年1月,https://suumo.jp//ms/chuko/fukuoka/sc_fukuokashisawara/nc_21701746/,藤崎,地下鉄空港線,8,2018-01-01,8,21701746
グランドメゾン福岡　Ｔｈｅ　Ｃｅｎｔｒａｌ　Ｌｕｘｅ,6300,福岡県福岡市中央区渡辺通２,西鉄天神大牟田線「薬院」徒歩3分,44.25,1LDK,2025年6月,https://suumo.jp//ms/chuko/fukuoka/sc_fukuokashichuo/nc_21312147/,薬院,西鉄天神大牟田線,3,2025-06-01,1,21312147
ダイアパレス唐人町,6380,福岡県福岡市中央区唐人町１,地下鉄空港線「唐人町」徒歩3分,69.83,1LDK+S（納戸）,2000年11月,https://suumo.jp//ms/chuko/fukuoka/sc_fukuokashichuo/nc_21480660/,唐人町,地下鉄空港線,3,2000-11-01,26,21480660
ロイヤルマンション六本松,6380,福岡県福岡市中央区梅光園１,地下鉄七隈線「六本松」徒歩6分,88.81,3LDK,1989年1月,https://suumo.jp//ms/chuko/fukuoka/sc_fukuokashichuo/nc_21757950/,六本松,地下鉄七隈線,6,1989-01-01,37,21757950
コモダスパッソ天神,6390,福岡県福岡市中央区渡辺通５-6-18,地下鉄七隈線「天神南」徒歩4分,64.15,2LDK,2000年10月,https://suumo.jp//ms/chuko/fukuoka/sc_fukuokashichuo/nc_21274553/,天神南,地下鉄七隈線,4,2000-10-01,26,21274553
コスモシティ地行,6400,福岡県福岡市中央区地行４,地下鉄空港線「唐人町」徒歩5分,84.04,3LDK,2002年3月,https://suumo.jp//ms/chuko/fukuoka/sc_fukuokashichuo/nc_21093790/,唐人町,地下鉄空港線,5,2002-03-01,24,21093790
パークヒルズ櫻坂ステージI,6480,福岡県福岡市中央区桜坂３,地下鉄七隈線「桜坂」徒歩5分,131.34,3LDK,1993年8月,https://suumo.jp//ms/chuko/fukuoka/sc_fukuokashichuo/nc_20602025/,桜坂,地下鉄七隈線,5,1993-08-01,33,20602025
ザ・パークハウス西新二丁目,6480,福岡県福岡市早良区西新２,地下鉄空港線「西新」徒歩8分,63.06,2LDK,2016年12月,https://suumo.jp//ms/chuko/fukuoka/sc_fukuokashisawara/nc_21854706/,西新,地下鉄空港線,8,2016-12-01,10,21854706
シーサイドももちヴェルデコート　６番館,6480,福岡県福岡市早良区百道浜３,地下鉄空港線「藤崎」徒歩11分,94.47,3LDK,1991年7月,https://suumo.jp//ms/chuko/fukuoka/sc_fukuokashisawara/nc_21478021/,藤崎,地下鉄空港線,11,1991-07-01,35,21478021
アーサー大濠倶楽部スカイコート,6480,福岡県福岡市中央区荒戸３-２－１６,地下鉄空港線「唐人町」徒歩4分,72.6,3LDK,1996年2月,https://suumo.jp//ms/chuko/fukuoka/sc_fukuokashichuo/nc_21664825/,唐人町,地下鉄空港線,4,1996-02-01,30,21664825
シーサイドももちヴェルデコート6番館,6480,福岡県福岡市早良区百道浜３,地下鉄空港線「藤崎」徒歩11分,94.47,3LDK,1991年7月,https://suumo.jp//ms/chuko/fukuoka/sc_fukuokashisawara/nc_21466296/,藤崎,地下鉄空港線,11,1991-07-01,35,21466296
シーサイドももちヴェルデコート6番館,6480,福岡県福岡市早良区百道浜３-3-6,地下鉄空港線「藤崎」徒歩11分,94.47,3LDK,1991年7月,https://suumo.jp//ms/chuko/fukuoka/sc_fukuokashisawara/nc_21611749/,藤崎,地下鉄空港線,11,1991-07-01,35,21611749
モントーレセントラルベイコート,6480,福岡県福岡市中央区長浜３,地下鉄空港線「大濠公園」徒歩10分,68.07,2LDK+S（納戸）,2014年1月,https://suumo.jp//ms/chuko/fukuoka/sc_fukuokashichuo/nc_21054604/,大濠公園,地下鉄空港線,10,2014-01-01,12,21054604
サークコート大濠公園駅,6480,福岡県福岡市中央区荒戸２,地下鉄空港線「大濠公園」徒歩3分,77.73,4LDK,2001年2月,https://suumo.jp//ms/chuko/fukuoka/sc_fukuokashichuo/nc_21677237/,大濠公園,地下鉄空港線,3,2001-02-01,25,21677237
アーバンパレスアルカディア博多駅東,6480,福岡県福岡市博多区東比恵４,地下鉄空港線「東比恵」徒歩3分,86.5,4LDK,1997年1月,https://suumo.jp//ms/chuko/fukuoka/sc_fukuokashihakata/nc_21385084/,東比恵,地下鉄空港線,3,1997-01-01,29,21385084
大濠公園パーク・ホームズ,6480,福岡県福岡市中央区今川１,地下鉄空港線「唐人町」徒歩8分,71.19,3LDK,2000年11月,https://suumo.jp//ms/chuko/fukuoka/sc_fukuokashichuo/nc_21126561/,唐人町,地下鉄空港線,8,2000-11-01,26,21126561
シーサイドももちヴェルデコート６番館,6480,福岡県福岡市早良区百道浜３,地下鉄空港線「藤崎」徒歩10分,94.47,3LDK,1991年7月,https://suumo.jp//ms/chuko/fukuoka/sc_fukuokashisawara/nc_21477075/,藤崎,地下鉄空港線,10,1991-07-01,35,21477075
トーカンマンション天神南,6490,福岡県福岡市中央区今泉１,西鉄天神大牟田線「薬院」徒歩6分,75.33,3LDK,1996年1月,https://suumo.jp//ms/chuko/fukuoka/sc_fukuokashichuo/nc_21861745/,薬院,西鉄天神大牟田線,6,1996-01-01,30,21861745
トーカンマンション天神南,6490,福岡県福岡市中央区今泉１,西鉄天神大牟田線「薬院」徒歩6分,75.33,3LDK,1996年1月,https://suumo.jp//ms/chuko/fukuoka/sc_fukuokashichuo/nc_21435349/,薬院,西鉄天神大牟田線,6,1996-01-01,30,21435349
アドリーム西新二丁目,6490,福岡県福岡市早良区西新２,地下鉄空港線「西新」徒歩6分,72.59,3LDK,1997年4月,https://suumo.jp//ms/chuko/fukuoka/sc_fukuokashisawara/nc_21006243/,西新,地下鉄空港線,6,1997-04-01,29,21006243
エステートマンション大濠グランディール,6499,福岡県福岡市中央区今川２,地下鉄空港線「唐人町」徒歩9分,85.23,3LDK,1991年3月,https://suumo.jp//ms/chuko/fukuoka/sc_fukuokashichuo/nc_21834651/,唐人町,地下鉄空港線,9,1991-03-01,35,21834651
サーパス城南,6499,福岡県福岡市城南区田島１,地下鉄七隈線「別府」徒歩13分,94.85,4LDK,2007年1月,https://suumo.jp//ms/chuko/fukuoka/sc_fukuokashijonan/nc_21427034/,別府,地下鉄七隈線,13,2007-01-01,19,21427034
ソレイユ赤坂南,6499,福岡県福岡市中央区六本松３,地下鉄七隈線「桜坂」徒歩7分,94.88,4LDK,1989年10月,https://suumo.jp//ms/chuko/fukuoka/sc_fukuokashichuo/nc_21838726/,桜坂,地下鉄七隈線,7,1989-10-01,37,21838726
エステートマンション大濠グランディール,6499,福岡県福岡市中央区今川２,地下鉄空港線「唐人町」徒歩9分,85.23,3LDK,1991年3月,https://suumo.jp//ms/chuko/fukuoka/sc_fukuokashichuo/nc_21640545/,唐人町,地下鉄空港線,9,1991-03-01,35,21640545
エステートマンション大濠グランディール,6499,福岡県福岡市中央区今川２-7-52,地下鉄空港線「西新」徒歩11分,85.23,3LDK,1991年3月,https://suumo.jp//ms/chuko/fukuoka/sc_fukuokashichuo/nc_21672108/,西新,地下鉄空港線,11,1991-03-01,35,21672108
ソレイユ赤坂南,6499,福岡県福岡市中央区六本松３,地下鉄七隈線「桜坂」徒歩6分,96.95,4LDK,1989年10月,https://suumo.jp//ms/chuko/fukuoka/sc_fukuokashichuo/nc_21780476/,桜坂,地下鉄七隈線,6,1989-10-01,37,21780476
エステートマンション大濠グランディール,6499,福岡県福岡市中央区今川２,地下鉄空港線「唐人町」徒歩8分,85.23,3LDK,1991年3月,https://suumo.jp//ms/chuko/fukuoka/sc_fukuokashichuo/nc_21802775/,唐人町,地下鉄空港線,8,1991-03-01,35,21802775
エステートマンション大濠グランディール,6499,福岡県福岡市中央区今川２,地下鉄空港線「唐人町」徒歩9分,85.23,3LDK,1991年3月,https://suumo.jp//ms/chuko/fukuoka/sc_fukuokashichuo/nc_21814180/,唐人町,地下鉄空港線,9,1991-03-01,35,21814180
エステートマンション大濠グランディール,6499,福岡県福岡市中央区今川２-7-52,地下鉄空港線「唐人町」徒歩9分,85.23,3LDK,1991年3月,https://suumo.jp//ms/chuko/fukuoka/sc_fukuokashichuo/nc_21614174/,唐人町,地下鉄空港線,9,1991-03-01,35,21614174
ＪＱ浄水東通り,6499,福岡県福岡市中央区薬院４,地下鉄七隈線「薬院大通」徒歩5分,67.58,1LDK,2006年9月,https://suumo.jp//ms/chuko/fukuoka/sc_fukuokashichuo/nc_21468612/,薬院大通,地下鉄七隈線,5,2006-09-01,20,21468612
ロイヤルマンション六本松,6500,福岡県福岡市中央区梅光園１,地下鉄七隈線「六本松」徒歩6分,87.12,2LDK,1989年1月,https://suumo.jp//ms/chuko/fukuoka/sc_fukuokashichuo/nc_21108936/,六本松,地下鉄七隈線,6,1989-01-01,37,21108936
ロイヤルマンション六本松,6500,福岡県福岡市中央区梅光園１,地下鉄七隈線「六本松」徒歩6分,87.12,2LDK,1989年1月,https://suumo.jp//ms/chuko/fukuoka/sc_fukuokashichuo/nc_20127824/,六本松,地下鉄七隈線,6,1989-01-01,37,20127824
アンピールマキシム高取,6500,福岡県福岡市早良区高取１-26-11,地下鉄空港線「藤崎」徒歩8分,102.71,4LDK,1990年2月,https://suumo.jp//ms/chuko/fukuoka/sc_fukuokashisawara/nc_21606622/,藤崎,地下鉄空港線,8,1990-02-01,36,21606622
ロイヤルマンション六本松,6500,福岡県福岡市中央区梅光園１-1-5,地下鉄七隈線「六本松」徒歩6分,87.12,2LDK,1989年1月,https://suumo.jp//ms/chuko/fukuoka/sc_fukuokashichuo/nc_20752967/,六本松,地下鉄七隈線,6,1989-01-01,37,20752967
ロイヤルマンション六本松,6500,福岡県福岡市中央区梅光園１,地下鉄七隈線「六本松」徒歩6分,87.12,2LDK,1989年1月,https://suumo.jp//ms/chuko/fukuoka/sc_fukuokashichuo/nc_20869936/,六本松,地下鉄七隈線,6,1989-01-01,37,20869936
シティタワー西新,6580,福岡県福岡市早良区城西３,地下鉄空港線「西新」徒歩3分,57.37,2LDK,2012年10月,https://suumo.jp//ms/chuko/fukuoka/sc_fukuokashisawara/nc_21085432/,西新,地下鉄空港線,3,2012-10-01,14,21085432
アドリーム天神,6590,福岡県福岡市中央区今泉２,地下鉄七隈線「薬院大通」徒歩5分,76.53,2LDK+S（納戸）,1999年6月,https://suumo.jp//ms/chuko/fukuoka/sc_fukuokashichuo/nc_21830311/,薬院大通,地下鉄七隈線,5,1999-06-01,27,21830311
クリスタージュ壱番館,6599,福岡県福岡市早良区百道浜４,地下鉄空港線「藤崎」徒歩11分,95.53,3LDK,1992年5月,https://suumo.jp//ms/chuko/fukuoka/sc_fukuokashisawara/nc_21750629/,藤崎,地下鉄空港線,11,1992-05-01,34,21750629
グランドメゾン平尾,6599,福岡県福岡市中央区平尾２,地下鉄七隈線「薬院」徒歩12分,75.34,3LDK,1998年5月,https://suumo.jp//ms/chuko/fukuoka/sc_fukuokashichuo/nc_21607021/,薬院,地下鉄七隈線,12,1998-05-01,28,21607021
デュレジア薬院スタンス,6620,福岡県福岡市中央区薬院３,地下鉄七隈線「薬院」徒歩7分,53.14,2LDK,2023年2月,https://suumo.jp//ms/chuko/fukuoka/sc_fukuokashichuo/nc_21657523/,薬院,地下鉄七隈線,7,2023-02-01,3,21657523
デュレジア薬院スタンス,6620,福岡県福岡市中央区薬院３,西鉄天神大牟田線「薬院」徒歩7分,53.14,2LDK,2023年2月,https://suumo.jp//ms/chuko/fukuoka/sc_fukuokashichuo/nc_21598045/,薬院,西鉄天神大牟田線,7,2023-02-01,3,21598045
藤和シティコープ西新,6690,福岡県福岡市早良区西新１,地下鉄空港線「西新」徒歩3分,69.6,3LDK,1995年9月,https://suumo.jp//ms/chuko/fukuoka/sc_fukuokashisawara/nc_21677230/,西新,地下鉄空港線,3,1995-09-01,31,21677230
ネオヒューマインド別府駅前,6700,福岡県福岡市城南区別府２,地下鉄七隈線「別府」徒歩3分,79.56,2LDK,2009年6月,https://suumo.jp//ms/chuko/fukuoka/sc_fukuokashijonan/nc_21188017/,別府,地下鉄七隈線,3,2009-06-01,17,21188017
サングレート別府アカデミニアム,6730,福岡県福岡市城南区別府４,地下鉄七隈線「別府」徒歩3分,81.56,3LDK,2007年4月,https://suumo.jp//ms/chuko/fukuoka/sc_fukuokashijonan/nc_21104109/,別府,地下鉄七隈線,3,2007-04-01,19,21104109
アクロス天神センタープラザ,6780,福岡県福岡市中央区渡辺通３,地下鉄七隈線「渡辺通」徒歩6分,71.11,2LDK,2005年7月,https://suumo.jp//ms/chuko/fukuoka/sc_fukuokashichuo/nc_78982914/,渡辺通,地下鉄七隈線,6,2005-07-01,21,78982914
ロイヤルマンション大濠セーヌ,6780,福岡県福岡市中央区草香江２,地下鉄七隈線「六本松」徒歩7分,71.25,2LDK+S（納戸）,2003年10月,https://suumo.jp//ms/chuko/fukuoka/sc_fukuokashichuo/nc_20780549/,六本松,地下鉄七隈線,7,2003-10-01,23,20780549
東急ドエルアルス大濠西,6798,福岡県福岡市中央区今川１,地下鉄空港線「唐人町」徒歩7分,78.72,3LDK,1999年3月,https://suumo.jp//ms/chuko/fukuoka/sc_fukuokashichuo/nc_21842593/,唐人町,地下鉄空港線,7,1999-03-01,27,21842593
シーサイドももちクリスタージュ壱番館,6799,福岡県福岡市早良区百道浜４,地下鉄空港線「藤崎」徒歩11分,107.81,4LDK,1992年5月,https://suumo.jp//ms/chuko/fukuoka/sc_fukuokashisawara/nc_21187986/,藤崎,地下鉄空港線,11,1992-05-01,34,21187986
アクロス天神Vタワー,6799,福岡県福岡市中央区舞鶴１,地下鉄空港線「赤坂」徒歩6分,61.45,2LDK,2005年3月,https://suumo.jp//ms/chuko/fukuoka/sc_fukuokashichuo/nc_21860661/,赤坂,地下鉄空港線,6,2005-03-01,21,21860661
クリスタージュ壱番館,6799,福岡県福岡市早良区百道浜４,地下鉄空港線「藤崎」徒歩11分,107.81,4LDK,1992年5月,https://suumo.jp//ms/chuko/fukuoka/sc_fukuokashisawara/nc_21859739/,藤崎,地下鉄空港線,11,1992-05-01,34,21859739
モントーレ西公園アヴァンティ,6880,福岡県福岡市中央区荒戸２,地下鉄空港線「大濠公園」徒歩7分,84.76,4LDK,2013年3月,https://suumo.jp//ms/chuko/fukuoka/sc_fukuokashichuo/nc_21195846/,大濠公園,地下鉄空港線,7,2013-03-01,13,21195846
レーベン福岡天神　ＯＮＥ　ＴＯＷＥＲ,6880,福岡県福岡市中央区天神５-4-1,地下鉄空港線「天神」徒歩9分,43.7,1LDK,2024年1月,https://suumo.jp//ms/chuko/fukuoka/sc_fukuokashichuo/nc_20689977/,天神,地下鉄空港線,9,2024-01-01,2,20689977
ブランシエラ赤坂はなみずき通り,6880,福岡県福岡市中央区桜坂１,地下鉄七隈線「桜坂」徒歩5分,60.26,2LDK,2020年8月,https://suumo.jp//ms/chuko/fukuoka/sc_fukuokashichuo/nc_21314557/,桜坂,地下鉄七隈線,5,2020-08-01,6,21314557
レジデンス百道,6900,福岡県福岡市早良区百道２,地下鉄空港線「藤崎」徒歩3分,70.07,2LDK,2015年3月,https://suumo.jp//ms/chuko/fukuoka/sc_fukuokashisawara/nc_21748383/,藤崎,地下鉄空港線,3,2015-03-01,11,21748383
パークホームズ西新トラッドマークス,6940,福岡県福岡市早良区西新２,地下鉄空港線「西新」徒歩3分,67.72,2LDK,2018年5月,https://suumo.jp//ms/chuko/fukuoka/sc_fukuokashisawara/nc_20601934/,西新,地下鉄空港線,3,2018-05-01,8,20601934
東峰マンションアーバンスクエア博多駅,6980,福岡県福岡市博多区博多駅南１,ＪＲ鹿児島本線「博多」徒歩8分,73.32,3LDK,2000年11月,https://suumo.jp//ms/chuko/fukuoka/sc_fukuokashihakata/nc_21255250/,博多,ＪＲ鹿児島本線,8,2000-11-01,26,21255250
アクタス渡辺通パークシティ,6980,福岡県福岡市中央区清川２,地下鉄七隈線「渡辺通」徒歩9分,78.47,3LDK,2010年2月,https://suumo.jp//ms/chuko/fukuoka/sc_fukuokashichuo/nc_21520889/,渡辺通,地下鉄七隈線,9,2010-02-01,16,21520889
東峰マンションアーバンスクエア博多駅,6980,福岡県福岡市博多区博多駅南１,ＪＲ鹿児島本線「博多」徒歩9分,73.32,3LDK,2000年11月,https://suumo.jp//ms/chuko/fukuoka/sc_fukuokashihakata/nc_21731591/,博多,ＪＲ鹿児島本線,9,2000-11-01,26,21731591
ロワールマンション西公園東,6980,福岡県福岡市中央区港２,地下鉄空港線「大濠公園」徒歩6分,79.89,3LDK,1999年1月,https://suumo.jp//ms/chuko/fukuoka/sc_fukuokashichuo/nc_21105484/,大濠公園,地下鉄空港線,6,1999-01-01,27,21105484
コスモ警固ロイヤルフォルム,6980,福岡県福岡市中央区警固１,地下鉄空港線「赤坂」徒歩8分,66.18,3LDK,2001年8月,https://suumo.jp//ms/chuko/fukuoka/sc_fukuokashichuo/nc_20648503/,赤坂,地下鉄空港線,8,2001-08-01,25,20648503
アクタス渡辺通パークシティ,6980,福岡県福岡市中央区清川２,地下鉄七隈線「渡辺通」徒歩9分,78.47,3LDK,2010年2月,https://suumo.jp//ms/chuko/fukuoka/sc_fukuokashichuo/nc_21572474/,渡辺通,地下鉄七隈線,9,2010-02-01,16,21572474
アンピール空港通りⅡ,6980,福岡県福岡市博多区豊２,地下鉄空港線「東比恵」徒歩12分,105.28,4LDK,2009年3月,https://suumo.jp//ms/chuko/fukuoka/sc_fukuokashihakata/nc_79015072/,東比恵,地下鉄空港線,12,2009-03-01,17,79015072
アクタス渡辺通パークシティ,6980,福岡県福岡市中央区清川２,地下鉄七隈線「渡辺通」徒歩9分,78.47,3LDK,2010年3月,https://suumo.jp//ms/chuko/fukuoka/sc_fukuokashichuo/nc_20946419/,渡辺通,地下鉄七隈線,9,2010-03-01,16,20946419
ジオ・イニシア博多駅前,6980,福岡県福岡市博多区博多駅前４,地下鉄空港線「博多」徒歩11分,75.35,3LDK,2009年8月,https://suumo.jp//ms/chuko/fukuoka/sc_fukuokashihakata/nc_21143214/,博多,地下鉄空港線,11,2009-08-01,17,21143214
コスモシティ地行,6980,福岡県福岡市中央区地行４,地下鉄空港線「唐人町」徒歩5分,91.01,4LDK,2002年3月,https://suumo.jp//ms/chuko/fukuoka/sc_fukuokashichuo/nc_20737937/,唐人町,地下鉄空港線,5,2002-03-01,24,20737937
ロワールマンション西公園東,6980,福岡県福岡市中央区港２,地下鉄空港線「大濠公園」徒歩6分,79.89,3LDK,1999年1月,https://suumo.jp//ms/chuko/fukuoka/sc_fukuokashichuo/nc_21035179/,大濠公園,地下鉄空港線,6,1999-01-01,27,21035179
コスモ西公園,6980,福岡県福岡市中央区西公園,地下鉄空港線「大濠公園」徒歩7分,82.42,3LDK,1997年9月,https://suumo.jp//ms/chuko/fukuoka/sc_fukuokashichuo/nc_21857344/,大濠公園,地下鉄空港線,7,1997-09-01,29,21857344
アクロス天神センタープラザ,6990,福岡県福岡市中央区渡辺通３,地下鉄七隈線「渡辺通」徒歩5分,82.26,4LDK,2005年7月,https://suumo.jp//ms/chuko/fukuoka/sc_fukuokashichuo/nc_21019427/,渡辺通,地下鉄七隈線,5,2005-07-01,21,21019427
ヴェルビュ警固,6990,福岡県福岡市中央区警固３,地下鉄七隈線「薬院大通」徒歩9分,88.56,4LDK,1996年3月,https://suumo.jp//ms/chuko/fukuoka/sc_fukuokashichuo/nc_21484087/,薬院大通,地下鉄七隈線,9,1996-03-01,30,21484087
コスモ六本松シティフォルム,6999,福岡県福岡市中央区草香江２,地下鉄七隈線「六本松」徒歩4分,70.58,3LDK,2000年2月,https://suumo.jp//ms/chuko/fukuoka/sc_fukuokashichuo/nc_20628876/,六本松,地下鉄七隈線,4,2000-02-01,26,20628876
コスモ六本松シティフォルム,6999,福岡県福岡市中央区草香江２,地下鉄七隈線「六本松」徒歩5分,70.58,3LDK,2000年2月,https://suumo.jp//ms/chuko/fukuoka/sc_fukuokashichuo/nc_21594829/,六本松,地下鉄七隈線,5,2000-02-01,26,21594829
コスモ六本松シティフォルム,6999,福岡県福岡市中央区草香江２-1-13,地下鉄七隈線「六本松」徒歩3分,70.58,3LDK,2000年2月,https://suumo.jp//ms/chuko/fukuoka/sc_fukuokashichuo/nc_21089885/,六本松,地下鉄七隈線,3,2000-02-01,26,21089885
コスモ六本松シティフォルム　1004号室,6999,福岡県福岡市中央区草香江２,地下鉄七隈線「六本松」徒歩3分,70.58,3LDK,2000年2月,https://suumo.jp//ms/chuko/fukuoka/sc_fukuokashichuo/nc_21753374/,六本松,地下鉄七隈線,3,2000-02-01,26,21753374
コスモ六本松シティフォルム,6999,福岡県福岡市中央区草香江２,地下鉄七隈線「六本松」徒歩3分,70.58,3LDK,2000年2月,https://suumo.jp//ms/chuko/fukuoka/sc_fukuokashichuo/nc_20704735/,六本松,地下鉄七隈線,3,2000-02-01,26,20704735
コスモ六本松シティフォルム,6999,福岡県福岡市中央区草香江２-1-13,地下鉄七隈線「六本松」徒歩4分,70.58,3LDK,2000年2月,https://suumo.jp//ms/chuko/fukuoka/sc_fukuokashichuo/nc_20723653/,六本松,地下鉄七隈線,4,2000-02-01,26,20723653
コスモ六本松シティフォルム,6999,福岡県福岡市中央区草香江２-1-13,地下鉄七隈線「六本松」徒歩4分,70.58,3LDK,2000年2月,https://suumo.jp//ms/chuko/fukuoka/sc_fukuokashichuo/nc_21042545/,六本松,地下鉄七隈線,4,2000-02-01,26,21042545
コスモ六本松シティフォルム,6999,福岡県福岡市中央区草香江２-1-13,地下鉄七隈線「六本松」徒歩2分,70.58,3LDK,2000年2月,https://suumo.jp//ms/chuko/fukuoka/sc_fukuokashichuo/nc_21832148/,六本松,地下鉄七隈線,2,2000-02-01,26,21832148
コスモ六本松シティフォルム,6999,福岡県福岡市中央区草香江２,地下鉄七隈線「六本松」徒歩5分,70.58,3LDK,2000年2月,https://suumo.jp//ms/chuko/fukuoka/sc_fukuokashichuo/nc_21183807/,六本松,地下鉄七隈線,5,2000-02-01,26,21183807
グランドメゾン薬院ザ・タワーレジデンス,6999,福岡県福岡市中央区薬院３,西鉄天神大牟田線「薬院」徒歩8分,53.67,1LDK,2022年6月,https://suumo.jp//ms/chuko/fukuoka/sc_fukuokashichuo/nc_21254834/,薬院,西鉄天神大牟田線,8,2022-06-01,4,21254834
グランドメゾン薬院ザ・タワーレジデンス,6999,福岡県福岡市中央区薬院３,地下鉄七隈線「薬院大通」徒歩5分,53.67,1LDK,2022年6月,https://suumo.jp//ms/chuko/fukuoka/sc_fukuokashichuo/nc_21029231/,薬院大通,地下鉄七隈線,5,2022-06-01,4,21029231
コスモ六本松シティフォルム,6999,福岡県福岡市中央区草香江２,地下鉄七隈線「六本松」徒歩4分,70.58,3LDK,2000年2月,https://suumo.jp//ms/chuko/fukuoka/sc_fukuokashichuo/nc_21241587/,六本松,地下鉄七隈線,4,2000-02-01,26,21241587
コスモ六本松シティフォルム,6999,福岡県福岡市中央区草香江２,地下鉄七隈線「六本松」徒歩4分,70.58,3LDK,2000年2月,https://suumo.jp//ms/chuko/fukuoka/sc_fukuokashichuo/nc_21605921/,六本松,地下鉄七隈線,4,2000-02-01,26,21605921
コスモ六本松シティフォルム,6999,福岡県福岡市中央区草香江２-1-13,地下鉄七隈線「六本松」徒歩5分,70.58,3LDK,2000年2月,https://suumo.jp//ms/chuko/fukuoka/sc_fukuokashichuo/nc_21392123/,六本松,地下鉄七隈線,5,2000-02-01,26,21392123
コスモ六本松シティフォルム,6999,福岡県福岡市中央区草香江２,地下鉄七隈線「六本松」徒歩4分,70.58,3LDK,2000年2月,https://suumo.jp//ms/chuko/fukuoka/sc_fukuokashichuo/nc_20577275/,六本松,地下鉄七隈線,4,2000-02-01,26,20577275
グランフォーレ西公園ザ・パークサイド,6999,福岡県福岡市中央区西公園,地下鉄空港線「大濠公園」徒歩10分,75.03,3LDK,2012年7月,https://suumo.jp//ms/chuko/fukuoka/sc_fukuokashichuo/nc_20974195/,大濠公園,地下鉄空港線,10,2012-07-01,14,20974195
グランフォーレ西公園ザ・パークサイド,6999,福岡県福岡市中央区西公園,地下鉄空港線「大濠公園」徒歩8分,75.03,3LDK,2012年7月,https://suumo.jp//ms/chuko/fukuoka/sc_fukuokashichuo/nc_21857010/,大濠公園,地下鉄空港線,8,2012-07-01,14,21857010
コスモ六本松シティフォルム,6999,福岡県福岡市中央区草香江２,地下鉄七隈線「六本松」徒歩4分,70.58,3LDK,2000年2月,https://suumo.jp//ms/chuko/fukuoka/sc_fukuokashichuo/nc_20703963/,六本松,地下鉄七隈線,4,2000-02-01,26,20703963
コスモ六本松シティフォルム,6999,福岡県福岡市中央区草香江２,地下鉄七隈線「六本松」徒歩5分,70.58,3LDK,2000年2月,https://suumo.jp//ms/chuko/fukuoka/sc_fukuokashichuo/nc_21346886/,六本松,地下鉄七隈線,5,2000-02-01,26,21346886
コスモ警固ロイヤルフォルム,7080,福岡県福岡市中央区警固１,地下鉄空港線「赤坂」徒歩6分,66.18,3LDK,2001年8月,https://suumo.jp//ms/chuko/fukuoka/sc_fukuokashichuo/nc_21283566/,赤坂,地下鉄空港線,6,2001-08-01,25,21283566
クリオラベルヴィ西新グランクラス,7100,福岡県福岡市早良区西新１,地下鉄空港線「西新」徒歩1分,52.2,2LDK,2025年8月,https://suumo.jp//ms/chuko/fukuoka/sc_fukuokashisawara/nc_21749273/,西新,地下鉄空港線,1,2025-08-01,1,21749273
クリオラベルヴィ西新グランクラス,7100,福岡県福岡市早良区西新１,地下鉄空港線「西新」徒歩1分,52.2,2LDK,2025年8月,https://suumo.jp//ms/chuko/fukuoka/sc_fukuokashisawara/nc_21358535/,西新,地下鉄空港線,1,2025-08-01,1,21358535
クリオラベルヴィ西新グランクラス,7100,福岡県福岡市早良区西新１,地下鉄空港線「西新」徒歩1分,52.2,2LDK,2025年8月,https://suumo.jp//ms/chuko/fukuoka/sc_fukuokashisawara/nc_21427028/,西新,地下鉄空港線,1,2025-08-01,1,21427028
薬院中央パーク・ホームズ　ウエストコート,7100,福岡県福岡市中央区薬院２,地下鉄七隈線「薬院大通」徒歩2分,84.58,4LDK,1998年8月,https://suumo.jp//ms/chuko/fukuoka/sc_fukuokashichuo/nc_21056077/,薬院大通,地下鉄七隈線,2,1998-08-01,28,21056077
ザ・パークハウス福岡タワーズ　EAST,7180,福岡県福岡市中央区地行浜２,地下鉄空港線「唐人町」徒歩13分,61.74,1LDK,2019年12月,https://suumo.jp//ms/chuko/fukuoka/sc_fukuokashichuo/nc_21640803/,唐人町,地下鉄空港線,13,2019-12-01,7,21640803
ザ・パークハウス福岡タワーズ　EAST,7180,福岡県福岡市中央区地行浜２,地下鉄空港線「唐人町」徒歩12分,61.74,1LDK,2020年12月,https://suumo.jp//ms/chuko/fukuoka/sc_fukuokashichuo/nc_21742741/,唐人町,地下鉄空港線,12,2020-12-01,6,21742741
アンピール大濠公園,7200,福岡県福岡市中央区荒戸２-2番25号,地下鉄空港線「大濠公園」徒歩7分,80.68,2LDK,2006年6月,https://suumo.jp//ms/chuko/fukuoka/sc_fukuokashichuo/nc_21586036/,大濠公園,地下鉄空港線,7,2006-06-01,20,21586036
ザ・パークハウス福岡タワーズ　EAST,7200,福岡県福岡市中央区地行浜２,地下鉄空港線「唐人町」徒歩12分,61.74,1LDK,2020年12月,https://suumo.jp//ms/chuko/fukuoka/sc_fukuokashichuo/nc_21404251/,唐人町,地下鉄空港線,12,2020-12-01,6,21404251
アンピール西新,7200,福岡県福岡市早良区城西３,地下鉄空港線「西新」徒歩8分,93.58,4LDK,2004年5月,https://suumo.jp//ms/chuko/fukuoka/sc_fukuokashisawara/nc_21450802/,西新,地下鉄空港線,8,2004-05-01,22,21450802
アンピール西新,7200,福岡県福岡市早良区城西３-12-27,地下鉄空港線「西新」徒歩9分,93.58,4LDK,2004年5月,https://suumo.jp//ms/chuko/fukuoka/sc_fukuokashisawara/nc_20986251/,西新,地下鉄空港線,9,2004-05-01,22,20986251
アルテマインド室見,7280,福岡県福岡市早良区室見２,地下鉄空港線「藤崎」徒歩8分,83.52,3LDK,2012年3月,https://suumo.jp//ms/chuko/fukuoka/sc_fukuokashisawara/nc_21701881/,藤崎,地下鉄空港線,8,2012-03-01,14,21701881
サーパス平尾駅前　6階,7280,福岡県福岡市中央区平尾２,地下鉄七隈線「薬院大通」徒歩15分,81.97,4LDK,2000年1月,https://suumo.jp//ms/chuko/fukuoka/sc_fukuokashichuo/nc_21211448/,薬院大通,地下鉄七隈線,15,2000-01-01,26,21211448
パークホームズ六本松フォレストクロス,7280,福岡県福岡市中央区輝国２,地下鉄七隈線「六本松」徒歩11分,69.1,3LDK,2022年11月,https://suumo.jp//ms/chuko/fukuoka/sc_fukuokashichuo/nc_21355223/,六本松,地下鉄七隈線,11,2022-11-01,4,21355223
アルテマインド室見,7280,福岡県福岡市早良区室見２,地下鉄空港線「藤崎」徒歩7分,83.52,3LDK,2012年3月,https://suumo.jp//ms/chuko/fukuoka/sc_fukuokashisawara/nc_21757951/,藤崎,地下鉄空港線,7,2012-03-01,14,21757951
モントーレ地行スクエア,7300,福岡県福岡市中央区地行３,地下鉄空港線「唐人町」徒歩8分,92.76,4LDK,2000年2月,https://suumo.jp//ms/chuko/fukuoka/sc_fukuokashichuo/nc_21314765/,唐人町,地下鉄空港線,8,2000-02-01,26,21314765
グランドメゾン赤坂けやきレジデンス,7380,福岡県福岡市中央区赤坂２,地下鉄空港線「赤坂」徒歩8分,63.59,ワンルーム,2018年6月,https://suumo.jp//ms/chuko/fukuoka/sc_fukuokashichuo/nc_21416982/,赤坂,地下鉄空港線,8,2018-06-01,8,21416982
パークハウスセンシア,7380,福岡県福岡市中央区地行３,地下鉄空港線「唐人町」徒歩8分,73.32,3LDK,2002年2月,https://suumo.jp//ms/chuko/fukuoka/sc_fukuokashichuo/nc_21749128/,唐人町,地下鉄空港線,8,2002-02-01,24,21749128
ライオンズガーデンシティ鳥飼　３番館,7399,福岡県福岡市城南区鳥飼４,地下鉄七隈線「別府」徒歩8分,83.86,4LDK,1998年3月,https://suumo.jp//ms/chuko/fukuoka/sc_fukuokashijonan/nc_21861738/,別府,地下鉄七隈線,8,1998-03-01,28,21861738
JGMロイヤルガーデン御所ケ谷,7448,福岡県福岡市中央区御所ヶ谷5-21,地下鉄七隈線「薬院大通」徒歩11分,96.41,4LDK,2005年7月,https://suumo.jp//ms/chuko/fukuoka/sc_fukuokashichuo/nc_21212537/,薬院大通,地下鉄七隈線,11,2005-07-01,21,21212537
ザ・パークハウス桜坂サンリヤン,7480,福岡県福岡市中央区桜坂３,地下鉄七隈線「桜坂」徒歩3分,62.55,2LDK,2018年9月,https://suumo.jp//ms/chuko/fukuoka/sc_fukuokashichuo/nc_21120571/,桜坂,地下鉄七隈線,3,2018-09-01,8,21120571
パークホームズ大濠公園フロント,7480,福岡県福岡市中央区荒戸１,地下鉄空港線「大濠公園」徒歩2分,53.61,2LDK,2025年3月,https://suumo.jp//ms/chuko/fukuoka/sc_fukuokashichuo/nc_21078519/,大濠公園,地下鉄空港線,2,2025-03-01,1,21078519
アルファステイツ高取,7480,福岡県福岡市早良区高取１,地下鉄空港線「藤崎」徒歩6分,92.42,3LDK+S（納戸）,2010年12月,https://suumo.jp//ms/chuko/fukuoka/sc_fukuokashisawara/nc_21860382/,藤崎,地下鉄空港線,6,2010-12-01,16,21860382
アーバンパレスアクス大濠,7480,福岡県福岡市中央区荒戸３,地下鉄空港線「唐人町」徒歩6分,95.62,3LDK,1995年10月,https://suumo.jp//ms/chuko/fukuoka/sc_fukuokashichuo/nc_21045223/,唐人町,地下鉄空港線,6,1995-10-01,31,21045223
シティタワー大濠,7499,福岡県福岡市中央区六本松３,地下鉄七隈線「六本松」徒歩8分,76.68,3LDK,2000年3月,https://suumo.jp//ms/chuko/fukuoka/sc_fukuokashichuo/nc_21410414/,六本松,地下鉄七隈線,8,2000-03-01,26,21410414
アダージュ薬院壱番館,7500,福岡県福岡市中央区薬院２-5-42,地下鉄七隈線「薬院大通」徒歩2分,77.11,2LDK,2002年3月,https://suumo.jp//ms/chuko/fukuoka/sc_fukuokashichuo/nc_21357823/,薬院大通,地下鉄七隈線,2,2002-03-01,24,21357823
グランドメゾン平尾,7599,福岡県福岡市中央区平尾２-11-11,西鉄天神大牟田線「薬院」徒歩12分,89.17,4LDK,1998年5月,https://suumo.jp//ms/chuko/fukuoka/sc_fukuokashichuo/nc_21833794/,薬院,西鉄天神大牟田線,12,1998-05-01,28,21833794
ネオグランデ赤坂,7600,福岡県福岡市中央区赤坂２,地下鉄空港線「赤坂」徒歩10分,90.53,2LDK,2001年3月,https://suumo.jp//ms/chuko/fukuoka/sc_fukuokashichuo/nc_21450691/,赤坂,地下鉄空港線,10,2001-03-01,25,21450691
室見二丁目パーク・マンション,7650,福岡県福岡市早良区室見２,地下鉄空港線「藤崎」徒歩7分,137.36,4LDK,1995年3月,https://suumo.jp//ms/chuko/fukuoka/sc_fukuokashisawara/nc_20577787/,藤崎,地下鉄空港線,7,1995-03-01,31,20577787
グランドメゾン赤坂門,7680,福岡県福岡市中央区赤坂１,地下鉄空港線「赤坂」徒歩5分,53.19,1LDK,2005年6月,https://suumo.jp//ms/chuko/fukuoka/sc_fukuokashichuo/nc_21137025/,赤坂,地下鉄空港線,5,2005-06-01,21,21137025
グランドメゾン大濠南,7730,福岡県福岡市中央区草香江２,地下鉄七隈線「六本松」徒歩3分,98.79,4LDK,2001年11月,https://suumo.jp//ms/chuko/fukuoka/sc_fukuokashichuo/nc_21787991/,六本松,地下鉄七隈線,3,2001-11-01,25,21787991
グランド・サンリヤン大濠二丁目,7800,福岡県福岡市中央区大濠２-11-5,地下鉄空港線「唐人町」徒歩7分,82.71,2LDK,2002年3月,https://suumo.jp//ms/chuko/fukuoka/sc_fukuokashichuo/nc_21240464/,唐人町,地下鉄空港線,7,2002-03-01,24,21240464
ブライトパーク・サンリヤン地行,7830,福岡県福岡市中央区地行２,地下鉄空港線「西新」徒歩6分,73.59,3LDK,2012年3月,https://suumo.jp//ms/chuko/fukuoka/sc_fukuokashichuo/nc_21460982/,西新,地下鉄空港線,6,2012-03-01,14,21460982
マークネクスト鳥飼,7880,福岡県福岡市城南区鳥飼７,地下鉄七隈線「別府」徒歩6分,66.18,3LDK,2023年8月,https://suumo.jp//ms/chuko/fukuoka/sc_fukuokashijonan/nc_21258396/,別府,地下鉄七隈線,6,2023-08-01,3,21258396
グランドサンリヤン大濠２丁目,7880,福岡県福岡市中央区大濠２,地下鉄空港線「唐人町」徒歩7分,69.4,2LDK,2002年3月,https://suumo.jp//ms/chuko/fukuoka/sc_fukuokashichuo/nc_21469825/,唐人町,地下鉄空港線,7,2002-03-01,24,21469825
コアマンション百道プレジオ,7890,福岡県福岡市早良区百道１,地下鉄空港線「藤崎」徒歩9分,92.92,3LDK+S（納戸）,2006年2月,https://suumo.jp//ms/chuko/fukuoka/sc_fukuokashisawara/nc_21195610/,藤崎,地下鉄空港線,9,2006-02-01,20,21195610
ＭＪＲ博多ザ・レジデンス,7900,福岡県福岡市博多区美野島１,ＪＲ鹿児島本線「博多」徒歩13分,70.1,2LDK,2025年1月,https://suumo.jp//ms/chuko/fukuoka/sc_fukuokashihakata/nc_21677240/,博多,ＪＲ鹿児島本線,13,2025-01-01,1,21677240
六本松パークホームズ,7980,福岡県福岡市中央区梅光園１,地下鉄七隈線「六本松」徒歩5分,141.91,4LDK+S（納戸）,1991年8月,https://suumo.jp//ms/chuko/fukuoka/sc_fukuokashichuo/nc_20956553/,六本松,地下鉄七隈線,5,1991-08-01,35,20956553
レジア赤坂テラス,7980,福岡県福岡市中央区長浜２,地下鉄空港線「赤坂」徒歩7分,72.88,3LDK,2016年12月,https://suumo.jp//ms/chuko/fukuoka/sc_fukuokashichuo/nc_21792240/,赤坂,地下鉄空港線,7,2016-12-01,10,21792240
プレサンスロジェ薬院二丁目,7980,福岡県福岡市中央区薬院２,地下鉄七隈線「薬院大通」徒歩3分,65.57,2LDK+S（納戸）,2020年10月,https://suumo.jp//ms/chuko/fukuoka/sc_fukuokashichuo/nc_21113400/,薬院大通,地下鉄七隈線,3,2020-10-01,6,21113400
グリーンマンション平尾,7999,福岡県福岡市中央区平尾２,西鉄天神大牟田線「薬院」徒歩14分,85.9,3LDK,1996年4月,https://suumo.jp//ms/chuko/fukuoka/sc_fukuokashichuo/nc_21540468/,薬院,西鉄天神大牟田線,14,1996-04-01,30,21540468
グランドメゾン別府レジデンス,8100,福岡県福岡市城南区別府３,地下鉄七隈線「別府」徒歩2分,70.44,2LDK,2024年1月,https://suumo.jp//ms/chuko/fukuoka/sc_fukuokashijonan/nc_20549076/,別府,地下鉄七隈線,2,2024-01-01,2,20549076
ＭＪＲ博多ザ・レジデンス,8100,福岡県福岡市博多区美野島１,ＪＲ鹿児島本線「博多」徒歩13分,70.49,3LDK,2025年1月,https://suumo.jp//ms/chuko/fukuoka/sc_fukuokashihakata/nc_21830315/,博多,ＪＲ鹿児島本線,13,2025-01-01,1,21830315
デュ・レジア薬院スタンス,8180,福岡県福岡市中央区薬院３,地下鉄七隈線「薬院大通」徒歩7分,60.22,3LDK,2023年2月,https://suumo.jp//ms/chuko/fukuoka/sc_fukuokashichuo/nc_21750638/,薬院大通,地下鉄七隈線,7,2023-02-01,3,21750638
グランド・サンリヤン西新,8200,福岡県福岡市早良区城西１,地下鉄空港線「西新」徒歩5分,68.73,3LDK,2024年11月,https://suumo.jp//ms/chuko/fukuoka/sc_fukuokashisawara/nc_78823570/,西新,地下鉄空港線,5,2024-11-01,2,78823570
ザ・パークハウス福岡タワーズWEST,8220,福岡県福岡市中央区地行浜２,地下鉄空港線「唐人町」徒歩14分,61.74,2LDK,2019年12月,https://suumo.jp//ms/chuko/fukuoka/sc_fukuokashichuo/nc_21350441/,唐人町,地下鉄空港線,14,2019-12-01,7,21350441
グランドメゾン福岡Ｔｈｅ　Ｃｅｎｔｒａｌ　Ｌｕｘｅ,8280,福岡県福岡市中央区渡辺通２,西鉄天神大牟田線「薬院」徒歩3分,51.35,1LDK,2025年6月,https://suumo.jp//ms/chuko/fukuoka/sc_fukuokashichuo/nc_21669141/,薬院,西鉄天神大牟田線,3,2025-06-01,1,21669141
オーヴィジョン六本松レジデンス,8280,福岡県福岡市中央区六本松３,地下鉄七隈線「六本松」徒歩7分,74.53,2LDK,2023年1月,https://suumo.jp//ms/chuko/fukuoka/sc_fukuokashichuo/nc_21452589/,六本松,地下鉄七隈線,7,2023-01-01,3,21452589
パークコート赤坂ヒルトップレジデンス,8280,福岡県福岡市中央区赤坂３,地下鉄七隈線「桜坂」徒歩9分,76.01,2LDK,2010年2月,https://suumo.jp//ms/chuko/fukuoka/sc_fukuokashichuo/nc_21770992/,桜坂,地下鉄七隈線,9,2010-02-01,16,21770992
ＪＧＭヴェルデ桜坂,8290,福岡県福岡市中央区桜坂３,地下鉄七隈線「桜坂」徒歩1分,101.19,4LDK,2000年10月,https://suumo.jp//ms/chuko/fukuoka/sc_fukuokashichuo/nc_21592041/,桜坂,地下鉄七隈線,1,2000-10-01,26,21592041
西新七丁目パーク・ホームズ,8290,福岡県福岡市早良区西新７,地下鉄空港線「西新」徒歩10分,85.89,3LDK,1996年8月,https://suumo.jp//ms/chuko/fukuoka/sc_fukuokashisawara/nc_21844266/,西新,地下鉄空港線,10,1996-08-01,30,21844266
サーパス薬院,8290,福岡県福岡市中央区薬院３,西鉄天神大牟田線「薬院」徒歩5分,79.18,3LDK,2003年10月,https://suumo.jp//ms/chuko/fukuoka/sc_fukuokashichuo/nc_21741783/,薬院,西鉄天神大牟田線,5,2003-10-01,23,21741783
西新七丁目パークホームズ,8290,福岡県福岡市早良区西新７,地下鉄空港線「西新」徒歩10分,85.89,3LDK,1996年8月,https://suumo.jp//ms/chuko/fukuoka/sc_fukuokashisawara/nc_21845095/,西新,地下鉄空港線,10,1996-08-01,30,21845095
ライオンズガーデンシティ鳥飼２番館,8290,福岡県福岡市城南区鳥飼４,地下鉄七隈線「別府」徒歩9分,94.25,4LDK,1998年3月,https://suumo.jp//ms/chuko/fukuoka/sc_fukuokashijonan/nc_21625980/,別府,地下鉄七隈線,9,1998-03-01,28,21625980
エステートマンション大濠フローレス,8299,福岡県福岡市中央区鳥飼１-4-15,地下鉄空港線「唐人町」徒歩14分,97.42,4LDK,1989年3月,https://suumo.jp//ms/chuko/fukuoka/sc_fukuokashichuo/nc_21804379/,唐人町,地下鉄空港線,14,1989-03-01,37,21804379
ダイアパレス赤坂,8299,福岡県福岡市中央区赤坂２,地下鉄空港線「赤坂」徒歩9分,88.58,4LDK,2001年9月,https://suumo.jp//ms/chuko/fukuoka/sc_fukuokashichuo/nc_21860848/,赤坂,地下鉄空港線,9,2001-09-01,25,21860848
エステートマンション大濠フローレス,8299,福岡県福岡市中央区鳥飼１,地下鉄七隈線「六本松」徒歩14分,97.42,4LDK,1989年3月,https://suumo.jp//ms/chuko/fukuoka/sc_fukuokashichuo/nc_21405713/,六本松,地下鉄七隈線,14,1989-03-01,37,21405713
エステートマンション大濠フローレス,8299,福岡県福岡市中央区鳥飼１-4-15,地下鉄七隈線「六本松」徒歩14分,97.42,4LDK,1989年3月,https://suumo.jp//ms/chuko/fukuoka/sc_fukuokashichuo/nc_21488185/,六本松,地下鉄七隈線,14,1989-03-01,37,21488185
ダイアパレス赤坂,8299,福岡県福岡市中央区赤坂２,地下鉄空港線「赤坂」徒歩9分,88.58,4LDK,2001年9月,https://suumo.jp//ms/chuko/fukuoka/sc_fukuokashichuo/nc_21117416/,赤坂,地下鉄空港線,9,2001-09-01,25,21117416
エステートマンション大濠フローレス,8299,福岡県福岡市中央区鳥飼１-4-15,地下鉄七隈線「六本松」徒歩13分,97.42,4LDK,1989年3月,https://suumo.jp//ms/chuko/fukuoka/sc_fukuokashichuo/nc_21672109/,六本松,地下鉄七隈線,13,1989-03-01,37,21672109
グランドメゾン大手門ザ・レジデンス,8300,福岡県福岡市中央区大手門２,地下鉄空港線「大濠公園」徒歩6分,59.52,2LDK,2024年1月,https://suumo.jp//ms/chuko/fukuoka/sc_fukuokashichuo/nc_21717213/,大濠公園,地下鉄空港線,6,2024-01-01,2,21717213
サーパス赤坂マスタービュー,8300,福岡県福岡市中央区六本松３,地下鉄七隈線「六本松」徒歩8分,83.83,2LDK+S（納戸）,2013年10月,https://suumo.jp//ms/chuko/fukuoka/sc_fukuokashichuo/nc_21711192/,六本松,地下鉄七隈線,8,2013-10-01,13,21711192
デュレジア薬院スタンス,8360,福岡県福岡市中央区薬院３,西鉄天神大牟田線「薬院」徒歩6分,60.22,2LDK,2023年2月,https://suumo.jp//ms/chuko/fukuoka/sc_fukuokashichuo/nc_21112525/,薬院,西鉄天神大牟田線,6,2023-02-01,3,21112525
マークネクスト鳥飼,8380,福岡県福岡市城南区鳥飼７,地下鉄七隈線「別府」徒歩6分,71.33,3LDK,2023年8月,https://suumo.jp//ms/chuko/fukuoka/sc_fukuokashijonan/nc_21237187/,別府,地下鉄七隈線,6,2023-08-01,3,21237187
百道浜パークハウス,8380,福岡県福岡市早良区百道浜１,地下鉄空港線「西新」徒歩14分,104.9,3LDK+S（納戸）,1998年8月,https://suumo.jp//ms/chuko/fukuoka/sc_fukuokashisawara/nc_21842594/,西新,地下鉄空港線,14,1998-08-01,28,21842594
ザ・パークハウス赤坂タワーレジデンス,8380,福岡県福岡市中央区長浜２,地下鉄空港線「赤坂」徒歩6分,72.57,3LDK,2019年7月,https://suumo.jp//ms/chuko/fukuoka/sc_fukuokashichuo/nc_21678398/,赤坂,地下鉄空港線,6,2019-07-01,7,21678398
アクセス天神Ⅱ,8480,福岡県福岡市中央区今泉１,西鉄天神大牟田線「薬院」徒歩5分,83.28,3LDK,2001年7月,https://suumo.jp//ms/chuko/fukuoka/sc_fukuokashichuo/nc_21763850/,薬院,西鉄天神大牟田線,5,2001-07-01,25,21763850
アソシアタワー大濠ベネフィス,8480,福岡県福岡市中央区荒戸３,地下鉄空港線「唐人町」徒歩6分,92.04,4LDK,2005年3月,https://suumo.jp//ms/chuko/fukuoka/sc_fukuokashichuo/nc_21105485/,唐人町,地下鉄空港線,6,2005-03-01,21,21105485
ル・サンク大濠公園,8480,福岡県福岡市中央区大手門２,地下鉄空港線「大濠公園」徒歩8分,85.86,2LDK+S（納戸）,2020年6月,https://suumo.jp//ms/chuko/fukuoka/sc_fukuokashichuo/nc_20529132/,大濠公園,地下鉄空港線,8,2020-06-01,6,20529132
グランドメゾン大濠公園ザ・タワーレジデンス,8480,福岡県福岡市中央区荒戸２,地下鉄空港線「大濠公園」徒歩6分,52.83,2LDK,2021年6月,https://suumo.jp//ms/chuko/fukuoka/sc_fukuokashichuo/nc_21054603/,大濠公園,地下鉄空港線,6,2021-06-01,5,21054603
ライオンズ大濠レジデンス,8480,福岡県福岡市中央区草香江２,地下鉄七隈線「六本松」徒歩10分,100.05,3LDK,2007年11月,https://suumo.jp//ms/chuko/fukuoka/sc_fukuokashichuo/nc_20483283/,六本松,地下鉄七隈線,10,2007-11-01,19,20483283
エンゼルハイム大濠,8480,福岡県福岡市中央区今川１,地下鉄空港線「唐人町」徒歩7分,79.51,3LDK,2002年3月,https://suumo.jp//ms/chuko/fukuoka/sc_fukuokashichuo/nc_21578940/,唐人町,地下鉄空港線,7,2002-03-01,24,21578940
アソシアタワー大濠ベネフィス,8480,福岡県福岡市中央区荒戸３,地下鉄空港線「大濠公園」徒歩8分,92.04,4LDK,2005年3月,https://suumo.jp//ms/chuko/fukuoka/sc_fukuokashichuo/nc_21094464/,大濠公園,地下鉄空港線,8,2005-03-01,21,21094464
アクセス天神Ⅱ,8490,福岡県福岡市中央区今泉１,西鉄天神大牟田線「薬院」徒歩5分,83.28,3LDK,2001年7月,https://suumo.jp//ms/chuko/fukuoka/sc_fukuokashichuo/nc_21677239/,薬院,西鉄天神大牟田線,5,2001-07-01,25,21677239
百道タワー,8500,福岡県福岡市早良区百道浜１-2-6,地下鉄空港線「西新」徒歩10分,90.28,1LDK,2004年2月,https://suumo.jp//ms/chuko/fukuoka/sc_fukuokashisawara/nc_20131070/,西新,地下鉄空港線,10,2004-02-01,22,20131070
百道タワー,8500,福岡県福岡市早良区百道浜１,地下鉄空港線「西新」徒歩10分,90.28,1LDK+S（納戸）,2004年2月,https://suumo.jp//ms/chuko/fukuoka/sc_fukuokashisawara/nc_20577302/,西新,地下鉄空港線,10,2004-02-01,22,20577302
ライオンズマンション大濠パークサイド,8500,福岡県福岡市中央区鳥飼２,地下鉄空港線「唐人町」徒歩11分,103.85,4LDK,2003年2月,https://suumo.jp//ms/chuko/fukuoka/sc_fukuokashichuo/nc_20785395/,唐人町,地下鉄空港線,11,2003-02-01,23,20785395
百道タワー,8500,福岡県福岡市早良区百道浜１,地下鉄空港線「西新」徒歩10分,90.28,1LDK,2004年2月,https://suumo.jp//ms/chuko/fukuoka/sc_fukuokashisawara/nc_20612548/,西新,地下鉄空港線,10,2004-02-01,22,20612548
百道タワー,8580,福岡県福岡市早良区百道浜１,地下鉄空港線「西新」徒歩10分,81.73,2LDK,2004年2月,https://suumo.jp//ms/chuko/fukuoka/sc_fukuokashisawara/nc_79121075/,西新,地下鉄空港線,10,2004-02-01,22,79121075
グランドサンリヤン大濠公園パークビュー,8650,福岡県福岡市中央区草香江１,地下鉄七隈線「六本松」徒歩9分,96.91,3LDK,2005年3月,https://suumo.jp//ms/chuko/fukuoka/sc_fukuokashichuo/nc_21850055/,六本松,地下鉄七隈線,9,2005-03-01,21,21850055
コアマンション大手門タワー,8680,福岡県福岡市中央区大手門１,地下鉄空港線「赤坂」徒歩7分,95.82,3LDK,2003年8月,https://suumo.jp//ms/chuko/fukuoka/sc_fukuokashichuo/nc_20606079/,赤坂,地下鉄空港線,7,2003-08-01,23,20606079
アソシアタワー大濠ベネフィス,8690,福岡県福岡市中央区荒戸３,地下鉄空港線「唐人町」徒歩7分,92.04,4LDK,2005年3月,https://suumo.jp//ms/chuko/fukuoka/sc_fukuokashichuo/nc_20558081/,唐人町,地下鉄空港線,7,2005-03-01,21,20558081
アソシアタワー大濠ベネフィス,8690,福岡県福岡市中央区荒戸３-２－４０,地下鉄空港線「唐人町」徒歩6分,92.04,4LDK,2005年3月,https://suumo.jp//ms/chuko/fukuoka/sc_fukuokashichuo/nc_21040046/,唐人町,地下鉄空港線,6,2005-03-01,21,21040046
ザ・パークハウス桜坂サンリヤン,8750,福岡県福岡市中央区桜坂３,地下鉄七隈線「桜坂」徒歩3分,73.6,3LDK,2018年9月,https://suumo.jp//ms/chuko/fukuoka/sc_fukuokashichuo/nc_21029911/,桜坂,地下鉄七隈線,3,2018-09-01,8,21029911
ザ・パークハウス福岡タワーズEAST,8800,福岡県福岡市中央区地行浜２,地下鉄空港線「唐人町」徒歩11分,74.25,3LDK,2020年12月,https://suumo.jp//ms/chuko/fukuoka/sc_fukuokashichuo/nc_21859117/,唐人町,地下鉄空港線,11,2020-12-01,6,21859117
アメックス大濠タワー,8880,福岡県福岡市中央区大手門３,地下鉄空港線「大濠公園」徒歩5分,76.72,2LDK+S（納戸）,2006年7月,https://suumo.jp//ms/chuko/fukuoka/sc_fukuokashichuo/nc_21622294/,大濠公園,地下鉄空港線,5,2006-07-01,20,21622294
ライオンズタワー赤坂けやき通り,8880,福岡県福岡市中央区赤坂２,地下鉄空港線「赤坂」徒歩10分,80.11,3LDK,2007年1月,https://suumo.jp//ms/chuko/fukuoka/sc_fukuokashichuo/nc_20954557/,赤坂,地下鉄空港線,10,2007-01-01,19,20954557
グランドメゾン福岡Ｔｈｅ　Ｃｅｎｔｒａｌ　Ｌｕｘｅ,8900,福岡県福岡市中央区渡辺通２,地下鉄七隈線「薬院」徒歩4分,62.25,1LDK,2025年6月,https://suumo.jp//ms/chuko/fukuoka/sc_fukuokashichuo/nc_21530288/,薬院,地下鉄七隈線,4,2025-06-01,1,21530288
ＭＪＲ博多ザ・レジデンス,8900,福岡県福岡市博多区美野島１,ＪＲ鹿児島本線「博多」徒歩13分,70.1,2LDK+S（納戸）,2025年1月,https://suumo.jp//ms/chuko/fukuoka/sc_fukuokashihakata/nc_21634731/,博多,ＪＲ鹿児島本線,13,2025-01-01,1,21634731
ロマネスク赤坂第２,8900,福岡県福岡市中央区赤坂１,地下鉄空港線「赤坂」徒歩4分,113.68,1LDK,1986年7月,https://suumo.jp//ms/chuko/fukuoka/sc_fukuokashichuo/nc_21369193/,赤坂,地下鉄空港線,4,1986-07-01,40,21369193
アメックス西新駅前,8950,福岡県福岡市早良区西新２,地下鉄空港線「西新」徒歩2分,88.97,3LDK,2001年7月,https://suumo.jp//ms/chuko/fukuoka/sc_fukuokashisawara/nc_21810556/,西新,地下鉄空港線,2,2001-07-01,25,21810556
ザ・パークハウス赤坂タワーレジデンス,8980,福岡県福岡市中央区長浜２,地下鉄空港線「赤坂」徒歩7分,78.96,3LDK,2019年7月,https://suumo.jp//ms/chuko/fukuoka/sc_fukuokashichuo/nc_21510275/,赤坂,地下鉄空港線,7,2019-07-01,7,21510275
クレアフォーシーズンズ,8980,福岡県福岡市早良区西新２,地下鉄空港線「西新」徒歩2分,80.25,3LDK,2005年1月,https://suumo.jp//ms/chuko/fukuoka/sc_fukuokashisawara/nc_21704795/,西新,地下鉄空港線,2,2005-01-01,21,21704795
ネクサス別府,8980,福岡県福岡市城南区別府３,地下鉄七隈線「別府」徒歩2分,75.01,3LDK,2010年3月,https://suumo.jp//ms/chuko/fukuoka/sc_fukuokashijonan/nc_21650495/,別府,地下鉄七隈線,2,2010-03-01,16,21650495
マークネクスト鳥飼,8980,福岡県福岡市城南区鳥飼７,地下鉄七隈線「別府」徒歩6分,80.1,4LDK,2023年8月,https://suumo.jp//ms/chuko/fukuoka/sc_fukuokashijonan/nc_21741779/,別府,地下鉄七隈線,6,2023-08-01,3,21741779
ザ・パークハウス赤坂タワーレジデンス,8980,福岡県福岡市中央区長浜２-2-8,地下鉄空港線「赤坂」徒歩6分,78.96,3LDK,2019年7月,https://suumo.jp//ms/chuko/fukuoka/sc_fukuokashichuo/nc_21370583/,赤坂,地下鉄空港線,6,2019-07-01,7,21370583
ライオンズヒルズ桜坂,8980,福岡県福岡市中央区桜坂３,地下鉄七隈線「桜坂」徒歩3分,133.27,3LDK,1986年12月,https://suumo.jp//ms/chuko/fukuoka/sc_fukuokashichuo/nc_20933104/,桜坂,地下鉄七隈線,3,1986-12-01,40,20933104
ザ・パークハウス福岡タワーズ　EAST,8990,福岡県福岡市中央区地行浜２,地下鉄空港線「唐人町」徒歩12分,81.41,3LDK,2020年12月,https://suumo.jp//ms/chuko/fukuoka/sc_fukuokashichuo/nc_20738575/,唐人町,地下鉄空港線,12,2020-12-01,6,20738575
パークホームズ西新トラッドマークス,8990,福岡県福岡市早良区西新２,地下鉄空港線「西新」徒歩3分,75.11,3LDK,2018年5月,https://suumo.jp//ms/chuko/fukuoka/sc_fukuokashisawara/nc_21687594/,西新,地下鉄空港線,3,2018-05-01,8,21687594
ザ・パークハウス福岡タワーズ　ＥＡＳＴ,8999,福岡県福岡市中央区地行浜２,地下鉄空港線「唐人町」徒歩11分,71.77,3LDK,2020年12月,https://suumo.jp//ms/chuko/fukuoka/sc_fukuokashichuo/nc_21711630/,唐人町,地下鉄空港線,11,2020-12-01,6,21711630
ザ・パークハウス福岡タワーズEAST,8999,福岡県福岡市中央区地行浜２-2-5,地下鉄空港線「唐人町」徒歩14分,71.77,3LDK,2020年12月,https://suumo.jp//ms/chuko/fukuoka/sc_fukuokashichuo/nc_21599400/,唐人町,地下鉄空港線,14,2020-12-01,6,21599400
ザ・パークハウス福岡タワーズEAST,8999,福岡県福岡市中央区地行浜２,地下鉄空港線「唐人町」徒歩10分,71.77,3LDK,2020年12月,https://suumo.jp//ms/chuko/fukuoka/sc_fukuokashichuo/nc_21820641/,唐人町,地下鉄空港線,10,2020-12-01,6,21820641
ザ・パークハウス　福岡タワーズ　EAST,8999,福岡県福岡市中央区地行浜２,地下鉄空港線「唐人町」徒歩11分,71.77,3LDK,2020年12月,https://suumo.jp//ms/chuko/fukuoka/sc_fukuokashichuo/nc_21652192/,唐人町,地下鉄空港線,11,2020-12-01,6,21652192
サーパス薬院,8999,福岡県福岡市中央区薬院３,西鉄天神大牟田線「薬院」徒歩4分,99.96,4LDK,2003年10月,https://suumo.jp//ms/chuko/fukuoka/sc_fukuokashichuo/nc_21857355/,薬院,西鉄天神大牟田線,4,2003-10-01,23,21857355
ＭＪＲ博多ザ・レジデンス,9000,福岡県福岡市博多区美野島１,ＪＲ鹿児島本線「博多」徒歩13分,70.1,2LDK,2025年1月,https://suumo.jp//ms/chuko/fukuoka/sc_fukuokashihakata/nc_21442978/,博多,ＪＲ鹿児島本線,13,2025-01-01,1,21442978
パークホームズ福岡浄水通,9080,福岡県福岡市中央区浄水通1-33,地下鉄七隈線「薬院大通」徒歩8分,68.71,3LDK,2026年9月,https://suumo.jp//ms/chuko/fukuoka/sc_fukuokashichuo/nc_21714617/,薬院大通,地下鉄七隈線,8,2026-09-01,0,21714617
パークホームズ福岡浄水通,9080,福岡県福岡市中央区浄水通,地下鉄七隈線「薬院大通」徒歩7分,68.71,3LDK,2026年6月,https://suumo.jp//ms/chuko/fukuoka/sc_fukuokashichuo/nc_21741782/,薬院大通,地下鉄七隈線,7,2026-06-01,0,21741782
アンピール舞鶴,9080,福岡県福岡市中央区舞鶴１,地下鉄空港線「天神」徒歩10分,81.96,3LDK,2004年3月,https://suumo.jp//ms/chuko/fukuoka/sc_fukuokashichuo/nc_21642247/,天神,地下鉄空港線,10,2004-03-01,22,21642247
グランドメゾン浄水ガーデンシティセントラルフォレスト…,9090,福岡県福岡市中央区薬院４,地下鉄七隈線「薬院大通」徒歩9分,65.42,2LDK,2022年1月,https://suumo.jp//ms/chuko/fukuoka/sc_fukuokashichuo/nc_21187907/,薬院大通,地下鉄七隈線,9,2022-01-01,4,21187907
サーパス薬院,9180,福岡県福岡市中央区薬院３,西鉄天神大牟田線「薬院」徒歩5分,99.96,4LDK,2003年10月,https://suumo.jp//ms/chuko/fukuoka/sc_fukuokashichuo/nc_20819534/,薬院,西鉄天神大牟田線,5,2003-10-01,23,20819534
グランドメゾン福岡　The Central Luxe,9200,福岡県福岡市中央区渡辺通２-７－２８,西鉄天神大牟田線「薬院」徒歩2分,63.29,1LDK,2025年6月,https://suumo.jp//ms/chuko/fukuoka/sc_fukuokashichuo/nc_20128719/,薬院,西鉄天神大牟田線,2,2025-06-01,1,20128719
グランドメゾン福岡Ｔｈｅ　Ｃｅｎｔｒａｌ　Ｌｕｘｅ,9200,福岡県福岡市中央区渡辺通２,地下鉄七隈線「薬院」徒歩2分,63.29,1LDK,2025年6月,https://suumo.jp//ms/chuko/fukuoka/sc_fukuokashichuo/nc_21802779/,薬院,地下鉄七隈線,2,2025-06-01,1,21802779
ザ・パークハウス赤坂タワーレジデンス,9230,福岡県福岡市中央区長浜２,地下鉄空港線「赤坂」徒歩6分,78.96,3LDK,2019年7月,https://suumo.jp//ms/chuko/fukuoka/sc_fukuokashichuo/nc_21781430/,赤坂,地下鉄空港線,6,2019-07-01,7,21781430
JGMロイヤルガーデン浄水通り,9250,福岡県福岡市中央区浄水通２－１,地下鉄七隈線「薬院大通」徒歩8分,94.45,3LDK,2004年2月,https://suumo.jp//ms/chuko/fukuoka/sc_fukuokashichuo/nc_21070976/,薬院大通,地下鉄七隈線,8,2004-02-01,22,21070976
グランドメゾン赤坂１丁目,9250,福岡県福岡市中央区赤坂１,地下鉄空港線「赤坂」徒歩6分,71.55,2LDK,2013年5月,https://suumo.jp//ms/chuko/fukuoka/sc_fukuokashichuo/nc_20746427/,赤坂,地下鉄空港線,6,2013-05-01,13,20746427
サンメゾン今川,9280,福岡県福岡市中央区今川１,地下鉄空港線「唐人町」徒歩6分,86.13,3LDK,2019年2月,https://suumo.jp//ms/chuko/fukuoka/sc_fukuokashichuo/nc_20601170/,唐人町,地下鉄空港線,6,2019-02-01,7,20601170
ザ・パークハウス福岡タワーズEAST,9300,福岡県福岡市中央区地行浜２-２－５,地下鉄空港線「唐人町」徒歩12分,80.76,3LDK,2020年12月,https://suumo.jp//ms/chuko/fukuoka/sc_fukuokashichuo/nc_21805769/,唐人町,地下鉄空港線,12,2020-12-01,6,21805769
ブリリア平尾浄水,9480,福岡県福岡市中央区平尾浄水町,地下鉄七隈線「薬院大通」徒歩11分,114.43,3LDK,2009年5月,https://suumo.jp//ms/chuko/fukuoka/sc_fukuokashichuo/nc_78952756/,薬院大通,地下鉄七隈線,11,2009-05-01,17,78952756
アダージュ薬院弐番館,9480,福岡県福岡市中央区薬院２,地下鉄七隈線「薬院大通」徒歩2分,93.88,4LDK,2003年3月,https://suumo.jp//ms/chuko/fukuoka/sc_fukuokashichuo/nc_21187999/,薬院大通,地下鉄七隈線,2,2003-03-01,23,21187999
グランフォーレ百道アクアフロント,9480,福岡県福岡市早良区百道３,地下鉄空港線「藤崎」徒歩10分,86.02,3LDK,2020年10月,https://suumo.jp//ms/chuko/fukuoka/sc_fukuokashisawara/nc_21676029/,藤崎,地下鉄空港線,10,2020-10-01,6,21676029
Brillia平尾浄水,9480,福岡県福岡市中央区平尾浄水町,地下鉄七隈線「薬院大通」徒歩13分,114.43,3LDK,2009年4月,https://suumo.jp//ms/chuko/fukuoka/sc_fukuokashichuo/nc_21582993/,薬院大通,地下鉄七隈線,13,2009-04-01,17,21582993
Brillia平尾浄水,9480,福岡県福岡市中央区平尾浄水町,地下鉄七隈線「薬院大通」徒歩12分,114.43,3LDK,2009年4月,https://suumo.jp//ms/chuko/fukuoka/sc_fukuokashichuo/nc_20367604/,薬院大通,地下鉄七隈線,12,2009-04-01,17,20367604
ザ・パークハウス福岡タワーズ　ＥＡＳＴ,9480,福岡県福岡市中央区地行浜２,地下鉄空港線「唐人町」徒歩12分,77.32,2LDK,2020年12月,https://suumo.jp//ms/chuko/fukuoka/sc_fukuokashichuo/nc_21272927/,唐人町,地下鉄空港線,12,2020-12-01,6,21272927
アダージュ薬院弐番館,9480,福岡県福岡市中央区薬院２,地下鉄七隈線「薬院大通」徒歩3分,93.88,4LDK,2003年3月,https://suumo.jp//ms/chuko/fukuoka/sc_fukuokashichuo/nc_21859899/,薬院大通,地下鉄七隈線,3,2003-03-01,23,21859899
ザ・パークハウス西新二丁目,9480,福岡県福岡市早良区西新２,地下鉄空港線「西新」徒歩8分,72.32,3LDK,2016年12月,https://suumo.jp//ms/chuko/fukuoka/sc_fukuokashisawara/nc_21469809/,西新,地下鉄空港線,8,2016-12-01,10,21469809
ブリリア平尾浄水,9480,福岡県福岡市中央区平尾浄水町,地下鉄七隈線「桜坂」徒歩12分,114.43,3LDK,2009年4月,https://suumo.jp//ms/chuko/fukuoka/sc_fukuokashichuo/nc_21844955/,桜坂,地下鉄七隈線,12,2009-04-01,17,21844955
グランドメゾン赤坂JOHSEKI,9500,福岡県福岡市中央区赤坂２,地下鉄空港線「赤坂」徒歩12分,52.76,2LDK,2022年9月,https://suumo.jp//ms/chuko/fukuoka/sc_fukuokashichuo/nc_20845713/,赤坂,地下鉄空港線,12,2022-09-01,4,20845713
グランドメゾン赤坂ＪＯＨＳＥＫＩ,9500,福岡県福岡市中央区赤坂２,地下鉄空港線「赤坂」徒歩12分,52.76,2LDK,2022年9月,https://suumo.jp//ms/chuko/fukuoka/sc_fukuokashichuo/nc_21469817/,赤坂,地下鉄空港線,12,2022-09-01,4,21469817
Ｂｒｉｌｌｉａ平尾浄水,9588,福岡県福岡市中央区平尾浄水町,地下鉄七隈線「薬院大通」徒歩11分,108.17,3LDK,2009年4月,https://suumo.jp//ms/chuko/fukuoka/sc_fukuokashichuo/nc_21749127/,薬院大通,地下鉄七隈線,11,2009-04-01,17,21749127
グランドメゾン桜坂ヒルズ,9600,福岡県福岡市中央区警固３,地下鉄七隈線「桜坂」徒歩5分,90.75,3LDK,2011年2月,https://suumo.jp//ms/chuko/fukuoka/sc_fukuokashichuo/nc_20513628/,桜坂,地下鉄七隈線,5,2011-02-01,15,20513628
ザ・パークハウス福岡タワーズWEST,9680,福岡県福岡市中央区地行浜２,地下鉄空港線「唐人町」徒歩10分,82.52,2LDK,2019年12月,https://suumo.jp//ms/chuko/fukuoka/sc_fukuokashichuo/nc_21479088/,唐人町,地下鉄空港線,10,2019-12-01,7,21479088
ザ・パークハウス福岡タワーズWEST,9680,福岡県福岡市中央区地行浜２-2-4,地下鉄空港線「唐人町」徒歩14分,82.52,2LDK,2019年12月,https://suumo.jp//ms/chuko/fukuoka/sc_fukuokashichuo/nc_21382907/,唐人町,地下鉄空港線,14,2019-12-01,7,21382907
ザ・パークハウス福岡タワーズ　WEST,9680,福岡県福岡市中央区地行浜２,地下鉄空港線「唐人町」徒歩12分,82.52,2LDK,2019年12月,https://suumo.jp//ms/chuko/fukuoka/sc_fukuokashichuo/nc_21491474/,唐人町,地下鉄空港線,12,2019-12-01,7,21491474
ザ・パークハウス福岡タワーズＷＥＳＴ,9680,福岡県福岡市中央区地行浜２,地下鉄空港線「唐人町」徒歩11分,82.52,2LDK,2019年12月,https://suumo.jp//ms/chuko/fukuoka/sc_fukuokashichuo/nc_21403450/,唐人町,地下鉄空港線,11,2019-12-01,7,21403450
グランドメゾン大手門ザ・レジデンス,9780,福岡県福岡市中央区大手門２,地下鉄空港線「大濠公園」徒歩6分,59.52,2LDK,2024年1月,https://suumo.jp//ms/chuko/fukuoka/sc_fukuokashichuo/nc_21786633/,大濠公園,地下鉄空港線,6,2024-01-01,2,21786633
パークコート赤坂ヒルトップレジデンス,9800,福岡県福岡市中央区赤坂３-６－６,地下鉄七隈線「桜坂」徒歩10分,88.76,3LDK,2010年2月,https://suumo.jp//ms/chuko/fukuoka/sc_fukuokashichuo/nc_78640538/,桜坂,地下鉄七隈線,10,2010-02-01,16,78640538
レーベン福岡天神 ONE TOWER,9800,福岡県福岡市中央区天神５-4-1,地下鉄空港線「天神」徒歩9分,70.89,2LDK,2024年3月,https://suumo.jp//ms/chuko/fukuoka/sc_fukuokashichuo/nc_21779902/,天神,地下鉄空港線,9,2024-03-01,2,21779902
サングレート薬院駅ロイヤルウィン,9800,福岡県福岡市中央区平尾１-3-31,西鉄天神大牟田線「薬院」徒歩4分,98.49,4LDK,2003年11月,https://suumo.jp//ms/chuko/fukuoka/sc_fukuokashichuo/nc_21852305/,薬院,西鉄天神大牟田線,4,2003-11-01,23,21852305
Brillia平尾浄水,9900,福岡県福岡市中央区平尾浄水町,地下鉄七隈線「薬院大通」徒歩11分,127.99,3LDK+2S（納戸）,2009年5月,https://suumo.jp//ms/chuko/fukuoka/sc_fukuokashichuo/nc_20983713/,薬院大通,地下鉄七隈線,11,2009-05-01,17,20983713
アクタス大手門パークシティ,9980,福岡県福岡市中央区大手門１-２－１８,地下鉄空港線「赤坂」徒歩7分,93.92,3LDK,2005年2月,https://suumo.jp//ms/chuko/fukuoka/sc_fukuokashichuo/nc_76842988/,赤坂,地下鉄空港線,7,2005-02-01,21,76842988
グランドメゾン薬院　ザ・タワーレジデンス,9980,福岡県福岡市中央区薬院３,地下鉄七隈線「薬院大通」徒歩5分,70.06,2LDK+S（納戸）,2022年6月,https://suumo.jp//ms/chuko/fukuoka/sc_fukuokashichuo/nc_20609707/,薬院大通,地下鉄七隈線,5,2022-06-01,4,20609707
プレミスト西新,9980,福岡県福岡市早良区西新６,地下鉄空港線「西新」徒歩10分,85.08,3LDK,2011年2月,https://suumo.jp//ms/chuko/fukuoka/sc_fukuokashisawara/nc_21842592/,西新,地下鉄空港線,10,2011-02-01,15,21842592
フリーディア藤崎レジデンス,9980,福岡県福岡市早良区藤崎１,地下鉄空港線「藤崎」徒歩4分,97.45,3LDK,2019年9月,https://suumo.jp//ms/chuko/fukuoka/sc_fukuokashisawara/nc_79081279/,藤崎,地下鉄空港線,4,2019-09-01,7,79081279
デュレジア薬院スタンス【築浅、地下鉄、電車ダブルアク…,9990,福岡県福岡市中央区薬院３,地下鉄七隈線「薬院大通」徒歩5分,70.33,2LDK+S（納戸）,2023年2月,https://suumo.jp//ms/chuko/fukuoka/sc_fukuokashichuo/nc_21838811/,薬院大通,地下鉄七隈線,5,2023-02-01,3,21838811
ＪＧＭロイヤルガーデン浄水通り,9990,福岡県福岡市中央区浄水通,地下鉄七隈線「薬院大通」徒歩7分,98.37,4LDK,2004年2月,https://suumo.jp//ms/chuko/fukuoka/sc_fukuokashichuo/nc_21643614/,薬院大通,地下鉄七隈線,7,2004-02-01,22,21643614
グランフォーレ西新レジデンス,9995,福岡県福岡市早良区西新２,地下鉄空港線「西新」徒歩4分,90.01,3LDK,2017年3月,https://suumo.jp//ms/chuko/fukuoka/sc_fukuokashisawara/nc_21084677/,西新,地下鉄空港線,4,2017-03-01,9,21084677
グランドメゾン大濠南,10490,福岡県福岡市中央区草香江２,地下鉄七隈線「六本松」徒歩3分,98.79,3LDK+S（納戸）,2001年12月,https://suumo.jp//ms/chuko/fukuoka/sc_fukuokashichuo/nc_21188019/,六本松,地下鉄七隈線,3,2001-12-01,25,21188019
グランドメゾン大濠南,10490,福岡県福岡市中央区草香江２,地下鉄七隈線「六本松」徒歩3分,98.79,3LDK+S（納戸）,2001年11月,https://suumo.jp//ms/chuko/fukuoka/sc_fukuokashichuo/nc_20286451/,六本松,地下鉄七隈線,3,2001-11-01,25,20286451
グランドメゾン大濠南,10490,福岡県福岡市中央区草香江２,地下鉄七隈線「六本松」徒歩3分,98.79,3LDK+S（納戸）,2001年11月,https://suumo.jp//ms/chuko/fukuoka/sc_fukuokashichuo/nc_20117698/,六本松,地下鉄七隈線,3,2001-11-01,25,20117698
グランドメゾン福岡　Ｔｈｅ　Ｃｅｎｔｒａｌ　Ｌｕｘｅ,10500,福岡県福岡市中央区渡辺通２,西鉄天神大牟田線「薬院」徒歩2分,69.72,1LDK,2025年6月,https://suumo.jp//ms/chuko/fukuoka/sc_fukuokashichuo/nc_21175478/,薬院,西鉄天神大牟田線,2,2025-06-01,1,21175478
JGMロイヤルガーデン浄水通り,10800,福岡県福岡市中央区浄水通,地下鉄七隈線「薬院大通」徒歩8分,104.98,3LDK,2004年2月,https://suumo.jp//ms/chuko/fukuoka/sc_fukuokashichuo/nc_21863706/,薬院大通,地下鉄七隈線,8,2004-02-01,22,21863706
グランドメゾン百道プレイス,10820,福岡県福岡市早良区百道２,地下鉄空港線「藤崎」徒歩3分,90.65,3LDK,2016年2月,https://suumo.jp//ms/chuko/fukuoka/sc_fukuokashisawara/nc_77583529/,藤崎,地下鉄空港線,3,2016-02-01,10,77583529
三井薬院ハイツ,10880,福岡県福岡市中央区薬院２,地下鉄七隈線「薬院大通」徒歩6分,172.94,8LDK,1982年10月,https://suumo.jp//ms/chuko/fukuoka/sc_fukuokashichuo/nc_20133049/,薬院大通,地下鉄七隈線,6,1982-10-01,44,20133049
ザ・パークハウス福岡タワーズＥＡＳＴ,10950,福岡県福岡市中央区地行浜２,地下鉄空港線「唐人町」徒歩12分,83.96,2LDK,2020年12月,https://suumo.jp//ms/chuko/fukuoka/sc_fukuokashichuo/nc_20952706/,唐人町,地下鉄空港線,12,2020-12-01,6,20952706
ザ・パークハウス福岡タワーズＷＥＳＴ,10950,福岡県福岡市中央区地行浜２,地下鉄空港線「唐人町」徒歩12分,83.96,3LDK,2019年12月,https://suumo.jp//ms/chuko/fukuoka/sc_fukuokashichuo/nc_21594114/,唐人町,地下鉄空港線,12,2019-12-01,7,21594114
ザ・ライオンズ大濠公園,10980,福岡県福岡市中央区荒戸１,地下鉄空港線「大濠公園」徒歩2分,61.77,2LDK,2024年1月,https://suumo.jp//ms/chuko/fukuoka/sc_fukuokashichuo/nc_21154417/,大濠公園,地下鉄空港線,2,2024-01-01,2,21154417
グランドメゾン大濠南,10990,福岡県福岡市中央区草香江２-1-38,地下鉄七隈線「六本松」徒歩2分,98.79,3LDK+S（納戸）,2001年11月,https://suumo.jp//ms/chuko/fukuoka/sc_fukuokashichuo/nc_20236709/,六本松,地下鉄七隈線,2,2001-11-01,25,20236709
デュ・レジア平尾プレミアム,11000,福岡県福岡市中央区平尾２,西鉄天神大牟田線「薬院」徒歩14分,74.69,2LDK+S（納戸）,2024年1月,https://suumo.jp//ms/chuko/fukuoka/sc_fukuokashichuo/nc_21327525/,薬院,西鉄天神大牟田線,14,2024-01-01,2,21327525
コアマンション大手門タワー,11000,福岡県福岡市中央区大手門１,地下鉄空港線「赤坂」徒歩6分,101.32,3LDK,2003年8月,https://suumo.jp//ms/chuko/fukuoka/sc_fukuokashichuo/nc_21765074/,赤坂,地下鉄空港線,6,2003-08-01,23,21765074
グランドメゾン西新プレイス,11000,福岡県福岡市早良区城西１,地下鉄空港線「西新」徒歩5分,86.21,3LDK,2014年7月,https://suumo.jp//ms/chuko/fukuoka/sc_fukuokashisawara/nc_21404381/,西新,地下鉄空港線,5,2014-07-01,12,21404381
ＪＧＭロイヤルガーデン薬院,11500,福岡県福岡市中央区薬院２,地下鉄七隈線「薬院大通」徒歩1分,104.94,4LDK,2004年3月,https://suumo.jp//ms/chuko/fukuoka/sc_fukuokashichuo/nc_21740134/,薬院大通,地下鉄七隈線,1,2004-03-01,22,21740134
グランフォーレ百道三丁目レジデンス,11600,福岡県福岡市早良区百道３,地下鉄空港線「藤崎」徒歩9分,84.93,3LDK,2024年12月,https://suumo.jp//ms/chuko/fukuoka/sc_fukuokashisawara/nc_21741781/,藤崎,地下鉄空港線,9,2024-12-01,2,21741781
グランフォーレ百道三丁目レジデンス,11600,福岡県福岡市早良区百道３,地下鉄空港線「藤崎」徒歩9分,84.93,3LDK,2024年12月,https://suumo.jp//ms/chuko/fukuoka/sc_fukuokashisawara/nc_21724444/,藤崎,地下鉄空港線,9,2024-12-01,2,21724444
ＭＪＲ赤坂タワー,11800,福岡県福岡市中央区赤坂１,地下鉄空港線「赤坂」徒歩1分,63.58,2LDK,2017年10月,https://suumo.jp//ms/chuko/fukuoka/sc_fukuokashichuo/nc_21844282/,赤坂,地下鉄空港線,1,2017-10-01,9,21844282
Ｄ’グランセ御所ケ谷,11800,福岡県福岡市中央区御所ヶ谷,地下鉄七隈線「薬院大通」徒歩7分,108.51,3LDK,2003年8月,https://suumo.jp//ms/chuko/fukuoka/sc_fukuokashichuo/nc_21536478/,薬院大通,地下鉄七隈線,7,2003-08-01,23,21536478
グランドメゾン浄水ガーデンシティ　セントラルフォレス…,11800,福岡県福岡市中央区薬院４,地下鉄七隈線「薬院大通」徒歩9分,74.84,3LDK,2022年1月,https://suumo.jp//ms/chuko/fukuoka/sc_fukuokashichuo/nc_21799226/,薬院大通,地下鉄七隈線,9,2022-01-01,4,21799226
ザ・パークハウス赤坂タワーレジデンス,11800,福岡県福岡市中央区長浜２,地下鉄空港線「赤坂」徒歩6分,94.47,4LDK,2019年7月,https://suumo.jp//ms/chuko/fukuoka/sc_fukuokashichuo/nc_21401905/,赤坂,地下鉄空港線,6,2019-07-01,7,21401905
パークハウス大濠,11880,福岡県福岡市中央区大濠１,地下鉄空港線「唐人町」徒歩12分,107.28,3LDK,1998年5月,https://suumo.jp//ms/chuko/fukuoka/sc_fukuokashichuo/nc_20126844/,唐人町,地下鉄空港線,12,1998-05-01,28,20126844
Brillia平尾浄水,11990,福岡県福岡市中央区平尾浄水町4-7,地下鉄七隈線「薬院大通」徒歩11分,127.99,3LDK,2009年4月,https://suumo.jp//ms/chuko/fukuoka/sc_fukuokashichuo/nc_78105959/,薬院大通,地下鉄七隈線,11,2009-04-01,17,78105959
Ｂｒｉｌｌｉａ平尾浄水,11990,福岡県福岡市中央区平尾浄水町,地下鉄七隈線「薬院大通」徒歩12分,127.99,3LDK,2009年4月,https://suumo.jp//ms/chuko/fukuoka/sc_fukuokashichuo/nc_21363157/,薬院大通,地下鉄七隈線,12,2009-04-01,17,21363157
ザ・パークハウス赤坂タワーレジデンス,11999,福岡県福岡市中央区長浜２,地下鉄空港線「赤坂」徒歩6分,91.3,3LDK,2019年7月,https://suumo.jp//ms/chuko/fukuoka/sc_fukuokashichuo/nc_21861744/,赤坂,地下鉄空港線,6,2019-07-01,7,21861744
コアマンション桜坂プレジオ弐番館,11999,福岡県福岡市中央区六本松３,地下鉄七隈線「桜坂」徒歩5分,107.97,4LDK,2001年1月,https://suumo.jp//ms/chuko/fukuoka/sc_fukuokashichuo/nc_20892681/,桜坂,地下鉄七隈線,5,2001-01-01,25,20892681
グランドメゾン浄水ガーデンシティフォレストゲートⅢ,12000,福岡県福岡市中央区薬院４,地下鉄七隈線「薬院大通」徒歩5分,80.37,3LDK,2018年12月,https://suumo.jp//ms/chuko/fukuoka/sc_fukuokashichuo/nc_21371491/,薬院大通,地下鉄七隈線,5,2018-12-01,8,21371491
グランドメゾン赤坂弐番館,12000,福岡県福岡市中央区赤坂２,地下鉄空港線「赤坂」徒歩11分,110.0,3LDK,2004年9月,https://suumo.jp//ms/chuko/fukuoka/sc_fukuokashichuo/nc_20496537/,赤坂,地下鉄空港線,11,2004-09-01,22,20496537
パークプレシャス大濠,12200,福岡県福岡市中央区大濠２,地下鉄空港線「唐人町」徒歩5分,89.32,3LDK,2010年3月,https://suumo.jp//ms/chuko/fukuoka/sc_fukuokashichuo/nc_21844265/,唐人町,地下鉄空港線,5,2010-03-01,16,21844265
グランドメゾン西新ステージ,12300,福岡県福岡市早良区西新５,地下鉄空港線「西新」徒歩7分,96.13,4LDK,2012年2月,https://suumo.jp//ms/chuko/fukuoka/sc_fukuokashisawara/nc_21348273/,西新,地下鉄空港線,7,2012-02-01,14,21348273
グランドメゾン大濠公園ＴＨＥ　ＣＬＡＳＳ,12500,福岡県福岡市中央区荒戸２,地下鉄空港線「大濠公園」徒歩5分,75.09,3LDK,2024年1月,https://suumo.jp//ms/chuko/fukuoka/sc_fukuokashichuo/nc_21478022/,大濠公園,地下鉄空港線,5,2024-01-01,2,21478022
グランドパレス浄水通り,12500,福岡県福岡市中央区薬院４,地下鉄七隈線「薬院大通」徒歩6分,101.74,2LDK,2017年2月,https://suumo.jp//ms/chuko/fukuoka/sc_fukuokashichuo/nc_21215035/,薬院大通,地下鉄七隈線,6,2017-02-01,9,21215035
グランドメゾン百道浜オーシャン＆フォレスト,12500,福岡県福岡市早良区百道浜３,地下鉄空港線「西新」徒歩15分,89.09,2LDK+S（納戸）,2010年6月,https://suumo.jp//ms/chuko/fukuoka/sc_fukuokashisawara/nc_21368222/,西新,地下鉄空港線,15,2010-06-01,16,21368222
グランドパレス浄水通り,12500,福岡県福岡市中央区薬院４,地下鉄七隈線「薬院大通」徒歩6分,101.74,2LDK+S（納戸）,2017年2月,https://suumo.jp//ms/chuko/fukuoka/sc_fukuokashichuo/nc_21188014/,薬院大通,地下鉄七隈線,6,2017-02-01,9,21188014
グランドパレス浄水通り,12500,福岡県福岡市中央区薬院４-15-10,地下鉄七隈線「薬院大通」徒歩8分,101.74,2LDK+S（納戸）,2017年3月,https://suumo.jp//ms/chuko/fukuoka/sc_fukuokashichuo/nc_20312519/,薬院大通,地下鉄七隈線,8,2017-03-01,9,20312519
ザ・パークハウス福岡タワーズ EAST,12800,福岡県福岡市中央区地行浜２,地下鉄空港線「唐人町」徒歩12分,83.96,3LDK,2020年12月,https://suumo.jp//ms/chuko/fukuoka/sc_fukuokashichuo/nc_79049647/,唐人町,地下鉄空港線,12,2020-12-01,6,79049647
ウェリス大濠公園Ｚ－Ｓｔａｇｅ,12800,福岡県福岡市中央区黒門,地下鉄空港線「唐人町」徒歩2分,86.42,3LDK,2013年9月,https://suumo.jp//ms/chuko/fukuoka/sc_fukuokashichuo/nc_20649999/,唐人町,地下鉄空港線,2,2013-09-01,13,20649999
ウェリス大濠公園Z-Stage,12800,福岡県福岡市中央区黒門,地下鉄空港線「唐人町」徒歩2分,86.42,3LDK,2013年9月,https://suumo.jp//ms/chuko/fukuoka/sc_fukuokashichuo/nc_20422608/,唐人町,地下鉄空港線,2,2013-09-01,13,20422608
フリーディア赤坂レジデンス,12800,福岡県福岡市中央区舞鶴３-7-5,地下鉄空港線「赤坂」徒歩5分,102.51,4LDK,2018年1月,https://suumo.jp//ms/chuko/fukuoka/sc_fukuokashichuo/nc_21748576/,赤坂,地下鉄空港線,5,2018-01-01,8,21748576
グランアーキ大濠一丁目ザ・レジデンス,12900,福岡県福岡市中央区大濠１,地下鉄七隈線「六本松」徒歩9分,77.83,2LDK,2021年1月,https://suumo.jp//ms/chuko/fukuoka/sc_fukuokashichuo/nc_21576840/,六本松,地下鉄七隈線,9,2021-01-01,5,21576840
サーパス浄水通り,12900,福岡県福岡市中央区薬院４,地下鉄七隈線「薬院大通」徒歩4分,97.42,3LDK,2003年2月,https://suumo.jp//ms/chuko/fukuoka/sc_fukuokashichuo/nc_21434272/,薬院大通,地下鉄七隈線,4,2003-02-01,23,21434272
パークホームズ福岡浄水通,12980,福岡県福岡市中央区浄水通,地下鉄七隈線「薬院大通」徒歩8分,71.9,3LDK,2026年6月,https://suumo.jp//ms/chuko/fukuoka/sc_fukuokashichuo/nc_21720210/,薬院大通,地下鉄七隈線,8,2026-06-01,0,21720210
グランドヒルズ大濠一丁目,12980,福岡県福岡市中央区大濠１,地下鉄空港線「唐人町」徒歩10分,112.25,3LDK,2003年11月,https://suumo.jp//ms/chuko/fukuoka/sc_fukuokashichuo/nc_21621189/,唐人町,地下鉄空港線,10,2003-11-01,23,21621189
ザ・パークハウス桜坂サンリヤン,12980,福岡県福岡市中央区桜坂３,地下鉄七隈線「桜坂」徒歩3分,101.65,4LDK,2018年9月,https://suumo.jp//ms/chuko/fukuoka/sc_fukuokashichuo/nc_21478016/,桜坂,地下鉄七隈線,3,2018-09-01,8,21478016
ライオンズマンション大濠パークサイド,12999,福岡県福岡市中央区鳥飼２,地下鉄空港線「唐人町」徒歩10分,103.85,4LDK,2003年2月,https://suumo.jp//ms/chuko/fukuoka/sc_fukuokashichuo/nc_21801623/,唐人町,地下鉄空港線,10,2003-02-01,23,21801623
ライオンズマンション大濠パークサイド,12999,福岡県福岡市中央区鳥飼２,地下鉄空港線「唐人町」徒歩10分,103.85,4LDK,2003年2月,https://suumo.jp//ms/chuko/fukuoka/sc_fukuokashichuo/nc_21741244/,唐人町,地下鉄空港線,10,2003-02-01,23,21741244
MJR赤坂タワー,13000,福岡県福岡市中央区赤坂１,地下鉄空港線「赤坂」徒歩1分,63.58,2LDK+S（納戸）,2017年10月,https://suumo.jp//ms/chuko/fukuoka/sc_fukuokashichuo/nc_21631011/,赤坂,地下鉄空港線,1,2017-10-01,9,21631011
ザ・パークハウス福岡タワーズＷＥＳＴ,13300,福岡県福岡市中央区地行浜２,地下鉄空港線「唐人町」徒歩11分,83.96,2LDK,2019年12月,https://suumo.jp//ms/chuko/fukuoka/sc_fukuokashichuo/nc_21817957/,唐人町,地下鉄空港線,11,2019-12-01,7,21817957
アクロス大濠公園グランビュー,13300,福岡県福岡市中央区黒門,地下鉄空港線「唐人町」徒歩3分,68.02,3LDK,2025年2月,https://suumo.jp//ms/chuko/fukuoka/sc_fukuokashichuo/nc_21530289/,唐人町,地下鉄空港線,3,2025-02-01,1,21530289
コアマンションけやき通りプレジオ,13500,福岡県福岡市中央区赤坂３-４－２２,地下鉄七隈線「桜坂」徒歩12分,133.37,4LDK,2002年10月,https://suumo.jp//ms/chuko/fukuoka/sc_fukuokashichuo/nc_20724392/,桜坂,地下鉄七隈線,12,2002-10-01,24,20724392
アンピール・マキシム大濠,13500,福岡県福岡市中央区荒戸２,地下鉄空港線「大濠公園」徒歩8分,123.43,3LDK,2000年10月,https://suumo.jp//ms/chuko/fukuoka/sc_fukuokashichuo/nc_20594963/,大濠公園,地下鉄空港線,8,2000-10-01,26,20594963
コアマンションけやき通りプレジオ,13500,福岡県福岡市中央区赤坂３,地下鉄七隈線「六本松」徒歩10分,133.37,4LDK,2002年10月,https://suumo.jp//ms/chuko/fukuoka/sc_fukuokashichuo/nc_21578638/,六本松,地下鉄七隈線,10,2002-10-01,24,21578638
グランドメゾン浄水ガーデンシティサウスフォレスト,13800,福岡県福岡市中央区薬院４,地下鉄七隈線「薬院大通」徒歩6分,100.0,3LDK,2015年7月,https://suumo.jp//ms/chuko/fukuoka/sc_fukuokashichuo/nc_21004848/,薬院大通,地下鉄七隈線,6,2015-07-01,11,21004848
MJR赤坂タワー,13900,福岡県福岡市中央区赤坂１,地下鉄空港線「赤坂」徒歩1分,69.03,2LDK,2017年10月,https://suumo.jp//ms/chuko/fukuoka/sc_fukuokashichuo/nc_77959137/,赤坂,地下鉄空港線,1,2017-10-01,9,77959137
ＭＪＲ赤坂タワー,13900,福岡県福岡市中央区赤坂１,地下鉄空港線「赤坂」徒歩1分,69.03,2LDK,2017年10月,https://suumo.jp//ms/chuko/fukuoka/sc_fukuokashichuo/nc_77940319/,赤坂,地下鉄空港線,1,2017-10-01,9,77940319
MJR赤坂タワー,13900,福岡県福岡市中央区赤坂１,地下鉄空港線「赤坂」徒歩1分,69.03,2LDK,2017年10月,https://suumo.jp//ms/chuko/fukuoka/sc_fukuokashichuo/nc_79059997/,赤坂,地下鉄空港線,1,2017-10-01,9,79059997
MJR赤坂タワー,13900,福岡県福岡市中央区赤坂１,地下鉄空港線「赤坂」徒歩1分,69.03,2LDK,2017年10月,https://suumo.jp//ms/chuko/fukuoka/sc_fukuokashichuo/nc_77915413/,赤坂,地下鉄空港線,1,2017-10-01,9,77915413
MJR赤坂タワー,13900,福岡県福岡市中央区赤坂１,地下鉄空港線「赤坂」徒歩1分,69.03,2LDK,2017年11月,https://suumo.jp//ms/chuko/fukuoka/sc_fukuokashichuo/nc_77934409/,赤坂,地下鉄空港線,1,2017-11-01,9,77934409
MJR赤坂タワー,13900,福岡県福岡市中央区赤坂１,地下鉄空港線「赤坂」徒歩1分,69.03,2LDK,2017年10月,https://suumo.jp//ms/chuko/fukuoka/sc_fukuokashichuo/nc_77892861/,赤坂,地下鉄空港線,1,2017-10-01,9,77892861
ＭＪＲ赤坂タワー,13900,福岡県福岡市中央区赤坂１,地下鉄空港線「赤坂」徒歩1分,69.03,2LDK,2017年10月,https://suumo.jp//ms/chuko/fukuoka/sc_fukuokashichuo/nc_21452375/,赤坂,地下鉄空港線,1,2017-10-01,9,21452375
ザ・パークハウス桜坂サンリヤン,13980,福岡県福岡市中央区桜坂３,地下鉄七隈線「桜坂」徒歩3分,84.98,3LDK+S（納戸）,2018年9月,https://suumo.jp//ms/chuko/fukuoka/sc_fukuokashichuo/nc_21757949/,桜坂,地下鉄七隈線,3,2018-09-01,8,21757949
ザ・パークハウス桜坂サンリヤン,13980,福岡県福岡市中央区桜坂３,地下鉄七隈線「桜坂」徒歩3分,84.98,3LDK+S（納戸）,2018年9月,https://suumo.jp//ms/chuko/fukuoka/sc_fukuokashichuo/nc_20521773/,桜坂,地下鉄七隈線,3,2018-09-01,8,20521773
ルッシュ・西公園,14000,福岡県福岡市中央区荒戸３-5-46,地下鉄空港線「唐人町」徒歩13分,131.05,4LDK,1990年9月,https://suumo.jp//ms/chuko/fukuoka/sc_fukuokashichuo/nc_78996625/,唐人町,地下鉄空港線,13,1990-09-01,36,78996625
ザ・ハウスオブ大濠,14200,福岡県福岡市中央区大濠２,地下鉄空港線「唐人町」徒歩4分,103.01,2LDK,2005年1月,https://suumo.jp//ms/chuko/fukuoka/sc_fukuokashichuo/nc_21403449/,唐人町,地下鉄空港線,4,2005-01-01,21,21403449
グランドメゾン福岡　Ｔｈｅ　Ｃｅｎｔｒａｌ　Ｌｕｘｅ…,14300,福岡県福岡市中央区渡辺通２,西鉄天神大牟田線「薬院」徒歩3分,69.63,1LDK,2025年6月,https://suumo.jp//ms/chuko/fukuoka/sc_fukuokashichuo/nc_21664517/,薬院,西鉄天神大牟田線,3,2025-06-01,1,21664517
レーベン福岡天神ＯＮＥＴＯＷＥＲ,14358,福岡県福岡市中央区天神５,地下鉄空港線「天神」徒歩6分,83.43,3LDK,2024年1月,https://suumo.jp//ms/chuko/fukuoka/sc_fukuokashichuo/nc_21809321/,天神,地下鉄空港線,6,2024-01-01,2,21809321
レーベン福岡天神　ＯＮＥ　ＴＯＷＥＲ,14358,福岡県福岡市中央区天神５,地下鉄空港線「天神」徒歩9分,83.43,3LDK,2024年1月,https://suumo.jp//ms/chuko/fukuoka/sc_fukuokashichuo/nc_77793403/,天神,地下鉄空港線,9,2024-01-01,2,77793403
ライオンズマンション大濠パークサイド,14500,福岡県福岡市中央区鳥飼２,地下鉄空港線「唐人町」徒歩10分,121.08,3LDK+S（納戸）,2003年2月,https://suumo.jp//ms/chuko/fukuoka/sc_fukuokashichuo/nc_21808143/,唐人町,地下鉄空港線,10,2003-02-01,23,21808143
プレミスト天神赤坂タワー,14800,福岡県福岡市中央区大名２,地下鉄空港線「赤坂」徒歩2分,69.22,2LDK,2019年1月,https://suumo.jp//ms/chuko/fukuoka/sc_fukuokashichuo/nc_20574350/,赤坂,地下鉄空港線,2,2019-01-01,7,20574350
プレミスト天神赤坂タワー,14800,福岡県福岡市中央区大名２-１０－８,地下鉄空港線「赤坂」徒歩2分,69.22,2LDK,2019年1月,https://suumo.jp//ms/chuko/fukuoka/sc_fukuokashichuo/nc_21308425/,赤坂,地下鉄空港線,2,2019-01-01,7,21308425
グランアーキ大濠一丁目ザ・レジデンス,14800,福岡県福岡市中央区大濠１-6-33,地下鉄空港線「唐人町」徒歩14分,77.83,2LDK,2021年1月,https://suumo.jp//ms/chuko/fukuoka/sc_fukuokashichuo/nc_20989556/,唐人町,地下鉄空港線,14,2021-01-01,5,20989556
ル・サンク高取,14800,福岡県福岡市早良区高取１-14-18,地下鉄空港線「藤崎」徒歩9分,110.92,4LDK,2014年7月,https://suumo.jp//ms/chuko/fukuoka/sc_fukuokashisawara/nc_20809700/,藤崎,地下鉄空港線,9,2014-07-01,12,20809700
グランドメゾン浄水ガーデンシティ　サウスフォレスト,14980,福岡県福岡市中央区薬院４,地下鉄七隈線「薬院大通」徒歩7分,81.14,3LDK,2015年3月,https://suumo.jp//ms/chuko/fukuoka/sc_fukuokashichuo/nc_21070577/,薬院大通,地下鉄七隈線,7,2015-03-01,11,21070577
MJR六本松,15000,福岡県福岡市中央区六本松４,地下鉄七隈線「六本松」徒歩3分,92.61,4LDK,2017年1月,https://suumo.jp//ms/chuko/fukuoka/sc_fukuokashichuo/nc_21355394/,六本松,地下鉄七隈線,3,2017-01-01,9,21355394
ルッシュ・西公園,15000,福岡県福岡市中央区荒戸３,地下鉄空港線「大濠公園」徒歩13分,144.03,4LDK,1990年9月,https://suumo.jp//ms/chuko/fukuoka/sc_fukuokashichuo/nc_21570704/,大濠公園,地下鉄空港線,13,1990-09-01,36,21570704
大濠パークハウス,15000,福岡県福岡市中央区大濠１,地下鉄空港線「唐人町」徒歩9分,179.25,2LDK+S（納戸）,1989年10月,https://suumo.jp//ms/chuko/fukuoka/sc_fukuokashichuo/nc_78946460/,唐人町,地下鉄空港線,9,1989-10-01,37,78946460
グランドメゾン福岡　Ｔｈｅ　Ｃｅｎｔｒａｌ　Ｌｕｘｅ,15000,福岡県福岡市中央区渡辺通２,西鉄天神大牟田線「薬院」徒歩3分,67.67,1LDK,2025年6月,https://suumo.jp//ms/chuko/fukuoka/sc_fukuokashichuo/nc_21099018/,薬院,西鉄天神大牟田線,3,2025-06-01,1,21099018
百道浜パークハウス,15300,福岡県福岡市早良区百道浜１-4-22,地下鉄空港線「西新」徒歩13分,131.0,4LDK,1998年8月,https://suumo.jp//ms/chuko/fukuoka/sc_fukuokashisawara/nc_21399288/,西新,地下鉄空港線,13,1998-08-01,28,21399288
パークホームズ大濠二丁目,15500,福岡県福岡市中央区大濠２,地下鉄空港線「唐人町」徒歩4分,86.33,3LDK,2017年6月,https://suumo.jp//ms/chuko/fukuoka/sc_fukuokashichuo/nc_21861743/,唐人町,地下鉄空港線,4,2017-06-01,9,21861743
ザ・パークハウス平尾レジデンス,15500,福岡県福岡市中央区平尾３,地下鉄七隈線「薬院大通」徒歩13分,148.58,3LDK+S（納戸）,2016年1月,https://suumo.jp//ms/chuko/fukuoka/sc_fukuokashichuo/nc_21478507/,薬院大通,地下鉄七隈線,13,2016-01-01,10,21478507
Brillia Tower西新,15800,福岡県福岡市早良区西新４,地下鉄空港線「西新」徒歩1分,79.93,2LDK,2021年1月,https://suumo.jp//ms/chuko/fukuoka/sc_fukuokashisawara/nc_21720012/,西新,地下鉄空港線,1,2021-01-01,5,21720012
ブリリアタワー西新,15800,福岡県福岡市早良区西新４,地下鉄空港線「西新」徒歩1分,79.93,2LDK,2021年1月,https://suumo.jp//ms/chuko/fukuoka/sc_fukuokashisawara/nc_21842441/,西新,地下鉄空港線,1,2021-01-01,5,21842441
プレミスト天神赤坂タワー,16000,福岡県福岡市中央区大名２-10-8,地下鉄空港線「赤坂」徒歩3分,62.77,1LDK,2019年1月,https://suumo.jp//ms/chuko/fukuoka/sc_fukuokashichuo/nc_20214629/,赤坂,地下鉄空港線,3,2019-01-01,7,20214629
グランドメゾン西新テラス,16180,福岡県福岡市早良区城西１,地下鉄空港線「西新」徒歩6分,133.34,3LDK,2014年2月,https://suumo.jp//ms/chuko/fukuoka/sc_fukuokashisawara/nc_21749396/,西新,地下鉄空港線,6,2014-02-01,12,21749396
ザ・パークハウス天神今泉,16500,福岡県福岡市中央区今泉２,西鉄天神大牟田線「薬院」徒歩6分,104.72,3LDK,2020年7月,https://suumo.jp//ms/chuko/fukuoka/sc_fukuokashichuo/nc_20780000/,薬院,西鉄天神大牟田線,6,2020-07-01,6,20780000
ブリリアタワー西新,16500,福岡県福岡市早良区西新４-1-1,地下鉄空港線「西新」徒歩1分,79.93,2LDK,2021年1月,https://suumo.jp//ms/chuko/fukuoka/sc_fukuokashisawara/nc_21359647/,西新,地下鉄空港線,1,2021-01-01,5,21359647
グランドメゾン福岡ＴｈｅＣｅｎｔｒａｌＬｕｘｅ,16500,福岡県福岡市中央区渡辺通２,西鉄天神大牟田線「薬院」徒歩2分,77.39,2LDK,2025年6月,https://suumo.jp//ms/chuko/fukuoka/sc_fukuokashichuo/nc_21770110/,薬院,西鉄天神大牟田線,2,2025-06-01,1,21770110
グランドメゾン福岡　Ｔｈｅ　Ｃｅｎｔｒａｌ　Ｌｕｘｅ…,16900,福岡県福岡市中央区渡辺通２,西鉄天神大牟田線「薬院」徒歩3分,80.2,2LDK,2025年6月,https://suumo.jp//ms/chuko/fukuoka/sc_fukuokashichuo/nc_21659225/,薬院,西鉄天神大牟田線,3,2025-06-01,1,21659225
ブリリアタワー西新,17800,福岡県福岡市早良区西新４,地下鉄空港線「西新」徒歩1分,80.74,3LDK,2021年1月,https://suumo.jp//ms/chuko/fukuoka/sc_fukuokashisawara/nc_20780485/,西新,地下鉄空港線,1,2021-01-01,5,20780485
コアマンションけやき通りプレジオ,17800,福岡県福岡市中央区赤坂３,地下鉄七隈線「六本松」徒歩10分,150.4,3LDK+S（納戸）,2002年10月,https://suumo.jp//ms/chuko/fukuoka/sc_fukuokashichuo/nc_21610773/,六本松,地下鉄七隈線,10,2002-10-01,24,21610773
パークホームズ大濠二丁目,18800,福岡県福岡市中央区大濠２,地下鉄空港線「唐人町」徒歩4分,101.47,2LDK,2017年6月,https://suumo.jp//ms/chuko/fukuoka/sc_fukuokashichuo/nc_20237744/,唐人町,地下鉄空港線,4,2017-06-01,9,20237744
ザ・パークハウス桜坂サンリヤン,18800,福岡県福岡市中央区桜坂３,地下鉄七隈線「桜坂」徒歩3分,105.07,2LDK+S（納戸）,2018年9月,https://suumo.jp//ms/chuko/fukuoka/sc_fukuokashichuo/nc_78879298/,桜坂,地下鉄七隈線,3,2018-09-01,8,78879298
グランドメゾン大濠レジデンス,18900,福岡県福岡市中央区大濠２,地下鉄空港線「唐人町」徒歩7分,97.71,2LDK,2015年4月,https://suumo.jp//ms/chuko/fukuoka/sc_fukuokashichuo/nc_20724057/,唐人町,地下鉄空港線,7,2015-04-01,11,20724057
グランドメゾン浄水ガーデンシティフォレストゲートII…,19800,福岡県福岡市中央区薬院４,地下鉄七隈線「薬院大通」徒歩5分,102.78,4LDK,2018年12月,https://suumo.jp//ms/chuko/fukuoka/sc_fukuokashichuo/nc_21188028/,薬院大通,地下鉄七隈線,5,2018-12-01,8,21188028
ＭＪＲ赤坂タワー,19800,福岡県福岡市中央区赤坂１,地下鉄空港線「赤坂」徒歩1分,75.12,2LDK,2017年10月,https://suumo.jp//ms/chuko/fukuoka/sc_fukuokashichuo/nc_21770109/,赤坂,地下鉄空港線,1,2017-10-01,9,21770109
コアマンション大手門タワー,22000,福岡県福岡市中央区大手門１,地下鉄空港線「赤坂」徒歩6分,136.91,4LDK,2003年8月,https://suumo.jp//ms/chuko/fukuoka/sc_fukuokashichuo/nc_20724056/,赤坂,地下鉄空港線,6,2003-08-01,23,20724056
Ｂｒｉｌｌｉａ　Ｔｏｗｅｒ西新・ＰＲＡＬＩＶＡ,22000,福岡県福岡市早良区西新４,地下鉄空港線「西新」徒歩1分,87.41,2LDK,2021年1月,https://suumo.jp//ms/chuko/fukuoka/sc_fukuokashisawara/nc_21787751/,西新,地下鉄空港線,1,2021-01-01,5,21787751
プレミスト赤坂けやき通り,22000,福岡県福岡市中央区赤坂２,地下鉄空港線「赤坂」徒歩10分,103.83,3LDK,2023年8月,https://suumo.jp//ms/chuko/fukuoka/sc_fukuokashichuo/nc_21084721/,赤坂,地下鉄空港線,10,2023-08-01,3,21084721
ザ・パークハウス平尾浄水通り,22800,福岡県福岡市中央区平尾３,地下鉄七隈線「薬院大通」徒歩8分,124.62,3LDK,2018年1月,https://suumo.jp//ms/chuko/fukuoka/sc_fukuokashichuo/nc_20702908/,薬院大通,地下鉄七隈線,8,2018-01-01,8,20702908
Brillia大濠一丁目,23000,福岡県福岡市中央区大濠１,地下鉄空港線「唐人町」徒歩9分,142.77,3LDK,2007年11月,https://suumo.jp//ms/chuko/fukuoka/sc_fukuokashichuo/nc_21855215/,唐人町,地下鉄空港線,9,2007-11-01,19,21855215
ブリリア大濠一丁目,23000,福岡県福岡市中央区大濠１,地下鉄空港線「唐人町」徒歩8分,142.77,3LDK,2007年11月,https://suumo.jp//ms/chuko/fukuoka/sc_fukuokashichuo/nc_21265262/,唐人町,地下鉄空港線,8,2007-11-01,19,21265262
Ｂｒｉｌｌｉａ大濠一丁目,23000,福岡県福岡市中央区大濠１,地下鉄空港線「唐人町」徒歩9分,142.77,3LDK,2007年11月,https://suumo.jp//ms/chuko/fukuoka/sc_fukuokashichuo/nc_21842337/,唐人町,地下鉄空港線,9,2007-11-01,19,21842337
Ｂｒｉｌｌｉａ大濠一丁目,23000,福岡県福岡市中央区大濠１,地下鉄空港線「唐人町」徒歩9分,142.77,3LDK,2007年11月,https://suumo.jp//ms/chuko/fukuoka/sc_fukuokashichuo/nc_21844281/,唐人町,地下鉄空港線,9,2007-11-01,19,21844281
グランドメゾン浄水ガーデンシティセントラルフォレスト…,23800,福岡県福岡市中央区薬院４-14-2,地下鉄七隈線「薬院大通」徒歩4分,100.42,3LDK,2023年7月,https://suumo.jp//ms/chuko/fukuoka/sc_fukuokashichuo/nc_21608156/,薬院大通,地下鉄七隈線,4,2023-07-01,3,21608156
Ｂｒｉｌｌｉａ　Ｔｏｗｅｒ西新・ＰＲＡＬＩＶＡ,24500,福岡県福岡市早良区西新４,地下鉄空港線「西新」徒歩1分,100.08,4LDK,2021年1月,https://suumo.jp//ms/chuko/fukuoka/sc_fukuokashisawara/nc_21443065/,西新,地下鉄空港線,1,2021-01-01,5,21443065
グランドメゾン福岡The Central Luxe,25000,福岡県福岡市中央区渡辺通２,西鉄天神大牟田線「薬院」徒歩3分,110.97,3LDK,2025年6月,https://suumo.jp//ms/chuko/fukuoka/sc_fukuokashichuo/nc_20887084/,薬院,西鉄天神大牟田線,3,2025-06-01,1,20887084
パークホームズ西新トラッドマークス,25000,福岡県福岡市早良区西新２,地下鉄空港線「西新」徒歩3分,163.09,3LDK+S（納戸）,2018年5月,https://suumo.jp//ms/chuko/fukuoka/sc_fukuokashisawara/nc_20577823/,西新,地下鉄空港線,3,2018-05-01,8,20577823
ザ・パークハウス福岡タワーズ　WEST,29000,福岡県福岡市中央区地行浜２-2-4,地下鉄空港線「唐人町」徒歩15分,102.56,1LDK+S（納戸）,2019年12月,https://suumo.jp//ms/chuko/fukuoka/sc_fukuokashichuo/nc_21052306/,唐人町,地下鉄空港線,15,2019-12-01,7,21052306
ザ・パークハウス福岡タワーズ　WEST,29000,福岡県福岡市中央区地行浜２,地下鉄空港線「唐人町」徒歩12分,102.56,1LDK,2019年12月,https://suumo.jp//ms/chuko/fukuoka/sc_fukuokashichuo/nc_20445675/,唐人町,地下鉄空港線,12,2019-12-01,7,20445675
ブリリアタワー西新,30000,福岡県福岡市早良区西新４-1-1,地下鉄空港線「西新」徒歩1分,101.65,2LDK,2021年1月,https://suumo.jp//ms/chuko/fukuoka/sc_fukuokashisawara/nc_20407256/,西新,地下鉄空港線,1,2021-01-01,5,20407256
Ｂｒｉｌｌｉａ　Ｔｏｗｅｒ西新・ＰＲＡＬＩＶＡ,33000,福岡県福岡市早良区西新４,地下鉄空港線「西新」徒歩1分,101.82,2LDK+S（納戸）,2021年1月,https://suumo.jp//ms/chuko/fukuoka/sc_fukuokashisawara/nc_77940315/,西新,地下鉄空港線,1,2021-01-01,5,77940315
BrilliaTower西新（ブリリアタワー西新）,33000,福岡県福岡市早良区西新４,地下鉄空港線「西新」徒歩1分,101.82,2LDK+S（納戸）,2021年1月,https://suumo.jp//ms/chuko/fukuoka/sc_fukuokashisawara/nc_77918095/,西新,地下鉄空港線,1,2021-01-01,5,77918095
Brillia　Tower西新,33000,福岡県福岡市早良区西新４,地下鉄空港線「西新」徒歩2分,101.82,2LDK,2021年1月,https://suumo.jp//ms/chuko/fukuoka/sc_fukuokashisawara/nc_77901231/,西新,地下鉄空港線,2,2021-01-01,5,77901231
ブリリアタワー西新,33000,福岡県福岡市早良区西新４,地下鉄空港線「西新」徒歩1分,101.82,2LDK+S（納戸）,2021年1月,https://suumo.jp//ms/chuko/fukuoka/sc_fukuokashisawara/nc_79050803/,西新,地下鉄空港線,1,2021-01-01,5,79050803
ブリリアタワー西新,33000,福岡県福岡市早良区西新４,地下鉄空港線「西新」徒歩1分,101.82,2LDK,2021年1月,https://suumo.jp//ms/chuko/fukuoka/sc_fukuokashisawara/nc_77901688/,西新,地下鉄空港線,1,2021-01-01,5,77901688
グランドメゾン大濠公園PREMIUM,33800,福岡県福岡市中央区黒門,地下鉄空港線「唐人町」徒歩3分,116.01,2LDK,2026年6月,https://suumo.jp//ms/chuko/fukuoka/sc_fukuokashichuo/nc_21825974/,唐人町,地下鉄空港線,3,2026-06-01,0,21825974
グランドメゾン浄水ガーデンシティフォレストゲートⅢ,36000,福岡県福岡市中央区薬院４,地下鉄七隈線「薬院大通」徒歩5分,193.08,4LDK,2018年12月,https://suumo.jp//ms/chuko/fukuoka/sc_fukuokashichuo/nc_21519650/,薬院大通,地下鉄七隈線,5,2018-12-01,8,21519650
ザ・パークハウス天神今泉,40000,福岡県福岡市中央区今泉２,西鉄天神大牟田線「薬院」徒歩5分,148.95,4LDK,2020年7月,https://suumo.jp//ms/chuko/fukuoka/sc_fukuokashichuo/nc_21610896/,薬院,西鉄天神大牟田線,5,2020-07-01,6,21610896
プレミスト赤坂けやき通り,43000,福岡県福岡市中央区赤坂２,地下鉄空港線「赤坂」徒歩11分,177.04,3LDK,2023年8月,https://suumo.jp//ms/chuko/fukuoka/sc_fukuokashichuo/nc_21205135/,赤坂,地下鉄空港線,11,2023-08-01,3,21205135
ＣＬＵＢ　ＴＨＥ．薬院ステーションタワー,46000,福岡県福岡市中央区白金１-17-34,西鉄天神大牟田線「薬院」徒歩2分,138.16,2LDK+S（納戸）,2020年4月,https://suumo.jp//ms/chuko/fukuoka/sc_fukuokashichuo/nc_20355816/,薬院,西鉄天神大牟田線,2,2020-04-01,6,20355816
CLUB THE. 薬院ステーションタワー,46000,福岡県福岡市中央区白金１,西鉄天神大牟田線「薬院」徒歩2分,138.16,2LDK+S（納戸）,2020年4月,https://suumo.jp//ms/chuko/fukuoka/sc_fukuokashichuo/nc_77676580/,薬院,西鉄天神大牟田線,2,2020-04-01,6,77676580
CLUB THE. 薬院ステーションタワー,46000,福岡県福岡市中央区白金１-17-34,地下鉄七隈線「薬院」徒歩2分,138.16,2LDK+S（納戸）,2020年4月,https://suumo.jp//ms/chuko/fukuoka/sc_fukuokashichuo/nc_77605697/,薬院,地下鉄七隈線,2,2020-04-01,6,77605697
ＣＬＵＢ　ＴＨＥ．薬院ステーションタワー,46000,福岡県福岡市中央区白金１,地下鉄七隈線「薬院」徒歩2分,138.16,2LDK+S（納戸）,2020年4月,https://suumo.jp//ms/chuko/fukuoka/sc_fukuokashichuo/nc_20237747/,薬院,地下鉄七隈線,2,2020-04-01,6,20237747
